derived_split	source_split	source	image	label	label_line	coco_image_id	coco_annotation_id	yolo_class_id	coco_category_id	vertices	bbox_x	bbox_y	bbox_w	bbox_h	area	mask_sha256	polygon_sha256
train_clean	train	local_test_images_20260707	local_test_images_20260707_0001.jpg	local_test_images_20260707_0001.txt	1	1	1	0	1	52	328.0	552.0	186.0	161.0	15990.0	c96ecd58c89a8eb3f5fd026a65e60df07f27cffa8620c834beb3a1685b12570c	0ed25910194b9ec5bb6e5dea00d2ad53195582782926cdd6f79b473e2ab5600c
train_clean	train	local_test_images_20260707	local_test_images_20260707_0001.jpg	local_test_images_20260707_0001.txt	2	1	2	0	1	43	634.0	582.0	88.0	141.0	7354.0	f18397d3d3cb21bbaac7a1105f461ccfb0d58898d81a2d2e643ca84e9e1c7eff	1a983707331664674d467ca5439e7a4673ef01123e303217164cbd8154287de0
train_clean	train	local_test_images_20260707	local_test_images_20260707_0001.jpg	local_test_images_20260707_0001.txt	3	1	3	0	1	26	478.0	561.0	183.0	179.0	25657.0	3c9f2bb7ee00031490c03a5a22168f1c7c9dda3593eb1b8d95a384bdd7c63d04	05ce02cb865166a812f1ff641184d94851ca0bebe7b1283acde4c77d7ae39d9e
train_clean	train	local_test_images_20260707	local_test_images_20260707_0001.jpg	local_test_images_20260707_0001.txt	4	1	4	0	1	52	350.0	699.0	189.0	174.0	26105.0	ee0f528f2ff2af22424b742e36611735835d4f59c31dcf95134a4ef4cdde2a99	e111beb24278b57131b831923fd14936794d873532d6b710fe2273a646f63865
train_clean	train	local_test_images_20260707	local_test_images_20260707_0001.jpg	local_test_images_20260707_0001.txt	5	1	5	0	1	47	555.0	947.0	199.0	226.0	35233.0	ecdb2e997a06cc818218eccda99d1cb0cb7d0c0fb795000a5138720e961220f3	b63ded1a7a1c3f0cff5bbad3812c4de1a99f6029188916875f55bf57d3ab4021
train_clean	train	local_test_images_20260707	local_test_images_20260707_0001.jpg	local_test_images_20260707_0001.txt	6	1	6	0	1	52	370.0	877.0	159.0	246.0	28918.0	d97819c263b22daeeaa77642009a9ad235713f37579575db25c9ea1af1db8a46	2f6a3921c5b2e5707276016aeece29fde51d3ae5c557ee107c4e602e896619c3
train_clean	train	local_test_images_20260707	local_test_images_20260707_0001.jpg	local_test_images_20260707_0001.txt	7	1	7	0	1	41	325.0	934.0	112.0	223.0	13761.0	b3e0d117457b172903e690f60907301fa4e3d346531907c200e1e403beed4c2e	379f74652a513a8bfa286402426325ccded9645bb12580e26193ca2a096ef533
train_clean	train	local_test_images_20260707	local_test_images_20260707_0001.jpg	local_test_images_20260707_0001.txt	8	1	8	0	1	37	495.0	1030.0	77.0	129.0	5157.0	47c5f807fa8cf5cfd6d0762ae47bc03c1199ed2cfd59a3c87f81d43984a9b303	4d865e4bedd73845bea5bfe940c811d06441ea6086ef9feb1155c03946489eb5
train_clean	train	local_test_images_20260707	local_test_images_20260707_0001.jpg	local_test_images_20260707_0001.txt	9	1	9	0	1	66	465.0	846.0	119.0	179.0	8698.0	c733a77e90012e847664fe07e608f63a420252ce5c6868b65c7d63cc4aa9f15a	8431997d4f36c2d612dc44538cb97fe47848592cb9d7b2964360dbd31955fc2b
train_clean	train	local_test_images_20260707	local_test_images_20260707_0001.jpg	local_test_images_20260707_0001.txt	10	1	10	0	1	44	543.0	729.0	195.0	185.0	24831.0	1c1b2d76f07f45718c139b8e66cfee74b17ca091b0d94ddf62ec2c4c52e0fd34	60f06d2bf5b6da34bc7ffb03ac9819732ca79295c4ecd63ae463356ce67e098e
train_clean	train	local_test_images_20260707	local_test_images_20260707_0001.jpg	local_test_images_20260707_0001.txt	11	1	11	0	1	12	539.0	810.0	28.0	50.0	900.0	d00b4a8361c5de33ed219f413eed53d451dd7718ac374bed70a349193a428fac	e7805561346df0cc1e658cb0e20845a13bedf7d1688004a8f6fa0312d0e39031
train_clean	train	local_test_images_20260707	local_test_images_20260707_0002.jpg	local_test_images_20260707_0002.txt	1	2	12	0	1	75	368.0	419.0	114.0	135.0	10208.0	6b85de2608e79834526deb563156d724dabb396295425603a1ecf62aa7fafe7c	ecfc31b89214dd2a5179f6b7ea3b270d2db82ac0ab1b21880f2eff4120dae115
train_clean	train	local_test_images_20260707	local_test_images_20260707_0002.jpg	local_test_images_20260707_0002.txt	2	2	13	0	1	81	274.0	519.0	138.0	130.0	14079.0	f92b5a563473bb52619c10b8a80f3d25f1d5272169054838135a76bcc7974b61	a266ce9a858bd7017c39b9ccae372fd3e5959e601cc0e3eb64680744398f8232
train_clean	train	local_test_images_20260707	local_test_images_20260707_0002.jpg	local_test_images_20260707_0002.txt	3	2	14	0	1	89	257.0	738.0	98.0	116.0	8941.0	d50ddb45488110882a55d39fe476cc88d2798749cdbafda2f851566356b4e116	1141a78e29b71e9e971e0d71ee65b92d7a7e1241d9651c4d473269d1b022599a
train_clean	train	local_test_images_20260707	local_test_images_20260707_0002.jpg	local_test_images_20260707_0002.txt	4	2	15	0	1	78	482.0	709.0	53.0	53.0	2242.0	a02741e5d6c00ba2a70ab1cc93063ded14269b4fdeea786a203b14ec5d547291	85f802ccb4f349d0326556d00767c877660df904124e853c46de2efcc634f043
train_clean	train	local_test_images_20260707	local_test_images_20260707_0002.jpg	local_test_images_20260707_0002.txt	5	2	16	0	1	27	242.0	354.0	138.0	167.0	16324.0	f3e679f3b0a396d82565ad3b24f3df6cc445f3c336a1e7be5d00abdbd9919e79	198c4ae7b0efcdd2019064172bd65e80eb4e570925d03396c4f61af0bdda7fac
train_clean	train	local_test_images_20260707	local_test_images_20260707_0002.jpg	local_test_images_20260707_0002.txt	6	2	17	0	1	24	248.0	645.0	116.0	107.0	8884.0	5947a860b0b3c04bec69657b9955bbbee95724d7d052132a5cada6fe8ea30d02	ee6bdacb2a2ebd9000ef64952e893b58b0f6d2c3594d8636fb452831422cbee7
train_clean	train	local_test_images_20260707	local_test_images_20260707_0002.jpg	local_test_images_20260707_0002.txt	7	2	18	0	1	45	349.0	632.0	111.0	132.0	8946.0	20fb375de63cf85a0e7868a1850f64ab69193a660ab27755dc49e0ea8174fca4	b3e7f0b023e422a28de42094d976cfff84fcdf29176f51491f23671e66f24058
train_clean	train	local_test_images_20260707	local_test_images_20260707_0002.jpg	local_test_images_20260707_0002.txt	8	2	19	0	1	27	418.0	554.0	142.0	137.0	12958.0	4701ed4fc6fd9a271785c45ba308e5a731bd550a102b01c8a6b2796b7d978e46	4aae2fba108c466276b0e9f2a1764ad663552fc02ea238611e1ed979672b1752
train_clean	train	local_test_images_20260707	local_test_images_20260707_0002.jpg	local_test_images_20260707_0002.txt	9	2	20	0	1	7	411.0	605.0	18.0	30.0	302.0	cc7f4b0576cc0cee4a14d7399b3a3fe821a2c8fb753a7be944e6a9ae38933f49	e425bb170ca528cb65d20f8b50068162bc8141e409f7ba5b7d9580cfc06705fa
train_clean	train	local_test_images_20260707	local_test_images_20260707_0003.jpg	local_test_images_20260707_0003.txt	1	3	21	0	1	55	643.0	562.0	199.0	221.0	30001.0	2b86fddd8384d91ce698d3f6b06a06f9885721f8ff621d1fb687804362c1d3bc	f2ac6d491f7c6c45bd44258d3ca5e9ca5355671653f7724b325d5da732702a65
train_clean	train	local_test_images_20260707	local_test_images_20260707_0003.jpg	local_test_images_20260707_0003.txt	2	3	22	0	1	50	541.0	783.0	253.0	185.0	32235.0	18b5df3eba05e7271cbcccd4abc6c19f081cf74c38cec392a16852f899656ddb	804c3a865cac90668043a34182ae913bc91596e64101a9589e704925e37fc89e
train_clean	train	local_test_images_20260707	local_test_images_20260707_0003.jpg	local_test_images_20260707_0003.txt	3	3	23	0	1	49	551.0	985.0	235.0	194.0	31804.0	ff93aaa62d086ac8aee9837c068274bd72285b6099f4af0eb9f07b8865606afc	08d4fb96f598f2572b6c190b393dfadaf210778d47722609cf4b422a1d0c5cad
train_clean	train	local_test_images_20260707	local_test_images_20260707_0003.jpg	local_test_images_20260707_0003.txt	4	3	24	0	1	46	370.0	555.0	178.0	190.0	19971.0	d95e81195603929a20fdec8af925cb56b64e27dbf7cb98253e8d1d016946d55e	a132ea37cafb8fb4f9c0a7be4572bd24f826c1d1cf56374ae27f8a69286902d9
train_clean	train	local_test_images_20260707	local_test_images_20260707_0003.jpg	local_test_images_20260707_0003.txt	5	3	25	0	1	60	514.0	559.0	172.0	173.0	21807.0	8d7c723a88866e15bd78918a8f2785f12337e57ca4015a609010128fbf550670	a4e3e822990179242119efff471287fa64135dcb627eb144f20399eee5812850
train_clean	train	local_test_images_20260707	local_test_images_20260707_0003.jpg	local_test_images_20260707_0003.txt	6	3	26	0	1	61	672.0	579.0	43.0	34.0	915.0	e7404214bda57b2a220b29c79bd10b5a944ad41d4dfc606b1c8d99a9ad3d859b	6ea52ad861389102cc15c9f8c619fa0c62f3e5f0e370d46f6562889f47d48f76
train_clean	train	local_test_images_20260707	local_test_images_20260707_0003.jpg	local_test_images_20260707_0003.txt	7	3	27	0	1	23	642.0	909.0	136.0	78.0	4827.0	9f9529f49636f42780bb53f5e3ac0b48c1734e818ef42f02d7da905e754b1b61	3708722fd7a45637e0512a26e6d5692e11b6bb2d67fa4fff4a13836fed793a32
train_clean	train	local_test_images_20260707	local_test_images_20260707_0003.jpg	local_test_images_20260707_0003.txt	8	3	28	0	1	19	686.0	942.0	100.0	82.0	3769.0	739c8e7ad383f1daa1a4025fb6a1be6391fb3cba2fac8e70e6141591dcc6aa24	279ab7c4edac56238aaab98ca1d588df956938d8f23f6dc524c90a27971f73f4
train_clean	train	local_test_images_20260707	local_test_images_20260707_0003.jpg	local_test_images_20260707_0003.txt	9	3	29	0	1	34	494.0	969.0	158.0	200.0	12231.0	b9ffb956d8ce72a23839932c30ded4960df204f489b6e5b2557acb031285dbb3	ca83797fb672d60d1bbaadd3e616629b018ea4f8c3def1b1ee532f58f67307a0
train_clean	train	local_test_images_20260707	local_test_images_20260707_0003.jpg	local_test_images_20260707_0003.txt	10	3	30	0	1	51	397.0	711.0	163.0	172.0	20976.0	db110bdbd8f71583cbc7c9a4cd92b4f941afb0221904d7aa9147f3300e6a38c3	a04bf25a1e06d1a809135b2bd231fc43c08048c7f94172b20ae13664a73e2d73
train_clean	train	local_test_images_20260707	local_test_images_20260707_0003.jpg	local_test_images_20260707_0003.txt	11	3	31	0	1	15	373.0	782.0	28.0	58.0	1051.0	15a4cd22048fb18d6dafbade1361d7167fdef8c93b740f37e09dae077bc501c4	f1f9d05482a42d3bfd1768c941fdf9c4d42187bb485eb1f977b0f88d740cb9d8
train_clean	train	local_test_images_20260707	local_test_images_20260707_0003.jpg	local_test_images_20260707_0003.txt	12	3	32	0	1	24	584.0	736.0	98.0	74.0	4115.0	8d1aef625854d2896ffea15ae518fc5853b90ad2129262681b51d03aed88a891	d1239d167da75fd7603c30cd1440cc332fbe13af147f0730632febee2d9b8ad3
train_clean	train	local_test_images_20260707	local_test_images_20260707_0004.jpg	local_test_images_20260707_0004.txt	1	4	33	0	1	55	601.0	880.0	254.0	237.0	39568.0	4839c63672cc3c1af6751b957173fbfaff5c3e1eacbdcdd980a645a576429748	6d3eb5832ddc232d23b6bee863d8cb089d9f04ab9a84c32de6e5e89a69484dc4
train_clean	train	local_test_images_20260707	local_test_images_20260707_0004.jpg	local_test_images_20260707_0004.txt	2	4	34	0	1	67	566.0	996.0	228.0	188.0	21072.0	ae13db346e9e5ebe867bf358d8bd717f7a966a1ca3b7bb2e21237be7a35c6a66	f523b9082d3c6faedaa0c6a34abd77d6db219d5de794e229f93ba42564f9aaa7
train_clean	train	local_test_images_20260707	local_test_images_20260707_0004.jpg	local_test_images_20260707_0004.txt	3	4	35	0	1	60	550.0	775.0	208.0	187.0	20346.0	950e1973556baf756eb47bfffb13314f0b06282b51cbed73b20a16ed06ea44f8	a0c4bafca554ff7c798754ece1e8362998e36adfc2a0cee36409d5ca61b69955
train_clean	train	local_test_images_20260707	local_test_images_20260707_0004.jpg	local_test_images_20260707_0004.txt	4	4	36	0	1	44	373.0	851.0	138.0	220.0	23697.0	e26295bf162cca9bc179f85828a557a227160652a2181294fce29b8bc49699b7	f44a24ffaca7432a09a4be8846b690d46e49b10531e2bdfd6618520dd94fe7c2
train_clean	train	local_test_images_20260707	local_test_images_20260707_0004.jpg	local_test_images_20260707_0004.txt	5	4	37	0	1	29	510.0	975.0	149.0	193.0	11433.0	37445011345e138d3df9bb1b48821930cae6b3c054206a797ccca523a122b716	1ba427fc490dfbe5e16b38bc08be46055fc39addfe2f81c5c1b9c01a78c6a1a5
train_clean	train	local_test_images_20260707	local_test_images_20260707_0004.jpg	local_test_images_20260707_0004.txt	6	4	38	0	1	32	413.0	690.0	162.0	172.0	20952.0	270f0fa23842956ca3e872c942dc7745d397b1a7a094fdf0002564b6bc67d614	0e60f3784ca1e062d040d103852f48f901fafdcd8b96051e9b85630bd949a522
train_clean	train	local_test_images_20260707	local_test_images_20260707_0004.jpg	local_test_images_20260707_0004.txt	7	4	39	0	1	39	582.0	699.0	194.0	131.0	11225.0	cf62581d942ce10cd5bd90c99b89484adb77f2b2a7b398b6df69b65fdf8530f2	fd71c0fe167dd8483bf0f2bea2366a3b0a997c30cd04b42dd461fca9508751db
train_clean	train	local_test_images_20260707	local_test_images_20260707_0004.jpg	local_test_images_20260707_0004.txt	8	4	40	0	1	14	751.0	789.0	29.0	47.0	817.0	22ae2d6d986302216b881ad3d6cd1d642bcf8df6265c25aa12a329cc9646b7db	79ad74756b2eb5cfed5478c98da55b49eaa46ba52eb03ce5993d9e3237aaa548
train_clean	train	local_test_images_20260707	local_test_images_20260707_0004.jpg	local_test_images_20260707_0004.txt	9	4	41	0	1	35	493.0	542.0	170.0	169.0	20895.0	4d9b25a5cc9ad78ffb2d6f7af7f67a6ef15f5cfb806dcc48a5ffb25bf8db73a1	ad183455893da024c06964d5a8c454cd7e26d8031435fcc16ad88505074cef79
train_clean	train	local_test_images_20260707	local_test_images_20260707_0004.jpg	local_test_images_20260707_0004.txt	10	4	42	0	1	46	655.0	576.0	130.0	127.0	12693.0	1361344a6db6cc46baf3e5ef67acc8bcefb4df1597cd1afa97dc87fe087f270d	10985be1e2ac82d427ec05d5f305af2ce2fe0364ac5dbcca9f01a8f6aa0f4b2e
train_clean	train	local_test_images_20260707	local_test_images_20260707_0005.jpg	local_test_images_20260707_0005.txt	1	5	43	0	1	55	438.0	764.0	166.0	220.0	24802.0	a149e873be16983dce7cfdef3601e0fa118cdaa34d1da4a1c60991763c64cd00	97e4f6f510a666de6ff8ca28f693b4e1cc9c05a54b8615186aa19c4d61d65db7
train_clean	train	local_test_images_20260707	local_test_images_20260707_0005.jpg	local_test_images_20260707_0005.txt	2	5	44	0	1	67	605.0	828.0	209.0	192.0	25902.0	d9a5b91a200b138c578129886ec4438b9b077d37bbea449755f98bd78eaf87a5	967689138e10c1993ab442132f85879ea9da11e2a84fa274acf8b7980769ca01
train_clean	train	local_test_images_20260707	local_test_images_20260707_0005.jpg	local_test_images_20260707_0005.txt	3	5	45	0	1	56	610.0	979.0	205.0	201.0	28349.0	1d782f7478b0f1507470cf7ea95d137fd2d8a25d34ffc470717af01ede48d027	5fa9790b430661e94271bf869c1489569f1747cd9156404c19b27a2c1819ba96
train_clean	train	local_test_images_20260707	local_test_images_20260707_0005.jpg	local_test_images_20260707_0005.txt	4	5	46	0	1	56	530.0	953.0	121.0	186.0	13105.0	446fb0c773e0517d19fb59ec18893ed5bf41f0dd6d6ae3b858f236394f3af4c6	7134d0609db259fe9b1b8a7724b330054fe6f4fe2ada3ff8f819e9dc9a646463
train_clean	train	local_test_images_20260707	local_test_images_20260707_0005.jpg	local_test_images_20260707_0005.txt	5	5	47	0	1	40	398.0	824.0	124.0	213.0	14976.0	7df960b0b12f389ab45e79cdcb90f2983df5cd934e37fd0afb47a39a4181204c	7548d682efe35fb87dc67048064c86defd17a7379bad7ab5195471cb8e895f66
train_clean	train	local_test_images_20260707	local_test_images_20260707_0005.jpg	local_test_images_20260707_0005.txt	6	5	48	0	1	64	579.0	505.0	183.0	184.0	25971.0	f69a65ab5befc335aa1044869509cd0817facb098b63c25fb97512717552d086	74a03b3c44914e6f1a0f6fee45979128f91c96f3cd5909c022ee22b860b13ec0
train_clean	train	local_test_images_20260707	local_test_images_20260707_0005.jpg	local_test_images_20260707_0005.txt	7	5	49	0	1	46	519.0	666.0	203.0	199.0	24977.0	e139df8dc65af5c8b0800612eeeb99bd14215d0457ccb1636e69ae65007ef8b3	02c6a4b69be500269071fb6f58848900bce13afac5b4978acf313af3fa4ba170
train_clean	train	local_test_images_20260707	local_test_images_20260707_0005.jpg	local_test_images_20260707_0005.txt	8	5	50	0	1	91	410.0	754.0	52.0	67.0	2249.0	8a55d7a21e2d7c65860df9bf52f8e0e06770ca0c909664276ce0fca7c88cf557	1e082ec83aac9bcbc1ec7233587d5175fe5cc241036b3ed8baeda566c886f405
train_clean	train	local_test_images_20260707	local_test_images_20260707_0005.jpg	local_test_images_20260707_0005.txt	9	5	51	0	1	57	410.0	538.0	169.0	166.0	22099.0	d0453b748e45b3a475e9af9b76b6d22f964df7ab71e52a32a27a2c9ccdc96f9a	0f01cebd9b2f57a86a233e589959a62f6e9ded5464b74c5b47de843bb9b76794
train_clean	train	local_test_images_20260707	local_test_images_20260707_0005.jpg	local_test_images_20260707_0005.txt	10	5	52	0	1	88	694.0	812.0	92.0	82.0	3625.0	08dac7d9e727a7b9d7e08e2933fd70b17468667aef776f4f3112f19a2cfd9054	791774611f1e04a446107fa6336e7e092555e6afb1c72a15792a150c28aa0b94
train_clean	train	local_test_images_20260707	local_test_images_20260707_0005.jpg	local_test_images_20260707_0005.txt	11	5	53	0	1	30	735.0	595.0	51.0	76.0	1635.0	72b59b1e1b94300963a02dbce8db4a9009f883b028a9fb42d469ff1adb3df4a0	2767927e9d4944c8388d6e6784bb8834a6ea8d9ef6e7a496b3e1224a91e01e01
train_clean	train	local_test_images_20260707	local_test_images_20260707_0006.jpg	local_test_images_20260707_0006.txt	1	6	54	0	1	59	373.0	400.0	164.0	166.0	18838.0	954b740dd6a95c067d3bec052fe940ea3169b5dc65ed78071708c2e682b3cdab	d8b11dd40d52099679cc3229ea7f88861ce348e23db6ff60163c205ce52e31f3
train_clean	train	local_test_images_20260707	local_test_images_20260707_0006.jpg	local_test_images_20260707_0006.txt	2	6	55	0	1	70	490.0	421.0	118.0	143.0	10030.0	5631f2d9558ce52cfbc642e8f4560fd2296c04b359962f90b46905583d1861fb	f937b0f39ffff6eeaf534dd8e640418f5e8ef8e361ad7ff1b28fd1dd92a5366a
train_clean	train	local_test_images_20260707	local_test_images_20260707_0006.jpg	local_test_images_20260707_0006.txt	3	6	56	0	1	59	405.0	561.0	192.0	107.0	16383.0	b7347fb0517ddb4428ebbd0531cc9b1ee41d832d6a4cfedb9bdbbdc5a2ff2488	b758fab447a3d62b104ae21eee747dc6aec730a82cb2b8ed00ae837075143f04
train_clean	train	local_test_images_20260707	local_test_images_20260707_0006.jpg	local_test_images_20260707_0006.txt	4	6	57	0	1	58	384.0	651.0	112.0	185.0	16715.0	a4ee541b92285404e5f6f2edd987f71982b65c28c32d99e6c517b2feddd31df3	bd732714061daefce69d31c1882846f5e9271ecec52cb657c4fa3972b8df9b82
train_clean	train	local_test_images_20260707	local_test_images_20260707_0006.jpg	local_test_images_20260707_0006.txt	5	6	58	0	1	47	315.0	832.0	188.0	170.0	21762.0	012f56d336decb906ed4277987b11f04b8f4f3b2b4e9a126d6ea9ccadb99c8c8	e65278a22f41c9265e9ca19201454898cbb57fd6c1dfed5458a5df1e9de193b7
train_clean	train	local_test_images_20260707	local_test_images_20260707_0006.jpg	local_test_images_20260707_0006.txt	6	6	59	0	1	77	484.0	793.0	133.0	140.0	14550.0	95d4dd3f58df8a15e6f1e2250514693496662e677ac6b30bd8ee19b2ccef18a7	fd0f0592509ae9e065fd1bade11bb7bb91d91d0b423f9f76de212056c5364a2b
train_clean	train	local_test_images_20260707	local_test_images_20260707_0006.jpg	local_test_images_20260707_0006.txt	7	6	60	0	1	88	594.0	776.0	128.0	134.0	12303.0	cde2d38cedf8afd33c65bd7d12cf3305db0bb8bb008ab602322b9913258d0d13	64b3614b5bf4692ce51c3b806093afe76ce40c4b3fb45621152dc11f852fb8d6
train_clean	train	local_test_images_20260707	local_test_images_20260707_0006.jpg	local_test_images_20260707_0006.txt	8	6	61	0	1	81	494.0	654.0	157.0	149.0	18377.0	034540fc2aca67ba39a0cc22fcbbc562b43b111ad9eb0c0b0adacb2d4084abf5	92b015e92d200bcb98fb84d58377ae5a283623ca1d6edc698dbeb31c1d0001f5
train_clean	train	local_test_images_20260707	local_test_images_20260707_0006.jpg	local_test_images_20260707_0006.txt	9	6	62	0	1	25	657.0	676.0	55.0	46.0	1623.0	845e9eb13740a021a4fb80903aa20e53d2ea4278e954159ade79c1cec6be8020	61bc9e8b0bbdb2a06ec94978206855ed8c8797424585ad2a32907a7e9a21bf74
train_clean	train	local_test_images_20260707	local_test_images_20260707_0008.jpg	local_test_images_20260707_0008.txt	1	7	63	0	1	34	669.0	703.0	238.0	131.0	25719.0	c6db9e2e1adae16c52ad2db609de997fd9f283636451df368d38c5ed7a67344a	a3c49876b0034bae87d62fad9e529a35eac36fc8c7ea11621a95f27d3681adca
train_clean	train	local_test_images_20260707	local_test_images_20260707_0008.jpg	local_test_images_20260707_0008.txt	2	7	64	0	1	54	890.0	630.0	219.0	173.0	22810.0	5a01c074e923987b70f9171a2232998a3f369cad77aeed263bc47a299a2bb095	13ddcadab922b511b6ae6c96d06c18f5ba41f15fe19eb6d4240ffb3ea8a26f2a
train_clean	train	local_test_images_20260707	local_test_images_20260707_0008.jpg	local_test_images_20260707_0008.txt	3	7	65	0	1	68	857.0	693.0	167.0	124.0	6320.0	7dac96824c627a099a5a5f45fe55ba2fc49cb4971f72827763480bfbface7ff8	755d9a429e287541db1d38784787e5f1f1d2953cf241655b8ecacfc3c1acc998
train_clean	train	local_test_images_20260707	local_test_images_20260707_0008.jpg	local_test_images_20260707_0008.txt	4	7	66	0	1	49	1048.0	510.0	147.0	255.0	30760.0	96e32bede879b428816c777f8322b8bf2dcfa9b7371c40b0495c24a373e80e7d	e3edc9e47f1a1101649e5b5930872643e9ae7a4e4f17b3de9f3c0ee1bf9830ca
train_clean	train	local_test_images_20260707	local_test_images_20260707_0008.jpg	local_test_images_20260707_0008.txt	5	7	67	0	1	65	971.0	478.0	123.0	184.0	12011.0	5f790ebff2994d7a694fac095e7540991ac6197d2f24a4f506a6a1261b9bb648	1379626bae91ff3dfa386a4a8e88c80ed5acc971d3edce7ed0fa623df05f9ff8
train_clean	train	local_test_images_20260707	local_test_images_20260707_0008.jpg	local_test_images_20260707_0008.txt	6	7	68	0	1	59	687.0	511.0	185.0	194.0	26732.0	82ff68228cbffc36be4d7f0e01ff0f3d0611bc3fb5546a267af882b396264f1b	bb0001df76b90bb33bdf7ab64954ea63a42a2789898849c42c6814e876c04995
train_clean	train	local_test_images_20260707	local_test_images_20260707_0008.jpg	local_test_images_20260707_0008.txt	7	7	69	0	1	26	592.0	446.0	138.0	137.0	14075.0	3a1a8ecf58bd05e6af8b27c8a7cd9d9ae1173ad312a99af3c38c8b0760cbd2f8	0c786fd7041f249cccb8df93cb372bb2671b538934ed81323e3830aaa221ba2e
train_clean	train	local_test_images_20260707	local_test_images_20260707_0008.jpg	local_test_images_20260707_0008.txt	8	7	70	0	1	35	543.0	648.0	157.0	163.0	17360.0	de90879177eb080814d8ac12b66fc2bfe458261b7a9da084ee17decce9e07015	360a93b2c22ba779fba8e29b88d920320496c4ce6f345df51a8c776e9ec776d4
train_clean	train	local_test_images_20260707	local_test_images_20260707_0008.jpg	local_test_images_20260707_0008.txt	9	7	71	0	1	12	652.0	761.0	14.0	28.0	312.0	83fe91e6de503a19382a2fb7531a67a65c07417ad43c7b2927bb394804f6d204	a8619b145bb015cbecb9270642fa6079b06e620b580859f9c77408243188a502
train_clean	train	local_test_images_20260707	local_test_images_20260707_0008.jpg	local_test_images_20260707_0008.txt	10	7	72	0	1	25	959.0	449.0	52.0	45.0	1380.0	eaff5f525357738dfc1e258b4c969e2d451f2c41c186c22186d889e3d381de01	6cb8f1aae5d7082c996f1e8ac96527d8fb73bbc958599f2a3971da0d231ed9ab
train_clean	train	local_test_images_20260707	local_test_images_20260707_0008.jpg	local_test_images_20260707_0008.txt	11	7	73	0	1	65	823.0	476.0	125.0	152.0	8467.0	ebd7635d5a0ffa1bcd629e54c74c5baa15deeb01be88e652b56b916a5006b428	766a3d649df8fcc8b520a968bb361bb5d1fa718d3bf5c13cfe25dfa0e4cde0ad
train_clean	train	local_test_images_20260707	local_test_images_20260707_0008.jpg	local_test_images_20260707_0008.txt	12	7	74	0	1	14	895.0	469.0	28.0	36.0	521.0	b3064b3aeda3ff99e578d0e70192e9ca5a5000fdc9c2a84569404228529c4ce8	9348acfd1e6545de2dc1859c9ae24fd42f0e61ee2cefa7254921543444953dce
train_clean	train	local_test_images_20260707	local_test_images_20260707_0008.jpg	local_test_images_20260707_0008.txt	13	7	75	0	1	82	906.0	472.0	89.0	124.0	2544.0	f3ff00f58b472cfadd699d2f0a6865ee737fa5a9cd04cb0ad377961ab7428a4c	1f7c5afdc9ca3eca69c7d81ae8703390edf9957a399a46b9d2b5d663f045ea49
train_clean	train	local_test_images_20260707	local_test_images_20260707_0009.jpg	local_test_images_20260707_0009.txt	1	8	76	0	1	70	608.0	419.0	190.0	180.0	26553.0	40e1636394b7e436f192e570def085d88d784e79fa8f8e9a686ca8700e9bc095	02af6a03ea1ca341c39c9126769f696ac8942c9c11bc650adde5186a0841e3e0
train_clean	train	local_test_images_20260707	local_test_images_20260707_0009.jpg	local_test_images_20260707_0009.txt	2	8	77	0	1	51	703.0	527.0	175.0	207.0	23724.0	c74e217078a97cc7aef28639e522ab282fc78e13a45b5ea8a1a441b1b02f8fa6	3032c80fc2b761392cd5ab29130de92f6edcea1d0799745534231e7071781ddb
train_clean	train	local_test_images_20260707	local_test_images_20260707_0009.jpg	local_test_images_20260707_0009.txt	3	8	78	0	1	94	796.0	769.0	67.0	69.0	3520.0	63a73bb9d9ed68fba55327594dcdb386d6dac6ebecea03d0897f0391982d2a8d	b47146b314e9592812b0be1c31664dd05fc8c05a9e89b7aba694996f86940e49
train_clean	train	local_test_images_20260707	local_test_images_20260707_0009.jpg	local_test_images_20260707_0009.txt	4	8	79	0	1	44	1076.0	526.0	152.0	264.0	33324.0	1748204cfe7804a99dcf7303c3704e4e2ebe2df0df872b2620ec866e37a4fb10	66fadb53df2fe625bdd15aa0bf69393d49eba6f7b56aaa41cb64b72590660ea3
train_clean	train	local_test_images_20260707	local_test_images_20260707_0009.jpg	local_test_images_20260707_0009.txt	5	8	80	0	1	45	992.0	498.0	134.0	190.0	13612.0	0b4d52167e729501df0a2e3b77a2a466a6e902c8c42c22f3aa659cdc0b0b9f98	8c297b1045dc27af54c102dfbcf24f77a0c26d1d28ced16627e3638e3a07ecfc
train_clean	train	local_test_images_20260707	local_test_images_20260707_0009.jpg	local_test_images_20260707_0009.txt	6	8	81	0	1	38	915.0	658.0	230.0	173.0	23370.0	1c83581a5d1f0451bc40d32043dbd6c00849d080cb8a29908de08c9a40023ac0	f73243358169f34cd1412ff02e4deaa1fd3b8c8b17218f74a915e7968f3a7074
train_clean	train	local_test_images_20260707	local_test_images_20260707_0009.jpg	local_test_images_20260707_0009.txt	7	8	82	0	1	36	861.0	721.0	197.0	125.0	11344.0	c651ce7aa89510d393e368cd4b1f04e862a3646b03e7c63e61053e9827b19642	363809a06e035fa87b35783871dd292e41901d5a7ee9c902d55a7bad27d6abd9
train_clean	train	local_test_images_20260707	local_test_images_20260707_0009.jpg	local_test_images_20260707_0009.txt	8	8	83	0	1	58	567.0	563.0	133.0	172.0	17668.0	167225d4a3386105760ada36382756d089bbe0d2a51ad71fea93faf8e9464756	62bffe749794e78b0c88d00da925aa269118771249146a94cb0fcccf31d4fd2b
train_clean	train	local_test_images_20260707	local_test_images_20260707_0009.jpg	local_test_images_20260707_0009.txt	9	8	84	0	1	23	599.0	512.0	27.0	52.0	562.0	5165e0eafbd3e753d1ca12f9c01c3ba8aa3f008befc839319275e8f3f8aecacf	117e32f4ff8f9d017d0e45440636ecb419b741552e19b67c5f0ac34ea8c18112
train_clean	train	local_test_images_20260707	local_test_images_20260707_0009.jpg	local_test_images_20260707_0009.txt	10	8	85	0	1	30	981.0	469.0	64.0	54.0	2260.0	cbeee1e5134737d33ae1fd7421e7d6a62e1643643e6a0f6bd4881ae676c832ed	53e0dbeb8a7643b0ce3bae16b00a829e4bc8c0e699a1c7fd810e4beb33b4c79e
train_clean	train	local_test_images_20260707	local_test_images_20260707_0009.jpg	local_test_images_20260707_0009.txt	11	8	86	0	1	42	846.0	456.0	130.0	39.0	1554.0	d25e5534c38c4582fe31e74ca04ed41c7b92b25025bf1f4ea899381448493b44	f9b18b501730ce10f81f666e1d4adbde04c07f6f5bbc354a47e120c10479f2c7
train_clean	train	local_test_images_20260707	local_test_images_20260707_0009.jpg	local_test_images_20260707_0009.txt	12	8	87	0	1	16	850.0	536.0	59.0	59.0	2293.0	5f423d756488c850aa80feec514dfe23fd3ac0ca1281801f759880bf0e5d7db2	ae6314a99b9d8a8fd39f984a0131dd21bb73c9179c6dbc0211d7081941c3e50f
train_clean	train	local_test_images_20260707	local_test_images_20260707_0009.jpg	local_test_images_20260707_0009.txt	13	8	88	0	1	22	853.0	595.0	71.0	65.0	1309.0	dffbfcb3dc42c6f64f878b1fabbbb4d88b356e1402ec7c478fb0edff2fa9d1d9	bdf2df467aec53100de186f515f11ff4514160e2531fe9f6d4b25353870910c9
train_clean	train	local_test_images_20260707	local_test_images_20260707_0009.jpg	local_test_images_20260707_0009.txt	14	8	89	0	1	62	920.0	508.0	97.0	135.0	4774.0	3cf8f68fc0021553af815b6a0b1ac2e8174b6af33d787d6dc470857a1c554262	b78cf3147856b9d6fbbb4b7cb09a992adbaf56f5e33fa3fb50d6432c10ae0670
train_clean	train	my_labelme	my_labelme_color_000007.png	my_labelme_color_000007.txt	1	9	90	0	1	21	570.0	233.0	104.0	72.0	4331.0	2d28474fcf38537b01ba9cb74efbf74fda6cc9876a5a818104b23761a10ad0b1	ede09cb60418bfa9c868e624c7a4a5338d762c9fdf8ee5663ff0642506e7c206
train_clean	train	my_labelme	my_labelme_color_000007.png	my_labelme_color_000007.txt	2	9	91	0	1	101	644.0	220.0	70.0	69.0	3716.0	73a76b3748ee85cd7f3336a61543bffab2daa8b71e9df44e1d3d60785797bdf8	62d68efb5876bb5499461b42593e2122aaf6329d9170d5d3e6ece1ba7dcb44e4
train_clean	train	my_labelme	my_labelme_color_000007.png	my_labelme_color_000007.txt	3	9	92	0	1	76	687.0	239.0	60.0	98.0	2668.0	0b518c1b1eda302167db326e05f5c94b4fabc17e4dc6b7cc407c5856fff8118a	8c5b5a7c9d6c0bc6ee5624e93629669c3bd6124786de5aff7f6b4dd2f96daf7b
train_clean	train	my_labelme	my_labelme_color_000007.png	my_labelme_color_000007.txt	4	9	93	0	1	98	634.0	290.0	103.0	101.0	7858.0	2342fd86e1109d574ea6b12a4c026a5846d18f70d86c68e8a02af0182420fb2a	6e58fc5441d52ff1888657ee18080708b4766564d25d59597f704e397145761a
train_clean	train	my_labelme	my_labelme_color_000007.png	my_labelme_color_000007.txt	5	9	94	0	1	100	562.0	292.0	82.0	84.0	4346.0	c0fb20ac269f3b11b562772b190b3f3463afd8c079e73a84e2c69bedfc72a6f0	907bc848ffada41d1a0d94d6187a11d66db132874353e595876b31eb41e74c7b
train_clean	train	my_labelme	my_labelme_color_000007.png	my_labelme_color_000007.txt	6	9	95	0	1	91	682.0	456.0	92.0	88.0	6523.0	1d7ac7d2f8ac5d7c9d46d6e8a021a7d43e9fd260a2e02da058ec758186d0c6ec	a22a2cffa97ab75b53143783a388d59beb3a70c968f7d0fc8147f1396761d467
train_clean	train	my_labelme	my_labelme_color_000007.png	my_labelme_color_000007.txt	7	9	96	0	1	106	561.0	424.0	92.0	96.0	6934.0	c72a72cbd4592798f8ebbcc5eeec2eff1ea062371e556249a715c573dd99a5ec	a804f31739c77fdade9ff64dcafd3cfc0a14b454a9a5caee3fcc0ec7bea708c8
train_clean	train	my_labelme	my_labelme_color_000007.png	my_labelme_color_000007.txt	8	9	97	0	1	69	621.0	377.0	52.0	67.0	2404.0	68d697599cc12c317f4720f7c264ccb195eec95919efb3c3b7dfc62be9d36238	25fad9d3ce8ddafd2752a548db0c317e36bc56fe32518c99d85efc6a127fc592
train_clean	train	my_labelme	my_labelme_color_000007.png	my_labelme_color_000007.txt	9	9	98	0	1	88	649.0	414.0	59.0	101.0	3563.0	9a40e7d0e90ed4b8958cbf7ebaaae97e81e723e2f3624660a2bdfb7d5240bfc2	6a8e44db33e73f8be8697313ce220160aac10405a16a98e41f8279645d8e829a
train_clean	train	my_labelme	my_labelme_color_000007.png	my_labelme_color_000007.txt	10	9	99	0	1	31	676.0	369.0	75.0	77.0	3744.0	11b9f834eab77eaaba64bcb78326289cdf4e8c4461d9a676f31352b14bd55e89	02840d58243a1fad5b05c2997de64f2d7ca82cb0ba6ac99e1f483fd6e8411a80
train_clean	train	my_labelme	my_labelme_color_000008.png	my_labelme_color_000008.txt	1	10	100	0	1	21	570.0	233.0	104.0	72.0	4331.0	2d28474fcf38537b01ba9cb74efbf74fda6cc9876a5a818104b23761a10ad0b1	ede09cb60418bfa9c868e624c7a4a5338d762c9fdf8ee5663ff0642506e7c206
train_clean	train	my_labelme	my_labelme_color_000008.png	my_labelme_color_000008.txt	2	10	101	0	1	101	644.0	220.0	70.0	69.0	3716.0	73a76b3748ee85cd7f3336a61543bffab2daa8b71e9df44e1d3d60785797bdf8	62d68efb5876bb5499461b42593e2122aaf6329d9170d5d3e6ece1ba7dcb44e4
train_clean	train	my_labelme	my_labelme_color_000008.png	my_labelme_color_000008.txt	3	10	102	0	1	76	687.0	239.0	60.0	98.0	2668.0	0b518c1b1eda302167db326e05f5c94b4fabc17e4dc6b7cc407c5856fff8118a	8c5b5a7c9d6c0bc6ee5624e93629669c3bd6124786de5aff7f6b4dd2f96daf7b
train_clean	train	my_labelme	my_labelme_color_000008.png	my_labelme_color_000008.txt	4	10	103	0	1	98	634.0	290.0	103.0	101.0	7858.0	2342fd86e1109d574ea6b12a4c026a5846d18f70d86c68e8a02af0182420fb2a	6e58fc5441d52ff1888657ee18080708b4766564d25d59597f704e397145761a
train_clean	train	my_labelme	my_labelme_color_000008.png	my_labelme_color_000008.txt	5	10	104	0	1	100	562.0	292.0	82.0	84.0	4346.0	c0fb20ac269f3b11b562772b190b3f3463afd8c079e73a84e2c69bedfc72a6f0	907bc848ffada41d1a0d94d6187a11d66db132874353e595876b31eb41e74c7b
train_clean	train	my_labelme	my_labelme_color_000008.png	my_labelme_color_000008.txt	6	10	105	0	1	91	682.0	456.0	92.0	88.0	6523.0	1d7ac7d2f8ac5d7c9d46d6e8a021a7d43e9fd260a2e02da058ec758186d0c6ec	a22a2cffa97ab75b53143783a388d59beb3a70c968f7d0fc8147f1396761d467
train_clean	train	my_labelme	my_labelme_color_000008.png	my_labelme_color_000008.txt	7	10	106	0	1	106	561.0	424.0	92.0	96.0	6934.0	c72a72cbd4592798f8ebbcc5eeec2eff1ea062371e556249a715c573dd99a5ec	a804f31739c77fdade9ff64dcafd3cfc0a14b454a9a5caee3fcc0ec7bea708c8
train_clean	train	my_labelme	my_labelme_color_000008.png	my_labelme_color_000008.txt	8	10	107	0	1	69	621.0	377.0	52.0	67.0	2404.0	68d697599cc12c317f4720f7c264ccb195eec95919efb3c3b7dfc62be9d36238	25fad9d3ce8ddafd2752a548db0c317e36bc56fe32518c99d85efc6a127fc592
train_clean	train	my_labelme	my_labelme_color_000008.png	my_labelme_color_000008.txt	9	10	108	0	1	88	649.0	414.0	59.0	101.0	3563.0	9a40e7d0e90ed4b8958cbf7ebaaae97e81e723e2f3624660a2bdfb7d5240bfc2	6a8e44db33e73f8be8697313ce220160aac10405a16a98e41f8279645d8e829a
train_clean	train	my_labelme	my_labelme_color_000008.png	my_labelme_color_000008.txt	10	10	109	0	1	31	676.0	369.0	75.0	77.0	3744.0	11b9f834eab77eaaba64bcb78326289cdf4e8c4461d9a676f31352b14bd55e89	02840d58243a1fad5b05c2997de64f2d7ca82cb0ba6ac99e1f483fd6e8411a80
train_clean	train	my_labelme	my_labelme_color_000009.png	my_labelme_color_000009.txt	1	11	110	0	1	21	570.0	233.0	104.0	72.0	4331.0	2d28474fcf38537b01ba9cb74efbf74fda6cc9876a5a818104b23761a10ad0b1	ede09cb60418bfa9c868e624c7a4a5338d762c9fdf8ee5663ff0642506e7c206
train_clean	train	my_labelme	my_labelme_color_000009.png	my_labelme_color_000009.txt	2	11	111	0	1	101	644.0	220.0	70.0	69.0	3716.0	73a76b3748ee85cd7f3336a61543bffab2daa8b71e9df44e1d3d60785797bdf8	62d68efb5876bb5499461b42593e2122aaf6329d9170d5d3e6ece1ba7dcb44e4
train_clean	train	my_labelme	my_labelme_color_000009.png	my_labelme_color_000009.txt	3	11	112	0	1	76	687.0	239.0	60.0	98.0	2668.0	0b518c1b1eda302167db326e05f5c94b4fabc17e4dc6b7cc407c5856fff8118a	8c5b5a7c9d6c0bc6ee5624e93629669c3bd6124786de5aff7f6b4dd2f96daf7b
train_clean	train	my_labelme	my_labelme_color_000009.png	my_labelme_color_000009.txt	4	11	113	0	1	98	634.0	290.0	103.0	101.0	7858.0	2342fd86e1109d574ea6b12a4c026a5846d18f70d86c68e8a02af0182420fb2a	6e58fc5441d52ff1888657ee18080708b4766564d25d59597f704e397145761a
train_clean	train	my_labelme	my_labelme_color_000009.png	my_labelme_color_000009.txt	5	11	114	0	1	100	562.0	292.0	82.0	84.0	4346.0	c0fb20ac269f3b11b562772b190b3f3463afd8c079e73a84e2c69bedfc72a6f0	907bc848ffada41d1a0d94d6187a11d66db132874353e595876b31eb41e74c7b
train_clean	train	my_labelme	my_labelme_color_000009.png	my_labelme_color_000009.txt	6	11	115	0	1	91	682.0	456.0	92.0	88.0	6523.0	1d7ac7d2f8ac5d7c9d46d6e8a021a7d43e9fd260a2e02da058ec758186d0c6ec	a22a2cffa97ab75b53143783a388d59beb3a70c968f7d0fc8147f1396761d467
train_clean	train	my_labelme	my_labelme_color_000009.png	my_labelme_color_000009.txt	7	11	116	0	1	106	561.0	424.0	92.0	96.0	6934.0	c72a72cbd4592798f8ebbcc5eeec2eff1ea062371e556249a715c573dd99a5ec	a804f31739c77fdade9ff64dcafd3cfc0a14b454a9a5caee3fcc0ec7bea708c8
train_clean	train	my_labelme	my_labelme_color_000009.png	my_labelme_color_000009.txt	8	11	117	0	1	69	621.0	377.0	52.0	67.0	2404.0	68d697599cc12c317f4720f7c264ccb195eec95919efb3c3b7dfc62be9d36238	25fad9d3ce8ddafd2752a548db0c317e36bc56fe32518c99d85efc6a127fc592
train_clean	train	my_labelme	my_labelme_color_000009.png	my_labelme_color_000009.txt	9	11	118	0	1	88	649.0	414.0	59.0	101.0	3563.0	9a40e7d0e90ed4b8958cbf7ebaaae97e81e723e2f3624660a2bdfb7d5240bfc2	6a8e44db33e73f8be8697313ce220160aac10405a16a98e41f8279645d8e829a
train_clean	train	my_labelme	my_labelme_color_000009.png	my_labelme_color_000009.txt	10	11	119	0	1	31	676.0	369.0	75.0	77.0	3744.0	11b9f834eab77eaaba64bcb78326289cdf4e8c4461d9a676f31352b14bd55e89	02840d58243a1fad5b05c2997de64f2d7ca82cb0ba6ac99e1f483fd6e8411a80
train_clean	train	my_labelme	my_labelme_color_000010.png	my_labelme_color_000010.txt	1	12	120	0	1	21	570.0	233.0	104.0	72.0	4331.0	2d28474fcf38537b01ba9cb74efbf74fda6cc9876a5a818104b23761a10ad0b1	ede09cb60418bfa9c868e624c7a4a5338d762c9fdf8ee5663ff0642506e7c206
train_clean	train	my_labelme	my_labelme_color_000010.png	my_labelme_color_000010.txt	2	12	121	0	1	101	644.0	220.0	70.0	69.0	3716.0	73a76b3748ee85cd7f3336a61543bffab2daa8b71e9df44e1d3d60785797bdf8	62d68efb5876bb5499461b42593e2122aaf6329d9170d5d3e6ece1ba7dcb44e4
train_clean	train	my_labelme	my_labelme_color_000010.png	my_labelme_color_000010.txt	3	12	122	0	1	76	687.0	239.0	60.0	98.0	2668.0	0b518c1b1eda302167db326e05f5c94b4fabc17e4dc6b7cc407c5856fff8118a	8c5b5a7c9d6c0bc6ee5624e93629669c3bd6124786de5aff7f6b4dd2f96daf7b
train_clean	train	my_labelme	my_labelme_color_000010.png	my_labelme_color_000010.txt	4	12	123	0	1	98	634.0	290.0	103.0	101.0	7858.0	2342fd86e1109d574ea6b12a4c026a5846d18f70d86c68e8a02af0182420fb2a	6e58fc5441d52ff1888657ee18080708b4766564d25d59597f704e397145761a
train_clean	train	my_labelme	my_labelme_color_000010.png	my_labelme_color_000010.txt	5	12	124	0	1	100	562.0	292.0	82.0	84.0	4346.0	c0fb20ac269f3b11b562772b190b3f3463afd8c079e73a84e2c69bedfc72a6f0	907bc848ffada41d1a0d94d6187a11d66db132874353e595876b31eb41e74c7b
train_clean	train	my_labelme	my_labelme_color_000010.png	my_labelme_color_000010.txt	6	12	125	0	1	91	682.0	456.0	92.0	88.0	6523.0	1d7ac7d2f8ac5d7c9d46d6e8a021a7d43e9fd260a2e02da058ec758186d0c6ec	a22a2cffa97ab75b53143783a388d59beb3a70c968f7d0fc8147f1396761d467
train_clean	train	my_labelme	my_labelme_color_000010.png	my_labelme_color_000010.txt	7	12	126	0	1	106	561.0	424.0	92.0	96.0	6934.0	c72a72cbd4592798f8ebbcc5eeec2eff1ea062371e556249a715c573dd99a5ec	a804f31739c77fdade9ff64dcafd3cfc0a14b454a9a5caee3fcc0ec7bea708c8
train_clean	train	my_labelme	my_labelme_color_000010.png	my_labelme_color_000010.txt	8	12	127	0	1	69	621.0	377.0	52.0	67.0	2404.0	68d697599cc12c317f4720f7c264ccb195eec95919efb3c3b7dfc62be9d36238	25fad9d3ce8ddafd2752a548db0c317e36bc56fe32518c99d85efc6a127fc592
train_clean	train	my_labelme	my_labelme_color_000010.png	my_labelme_color_000010.txt	9	12	128	0	1	88	649.0	414.0	59.0	101.0	3563.0	9a40e7d0e90ed4b8958cbf7ebaaae97e81e723e2f3624660a2bdfb7d5240bfc2	6a8e44db33e73f8be8697313ce220160aac10405a16a98e41f8279645d8e829a
train_clean	train	my_labelme	my_labelme_color_000010.png	my_labelme_color_000010.txt	10	12	129	0	1	31	676.0	369.0	75.0	77.0	3744.0	11b9f834eab77eaaba64bcb78326289cdf4e8c4461d9a676f31352b14bd55e89	02840d58243a1fad5b05c2997de64f2d7ca82cb0ba6ac99e1f483fd6e8411a80
train_clean	train	my_labelme	my_labelme_color_000011.png	my_labelme_color_000011.txt	1	13	130	0	1	83	569.0	236.0	102.0	71.0	4918.0	2a0049299ab81c358fb1a455dee2a2c5f3d225f820389ca23a1808d71fa143e6	3d671139bc00aba9bdf8ceab209321b9804383e5d015de91617069fb6abd3f5a
train_clean	train	my_labelme	my_labelme_color_000011.png	my_labelme_color_000011.txt	2	13	131	0	1	100	645.0	222.0	70.0	63.0	3431.0	6af2da6e3a5b4c37efadfd136e689dcb6d6624c2ba8fa3b6e85aacad1322042c	54a6043a2537564cd4ad50394ff20b15898506f97836d5af40acf6c791d80d7e
train_clean	train	my_labelme	my_labelme_color_000011.png	my_labelme_color_000011.txt	3	13	132	0	1	83	686.0	238.0	64.0	106.0	4771.0	bd3c0655ca667bf272fb97ad8cf8b1677b67cb6441dc724b5e1c44efa92c5861	46ed779098afc800707f2df2c1614fc621a2d5900c01ae24b1fd7393348263cd
train_clean	train	my_labelme	my_labelme_color_000011.png	my_labelme_color_000011.txt	4	13	133	0	1	82	562.0	292.0	72.0	51.0	2662.0	b3c123d9d8972a5ddf6ef8cb43c3458865681d7ea12fe6cae37ddb5bf93483de	9b8a585b357008e459c78194af4f9304909f8a30f27112c0759e59cbb32bde48
train_clean	train	my_labelme	my_labelme_color_000011.png	my_labelme_color_000011.txt	5	13	134	0	1	100	677.0	362.0	74.0	77.0	4746.0	c32f4aa3de6295fd148e0dbe369749b8c59a106b71f015d675a22ece4871f1c5	c7340c827594bb53f152847dffd44ebc8bd16330590d44489b49b0a567b490bb
train_clean	train	my_labelme	my_labelme_color_000011.png	my_labelme_color_000011.txt	6	13	135	0	1	95	587.0	401.0	99.0	110.0	8038.0	0d32b905fb7fa77e6c9be5b52e92daff175ab053198f5e1c46eeb7fc4900f31c	cecb76af27b48acb5a50e41949fb43d1452514620ae750f06ec63ff79362bdd4
train_clean	train	my_labelme	my_labelme_color_000011.png	my_labelme_color_000011.txt	7	13	136	0	1	26	657.0	448.0	114.0	111.0	9692.0	431573314689fa299f07956e68b960e8817fcc76d920f54b5f4057556b16c885	3c050b511eb362f9378be7e9dbc64e691058f51aa2c4ee32ab69ddad7a44c8f9
train_clean	train	my_labelme	my_labelme_color_000011.png	my_labelme_color_000011.txt	8	13	137	0	1	13	579.0	394.0	39.0	42.0	862.0	29c1317d9b6995288d328cdba5657e13fb27a53a5b412c968510033f2ca32bff	e94357ae940c50aefe80418641ce294c8fef5dbd9820f3acae5c0b94f12cf567
train_clean	train	my_labelme	my_labelme_color_000014.png	my_labelme_color_000014.txt	1	14	138	0	1	94	674.0	195.0	112.0	109.0	9426.0	7feae8b7ce400f62bac3381bcade658d1cc256dab50e98ad08506e24a50577dd	c59c64b1c4e986b02b1ad95cbadce87969611a223ff98f767a66c5ee9bb25c7c
train_clean	train	my_labelme	my_labelme_color_000014.png	my_labelme_color_000014.txt	2	14	139	0	1	84	587.0	451.0	108.0	63.0	5508.0	0c714da643bbd4312b42c3a2d236db365df2f7ce07f886f849ddcbe5ae26fa50	6cfa9a6dfa0ca76da55e8320f1ba7a690c0573b40304fcccf2077baa32a2141f
train_clean	train	my_labelme	my_labelme_color_000014.png	my_labelme_color_000014.txt	3	14	140	0	1	94	642.0	272.0	68.0	80.0	3965.0	718881af937a1118fa8d5c0e243e61616358c64fc3c73fea18a32338bae1aaea	c0444ec7d8dba58cbab34e29829b196d62601180b4b30897e10e07c6f33e15da
train_clean	train	my_labelme	my_labelme_color_000014.png	my_labelme_color_000014.txt	4	14	141	0	1	93	554.0	279.0	93.0	98.0	7136.0	98fe4d5668c9d73b93348681691d81023f2268e87bebf68d9f1f5a007c899cab	d71ca1cbcf3a1a071a667ed77b1c5b63d9a1bc299e71d50234062fef92d7366f
train_clean	train	my_labelme	my_labelme_color_000014.png	my_labelme_color_000014.txt	5	14	142	0	1	24	641.0	219.0	41.0	54.0	1416.0	71129d347dc709d49ebd720c33bbc9c84ea2e604d342d5c3986e7f6653e93c6c	00e030d5927459c4fde7e05a9d858bdaa23d9c7905a97d91ce0688a436fa004b
train_clean	train	my_labelme	my_labelme_color_000014.png	my_labelme_color_000014.txt	6	14	143	0	1	27	631.0	340.0	72.0	65.0	3330.0	aaee32e6396eb2a36c654035457e5c5227d204abb5c0d59275ce1929cb3f9f33	85a27621f569e10076f14ab99d99702c94af0fa1bf479246272fd5b0649c0d39
train_clean	train	my_labelme	my_labelme_color_000014.png	my_labelme_color_000014.txt	7	14	144	0	1	39	699.0	303.0	65.0	108.0	5606.0	69f71748567da81bbee5ceb436d8bcfbb02c0641ac909c63cec3a43e667a3aa6	31d0e3941936a963b73f3735ad05d272e3419bb432be9b378d826843513da4cb
train_clean	train	my_labelme	my_labelme_color_000014.png	my_labelme_color_000014.txt	8	14	145	0	1	36	676.0	396.0	76.0	79.0	4415.0	a712e7c581d124557f600706373ca605b401b81770adb00e2d1cd69552a96836	8a64909cf1617376e2f4f050605a7d0dca2bd1f939dbf0895319f94d8eadcfd9
train_clean	train	my_labelme	my_labelme_color_000014.png	my_labelme_color_000014.txt	9	14	146	0	1	14	717.0	484.0	28.0	22.0	310.0	f803b68caa2405ea50a3235b8280de03705ddafcf49f823ce717a07a77cf4684	6ca0d9a61dc8b1e9ea98846a2b4ce2b7371cdc411db8c31e94d6f25cb4733ec2
train_clean	train	my_labelme	my_labelme_color_000015.png	my_labelme_color_000015.txt	1	15	147	0	1	78	673.0	189.0	106.0	119.0	9157.0	025f16c3adb92756af2d27aea117599180601088e25b06d7cdb662d23a4fd571	e4d6a2fd75e34c797e5a691598aa3326a5a929c8c8945506596d84ae4734bd66
train_clean	train	my_labelme	my_labelme_color_000015.png	my_labelme_color_000015.txt	2	15	148	0	1	98	642.0	284.0	68.0	82.0	4215.0	6332658485f82230bf20436fae3002dafb208372283494c29bd6f4a8fb6252c4	24ccfe2c765118d2072916566a64af9c69f3c4b5bd829de02851e9f393febe99
train_clean	train	my_labelme	my_labelme_color_000015.png	my_labelme_color_000015.txt	3	15	149	0	1	76	703.0	306.0	63.0	109.0	5116.0	7948d9df48d3312d1a2c488ab859e88a91781d255f66fcc3f2dc7d71f7045cb5	1ccdc0da05f67b52daef218cb119fdc216d1416d714c80906d0ac383850d950d
train_clean	train	my_labelme	my_labelme_color_000015.png	my_labelme_color_000015.txt	4	15	150	0	1	77	705.0	418.0	64.0	113.0	5959.0	8dba607b03c2760afa42a8a420bb517c2748cbfab9c54835390f3ae32e881b26	ba986ab8cd5a2c8d2d60a6106e8b62b09793fefe52b7ca3a685509837978b865
train_clean	train	my_labelme	my_labelme_color_000015.png	my_labelme_color_000015.txt	5	15	151	0	1	130	582.0	351.0	84.0	94.0	4825.0	8d6354fc416e899abc507b3e041698ec87b8bc8b3ad5733a5be3395c39f409df	015b19c5aba20e73ff132a7a9cdc7153eeb3d1cea1d228dba506b234de22a3f0
train_clean	train	my_labelme	my_labelme_color_000015.png	my_labelme_color_000015.txt	6	15	152	0	1	77	561.0	284.0	81.0	59.0	3571.0	8b039426e768963dc6a1096eb73969dd120573dbab36ffbe32eb5eab0ae67a75	f486986687b6098a8769a7848776af0f39c215134db5c6028753da8a328a0362
train_clean	train	my_labelme	my_labelme_color_000015.png	my_labelme_color_000015.txt	7	15	153	0	1	28	599.0	236.0	71.0	60.0	3097.0	6af3cd06139f89052a86bf4a5813097cc4efbaf5deda82871e8c27b8de814f42	a7b03e4132278e578fa0393fafcf6cad49d1b21a9bceb853202b06f13b63941e
train_clean	train	my_labelme	my_labelme_color_000015.png	my_labelme_color_000015.txt	8	15	154	0	1	25	672.0	401.0	60.0	68.0	2287.0	a9d718497fc6f5ba28fffed6fc2ebeaa3f4d297a681090596d8e2f58b2d90c36	b6dce2eb9e2122ce9b402160635de948a33094866fccbf22613a7ebc705c0779
train_clean	train	my_labelme	my_labelme_color_000015.png	my_labelme_color_000015.txt	9	15	155	0	1	12	553.0	345.0	44.0	33.0	492.0	13500a9b161681808c0345ad745c6b2c8a3322b687a6c29a89f12f1f6d873cf1	535af34f755fd964210522cebdf07fed4d8fb89692f87364ee78a82dbbf21083
train_clean	train	my_labelme	my_labelme_color_000017.png	my_labelme_color_000017.txt	1	16	156	0	1	74	690.0	416.0	67.0	117.0	6288.0	9d214acea14ac8b012faa59df6fa86dee29aacbb84186454819ab89adcecf710	fdf3d0945d54666ae978e6748652eca8b6b8eb67935c76ec682fd3b6eefd25af
train_clean	train	my_labelme	my_labelme_color_000017.png	my_labelme_color_000017.txt	2	16	157	0	1	73	558.0	405.0	59.0	109.0	5348.0	073cd58d7f8f14e0cc734f5da133f6949433258d59d5802f5752229bb583206a	7e61bf92164c024c2b6fec2a7d5b17bdf2279f8b3e3f8991355278f430872e35
train_clean	train	my_labelme	my_labelme_color_000017.png	my_labelme_color_000017.txt	3	16	158	0	1	31	595.0	234.0	69.0	60.0	3162.0	5d71f6c807f16614b955738534e7529eba79e07d86ded6bf88a62e05c3554dd4	20bcfea42c23fd1b1bbfe4583ded361195b9fe7645e3be45d91f38ab0537736f
train_clean	train	my_labelme	my_labelme_color_000017.png	my_labelme_color_000017.txt	4	16	159	0	1	29	551.0	281.0	92.0	93.0	6698.0	3bcada22215cf24a2f1635ce1d0c514cc871bde1fa6002534280e18e0b0f4305	0fd41e5cdc9f257cb49bd065f32de9108a6cd56f276b95f10961cd14b14c073e
train_clean	train	my_labelme	my_labelme_color_000017.png	my_labelme_color_000017.txt	5	16	160	0	1	27	637.0	283.0	68.0	80.0	4180.0	f9da543b2972e818695399edf0eb3b1deb18f2440edc5f4cf5641acfe9befc6d	34b81f9802e3ada792fd4d1ade1054d5723303d3e5ab44a46e3eccbed7349204
train_clean	train	my_labelme	my_labelme_color_000017.png	my_labelme_color_000017.txt	6	16	161	0	1	14	721.0	307.0	38.0	36.0	1120.0	25c02c0d0b5e0c364bb1a1e44e99719a0ed175cd68108baf2f7d7efe94c6a6ed	9b7a730b3a3cfae774cdc7a5d4f048996920ae7633f5d7cd2f1720aa039dfb91
train_clean	train	my_labelme	my_labelme_color_000017.png	my_labelme_color_000017.txt	7	16	162	0	1	51	694.0	310.0	67.0	103.0	3981.0	e30c0f3186a6ef98c0fe3cd8cf54964c5d26e565942785bc9ddbecf4d7e67c86	0b689f314dc83488cd397d4035da86f5094a649ad04fea6f935f6dffc185de47
train_clean	train	my_labelme	my_labelme_color_000017.png	my_labelme_color_000017.txt	8	16	163	0	1	17	626.0	349.0	41.0	53.0	1289.0	4e4486e86ded33462b123303bf6e912c43888aff73bba3c4d0fc9f8c66dc754e	4e0f7e7b29cd927b12a0f7fb35a101d3bb43f887513ff02d8e77542034f65967
train_clean	train	my_labelme	my_labelme_color_000017.png	my_labelme_color_000017.txt	9	16	164	0	1	42	618.0	409.0	71.0	62.0	1791.0	b0764faaa302fa85bf14238d9a1246994e395c6ddfb33c38da321085baffb599	d42ab620cc56087199e415d82e6cf9dbf8120ef2a7d4ce17cba6164d187a3509
train_clean	train	my_labelme	my_labelme_color_000017.png	my_labelme_color_000017.txt	10	16	165	0	1	14	572.0	371.0	32.0	24.0	582.0	79f6c8e032bb3d7f2cf136b919309904939b82ab952e2fe5a477e388ca77ba76	46a65fb31a2b8cc0ad795e75ec9d500b778fd0dcbbfe6787f5231c22cb1789b5
train_clean	train	my_labelme	my_labelme_color_000017.png	my_labelme_color_000017.txt	11	16	166	0	1	54	672.0	198.0	106.0	109.0	6932.0	be141ff5ac0d1c16ab993275937bf53126fcfc85f15deb396c8efe4e6b792ca5	b31e1ee1e188bdfb818d1d1a087644ef8fc7195c6989dff29fdcebe3ac07f424
train_clean	train	my_labelme	my_labelme_color_000017.png	my_labelme_color_000017.txt	12	16	167	0	1	18	663.0	392.0	29.0	16.0	92.0	caf09024697e0710636e81a5861d739dfa3c4b7b8f3290bd33aef4bec65121c5	e2936baa616403e159e4b30b4ade664bbdf57528d231c490711c60139300b32a
train_clean	train	my_labelme	my_labelme_color_000018.png	my_labelme_color_000018.txt	1	17	168	0	1	30	549.0	278.0	92.0	94.0	6863.0	e88c35edf2066ff288596f403c578bf6404f0f6638fdf21032d387a013423ace	cbd40f00f7ed418af5312fae1446aeb68ce5626959e72d3239c81fe5ee7b4275
train_clean	train	my_labelme	my_labelme_color_000018.png	my_labelme_color_000018.txt	2	17	169	0	1	34	673.0	203.0	104.0	106.0	6296.0	7b469a69cc7d485a4e4aef117e932d0fd2254f324cf02fe1c41a04a5ef8406da	5d519939c86ee3c3393ac619d1180e8ff7229b4988cf7ed399b9c1d24056b955
train_clean	train	my_labelme	my_labelme_color_000018.png	my_labelme_color_000018.txt	3	17	170	0	1	19	719.0	199.0	49.0	26.0	347.0	a14fc293e8d20dcfe97a497e2d223f0e10840e0a7cb4403117e9d4b9c49cc8a5	e50e56384ec2ceecd60265f4ee507e46464e48dc117cf48a74a0694ba3739034
train_clean	train	my_labelme	my_labelme_color_000018.png	my_labelme_color_000018.txt	4	17	171	0	1	15	572.0	371.0	30.0	19.0	429.0	137d9d04d3d02ddadec6b629659ff8ade1f70b28b885d6fa8c395f58b3b34361	ae40495b086332e2a11455e26585e197d7a558546f393ba72127e0b65a960bc6
train_clean	train	my_labelme	my_labelme_color_000018.png	my_labelme_color_000018.txt	5	17	172	0	1	83	641.0	287.0	61.0	80.0	3888.0	b1aae6e3c07ac68806b0402eade01246443094db3f4103c6a02e2472d788e94f	d3b95cf10ea5de747026652c2a434ddcb898ecf5cd948496954989f7457a658e
train_clean	train	my_labelme	my_labelme_color_000018.png	my_labelme_color_000018.txt	6	17	173	0	1	58	737.0	302.0	37.0	38.0	1154.0	72162955492e562cdec1e0d130b1c31f3e9bcfe1fbadda70ad31b863b70e55a9	f063082a1c97aa3ff09f1c3a88996084750da32f9d4b991dc5d21de487d9889d
train_clean	train	my_labelme	my_labelme_color_000018.png	my_labelme_color_000018.txt	7	17	174	0	1	91	694.0	311.0	68.0	107.0	4965.0	9617e09ddbf81c0b518ff7682c68b6be428adfa7a8f7ad3b9df735d3cca7d955	a2e675773a9d7a3007e8b0bbb81c9870b9d2136815afbd777e1df17d5702b3d2
train_clean	train	my_labelme	my_labelme_color_000018.png	my_labelme_color_000018.txt	8	17	175	0	1	86	683.0	419.0	71.0	109.0	5829.0	604c11bab8dbb8ff432646fa86b248a2325c64f5409d02401eecaac3e82f28b5	fb7ec87eb6e1df6bb4612df005e939877db53606f41b68aed457bc18ddbd0d67
train_clean	train	my_labelme	my_labelme_color_000018.png	my_labelme_color_000018.txt	9	17	176	0	1	75	558.0	426.0	56.0	88.0	4076.0	664f1cd665e39ec1bfa48c250a2eb5d349b4fe7ec96af61823a107fe6b17a649	2cc2ecb8d700a4eb3cf24a3bafbfcb27fe0e95ae21adfb4f04f263039d921d0d
train_clean	train	my_labelme	my_labelme_color_000018.png	my_labelme_color_000018.txt	10	17	177	0	1	100	637.0	372.0	72.0	74.0	3765.0	904feea1eab14b7f741fa4fcb0acc38b3327a835d003bf47fbe335b94947b358	ee0d22cf6627549fe13f8cea817b20c5c11d31921bd8430df09a4259b430daa9
train_clean	train	my_labelme	my_labelme_color_000018.png	my_labelme_color_000018.txt	11	17	178	0	1	28	625.0	350.0	51.0	49.0	1053.0	a360cd0b9c68e2f96155020d3d44c46b226aaa6ad23c3f24e394f33a7ee92098	7a057f140c0ab9944bad4b81657fa37eff6659a5113b581add19626be0674b85
train_clean	train	my_labelme	my_labelme_color_000018.png	my_labelme_color_000018.txt	12	17	179	0	1	11	617.0	417.0	19.0	32.0	323.0	b759d658ea06e1111d5030163a69008fb69c25a7db71df8d5eae998302348021	d3f361665ac569b0cc04d8e02f9c86861db427d4c6f75e91a2dbc71f601c1281
train_clean	train	my_labelme	my_labelme_color_000018.png	my_labelme_color_000018.txt	13	17	180	0	1	14	658.0	447.0	23.0	21.0	265.0	333c30a78028b87b765b5f1be337a7bdc7bdaf4ce21afa773838f8a48c5c6b22	feecf40acd632cec25c643afd7421a9853a0187f4ae4d241b2b65995eb67854d
train_clean	train	my_labelme	my_labelme_color_000019.png	my_labelme_color_000019.txt	1	18	181	0	1	91	642.0	209.0	108.0	105.0	9043.0	620a778fc20f6412adbcc63b9bd5a5ca6a5873b1946b48bb39d1de7ab38064e6	2c7a90e9b4a9681a9209427176a51ed3a4a7fa3400ab0619cf13a1e0c4100cb0
train_clean	train	my_labelme	my_labelme_color_000019.png	my_labelme_color_000019.txt	2	18	182	0	1	54	734.0	290.0	37.0	38.0	1124.0	65d64d00f1ac04f44dabae12ae23d3fccf8da60d0ee65b8dcae7b4acf700d8a3	76a68ced9e1320d87fe79dcc5caa45d5bdf03ec6184b01f6e380f9c93d585de8
train_clean	train	my_labelme	my_labelme_color_000019.png	my_labelme_color_000019.txt	3	18	183	0	1	92	563.0	257.0	91.0	101.0	7118.0	c4372a64c664986e820f522479d3333f3232c25d8fa0f60a7607eee8ea726dc7	35a9cd97252289d019c13f6ad49f2f0f13a66291bd53b0725c9bfdb35fc36bc8
train_clean	train	my_labelme	my_labelme_color_000019.png	my_labelme_color_000019.txt	4	18	184	0	1	105	687.0	417.0	71.0	78.0	4078.0	d326558e24c64523e57dbbbf39cd466ced6eb4978becb78ddf42bb40205fe15a	998a49279e4798db001db39ba48f618c8968949681d600182ad777f9a58360df
train_clean	train	my_labelme	my_labelme_color_000019.png	my_labelme_color_000019.txt	5	18	185	0	1	90	623.0	399.0	67.0	71.0	3354.0	d664f1b595ced9db9f6a86cf1eb09879425bfb0a01d839e9b42972ddeea0f457	0945a248a7b7fcd439e7f83b7521785d84dd428930a15f58cb1203f92538f01b
train_clean	train	my_labelme	my_labelme_color_000019.png	my_labelme_color_000019.txt	6	18	186	0	1	105	626.0	336.0	71.0	69.0	3701.0	18b4cd91d7485d05388b19fca446df29c9e29b18fc5afaedea610f507264c184	d0e9a1a641addc0220a58171df5f61ce123710e59b1a776b80af98db07f2dfd6
train_clean	train	my_labelme	my_labelme_color_000019.png	my_labelme_color_000019.txt	7	18	187	0	1	89	694.0	309.0	67.0	111.0	5958.0	72cc2d8a53fb08616db648e8d9697574399c0c63bce20b23fb84e66266cdf313	efd82ed0a40875a76ca5dc7f58059d316e43d6ab585750587483984edd53d065
train_clean	train	my_labelme	my_labelme_color_000019.png	my_labelme_color_000019.txt	8	18	188	0	1	82	590.0	475.0	64.0	51.0	2516.0	efaf785a611e6b271bb15f8ea02cc83b6ebed343c323011db2305e5f52dd00c5	744a7e75bbe03066f760ac81650640fe4a6247fe55cd1dee7285475860ee6445
train_clean	train	my_labelme	my_labelme_color_000019.png	my_labelme_color_000019.txt	9	18	189	0	1	77	670.0	466.0	55.0	49.0	1582.0	c2af32f6d61f11524509744c830e75b7d8bd371449c3dc439542a655e8b2d46b	da0f41ce52005836005a87f5a1249327418d6468247b45d734b53b035b46459b
train_clean	train	my_labelme	my_labelme_color_000019.png	my_labelme_color_000019.txt	10	18	190	0	1	20	683.0	409.0	24.0	20.0	268.0	2070038138b0ffa5afa2231baa85ae258e1ff28f7f788177646d72f411f6c0fa	31ed7643c4e3e114a5eaba08f5afe4a39cb35f98ce4a260a8115bebe21365b45
train_clean	train	my_labelme	my_labelme_color_000019.png	my_labelme_color_000019.txt	11	18	191	0	1	19	553.0	437.0	36.0	69.0	1212.0	7db9cad9df82497e628c816f651ac9ace117cb4229579d3b99ae403f07d1931c	9416e05829973a17a5523b8c1677a6036ceaeb91539892d01a85a6a4368af121
train_clean	train	my_labelme	my_labelme_color_000019.png	my_labelme_color_000019.txt	12	18	192	0	1	12	582.0	414.0	40.0	27.0	636.0	54d9c274bcb6f692788bd189e09424785fb7e708cfeef5a006e3f900a9496eb0	5827457508531c9ea868fc71b090f9f904bad8aa0e2fe3ac57308531db254ef4
train_clean	train	my_labelme	my_labelme_color_000020.png	my_labelme_color_000020.txt	1	19	193	0	1	30	562.0	437.0	78.0	103.0	5151.0	8e83f314ffb844de96cb3f24d6a99e4890a97bbc8c7ce2768c1ad868253a0f5a	bac46c523d5b83a1aec61941ab53700911de65b52ac2b1ae24612205fdbb7188
train_clean	train	my_labelme	my_labelme_color_000020.png	my_labelme_color_000020.txt	2	19	194	0	1	13	535.0	474.0	25.0	41.0	478.0	08326c8b0f6cf2b5b41514d93763bb49a3c027b784b18b7be88ec4dcb12dc8ab	8a2ef8e15408d7b40d9968d07aa939444f8a7454729e41893c2b9fccdcc0a376
train_clean	train	my_labelme	my_labelme_color_000020.png	my_labelme_color_000020.txt	3	19	195	0	1	92	558.0	259.0	92.0	101.0	7391.0	58cd94b5d2ed0aed1cc565f8633b83994c452a57716604d891b931a32f0c905f	40bec444e348bccd11dcd7fa5fa6eadab30edc71220c8da672bf0d687e7f7fbf
train_clean	train	my_labelme	my_labelme_color_000020.png	my_labelme_color_000020.txt	4	19	196	0	1	75	687.0	240.0	59.0	92.0	3255.0	24de165d5efae8f91511dcc867928369c85d87d459b3df2bbd86117080157f6e	5496d7511a1fe050536c5f5e394a5fef7a704dd13f396536b2b8cd9c2dcfe9c3
train_clean	train	my_labelme	my_labelme_color_000020.png	my_labelme_color_000020.txt	5	19	197	0	1	50	723.0	276.0	35.0	35.0	966.0	aecab4593be575b3f2e8febdde5a56cf790bfe06c213955a0ab8833ba7af6e6c	719df13bb8797346f1c77105fe94b74dc829b6d0225a9208f66726eec07175e3
train_clean	train	my_labelme	my_labelme_color_000020.png	my_labelme_color_000020.txt	6	19	198	0	1	77	694.0	306.0	67.0	116.0	6141.0	3570b7e0e74f154df00b1fb55de6ea03018c14de75d7ad7d53b308be70726558	90aad09ed37601f4ceaa21ec780f7864c06973e3607bdd643ac7622f2c41523e
train_clean	train	my_labelme	my_labelme_color_000020.png	my_labelme_color_000020.txt	7	19	199	0	1	96	678.0	411.0	79.0	96.0	5640.0	55d2b6963cc115dea18eb68fb85c6d23e0c72efb221058454540dd8bd09f36f7	635628bfa47f58d38129c7b881eaa2fbf2a7877c0c30c2bc1056adacd2a9cd88
train_clean	train	my_labelme	my_labelme_color_000020.png	my_labelme_color_000020.txt	8	19	200	0	1	72	634.0	467.0	52.0	59.0	2311.0	c757a69cebeccb8d0b46dbf2d58768d5d73c5f26285ed3673d61fd85a87225dc	a7b8ae7e4b57cb233dbb9e37baa3783b4372297fbff8cb0c7cc2c067baf4df81
train_clean	train	my_labelme	my_labelme_color_000020.png	my_labelme_color_000020.txt	9	19	201	0	1	34	624.0	332.0	71.0	71.0	3599.0	449e31c2cdf9640a45612488d4ce2f109ba9e101876b4dc2000bc8ca8c2798e8	43a2ac56a65cdd977eb0bc3b056d0e34f13a0bba3b6d8c42699824da61fe9800
train_clean	train	my_labelme	my_labelme_color_000020.png	my_labelme_color_000020.txt	10	19	202	0	1	49	622.0	394.0	63.0	72.0	3073.0	402fbdb831079bd89541e57f8fc62031885d381ba0c06e74432d43caab813c9a	d6b3c451ee80f5a1dac0485825f1737b0480be50d8ac5f6a0c65d59e0f627bc9
train_clean	train	my_labelme	my_labelme_color_000020.png	my_labelme_color_000020.txt	11	19	203	0	1	27	569.0	408.0	68.0	48.0	1337.0	ca743e976b87ae77ac1c06b4974a322e03bb6706fc01921d14f02718f8bc324a	37387c3c7af2be29ebdf339215b435383c44e8041ede0740d211ec750db94969
train_clean	train	my_labelme	my_labelme_color_000021.png	my_labelme_color_000021.txt	1	20	204	0	1	91	579.0	303.0	91.0	109.0	6607.0	574e8235a8d220d92b8f895d094c49b49e4eae606fe3d2d04ba115153bc3618f	74cd3f3519bb328a4d869bc9e09f3c5544b658fd4c6dd2d03800ef0fe45aef0a
train_clean	train	my_labelme	my_labelme_color_000021.png	my_labelme_color_000021.txt	2	20	205	0	1	87	691.0	362.0	66.0	108.0	5597.0	941264409f2f5100ba325aba1eb6ea20fdcdac29c17bb63f2569fc54bbc08a52	9d20582da8b654465b52060e6ec967f8218437a7b8ada9a1106c03deb3d338fc
train_clean	train	my_labelme	my_labelme_color_000021.png	my_labelme_color_000021.txt	3	20	206	0	1	76	618.0	466.0	75.0	59.0	3265.0	05b064317ce79d6136abc84b0509da5c371f6eddeee55ecd0ae73e63b93d7df9	96b09f15485fc3b88c0ca4c829923742549dedd4fb43afb1153765ed1ed3e91d
train_clean	train	my_labelme	my_labelme_color_000021.png	my_labelme_color_000021.txt	4	20	207	0	1	64	591.0	261.0	94.0	69.0	3271.0	c828a8d43761141f1cf44f1d30d33bcefc516b66562df2474ab20cd390367a1f	59a3011bbaecf72a342d53f2eca2dcffef5ea5f5b8705d2068a14e75fcc0e1d9
train_clean	train	my_labelme	my_labelme_color_000021.png	my_labelme_color_000021.txt	5	20	208	0	1	46	653.0	329.0	51.0	61.0	1562.0	67c73d311c54474df1dba66b76840d3bb411c29ca78d7640c78a8cd15289120e	351434d7dbd139418d6b92173769cccf4bef87dd2366eb4df9de4c4f2628bf5f
train_clean	train	my_labelme	my_labelme_color_000021.png	my_labelme_color_000021.txt	6	20	209	0	1	19	719.0	332.0	33.0	32.0	811.0	49dbc501df536f298d5b52a7279a1caf0b2e28963a415c65f020274468a5e746	08071fedb2dda10b447151c76be3b320f3f1d6234a3b5ab831636b415df07886
train_clean	train	my_labelme	my_labelme_color_000021.png	my_labelme_color_000021.txt	7	20	210	0	1	61	538.0	389.0	104.0	112.0	7942.0	779d092a37f66f03a39bbfb4a5c4bbe720e3c5cbdc866b683bc87d4baa95e91d	b4cdef3098fd9b911fb487d72fa657805c4971aebfcf16a48de1eec567b6d915
train_clean	train	my_labelme	my_labelme_color_000021.png	my_labelme_color_000021.txt	8	20	211	0	1	51	685.0	456.0	57.0	47.0	1028.0	318040e85807b95b74a4b92fa7b478de700e8aa54f43858d4ff70627fd1c1a49	7b951633bc3865f2bc536e5f5b6c2eb26e3227092817b87165b441ffe00d5a35
train_clean	train	my_labelme	my_labelme_color_000021.png	my_labelme_color_000021.txt	9	20	212	0	1	39	638.0	409.0	51.0	54.0	2139.0	f3caaaabd6ee8ebd520e52a54ae51796c45115a9c25b974853519000c911deaf	21a3b60689f4ba082692de423445260f3cf0b80ee7ec0d3d089ba66ba13d783e
train_clean	train	my_labelme	my_labelme_color_000021.png	my_labelme_color_000021.txt	10	20	213	0	1	30	687.0	239.0	59.0	91.0	4388.0	234df92f97742b52b4b7e8d957aba8ebd0f1f637a910b9e0a01b92179b2ae047	18e331665eba663d994ef08547fe15caec7a1c8eaa8d4912155ba783444b7982
train_clean	train	my_labelme	my_labelme_color_000022.png	my_labelme_color_000022.txt	1	21	214	0	1	108	558.0	233.0	92.0	85.0	5835.0	2c89dcd39976def8a0f24d281bad3ac901b5b22180e45849df6d3a596e9440b2	7c1550d77301f5ba5244aee06e62e66eac68c2459c59997b338d0b53dfcf020f
train_clean	train	my_labelme	my_labelme_color_000022.png	my_labelme_color_000022.txt	2	21	215	0	1	98	634.0	244.0	109.0	105.0	8866.0	e5184885d51f3a660182e9903f00b298fd74ffaef03071deeace8ce062976bd7	05288ce1592adbed839ad2f068cac220f7ad65faf23f1dc8c71e9c5ab028d67d
train_clean	train	my_labelme	my_labelme_color_000022.png	my_labelme_color_000022.txt	3	21	216	0	1	86	550.0	311.0	115.0	79.0	6431.0	0b610e5c942dd95d56437196d32c7bf783273303bd694c3c8367f0bf79a98e52	115effb3b0edf90da60a99cda6f6f6737b09aa84486c5de88e09259e8bda59bb
train_clean	train	my_labelme	my_labelme_color_000022.png	my_labelme_color_000022.txt	4	21	217	0	1	82	690.0	363.0	67.0	106.0	5651.0	cb96f1530ba1f56f739427f745d5e7f4ae72f7a75425a348736d685cb79bc794	9d09b0a4c0f952a577c07efcc5a10f708dcb7de97a55e2e0152195fdd9b96979
train_clean	train	my_labelme	my_labelme_color_000022.png	my_labelme_color_000022.txt	5	21	218	0	1	85	631.0	392.0	60.0	72.0	3137.0	66f406686a837cfa3c753e898d9f91c59a36ede943f2f7380fdb65f67593b25d	c678e6a0d78f65edd855f3dad18e04a8edee2c047fdbebe871dbd1b71b56b560
train_clean	train	my_labelme	my_labelme_color_000022.png	my_labelme_color_000022.txt	6	21	219	0	1	86	683.0	462.0	60.0	49.0	2055.0	4f90a6f6ae352dab57bed9c037d124c8e4ab8574cef386133f5e22e905a3d944	fe6d526c1ba645b492835171f4b25ad68b856595828144dd1f6a0b829add6495
train_clean	train	my_labelme	my_labelme_color_000022.png	my_labelme_color_000022.txt	7	21	220	0	1	35	579.0	450.0	76.0	55.0	3226.0	b113c622979cac610ae10bb08c4f50d46f629b4db524452f42785e286b1404cc	2cec80454078c0f1461bce5a98be2cc91daba9fd061f2176fb31257960fc4771
train_clean	train	my_labelme	my_labelme_color_000022.png	my_labelme_color_000022.txt	8	21	221	0	1	14	559.0	436.0	15.0	39.0	320.0	5c838dfe11f30ce95409e4b51b529f3baa9a6512607ebf52c82e2358663b24ce	1da79118cf2f7da6c63ca47d546d645ebd07281e2798421692fc698d1c22bf36
train_clean	train	my_labelme	my_labelme_color_000022.png	my_labelme_color_000022.txt	9	21	222	0	1	21	576.0	376.0	31.0	21.0	419.0	2b2c832bcbd151dde94fb6e765e4a3108177627b63041ba8dd1c773ef12d9ac6	a6aec7fe4ee57c06967634cc050cdfb22e7a0e756827e2e55bfdf340a224641a
train_clean	train	my_labelme	my_labelme_color_000022.png	my_labelme_color_000022.txt	10	21	223	0	1	13	719.0	332.0	32.0	30.0	760.0	b3a2e1f0adf110f8f5d0e4a0a00632582280e944671441092af5a6fab897964f	cc71a15d4c70d7b16d602e7cec6b901b4e495dc077b32f7c6aae1900d8e64e17
train_clean	train	my_labelme	my_labelme_color_000022.png	my_labelme_color_000022.txt	11	21	224	0	1	23	651.0	349.0	52.0	43.0	1578.0	26cef459a08a89e65b8d3d6df2423ae2d8f612285626e73f8b1e58a2e8e63427	8ac3054809c8a54b8cbef09919ff57c665800008e1439d15ee2d3697f54341c6
train_clean	train	my_labelme	my_labelme_color_000022.png	my_labelme_color_000022.txt	12	21	225	0	1	16	708.0	238.0	36.0	30.0	384.0	b08df86dd1e7768ef436c3d8773c56ffb18a07ab2ae48874518b76c11b743eb9	d3493ad49b892f4c964c77c003f433c36a48ecee065a40e96937fe12b08114ef
train_clean	train	my_labelme	my_labelme_color_000022.png	my_labelme_color_000022.txt	13	21	226	0	1	19	725.0	285.0	22.0	46.0	208.0	670fd570a96db1ed0ab3594bcf4d1fb63f7678d5db85a5fae3aee77a93439114	fdeb972396f77be0701c8fd2677b0d0a10f6eb6a786b7b77080509a60a3ce814
train_clean	train	my_labelme	my_labelme_color_000023.png	my_labelme_color_000023.txt	1	22	227	0	1	109	637.0	246.0	106.0	105.0	8717.0	e0a65b65e9b79bb3714855a332981b3199ef5f4232d99983f9538cf8756271e8	866a49522cf2516abeebc606f74ca3740bc73485e21e64beb64ae10fd729838d
train_clean	train	my_labelme	my_labelme_color_000023.png	my_labelme_color_000023.txt	2	22	228	0	1	68	545.0	221.0	66.0	124.0	6704.0	b073e3e86d63b66a4181668e1274555701ac1197b21e64d921c4fe6b3d73a470	9d27b755ad1cf1860175ca56e3616b4186c644b0edf13637d5f7d9bfbabd483d
train_clean	train	my_labelme	my_labelme_color_000023.png	my_labelme_color_000023.txt	3	22	229	0	1	80	605.0	237.0	44.0	97.0	2645.0	50d58c45887c925d8fd554c04387dcb6e5cb7dafa6bec6c26a281c4e9e0bf9c1	fc7a32bfb4df0ec4e6e7e29134319019b8f0b4b9a3d6bccb94da393c20a513d0
train_clean	train	my_labelme	my_labelme_color_000023.png	my_labelme_color_000023.txt	4	22	230	0	1	91	563.0	435.0	80.0	74.0	3958.0	dedaaa3b5fa9d5c7a35b41f051fc8f8e4f299c55635d4b573257bad7e4c8e310	a363826ca4738097007ad9d87a3ee4d4c36b271fe197ca896ee407a2d7999d13
train_clean	train	my_labelme	my_labelme_color_000023.png	my_labelme_color_000023.txt	5	22	231	0	1	30	640.0	337.0	68.0	63.0	2515.0	039e73d38804aed97269865a3c20cbd53e87a3fd3a0efea357c0323ff98b1c9b	724e0d55da5d02ebb1fb7da0ba80c2a99c6f0716dc53066742baf641733a3ccd
train_clean	train	my_labelme	my_labelme_color_000023.png	my_labelme_color_000023.txt	6	22	232	0	1	14	718.0	343.0	34.0	32.0	812.0	81ea68ca68cf812c483bdc19ae0573b22d4cecddf3d42b69fec88a3759631e4b	42ccdf2d080717a5069ad58886f4637d036a258d346b265ae2242d57cd3b77cf
train_clean	train	my_labelme	my_labelme_color_000023.png	my_labelme_color_000023.txt	7	22	233	0	1	61	555.0	338.0	99.0	63.0	3921.0	85b22820a6194c703e306aaae59e3b40df22639a38b3fe73045b01b49f404ce9	4d2710d22547ae625248f1ff6e6c983c3201c7c39fcbf36f159b944aece6b8a1
train_clean	train	my_labelme	my_labelme_color_000023.png	my_labelme_color_000023.txt	8	22	234	0	1	18	553.0	340.0	27.0	13.0	216.0	77d163a72b612f5dae4891b623276efaddadd61d4f77a25c2ead2076971acc82	158729fa6a95b766c3b01519631baf8151f885bfc8ae4b7c67b3a669dc709b9e
train_clean	train	my_labelme	my_labelme_color_000023.png	my_labelme_color_000023.txt	9	22	235	0	1	55	548.0	395.0	67.0	60.0	1486.0	f394f1f8cf1107245d18c03313f2d0c4b178d112a5729b36c5b86643b2b8d48a	30bc9e862656fe73f538594c7c0d902d0a8c80fcdc12185e944d62913cad8e12
train_clean	train	my_labelme	my_labelme_color_000023.png	my_labelme_color_000023.txt	10	22	236	0	1	23	626.0	400.0	73.0	61.0	3535.0	818514f4a5594764e4eab488db2235c2b9cac6e401e3719bb479d0de0dedead4	38aaad00357badca1ed81ebcde90619a977d4b53744f92198f8492f70836502e
train_clean	train	my_labelme	my_labelme_color_000023.png	my_labelme_color_000023.txt	11	22	237	0	1	39	684.0	404.0	57.0	105.0	4063.0	e8f6b56c85aa9105450f5d1c2a0cdbc7192cfdb82f9127ff771ad44167a4ba26	35da26ab4dafe1c8ff3cfd72867e7842450f764fa46515cf9613e5bfd5e89e01
train_clean	train	my_labelme	my_labelme_color_000024.png	my_labelme_color_000024.txt	1	23	238	0	1	54	597.0	251.0	70.0	134.0	7482.0	24afc2410381f84f908c1ea2b0bd83588e7400e0d5e58fb5e5f71316aba78a57	053004e88577ca18c66f6adcb0086645cd5b6a8525a762531e5901507b5d79c4
train_clean	train	my_labelme	my_labelme_color_000024.png	my_labelme_color_000024.txt	2	23	239	0	1	86	662.0	244.0	82.0	105.0	6787.0	6c9f9112800b79dd9303ea6b0e834388dab672780d282a528037dca922aad387	b1f29eb47e9abbe7997e89a3dabce2bb0d34c81ca233ca6a05334747665a3eec
train_clean	train	my_labelme	my_labelme_color_000024.png	my_labelme_color_000024.txt	3	23	240	0	1	73	543.0	221.0	63.0	131.0	6459.0	b40523cc41fbf05d1acbe979529571589c0f2ef055b9073fa1f2f71a939da60c	af687423dbffafad92395f01340053d02abd43d73b7f036bf297135045afcb33
train_clean	train	my_labelme	my_labelme_color_000024.png	my_labelme_color_000024.txt	4	23	241	0	1	38	555.0	350.0	84.0	50.0	1993.0	152af767f18121c4473b5cffd5ec987368a778c9ad325ad73e21107653aad1c5	b232c4f1b87d3173899a2f40945809e42e80fa789406dfb0a3d28727e3741e27
train_clean	train	my_labelme	my_labelme_color_000024.png	my_labelme_color_000024.txt	5	23	242	0	1	12	718.0	344.0	33.0	33.0	801.0	d84af30d51b29695d34860b1582807fdff9ebe8066a342d1a994bd5a7b858538	cc9c657c1d5cbf798077b8a7e8b9de6cf9ff2685b3e3cce40c63382356fa3b92
train_clean	train	my_labelme	my_labelme_color_000024.png	my_labelme_color_000024.txt	6	23	243	0	1	51	649.0	347.0	60.0	53.0	2143.0	2f5f8b5a2b32643cc6949b178c2f86bb26ebdb65f8431643d6fbf337201ca985	f9c9d957ae499833157f5f0662eaee37ccdb8233a41e8b94ded78ff119e774b8
train_clean	train	my_labelme	my_labelme_color_000024.png	my_labelme_color_000024.txt	7	23	244	0	1	25	634.0	401.0	72.0	58.0	3122.0	8e3c8b0466bff58c01101e24e45797b4542683ae489d1bb17370602fd4a65b1b	c56f622f7eabd102ded5e374af98bdc4c6e2c64f8050602b6441899568ee98ed
train_clean	train	my_labelme	my_labelme_color_000024.png	my_labelme_color_000024.txt	8	23	245	0	1	28	564.0	389.0	49.0	66.0	2003.0	e9afe5fc9af60838e4edf115b2793dae0cc90ff6fd5a08cb4c0d25bf2a609be7	9e875ec31da8cac5c08268ab547df75061495d7d9b62170cde390cc1d2a17a78
train_clean	train	my_labelme	my_labelme_color_000024.png	my_labelme_color_000024.txt	9	23	246	0	1	63	588.0	439.0	65.0	80.0	2911.0	f2a45a2f7c9d3a1ebc338ffeb5dc1b2df59a698bd42e8a0a8630413cb14d79b1	6612753e3450261a6b7b7948f657873fcfd13e43057a288012589898741d072e
train_clean	train	my_labelme	my_labelme_color_000025.png	my_labelme_color_000025.txt	1	24	247	0	1	72	591.0	281.0	73.0	127.0	6603.0	2b823dc26bab92393b6daefd5b0767d423fa84c87fa37c2c173b23bc938f777c	4934f409956aaf8dfbb5cc17684138dc6703d0c6ff4c297b08eb54bcb09696fe
train_clean	train	my_labelme	my_labelme_color_000025.png	my_labelme_color_000025.txt	2	24	248	0	1	94	659.0	248.0	84.0	108.0	6947.0	fbbafb8620475cee61b00272fa0d4ae6aed3a00a9a47ba3511a65710803aedf2	ad1d78709e4f2362df6a3534dd4b7363ef94e358f5495eade3977635684ca934
train_clean	train	my_labelme	my_labelme_color_000025.png	my_labelme_color_000025.txt	3	24	249	0	1	77	603.0	196.0	80.0	65.0	3704.0	740b5b4e3e3c7b71c4a972787a8ae4b630b9ae4eae769cdd2581c9b44d3da5b9	4b24296d498305d0f58f8731f223f5feabf6a79a6ed720f74e5c2162aa000ad9
train_clean	train	my_labelme	my_labelme_color_000025.png	my_labelme_color_000025.txt	4	24	250	0	1	101	545.0	224.0	88.0	83.0	4572.0	3ce0045e7d8dd2bae5b46d64f51a08f6bfdfc31b33804e3ad51c5e4d5985c160	0ced85af35fb559855f3847ae204f00c3d3e5e927dbf33d25261e2eb95c210d3
train_clean	train	my_labelme	my_labelme_color_000025.png	my_labelme_color_000025.txt	5	24	251	0	1	95	648.0	355.0	62.0	53.0	2429.0	87d20b15a0f525b95d1ee954e94f6e7596e9ee165b60f4a6224906d30620c72d	de33d53a1800878b88fa6c9be7c5249d7b867165a389e0eb6b53428d36e9dbc9
train_clean	train	my_labelme	my_labelme_color_000025.png	my_labelme_color_000025.txt	6	24	252	0	1	23	545.0	289.0	54.0	64.0	2271.0	d9efe5ab86eb0b586670b370a2562a2b45ba28d74c40db2389d9474c8cb32f9c	a1c3051ca542c9b4bb507c1c905245ef7f6df192961484f1bcdb3d27e89184dc
train_clean	train	my_labelme	my_labelme_color_000025.png	my_labelme_color_000025.txt	7	24	253	0	1	26	555.0	354.0	59.0	59.0	1351.0	5b52944a1eec66732d976fd71f556b53811c256cce87f3cff2f47f14b5320023	6b598d4fdbe664e232fcf1c54175e73699328dd0eb07188afab5e8813f6b71ed
train_clean	train	my_labelme	my_labelme_color_000025.png	my_labelme_color_000025.txt	8	24	254	0	1	18	566.0	426.0	78.0	78.0	4580.0	54e5ab1b281f53c3c6fcc8cb84ea844842d7206e749dce55162c9453c0e1e3c9	75b44cd605725e623f7f46d647fe684425eaaf5eebfbbd4952d9ae0d7027807c
train_clean	train	my_labelme	my_labelme_color_000025.png	my_labelme_color_000025.txt	9	24	255	0	1	10	717.0	350.0	33.0	31.0	779.0	e288a72b01db73f096bf89153919a8c260f2a0855009cf19bd50125a2bc3ce39	1d7eb2a31656050a4c1490f60b49887165215da14d8cceb1d096aa1fad89dae0
train_clean	train	my_labelme	my_labelme_color_000032.png	my_labelme_color_000032.txt	1	25	256	0	1	97	642.0	282.0	104.0	106.0	8564.0	961b7ee2515b25198992d60e4c42026c6b1f19b352a476c321fe9028f4981f5e	f4b52593e22fdece3c42d9814b8cbfd99d256d85461f6c1ef149fc5099261c31
train_clean	train	my_labelme	my_labelme_color_000032.png	my_labelme_color_000032.txt	2	25	257	0	1	100	555.0	313.0	91.0	95.0	6173.0	d34aa49b21533aaa6e3284c96d6fe367459ce97c5dc981837248fb3c7aa055f1	f87f3b9cde818e02254eadf8fac980c678516fff4a3a6a15c4a5a484d017fee5
train_clean	train	my_labelme	my_labelme_color_000032.png	my_labelme_color_000032.txt	3	25	258	0	1	120	634.0	375.0	67.0	68.0	2734.0	82c5c8498706612684d7a923d9dd717671532b8a7a9a3dedafc25b4c764430ab	a0a3fec3b7415ef895cd68b26197d47e4a06e177d78c68b1e99fec2d2a17b668
train_clean	train	my_labelme	my_labelme_color_000032.png	my_labelme_color_000032.txt	4	25	259	0	1	42	568.0	433.0	97.0	72.0	4897.0	5407077a45de2f6696f80e1f12871389ee371adc23faed4d2a0358b9dba491b5	4982adf1145933166918c3f466dda3aaccd8cf739569404e49ba28be1d68b12e
train_clean	train	my_labelme	my_labelme_color_000032.png	my_labelme_color_000032.txt	5	25	260	0	1	19	572.0	437.0	30.0	13.0	247.0	b5fc753f79af0d231e26f6903170e1183a8d28aa5dafe44499ab0a8bf40f28da	471b65cf5055916300d8926b920899ff9c34dda6a9f914e94c9e5a20d5bef85d
train_clean	train	my_labelme	my_labelme_color_000032.png	my_labelme_color_000032.txt	6	25	261	0	1	60	565.0	224.0	78.0	66.0	3199.0	1d26cfbf2964d0439e5a38e4c8a164f3352d0b0c96a37499c6b15deb1205b298	f74fb3594bbe0229c0f1d749f34d89b0786e4f5b943a6619f58b1f53c5ae5fdf
train_clean	train	my_labelme	my_labelme_color_000032.png	my_labelme_color_000032.txt	7	25	262	0	1	30	642.0	238.0	50.0	21.0	531.0	c352e2e5d0113bb758af59684181a51c98bc2900e1da317bacefebb2324eb93c	fbf6980dfc86b1859a963998ce2e9a9214e15c0dde416a7cd00c417b49a8c83c
train_clean	train	my_labelme	my_labelme_color_000032.png	my_labelme_color_000032.txt	8	25	263	0	1	48	632.0	257.0	62.0	40.0	1660.0	b7f44d33c3b31be6f4f4a2109267560be75659abafc7ae7841afd951232bad52	ddc05e88cbddb3f10cf134a98a45902d6423256ae756a18f27715449059a5193
train_clean	train	my_labelme	my_labelme_color_000032.png	my_labelme_color_000032.txt	9	25	264	0	1	29	704.0	216.0	64.0	68.0	3316.0	5412d79f4b3bf9f975cfba304ce5c335a5ea7c7865fc157fbba677dfe309bde2	9571e13fcf4b567c92bce9f78cf7ee4d7cef8563072533a8979edf0208aba96f
train_clean	train	my_labelme	my_labelme_color_000032.png	my_labelme_color_000032.txt	10	25	265	0	1	27	682.0	390.0	80.0	85.0	5103.0	4c1c0fc2991869168254e32daaf4e37dcd55277c932430be61e8d3c0d015e45e	825192f3933acaf0a8cbbfa83b396753775b0a54ed193125f13d751678a5291f
train_clean	train	my_labelme	my_labelme_color_000032.png	my_labelme_color_000032.txt	11	25	266	0	1	37	666.0	475.0	67.0	37.0	1090.0	8dad69c59298d55e6d6d6c931fc35e68d2ca2cc1c45908559171b7b00a4de0dd	7d67876694c41e172b424475bd1efdbcb1edc5e1aaef253a6e4e3e48b24b4629
train_clean	train	my_labelme	my_labelme_color_000033.png	my_labelme_color_000033.txt	1	26	267	0	1	73	617.0	220.0	105.0	118.0	9783.0	f77826822abb071c3c407b11c6f6ba93a52da8d349304cd380533e6fb28295e3	461576c014d344cfc92485064174d8f0b37afac5f5ae7091db6d5f5e71f8c872
train_clean	train	my_labelme	my_labelme_color_000033.png	my_labelme_color_000033.txt	2	26	268	0	1	70	694.0	285.0	53.0	63.0	2069.0	b719db24ea669b4e6b41fe7d7bc671be74d43ccce030e6c46ded049c468e476f	6e8ef2a0c2bf00c8972b910c06a6e3c2400baf6707f2c07219ed45dea502f6a4
train_clean	train	my_labelme	my_labelme_color_000033.png	my_labelme_color_000033.txt	3	26	269	0	1	64	553.0	323.0	112.0	86.0	5842.0	007d93e7fbf7038d3fb29b003185506906134abf1ab1d7c6758e34142ec0ccba	30d923427958d9a82503545ac36e5b7d06cdd76705b74689bc81f79c59b2c914
train_clean	train	my_labelme	my_labelme_color_000033.png	my_labelme_color_000033.txt	4	26	270	0	1	17	689.0	352.0	67.0	74.0	2427.0	ef66183bd6ed4e8d5c439322590beae252358bedd98375be86fa7cd8830a6879	d58fa05d2dfc5709d3c3a4fcc9c0601512bc2bc5c912e4c3be796e19d21da58d
train_clean	train	my_labelme	my_labelme_color_000033.png	my_labelme_color_000033.txt	5	26	271	0	1	12	571.0	429.0	31.0	22.0	468.0	2fd5a769d5d8f76132e205998e81c93a75b106ccacc1474284ec5b4cf368d9e2	0d9b97897f74d56e2bc3bf36dff7ee928ac4abc76c3d0ccd62177d42fabcbdba
train_clean	train	my_labelme	my_labelme_color_000033.png	my_labelme_color_000033.txt	6	26	272	0	1	24	618.0	400.0	63.0	46.0	1578.0	46cebb5a30fe0845b2036ccb13215bddcc20a5f7f172c9add1ad7785e23f4440	a1125c06dd3ef2c2f1dbc378170b513b1db91345190b8902c3c14770c9c7a5bf
train_clean	train	my_labelme	my_labelme_color_000033.png	my_labelme_color_000033.txt	7	26	273	0	1	18	560.0	445.0	106.0	68.0	4970.0	1f28cfa0713168fdbbe4540c009430bbfeb9d7afb8287c72c150c93355df7ead	732f8b8ed64a9753297f4e67b7906ee39e012a1ab35893013743eeee9308aeb8
train_clean	train	my_labelme	my_labelme_color_000033.png	my_labelme_color_000033.txt	8	26	274	0	1	25	667.0	422.0	76.0	90.0	4433.0	e5451048593ea718e257fa96a92ddd283a2c21da1a642db05ebc17caf8fa2bdc	923e98e54e2afa52c53e25b0d6d99aeba312212ee75d61a2d434f179064c6dc2
train_clean	train	my_labelme	my_labelme_color_000033.png	my_labelme_color_000033.txt	9	26	275	0	1	20	563.0	222.0	72.0	74.0	3394.0	79c4e2a58ccac93be205bfa0d4080e015ed002c1af2de47d4edd8b9fa552593a	659ff3f754e9eb02aa88dfd247ea9fae5391785d44e8cde57d4c736d668ed19e
train_clean	train	my_labelme	my_labelme_color_000033.png	my_labelme_color_000033.txt	10	26	276	0	1	30	709.0	216.0	62.0	68.0	2938.0	08865e60de7cf800c9f56704404273b32620015b3565304cb3a4a42c8a8c018b	54756eef39da364f1a45ee236a66322316159a692a9e809a9dac72dd93a04b05
train_clean	train	my_labelme	my_labelme_color_000035.png	my_labelme_color_000035.txt	1	27	277	0	1	89	546.0	251.0	85.0	94.0	6352.0	b388476131e3cd55ed9f385df77ab96e7b45f34980069ca82d5e5a49a34b3bc8	668da4d42dd7295d0a3a67d96bc6ce112d8077df2d85fe65d48d4b31bb531dd4
train_clean	train	my_labelme	my_labelme_color_000035.png	my_labelme_color_000035.txt	2	27	278	0	1	92	591.0	355.0	82.0	81.0	4666.0	c42d9cf0a7b65692ec87d3211b9fcef85ee9aa8243eb2a474319a10097eae2ae	b18caa016c01efc08d2685309adeef1eccc1f44a3ea9b620c1f5a58629ac9aff
train_clean	train	my_labelme	my_labelme_color_000035.png	my_labelme_color_000035.txt	3	27	279	0	1	97	611.0	436.0	107.0	104.0	8533.0	28e5da5cf566d7966871e1411cb5c26c672b09c5a899d77bd313f9eeae200457	6b0916988e283869b91e4c20ab719a25cacb3cc43a8cbf50a12ea3b081d61451
train_clean	train	my_labelme	my_labelme_color_000035.png	my_labelme_color_000035.txt	4	27	280	0	1	110	563.0	438.0	75.0	78.0	3248.0	4534d1b4d9ada16f84c87abbaef70be14fdf76afd7a274762bfd2b530a54559e	081f42505ac3d7044c52eba9f2edefbdc6e651c1cac6c7b66631bcf3fe7cbf4a
train_clean	train	my_labelme	my_labelme_color_000035.png	my_labelme_color_000035.txt	5	27	281	0	1	92	693.0	420.0	53.0	74.0	2349.0	6526921f0adc63e4329a7616b1568cce33d0001459e2ace8e0446530213ca82d	48a7fa73eb9f0972d18fe925ac9d52e2aec037ca4354bce90afa78660bcfe13b
train_clean	train	my_labelme	my_labelme_color_000035.png	my_labelme_color_000035.txt	6	27	282	0	1	44	570.0	419.0	36.0	34.0	937.0	8476c06c7be87083293ce0c4c9fdea060f56124a2dd08738cb8a6d65eedaed84	be4f13a3f38e6a29aa3c8aa454a664f751d46789103e505df616b51cf3387573
train_clean	train	my_labelme	my_labelme_color_000035.png	my_labelme_color_000035.txt	7	27	283	0	1	24	710.0	392.0	30.0	27.0	636.0	a4efe41c43adff5475073368dd5c4380bd709f9dfc949098f0c803fd05713545	82027b7579ab5afbfff75ef3244d52fb55e82bc04fd350e828dcc115c65aabf1
train_clean	train	my_labelme	my_labelme_color_000035.png	my_labelme_color_000035.txt	8	27	284	0	1	39	622.0	276.0	96.0	98.0	6391.0	037d6a95dc3f5a583fab4916f3d52d9d6c3c0bd17736679bf0763dc5be2d6a6e	6b97cc1835e24518120d976c5e48f6ca02ab967b1650e6f315c12aa1eed0e6e5
train_clean	train	my_labelme	my_labelme_color_000035.png	my_labelme_color_000035.txt	9	27	285	0	1	39	702.0	216.0	67.0	66.0	3308.0	cef7053575842140cdb505e4d34e22db8e6cea7b10a59edaf10234373812531a	88e961349e73580f813600c3eed8426abdbfce345008cd4e67900cf1c7fc544a
train_clean	train	my_labelme	my_labelme_color_000035.png	my_labelme_color_000035.txt	10	27	286	0	1	29	714.0	283.0	33.0	66.0	767.0	1faed4cb32b30324c80a1bcfddcb317beb2c60ed39bcdfb0eded9ab2db1bd619	a9517c16453330c871ffaf7d36839e5c603826b18109516be83d32a55ca2dd6f
train_clean	train	my_labelme	my_labelme_color_000035.png	my_labelme_color_000035.txt	11	27	287	0	1	29	610.0	246.0	30.0	30.0	367.0	fcf03fa449f68c72d92063f58d77a18469800349ac896b49ad2161d184b2d39d	9245533e1e4492bb984c153bf03bcf4218b4d532fc0da2b933a3f62a30f25822
train_clean	train	my_labelme	my_labelme_color_000035.png	my_labelme_color_000035.txt	12	27	288	0	1	46	580.0	222.0	60.0	27.0	578.0	45cea6d1afe50aff4158d01e8859af542abeb611d1bca05d98fa57e6ae5ae906	bdf165a638633c1d01b2dc57093d0f158a4fc1f0fc1dff70c7c13a62873c5c30
train_clean	train	my_labelme	my_labelme_color_000035.png	my_labelme_color_000035.txt	13	27	289	0	1	17	568.0	241.0	24.0	10.0	156.0	f2b99d702dfc0b9f23701df2f6fa0ef8c773c8f7da876ec2d0c71bd8189c974e	564dec25befd115aed067846281d71cd6e2c73cca832ab6e24c49cf2ac2a20ae
train_clean	train	my_labelme	my_labelme_color_000038.png	my_labelme_color_000038.txt	1	28	290	0	1	23	624.0	283.0	41.0	41.0	1303.0	9f4cbb8f6ad2b8eb629ccf806f976d75a3e4a38f172660de94298a228356a19d	57e3a93f236044026bb173ab5f446961254bf57cdd22f84f2f97d3b52e49e34b
train_clean	train	my_labelme	my_labelme_color_000038.png	my_labelme_color_000038.txt	2	28	291	0	1	98	546.0	251.0	84.0	93.0	6089.0	70ddcd3a8b29a9f64b1f5633bbf98a2498933f53fce12e21679a603333617661	fd8a8e0579f9d62544e8b88f9d616d71b3da1fb5fe51a2d7145bfe6e5433f5f0
train_clean	train	my_labelme	my_labelme_color_000038.png	my_labelme_color_000038.txt	3	28	292	0	1	90	591.0	355.0	82.0	81.0	4587.0	ce64cd71a2f778fbd11d8c1c231e1bc8b0a9e3fd45467c9fb2678750fa572a62	0a0d4ac7c44a6cb0415acc8b75a40cfe95c831287d2dd21cbd4e0d95ac1c311e
train_clean	train	my_labelme	my_labelme_color_000038.png	my_labelme_color_000038.txt	4	28	293	0	1	94	563.0	436.0	78.0	79.0	3283.0	588c5c7d51adb4f3dd67ebcbcdb1cf0fdfca8b4bc0e4ccb2568f5f4543170e25	32b97572145a03060a6b8fbf270d19548bdf4f28201b8048368d0d0fa84ba41e
train_clean	train	my_labelme	my_labelme_color_000038.png	my_labelme_color_000038.txt	5	28	294	0	1	88	693.0	419.0	53.0	75.0	2355.0	565a7ab1043359f3a9d86dc49ffeb36132f2626da4fea8b722f22d91adde048e	4bb2a809c940eb060e99680a1015539a5c8772f3cabd35670afe19532c13b2ec
train_clean	train	my_labelme	my_labelme_color_000038.png	my_labelme_color_000038.txt	6	28	295	0	1	51	715.0	284.0	31.0	64.0	702.0	39747393d719f007383455c23c3bc2a272dd2d9e0feeadcadc035da7facb9248	848f1fa8b50222d774f38a4e9ec75258fb9baed6935971d8b533fb293afce551
train_clean	train	my_labelme	my_labelme_color_000038.png	my_labelme_color_000038.txt	7	28	296	0	1	18	711.0	392.0	29.0	27.0	644.0	5ad76f0346150872a52b3f87082b452fbf71ac036f38817a9b119796a5fc5e5e	ad515de44685fdc31f68e4ab89ee29ce6d4a76ab2e420f9b2b95439c6a87952f
train_clean	train	my_labelme	my_labelme_color_000038.png	my_labelme_color_000038.txt	8	28	297	0	1	54	623.0	289.0	94.0	85.0	4940.0	45ce3a75de191faf969ba2821644997bfa9d7bdd61f314624dcab39320e7f79b	f3df25e1f13204ca2abf935de96bc86172fc998404b9bce704d6da05b844081f
train_clean	train	my_labelme	my_labelme_color_000038.png	my_labelme_color_000038.txt	9	28	298	0	1	40	703.0	216.0	65.0	68.0	2723.0	01bb6d900f504e05a1ad4ffe66b8c15099c57c26fe23fef2d993fa8fc24994c7	1514793a208f73675361784d5dc174b79f420951633101bce2edd37ea72f67f8
train_clean	train	my_labelme	my_labelme_color_000038.png	my_labelme_color_000038.txt	10	28	299	0	1	16	564.0	239.0	29.0	17.0	243.0	2c05122b69e8c53a504f4ebc589a9a25269456b47eebf2ad1fee792fbe0b5d79	0c63fa840450249c17316ff1224bd90bcf3088a81b8727eb7e0f69706cec63d3
train_clean	train	my_labelme	my_labelme_color_000038.png	my_labelme_color_000038.txt	11	28	300	0	1	50	582.0	223.0	57.0	25.0	475.0	376a5598cfb1fa03b8b7d1606ea521a51f14f89c1c62e36f9bbb6300362f9d51	4a97125390afc353365b713062fafa008ddc9e3150545e9eeced07bfb46c07f5
train_clean	train	my_labelme	my_labelme_color_000038.png	my_labelme_color_000038.txt	12	28	301	0	1	34	608.0	244.0	31.0	31.0	405.0	a4c1bbdce453d646aa4a8bb27a10595de7cce49d33be3b9d290367aa7a44e349	c09c3fdf927254d21ba8e2a5307b3059f88c1747a9c884673acff5c66311bdb4
train_clean	train	my_labelme	my_labelme_color_000038.png	my_labelme_color_000038.txt	13	28	302	0	1	94	613.0	437.0	104.0	103.0	8233.0	1ba8bf214334603b3cd1b0546d4832fb270ecd91c14f5f2bca2b9740e1f3dcd8	a1171bb56bc0fd69d083eb91de56b0e6c48381dc3b0c200769a87d36909bba14
train_clean	train	my_labelme	my_labelme_color_000039.png	my_labelme_color_000039.txt	1	29	303	0	1	101	546.0	253.0	87.0	96.0	6356.0	03912d492fc44e84688382cfd97c4498b3433c761f32fd16cf0311f66d8cd6f1	32a518029ec3d71d3c311e456146a772eb063f74936f1beefe058797229e15e8
train_clean	train	my_labelme	my_labelme_color_000039.png	my_labelme_color_000039.txt	2	29	304	0	1	21	645.0	384.0	67.0	102.0	5197.0	0f7472f8a724c96ed50908805d271770f32aaf10c6ea9b1772d3c4373c8a8480	f7ea9fb198baeb71cf91d324cff668338a97e59484bcf5c28e9163c66a394e66
train_clean	train	my_labelme	my_labelme_color_000039.png	my_labelme_color_000039.txt	3	29	305	0	1	12	709.0	390.0	31.0	28.0	675.0	6b13905a4aae2974b2b5ea5392df5abcf9822dfbe89416f2af9113a66e3fcf24	f5f91ddcae21a1e8b2eeea32d71b4b9dc21ad6dc5d31917209ed77b1fee7bd9e
train_clean	train	my_labelme	my_labelme_color_000039.png	my_labelme_color_000039.txt	4	29	306	0	1	26	663.0	419.0	81.0	93.0	3079.0	b959a34b26cafa2991ddc78f9170ef236ca1d2696d3ebfac24ee43eabd52f188	5dc816809ae8ee939a24e321ea4ab433fa91e0ed9836cad632b292b79885b347
train_clean	train	my_labelme	my_labelme_color_000039.png	my_labelme_color_000039.txt	5	29	307	0	1	21	564.0	425.0	93.0	91.0	6537.0	e63f7be6bc9dd1b059ee4c74f4d952503b533710d471d1ec493081097f159e4c	dc00d20bbd914200be6fd2f62e5bf77fb2837467d228c231b62e5bc5065f7df5
train_clean	train	my_labelme	my_labelme_color_000039.png	my_labelme_color_000039.txt	6	29	308	0	1	23	569.0	349.0	80.0	74.0	4503.0	e07ae5f5227431c13fe08aa26e7a4a292e5afdf80fdf9ac0233735dcec3c8c68	0577217b4cf030b1fbb15cc429cf0ed915d36dbce5ee499528d4c6bec9cc12ea
train_clean	train	my_labelme	my_labelme_color_000039.png	my_labelme_color_000039.txt	7	29	309	0	1	69	621.0	279.0	92.0	97.0	5252.0	45ec75ae60849913ab48cd8de518fe9b78f61ade4eaa13aa7b017ce4e7f08537	9b4455182f2482bd1bbb6ec4e9a5978611b74bbc3faa0e050657b03ecabeaa40
train_clean	train	my_labelme	my_labelme_color_000039.png	my_labelme_color_000039.txt	8	29	310	0	1	38	704.0	213.0	66.0	69.0	3377.0	954c5b446a72cfb64201f0ed2f03492e246250f837c594e3b519b2ded6e494cd	4baa0b4ce80e17d7e12ba970003e7df4b0391ef0687ba7091eb9092f9e50e7b6
train_clean	train	my_labelme	my_labelme_color_000039.png	my_labelme_color_000039.txt	9	29	311	0	1	15	566.0	243.0	29.0	14.0	213.0	ddc740318c0dd3986995712d57a4c7d41ffe8adad78c44c0d283abfa81a1bb0b	7b2ea310a803743a86ebd76d6ad5839d739b58fa9a28e0f46979dc63fdb4a5b6
train_clean	train	my_labelme	my_labelme_color_000039.png	my_labelme_color_000039.txt	10	29	312	0	1	39	582.0	222.0	54.0	29.0	643.0	c58b78a79e653ff1d8b69c72537d1f922235f01732efdd7a82784cd426c5f9d2	0d280048ea55c70a064e98ae6c8bc920a2cea4ea6650386076e870ed7601e7ac
train_clean	train	my_labelme	my_labelme_color_000039.png	my_labelme_color_000039.txt	11	29	313	0	1	27	611.0	245.0	27.0	28.0	315.0	12820e196c567f2b64b27523864a4082dd353e84a58f277a8fa4f4e6d94da4cf	b0e04b47b1fd925eb773ef39ea9629a7a618442c6df1b5aebc7b588e21c97efe
train_clean	train	my_labelme	my_labelme_color_000039.png	my_labelme_color_000039.txt	12	29	314	0	1	49	727.0	283.0	20.0	60.0	689.0	cb8cae8f81a3620c44fdec57a0df1606af3ffa3b2c5fbf13143919c2609605c0	142cc415624819c5ee1a0a627f4885bb4e87d448266645650bb4935d31e494a6
train_clean	train	my_labelme	my_labelme_color_000044.png	my_labelme_color_000044.txt	1	30	315	0	1	32	561.0	459.0	94.0	93.0	6713.0	f72dc4f50faaba14b62b9a21a2ccc3db81f430192b88a8c6866d48a3a73525ac	cecf4fdadc3e8f6d6703a50b9f7e4c4b6fbcd1608e1b691dbe0bf87edc93caf2
train_clean	train	my_labelme	my_labelme_color_000044.png	my_labelme_color_000044.txt	2	30	316	0	1	32	645.0	441.0	84.0	89.0	5632.0	b75cdcee9add2e337af15ea9e1806b8684720026a20c610ff5020bc405c73c1a	dc8ddfa54b625c9b47c24bbb90af0e2c93d70d17934bbdc8669430aab67798d7
train_clean	train	my_labelme	my_labelme_color_000044.png	my_labelme_color_000044.txt	3	30	317	0	1	45	559.0	426.0	85.0	68.0	2408.0	960b728a92bed9b5e387c2eaeec73d9a4d48ad76e7311e5ae2b1ce1d873af144	b15f843bdc96584845f5312c6f1885c4a7bda2b76f36ca15b2831124573ba899
train_clean	train	my_labelme	my_labelme_color_000044.png	my_labelme_color_000044.txt	4	30	318	0	1	52	694.0	429.0	45.0	50.0	561.0	0309e188e0d20b8e0588bb07fe9bd440d5849285059c12e9fa33d03663f6b16d	27dd91db0c3a8c330f37ccc0be573b8a3b86a37802503f802ecc6527985b85c3
train_clean	train	my_labelme	my_labelme_color_000044.png	my_labelme_color_000044.txt	5	30	319	0	1	18	714.0	424.0	27.0	24.0	188.0	321661cf24f60944ac1f116a672956d24272ba9d4f183e81a445416e54641de3	9906c3497fef7c6802a4c0336348134fbf6e8ee9ae8b4d6594d9285eddbfa8fe
train_clean	train	my_labelme	my_labelme_color_000044.png	my_labelme_color_000044.txt	6	30	320	0	1	16	704.0	394.0	32.0	29.0	738.0	0aa59cc980b3d7e699e236d0ee787e53251bc105e573068b422789bf6ece2bbd	bb3e41b86f115c131c23fee92688cc9153eb3021e3474e8d9b6fbd464f6abdc6
train_clean	train	my_labelme	my_labelme_color_000044.png	my_labelme_color_000044.txt	7	30	321	0	1	48	608.0	376.0	78.0	59.0	2599.0	b2066837355cd6778b421cacb61cf6a11f2e47761b09177b3b6c7a471ca2a510	bf4bc067d7c3eb8012959592dd6aca42424bd29e6544f877a5e1a398bf818ada
train_clean	train	my_labelme	my_labelme_color_000044.png	my_labelme_color_000044.txt	8	30	322	0	1	96	598.0	290.0	103.0	95.0	7746.0	11d74079b08cc755dbb3d7ba34fa2c35334dc8b688f231b2cf87ebaa9a5d37bd	671e928df0cd3e06b7f4e83138a7b329809adc327ff11eb7deb8858ee4f5b5ac
train_clean	train	my_labelme	my_labelme_color_000044.png	my_labelme_color_000044.txt	9	30	323	0	1	23	554.0	319.0	33.0	33.0	831.0	996648c7139b29bd652fb0b9d2dd75fc128b7211ea8488c8fd8a9f9231cf4cba	4c8fd1ff25a00751ec912451bcc2a13d638a12edeb2957679270475c9ff71ac4
train_clean	train	my_labelme	my_labelme_color_000044.png	my_labelme_color_000044.txt	10	30	324	0	1	31	687.0	222.0	66.0	68.0	3249.0	91795b84861807722b761c4f2e7fa310780755a899959ed5f73f13769e65e086	928b77c7373cf70a5a5a718fd7b570fc6f5fd55930ba48c78198ef7f3a5efacf
train_clean	train	my_labelme	my_labelme_color_000044.png	my_labelme_color_000044.txt	11	30	325	0	1	90	681.0	266.0	57.0	76.0	2207.0	2c82db7afc31181db39d1a13ea28b19ef994edd4a75c50d727edd42989c20ff2	0503072e1a161fc575507ebb23386a1dd4ab162bf3f8f6024cfe8f687298047a
train_clean	train	my_labelme	my_labelme_color_000044.png	my_labelme_color_000044.txt	12	30	326	0	1	57	552.0	228.0	82.0	80.0	4437.0	4d5e74f73af9452035a45d40f2f55b5a675b576e771020ae976131d1768e93ad	7cc473349dc7a5bacbd10354c797b29fba66158c2e65403488d9d19508907203
train_clean	train	my_labelme	my_labelme_color_000044.png	my_labelme_color_000044.txt	13	30	327	0	1	55	623.0	243.0	60.0	48.0	1956.0	dad7c8cfad5a8fd88f4e229f885b8744bee94d1332bf4cb355748e50e9f47455	b756081fcb7db4334e6344189689f47f2f86e10c50e656313f0d1a54ba7ec086
train_clean	train	my_labelme	my_labelme_color_000044.png	my_labelme_color_000044.txt	14	30	328	0	1	14	631.0	245.0	12.0	13.0	98.0	49dedaf30434be477c51ecd3a53fef9d4fa51c6b9899212dcc57b66917db6d08	81d2d585b1df0e03195e85d522b4eaee1c156b0c852e810e3d404e83f7db7939
train_clean	train	my_labelme	my_labelme_color_000044.png	my_labelme_color_000044.txt	15	30	329	0	1	16	640.0	238.0	25.0	6.0	96.0	f68d808a1e16e9fe0cbb0b3694409dfdd9406d99df46f5b9283e62d6cf5996eb	254c55a03e093bfdb1af3f09d908ea1f15d74523327ba92a9e983a1028bb945f
train_clean	train	my_labelme	my_labelme_color_000048.png	my_labelme_color_000048.txt	1	31	330	0	1	96	554.0	389.0	81.0	78.0	4832.0	da9be572bca16cbd7e297beb69779b4e45cb88d4512c6bd6dfcfe19a3f5180c8	079d4109d1c7bd44c1307555f000cad1933dd72ea864809dbfea49ad2d03577d
train_clean	train	my_labelme	my_labelme_color_000048.png	my_labelme_color_000048.txt	2	31	331	0	1	106	621.0	303.0	77.0	78.0	3635.0	3f7def180b5c26a5b3447dd67f24bfd214eb3c7e5861cd092dabf01c175e9e56	9758ecb8280c3cbcef1ec1428e0e043409910d559b957d7609b4dd702567eba1
train_clean	train	my_labelme	my_labelme_color_000048.png	my_labelme_color_000048.txt	3	31	332	0	1	82	678.0	271.0	60.0	80.0	3483.0	32c5736c28ca35e12b3a4ec5d951d27c9bf17f256a7fee1da94cabcfa444f975	3f821d939eb97fdfb680d5898fd47d93ebe6e32049656c9ccb1ba2229952b8c3
train_clean	train	my_labelme	my_labelme_color_000048.png	my_labelme_color_000048.txt	4	31	333	0	1	94	685.0	220.0	69.0	71.0	3689.0	9f87db6acfacc4e707ee1c84c64c8a3ad5430c1f73c6a37e7fd25cabf602e88e	07f5089989cb49c9616f7071b4a50fc254404f9e5b765e474a7714a1f5620a92
train_clean	train	my_labelme	my_labelme_color_000048.png	my_labelme_color_000048.txt	5	31	334	0	1	46	626.0	240.0	59.0	60.0	2174.0	85783633c1074fcbf38867b03fccaf0a077eb15019aba7b34e02b2760c802115	a8deda9c75d8263198b80fc4065ab460db2d5717ebd1dfb926f1a928c0dd8b35
train_clean	train	my_labelme	my_labelme_color_000048.png	my_labelme_color_000048.txt	6	31	335	0	1	53	544.0	241.0	97.0	98.0	7069.0	a6a2a5430acef61ec9cf5f0e8a5e8d4ccc508f589cf8315fb9ee495cfbb69f59	54deeb6df121caf2476949c081dde7b4d25dc307bdfaa82acc77156a885b1b4f
train_clean	train	my_labelme	my_labelme_color_000048.png	my_labelme_color_000048.txt	7	31	336	0	1	39	654.0	368.0	83.0	78.0	5049.0	69f0f453f8efa77aef1de579b8990a6ba154ea0901706c7994300ae56d86387c	ae4e0c7870bd1c4b6654cc1370c7e01e1d8b5fadc886c5eccf4a6be32296c57f
train_clean	train	my_labelme	my_labelme_color_000048.png	my_labelme_color_000048.txt	8	31	337	0	1	36	597.0	446.0	73.0	70.0	3620.0	bba0457131414848bad70a583e3daa6a9ca8bf3c5957fcb3c745a1a69249e79e	860160a9fc80e66e97764175ffa17207b28014901914419f41b7ef47e0e7abc5
train_clean	train	my_labelme	my_labelme_color_000048.png	my_labelme_color_000048.txt	9	31	338	0	1	75	662.0	444.0	104.0	90.0	5232.0	5b6c3f8ca688b2f65e99aa3bf4f1a02aa0fad4cbeae6b0418924407c71e618da	f762339b349c04f013516b416bb2b3e613718bfb62192d6c91f2eec897baac8a
train_clean	train	my_labelme	my_labelme_color_000049.png	my_labelme_color_000049.txt	1	32	339	0	1	99	554.0	388.0	83.0	78.0	4979.0	ac57b2f543eead0e48a806b170702b079bd08fc7d82cc3ea7c66f0c95e0c2c09	5e869bb73b4526e55d58fa307e1fac7d31725b3cb72a9841f45dc8709bfb8473
train_clean	train	my_labelme	my_labelme_color_000049.png	my_labelme_color_000049.txt	2	32	340	0	1	101	649.0	370.0	89.0	79.0	5390.0	07f3103e609266eb7a7198919bacfb54dd9235be9d50280ea7f2bf50d54d5d43	39082a42ca0ceebfb66abad492719d2cc3bbcbb68a4c45d51c96f052035aac86
train_clean	train	my_labelme	my_labelme_color_000049.png	my_labelme_color_000049.txt	3	32	341	0	1	100	638.0	263.0	81.0	96.0	5685.0	ba582a09697715588d52d4dcded6ebaa9a0cb2028cef96429eea1fb4e9720a9e	6ff94d2c533e119a1ed8371e1c0f01ff32f329ba5f912bdd699a8773cf0a17b1
train_clean	train	my_labelme	my_labelme_color_000049.png	my_labelme_color_000049.txt	4	32	342	0	1	109	682.0	219.0	69.0	68.0	3542.0	6d4afe66d88ce27b312e85948c936dbe7f541896d821fbebd2263ec9ed213c8e	d6f400a2ea37a2214b388d4e5a62f3a74add468aa59ea81b5f8f3f07dc9d493f
train_clean	train	my_labelme	my_labelme_color_000049.png	my_labelme_color_000049.txt	5	32	343	0	1	61	621.0	315.0	75.0	66.0	1919.0	787bafbb8473c5c92dd429b33d825a92dc67716be9401c95d339cf86acd56b1f	9cee070d658abbd68c3ec41d096ee34eeca3bd9f5d6ec9fc76ff6445e3898c65
train_clean	train	my_labelme	my_labelme_color_000049.png	my_labelme_color_000049.txt	6	32	344	0	1	38	706.0	285.0	32.0	65.0	1126.0	7d24bcf925eb24cf206fbed5b5873c3b63196f9b209b5d6a4a0163c5d25d1bdb	0203a3834a3b4f43677785f067ead7ba9279c1b4cc3cf1a6c9f8907862d01e33
train_clean	train	my_labelme	my_labelme_color_000049.png	my_labelme_color_000049.txt	7	32	345	0	1	65	543.0	239.0	96.0	99.0	6910.0	d04c25cbc636baddd93e64b40982762f98d765c36ce3391dbffed0c3f812f4dc	132592009cb012bfacf439f0fc8c9a2b1e9be09db5851f623f0563e0dc863555
train_clean	train	my_labelme	my_labelme_color_000049.png	my_labelme_color_000049.txt	8	32	346	0	1	84	662.0	445.0	104.0	87.0	4932.0	fdbe469886b50aeabb33ded2659e589929001cfaa07d03608a52446aced3f4c6	dd29f679fe89c4c99c8c2b0a0a6f918bf21ba71a8f4163b455888e0af7392cf8
train_clean	train	my_labelme	my_labelme_color_000051.png	my_labelme_color_000051.txt	1	33	347	0	1	100	680.0	310.0	91.0	92.0	6538.0	a3cb3cfffe60618fceb83eb4a1206067cccebe7be9b3741fcb043bb21b4c0031	1f580abd1bd730e5e50909ea7f2da81cd5661e18f96dcb5f800b86b42322d979
train_clean	train	my_labelme	my_labelme_color_000051.png	my_labelme_color_000051.txt	2	33	348	0	1	97	686.0	221.0	68.0	68.0	3570.0	045b5fe7a30be179dce8b13e88f62378dd65c5760c35cd311064748d5cdbd717	583a430cd67f6d98ead43dc91304adf8227effa8ab8f5d9050a792efca4846b7
train_clean	train	my_labelme	my_labelme_color_000051.png	my_labelme_color_000051.txt	3	33	349	0	1	45	544.0	237.0	95.0	100.0	7045.0	a576a72fe3e6b2a65bb1e657382df1f7be8bb1259ca26b1d2c755112c055b575	4d0812f261f741abc7358fe6ef420f72c571a49cf3c7915e78cdb63ee810d4b1
train_clean	train	my_labelme	my_labelme_color_000051.png	my_labelme_color_000051.txt	4	33	350	0	1	44	638.0	260.0	77.0	93.0	4480.0	5a8059fdec95947787532300c0ad67d13196191452c7a6e08e2a6f6f7c7261b1	e76f7c30d88137b9020cae5fc59f474d21006eb8b24f9a9af41fa58c0b5d2886
train_clean	train	my_labelme	my_labelme_color_000051.png	my_labelme_color_000051.txt	5	33	351	0	1	43	623.0	315.0	38.0	69.0	1384.0	1b200771c83b4b43515989be43a023cc841ef6699ba484ffea4144bbf879c189	9734b4eed5b1dcc10acc922d0893c5e5d72df57c2e2e501b6511c1ccdff8c2fc
train_clean	train	my_labelme	my_labelme_color_000051.png	my_labelme_color_000051.txt	6	33	352	0	1	17	668.0	350.0	11.0	22.0	179.0	8b1eabdc5041c872cf36a5e507b3148fef4f5551f7310b33a2c551ea1e81ea0c	be3727f06b70bed5a7207c94c235a2b6b15e797e95b99a9be746dca40d8e0743
train_clean	train	my_labelme	my_labelme_color_000051.png	my_labelme_color_000051.txt	7	33	353	0	1	14	651.0	382.0	18.0	56.0	630.0	5dd763c14f9821d7f29b22acd3d2d85db69d49a1e225a6331f2f82ae6a115e3d	d3669220e2fcbc6eb380f295f942267271f2c63eb43255c4580243192f6c0ea0
train_clean	train	my_labelme	my_labelme_color_000051.png	my_labelme_color_000051.txt	8	33	354	0	1	35	677.0	398.0	58.0	48.0	2021.0	291927016da30e676ddf2e8ace109b1db0e07be1e39af187f5bc2c0625d0ee0a	150234458f34fe70e725befde85f428daf4f9374fb8fb785918951250f0afda7
train_clean	train	my_labelme	my_labelme_color_000051.png	my_labelme_color_000051.txt	9	33	355	0	1	11	674.0	372.0	7.0	11.0	54.0	621b19321b6f032ca789192a941d608aa0e6e4f91751edff0c81014c76d332ad	0454f721f9960afd7ad20ca4d9a5e3440e8ee869c2a8030954ed8770f4473f3e
train_clean	train	my_labelme	my_labelme_color_000051.png	my_labelme_color_000051.txt	10	33	356	0	1	94	662.0	444.0	105.0	87.0	4553.0	27abcb4e428ea35e6dfe32d41cb799c4720f552f7451078acf1519d60bf03cbe	01995ececa65c23bd9f241b91f444439fa9b04678511517407fcd5aaa1b44843
train_clean	train	my_labelme	my_labelme_color_000053.png	my_labelme_color_000053.txt	1	34	357	0	1	86	678.0	221.0	72.0	68.0	3792.0	fb648906e2146f74c5bab187def42f3fea9030ade65fa0b6d51df753142cfd4d	a77824d940d384d7b467ede7c822feeb2715605b9183ff2218a6f2505d7b83a0
train_clean	train	my_labelme	my_labelme_color_000053.png	my_labelme_color_000053.txt	2	34	358	0	1	25	534.0	289.0	102.0	110.0	8973.0	8237fe850c3e78cdd5b2f9ed95e4d77a4ad47408273aa81443a2d1202633ccba	ae0b5f6c060dd04c6769b23b9416c5276f6a8c56095fa3187065954b031b259a
train_clean	train	my_labelme	my_labelme_color_000053.png	my_labelme_color_000053.txt	3	34	359	0	1	37	605.0	268.0	109.0	75.0	4729.0	583c7de7ce78024a22b25dbeb045fcc2894439ba9f3c03ac5a85c37305c8b58e	c3b36562d6a0a91986cf92f8a8c37717e0dcd3c302e5c041e5f278e0f3adf672
train_clean	train	my_labelme	my_labelme_color_000053.png	my_labelme_color_000053.txt	4	34	360	0	1	38	672.0	312.0	90.0	93.0	6304.0	a5e43927460c895721af0933acfd3aa5e256d2c577af210c5f8c9bd37da9be34	84dd3097cfbc32aa5d3fd7cd82f339e2a9db86c67da58e5ae365f4fec0b435ef
train_clean	train	my_labelme	my_labelme_color_000053.png	my_labelme_color_000053.txt	5	34	361	0	1	33	657.0	390.0	65.0	62.0	2918.0	8650a2b886555724329f8b268e6b5b73c032b8ebf5ab84870514407ae006419f	54abdb6f1ac6b059c0b5b40abdcb29ade643c94d161a96f72eb1ed6deceffb54
train_clean	train	my_labelme	my_labelme_color_000053.png	my_labelme_color_000053.txt	6	34	362	0	1	17	636.0	381.0	16.0	45.0	223.0	a0ae193f71f260bae88e0fd0cb8a497db5e16ce7b9d23736a62d22e063805caa	c74dbc879a3a96d0066176c2b5427cac9eb418ea8ed11a9a642257eac4fdca4c
train_clean	train	my_labelme	my_labelme_color_000053.png	my_labelme_color_000053.txt	7	34	363	0	1	29	548.0	393.0	24.0	51.0	637.0	084843bf1b3e3dc1afa3e8b95794b494d438c13534701abd442d4de56e64ede1	2938df7cead396056f7666665b382478d1e0854411e26339a8a5e66710b66623
train_clean	train	my_labelme	my_labelme_color_000053.png	my_labelme_color_000053.txt	8	34	364	0	1	39	574.0	386.0	64.0	78.0	1362.0	34ffc49d505a22f12133b07eab30ab1a77b5f1d679b0af62dbb424117ceb0370	fb0a9702ebc10bcb1fa26d5be0d26e68828578aabdaa3b11daf248ee804963a5
train_clean	train	my_labelme	my_labelme_color_000053.png	my_labelme_color_000053.txt	9	34	365	0	1	32	655.0	431.0	79.0	86.0	4161.0	803c750db041ffe6ecf8f97dacd561cafb32833cfd8c8eadb4eb8e33778592fb	d393db22671e3ce05833d36ab1794e98bccf4ff19846da297af59b46f7421c70
train_clean	train	my_labelme	my_labelme_color_000054.png	my_labelme_color_000054.txt	1	35	366	0	1	83	537.0	288.0	100.0	114.0	9108.0	95f8697c8a86cf06a29514665e23209633ed960ede0c6339b28c8a4593cebde0	9dcf46bdc228f56253daa2e4aade555ec95a5df4f90612b6cfaabaad0213c50e
train_clean	train	my_labelme	my_labelme_color_000054.png	my_labelme_color_000054.txt	2	35	367	0	1	86	679.0	221.0	71.0	69.0	3826.0	68fba79c908b8891b679f894ab5f796fb1f5fd944bfa640b41a2e1ca37ada723	8cc268505d3692121d58b302d41505529b8881f4dae19a4a7a83f2d5c7626b16
train_clean	train	my_labelme	my_labelme_color_000054.png	my_labelme_color_000054.txt	3	35	368	0	1	98	638.0	374.0	85.0	81.0	5402.0	522ae00a3f10d2ac5ec1039a975d190e8fd0bb4b21377a0d607af8333adf097e	a340a7299a79cbeb0880ca67c972fcdf5836d63221a3a20db17cdfdb20b87922
train_clean	train	my_labelme	my_labelme_color_000054.png	my_labelme_color_000054.txt	4	35	369	0	1	91	610.0	269.0	104.0	80.0	5455.0	b7049179a26994170fc91887f8eb77837ea3b7deac83977483c6b046a57fd086	d418b2d1f580ac873b92dff01bcffe5d3a71e6a5ef339ff71249c429e603b061
train_clean	train	my_labelme	my_labelme_color_000054.png	my_labelme_color_000054.txt	5	35	370	0	1	86	634.0	333.0	60.0	50.0	1880.0	0375277a33643d488ccda5a297fc130b28fdc3cff280b11e2ddd2c2569fb638d	f5729603577737fea2c03a84662e6b76751c15e2aa5a44f0f3925027f5650d0b
train_clean	train	my_labelme	my_labelme_color_000054.png	my_labelme_color_000054.txt	6	35	371	0	1	42	548.0	457.0	78.0	83.0	4407.0	00a64c0cfc31a6ffd94999843d68bae6a10fec8ae6831e18fe3ac05920770693	b4d973f02e929ccbdce4c8bd1c1501c382deb6d1fbc044e28413d477a98201f7
train_clean	train	my_labelme	my_labelme_color_000054.png	my_labelme_color_000054.txt	7	35	372	0	1	28	655.0	433.0	79.0	84.0	4064.0	e0a0c1daa0d178aff2672b61958fa763572606ba2a40b846006dbc8cc7af2e10	4ed16325f39d838b91de8914880e08b6659658354b3507807a7f79e52959920c
train_clean	train	my_labelme	my_labelme_color_000054.png	my_labelme_color_000054.txt	8	35	373	0	1	26	550.0	391.0	23.0	49.0	636.0	a1f19f84a8d49135a6e03642980dd13e8ceb6e78ab537f4bac56146f1b537990	545642ae36bd9c760395db7a08cc3350d7685437af10aff5024bc502b42a5018
train_clean	train	my_labelme	my_labelme_color_000054.png	my_labelme_color_000054.txt	9	35	374	0	1	51	577.0	385.0	62.0	76.0	1340.0	f7f4608f14f948eb3951b2f26fea1b22f6f94e03921d5332c9cd9a87e11b61f4	f3e9baf663e1eca60330303391f89c3fbbe009e893e9266d7bc03c422f2a9d93
train_clean	train	my_labelme	my_labelme_color_000054.png	my_labelme_color_000054.txt	10	35	375	0	1	26	697.0	288.0	38.0	63.0	1213.0	3da95d6f6676775d81cdebb9fe2a962b8320b172311c6b321949c82cb03fd409	f54fbcc646c0686f345be4222cc4a623108ce6cda3ad099cb670c92e73310ed5
train_clean	train	my_labelme	my_labelme_color_000055.png	my_labelme_color_000055.txt	1	36	376	0	1	85	538.0	284.0	98.0	113.0	8776.0	085f1ad52a17396d2ba6a972c70006315dc89e3e7022aee23e6a3da55b408533	4d92ae4eda7828abdaa322116d557e37dc3bb1be9a034a555a13f33d1ee403d8
train_clean	train	my_labelme	my_labelme_color_000055.png	my_labelme_color_000055.txt	2	36	377	0	1	99	638.0	374.0	85.0	80.0	5377.0	949be1a55b47b7c4c2ce6b1d1b40d1cd218c110d0963434f251fd3fbbf603340	e4c572d83d275388ad313d599f108e4217102161c4287202004d73f462d464c2
train_clean	train	my_labelme	my_labelme_color_000055.png	my_labelme_color_000055.txt	3	36	378	0	1	82	611.0	267.0	106.0	86.0	5873.0	159c7fb029158c2f30eef438fc2e806bb3a02bf92155c33ac729c6f3498f9a9d	351ad3ce96e4453fb3c6fe938a347fa6fbccc72b0e8b7da54a439d353dd8f528
train_clean	train	my_labelme	my_labelme_color_000055.png	my_labelme_color_000055.txt	4	36	379	0	1	94	679.0	244.0	56.0	104.0	3060.0	1aee2fb7440525bc3ffe5fc070df7ff6d001a2f6a89f04518af6c6e2dbc76415	ff8e53d4d013e96e43388b00699dc7cd6da7a17a15de1fa65277a83a16ce6c6b
train_clean	train	my_labelme	my_labelme_color_000055.png	my_labelme_color_000055.txt	5	36	380	0	1	35	622.0	240.0	59.0	37.0	1300.0	b0db8892ff8be895463b562329734c533078d92bc0b8109e1030cf539706e474	9cae9a30ca14093708d8bcafc98518f4b8fcd3059884d9603138157ee541b584
train_clean	train	my_labelme	my_labelme_color_000055.png	my_labelme_color_000055.txt	6	36	381	0	1	10	615.0	256.0	12.0	14.0	106.0	5a5e706743116436c6d8f63ea9e67ed688d47d65fe714cf835dd04cc6933ba08	515ddd1a3bca6ac57e3df07765712a77534a90cee841959649ba1ae7ed5a3e8a
train_clean	train	my_labelme	my_labelme_color_000055.png	my_labelme_color_000055.txt	7	36	382	0	1	91	634.0	333.0	57.0	50.0	1691.0	9a2d76442d50944a71c78646ae95eaaeb3bc7773f37024a3128f7d718630ba9d	d5eceed10b62e0796cce1cc8b1c64e94b417b6131c09f9d8372d3bd411ee4474
train_clean	train	my_labelme	my_labelme_color_000055.png	my_labelme_color_000055.txt	8	36	383	0	1	61	575.0	377.0	65.0	83.0	1903.0	567517b0165917d9efa01df030be415ce80db55d747eca6a79d0ceff59e68a10	b6a4f985d9475e58f09521d4cd1e8fc401c16c438f9e657aebf711ed548c5eb7
train_clean	train	my_labelme	my_labelme_color_000055.png	my_labelme_color_000055.txt	9	36	384	0	1	19	550.0	387.0	22.0	51.0	541.0	9a39d2058043807241603a0cdd3c3834a8f811e285cf0c122e5e3df4adcfa5d0	faa383460ed47159557d96576fe4c7068025ac4e5ed571975f96f46e472bf158
train_clean	train	my_labelme	my_labelme_color_000055.png	my_labelme_color_000055.txt	10	36	385	0	1	33	544.0	457.0	81.0	80.0	4217.0	877abcb18dbe6df19a8fe73ac41577f209b7ce2ea59de20606fe8b9371592e41	b6aeccdde1abc7341c2eef4c478df7b4b4e191194d771564bd2e6cc3cd20a6f7
train_clean	train	my_labelme	my_labelme_color_000055.png	my_labelme_color_000055.txt	11	36	386	0	1	40	624.0	471.0	64.0	65.0	1925.0	149f1cf2df2b9e6f00aaa1ddf4b9f7959249a1e9525a2b2eeddca8ec245ee096	5978e5d7aeb6eb9967ef640c7470b478922f52f1067980833fd9efea3416c198
train_clean	train	my_labelme	my_labelme_color_000055.png	my_labelme_color_000055.txt	12	36	387	0	1	37	666.0	432.0	68.0	81.0	2947.0	c1377fc354969ae4d7f273a9e42dc0e965edf8d8a1c934fe8af9d1e0d4b0758f	01444164f80580a82e8078ea7d27ca7d6eb05df6df2341e259c86925bcb192d7
train_clean	train	my_labelme	my_labelme_color_000056.png	my_labelme_color_000056.txt	1	37	388	0	1	90	611.0	268.0	107.0	85.0	6031.0	ef8836169485c2c1a594c1a70829cb49c7380561c4c831c582a149fd23812698	65178b193fa37f856d0b74261e61c67d7e096e079e61ef336dc41a5dbe78ebab
train_clean	train	my_labelme	my_labelme_color_000056.png	my_labelme_color_000056.txt	2	37	389	0	1	95	549.0	358.0	90.0	100.0	7419.0	d464393f2b779558d35f37c1dba4ce059198ca2570abaac5a909bba2aa5e25e9	2d4d4e579d281db9da0c3d3e1a80a5b1ade382b423cdf420656fff2ad0d1e48a
train_clean	train	my_labelme	my_labelme_color_000056.png	my_labelme_color_000056.txt	3	37	390	0	1	99	638.0	374.0	84.0	77.0	4317.0	00e944d8c04d14fd82e512fa840a0f1d5386ac520007908a5b0f29889dd63da6	35367ac51d24358a7fd07d1d0d10606298ace387015fea331b14237a7b0f7cbd
train_clean	train	my_labelme	my_labelme_color_000056.png	my_labelme_color_000056.txt	4	37	391	0	1	93	663.0	421.0	107.0	117.0	9707.0	0394390a4e3f67ba88f2fe717434cd78b1cf45f94ae4ccea13983a276ce276f0	3553cb304a037c282b910068551152f6cd390c20cc92d8c5d8a9a9e24b949fb2
train_clean	train	my_labelme	my_labelme_color_000056.png	my_labelme_color_000056.txt	5	37	392	0	1	86	610.0	323.0	80.0	60.0	2566.0	1a1e121bbb6529d5c900a17956323bd66edb8eb8243b1d24c3ba05667077c031	15e6ea347bbad5673657faa227a0254393158b48f099d883895704120aa6e55c
train_clean	train	my_labelme	my_labelme_color_000056.png	my_labelme_color_000056.txt	6	37	393	0	1	9	607.0	306.0	14.0	9.0	95.0	964142fec6c6a822b53800279b3bb62c8ef100c92f634a5bfc6e6f2274809490	310767ee572c83abb8c664c99538f6d82d6b1529f6c8dea37bc9f45a2e3ed00d
train_clean	train	my_labelme	my_labelme_color_000056.png	my_labelme_color_000056.txt	7	37	394	0	1	19	563.0	323.0	22.0	32.0	359.0	890437eca2e1d3976913011de1dfd9902d5e1768a856e00cf75d7c34ee1178e7	b34853c76410f4ab78f1600ea3a4342b1138428bbe557e3074b43306a57941f8
train_clean	train	my_labelme	my_labelme_color_000056.png	my_labelme_color_000056.txt	8	37	395	0	1	31	540.0	455.0	84.0	81.0	4308.0	39f024a6f9274e34d881fd3047d7501ef7d1f51f393300315eee3f7dd0a5b409	3a5815c4b52952d410e1ce92186a6f93f7e97874d7ad26a295be8d6e5d3d29eb
train_clean	train	my_labelme	my_labelme_color_000056.png	my_labelme_color_000056.txt	9	37	396	0	1	46	623.0	471.0	42.0	65.0	1607.0	dc0e7b9d1d1f05512224d8989ee04acd8afb5023d92654f300a6eef06a870fd4	fa61237c4647e1395049f7419639e2393cfc82f62ab9be8d5f117ac7e5a82801
train_clean	train	my_labelme	my_labelme_color_000056.png	my_labelme_color_000056.txt	10	37	397	0	1	8	614.0	256.0	13.0	16.0	129.0	c6006c0c7845b2c36a14f07bc15ff32146c7a520218bdf84f49918b090a32cbe	94f07001461d41c19e2c4f212f11f924b6eab7ddcb3ace1d7edf5329b1e57cc8
train_clean	train	my_labelme	my_labelme_color_000056.png	my_labelme_color_000056.txt	11	37	398	0	1	34	620.0	239.0	60.0	36.0	1096.0	cab4c80b51b56dd08ad5b9c29bcfc9203911dd914e3674df9213cfd972e1d9e0	947278c1655e08a3f2905124ce87e289157ef8647e01227ae1f0a20c264ecee2
train_clean	train	my_labelme	my_labelme_color_000056.png	my_labelme_color_000056.txt	12	37	399	0	1	8	668.0	244.0	11.0	17.0	60.0	651fe12876296653512015b6af76659cf9fb462917a5a818c8182aaebf434ea2	64c6cefbec810016d72ac5930049ba84a4e8cdb8c4de127918793c88c6ea992e
train_clean	train	my_labelme	my_labelme_color_000056.png	my_labelme_color_000056.txt	13	37	400	0	1	57	678.0	242.0	57.0	107.0	3189.0	c765645e82ecca0c140fdd1e684204a37eaa8e989e83ba16ec378909677ce5f4	e3fe0cc2d5c29e70d08960d353c295744638d11d382e4b75eab40a619c710212
train_clean	train	my_labelme	my_labelme_color_000057.png	my_labelme_color_000057.txt	1	38	401	0	1	81	680.0	243.0	55.0	99.0	3028.0	d4e6f9677c692952704ef98aa03fabf9f747497aa2abd6dd4618a011dc79dac6	fe4555ae9be3c64a90d3b4adb8601be393771535048f9892f6090a9bf72574c3
train_clean	train	my_labelme	my_labelme_color_000057.png	my_labelme_color_000057.txt	2	38	402	0	1	86	661.0	433.0	105.0	112.0	9069.0	26ef227eff02d397308b79161d9022e351b0f1b4bb038042138d1a8e2c9f82fb	3d303cf3650f6e2c9e5fc7efe9fe7d3054b898ffb1966f6944f30e2a17fc0c0d
train_clean	train	my_labelme	my_labelme_color_000057.png	my_labelme_color_000057.txt	3	38	403	0	1	95	549.0	358.0	90.0	102.0	7514.0	83b40e03a09cea71d2eb159ead0408672821cd9e582a7945e769446e61ca223c	14dc63f58cc13384f9330668343ea03985550ffbe25c1140620beb4ec33ededd
train_clean	train	my_labelme	my_labelme_color_000057.png	my_labelme_color_000057.txt	4	38	404	0	1	95	638.0	374.0	84.0	77.0	4861.0	2b483b5bb64c386cac94b6cbd5be36570b23249da0d843bb74900475638f6f54	0a9f9a929c50f9a9240a5543990fdd2ff5f5e262eb9a6dd737fa0a3dbdf0cfc7
train_clean	train	my_labelme	my_labelme_color_000057.png	my_labelme_color_000057.txt	5	38	405	0	1	41	606.0	301.0	90.0	80.0	2777.0	72440c8c487fc93e2a308092a9d67599e7696c7ea247fbfa5d204f4e20c536a3	13331121222a63d145c9d17df39249734623b10bb70eef5ab84e60846eabfe14
train_clean	train	my_labelme	my_labelme_color_000057.png	my_labelme_color_000057.txt	6	38	406	0	1	18	562.0	323.0	22.0	32.0	253.0	61f36c9796b71eee959a0626f502f5ea8f7371be8bd2a993169d01bb467dbf53	aff0151f17df5c02a6ca55fe8bc0a70e6882c7c859a05fad25ad17c43eadcae3
train_clean	train	my_labelme	my_labelme_color_000057.png	my_labelme_color_000057.txt	7	38	407	0	1	28	532.0	239.0	85.0	81.0	4354.0	474b07137bbff9cf491af1623ae60334a18c5bc3179db5ec814717161ce9c968	f0e75dc62cd03b026e8ba431022470c4a77cbcae2498364cea074943209ef2a2
train_clean	train	my_labelme	my_labelme_color_000057.png	my_labelme_color_000057.txt	8	38	408	0	1	86	618.0	267.0	100.0	91.0	5883.0	15a5fe4112106174ca8bb57af7676529f64d07cc3cf35d03f37cf8b44fc2fbff	481de3a90f811a5d09665791b312e45696e62f67895e9c1a2cace1ff2d92c5d2
train_clean	train	my_labelme	my_labelme_color_000057.png	my_labelme_color_000057.txt	9	38	409	0	1	35	623.0	240.0	57.0	38.0	1083.0	ea9bc5b1c2874c481dc15881bbc012980907e86ad6dc2df46d5fcb63179504f6	5068bbe6d12444f868d5b20e60d717b227059fe7c776532c32cee1567edcae21
train_clean	train	my_labelme	my_labelme_color_000057.png	my_labelme_color_000057.txt	10	38	410	0	1	12	668.0	244.0	12.0	15.0	58.0	d8bbd203c9f3a87bcc0cc35ae612695134fcbcc766f7102a4107a967f2174f43	ea63a580acb433a213c16219512511d8d97feaea82eaf0163a73431a13b8d14e
train_clean	train	my_labelme	my_labelme_color_000057.png	my_labelme_color_000057.txt	11	38	411	0	1	11	624.0	258.0	10.0	9.0	68.0	81bca57ef11409cee84253b288306aea77ddcaee757cb5923e4ddbf7fc187efc	43798ca30cbc430629a32d6d419e3fd68905a0ccce65bb538774cfd406e0df43
train_clean	train	my_labelme	my_labelme_color_000057.png	my_labelme_color_000057.txt	12	38	412	0	1	25	568.0	460.0	62.0	58.0	2612.0	4aac8d93f6aa823b0954419fe03bf743372d685781a35943ea3eff62a46d3214	ad42cb87cd5e75f7838d6218e2fec2f815089aec25c4bd3e79115847e8e990fb
train_clean	train	my_labelme	my_labelme_color_000057.png	my_labelme_color_000057.txt	13	38	413	0	1	12	655.0	479.0	15.0	41.0	213.0	ff4a46e4011b68046c1e41cc843c6c42bcba922b8ad0ad5fcb38fdf11e756d0a	b6ca4f6912d0837574458922f500c3a2400506cb5d0bac287d4aad1a2d583891
train_clean	train	my_labelme	my_labelme_color_000058.png	my_labelme_color_000058.txt	1	39	414	0	1	83	674.0	243.0	61.0	108.0	5351.0	20694a4e7c2a808013674f45bd22b7c1fdb748df5b0dcd041643d43e9f23ad94	c531fb12d553e2d7662d14101614b65abc363c17714a751d0450f9b94596c71f
train_clean	train	my_labelme	my_labelme_color_000058.png	my_labelme_color_000058.txt	2	39	415	0	1	87	609.0	301.0	85.0	80.0	4374.0	f55821fa272a0b8618c475bcee2278841cf94c183b2ea02d89a07a9b1e8ebe01	6dd551b7274781a2bafe87a4c40ef700135379d1171a2537e9fdea21fd8c4197
train_clean	train	my_labelme	my_labelme_color_000058.png	my_labelme_color_000058.txt	3	39	416	0	1	89	550.0	362.0	89.0	101.0	6435.0	695ff5889b660aa0d55a070a80f508067030bb893f793ac8cfbc919f6b26968b	a519ca143f6f93fe48ead52b325dfd55b60a1ce2a84c28bc58c3b23a7f19a285
train_clean	train	my_labelme	my_labelme_color_000058.png	my_labelme_color_000058.txt	4	39	417	0	1	85	638.0	374.0	84.0	77.0	4891.0	4a0e2285baa28e6ab97e7f527128e6f32ffa748d5a2f3921b0c95ab50810cc04	89f7b41e008f60b5d21f1bb9be547d02fe36c4d862624d7ebc9bbc54d8e1c849
train_clean	train	my_labelme	my_labelme_color_000058.png	my_labelme_color_000058.txt	5	39	418	0	1	103	662.0	434.0	104.0	111.0	8955.0	d5c0815fa3c7cada4fe66a41787d7871252fad9f0623a291baee884267b9d066	af6b47b5e1a515551a80cf92986c715d3751748084988ff1f684b768bc34ec24
train_clean	train	my_labelme	my_labelme_color_000058.png	my_labelme_color_000058.txt	6	39	419	0	1	98	605.0	435.0	60.0	97.0	4528.0	eff6733a16a33ba27cf4493a206ea35257e74bda12eeb336d9902b6a5818c248	2ad27e0440720d629187f87d9ffaa628789a8209443af1895120488ace16dde4
train_clean	train	my_labelme	my_labelme_color_000058.png	my_labelme_color_000058.txt	7	39	420	0	1	87	621.0	238.0	57.0	62.0	2704.0	974f28bcd6c87192841afb41b7711858dac362b7df33e52c2a7c67201bbf4b86	75d5043606d108b4553133b624ab30aabb21bd317b0e8ecdb648c0dc3acdc654
train_clean	train	my_labelme	my_labelme_color_000058.png	my_labelme_color_000058.txt	8	39	421	0	1	12	619.0	420.0	16.0	14.0	108.0	496d006e1ebcea9eea58b83e253472fc2af966462f53c8601c1c07db01e3c823	5dc9180d7d0e1ebf7831440a9888079f905ae34763e02059e3070271399ff743
train_clean	train	my_labelme	my_labelme_color_000058.png	my_labelme_color_000058.txt	9	39	422	0	1	39	564.0	464.0	52.0	56.0	1776.0	72e365ce2295baae0982c81e0b297bfcd82b58e7e8cd9c73413370bdec08c8af	5fee4b1f46b9d9e5b93469d6e1c273ebee8ced1f460a89b1414dcb842bde9d39
train_clean	train	my_labelme	my_labelme_color_000058.png	my_labelme_color_000058.txt	10	39	423	0	1	26	543.0	245.0	79.0	77.0	3359.0	47b3aada61779a092e8602fba7bdbc20205ca774c874d6d1dea3948aafd32ca9	02899155ee112ec7b6758bd6fa44184d7dc4da161c56a54f7aad61bc99f73da0
train_clean	train	my_labelme	my_labelme_color_000058.png	my_labelme_color_000058.txt	11	39	424	0	1	22	561.0	326.0	24.0	34.0	202.0	7ab95542f5fcd6ff83c246ce9bccbde35c2ab0647427053a2efb449b809b5553	eef937ffe58b5d6a12d1f0e62bca6d6abcb42eaf59ef5aefff3c2ad0289f1e88
train_clean	train	my_labelme	my_labelme_color_000059.png	my_labelme_color_000059.txt	1	40	425	0	1	84	537.0	286.0	104.0	112.0	9281.0	e9ed24bce01e763f657664164e0de5b778f7a7941459784f573d38c04f73d28c	bae4366391052514acd5b491bd4c62da0c0121c11ac4320f657e0f38ee127694
train_clean	train	my_labelme	my_labelme_color_000059.png	my_labelme_color_000059.txt	2	40	426	0	1	82	675.0	243.0	60.0	108.0	5336.0	53a8e9b8ae735a1058fd1f760a65040f0c41c1cf0500a3b5a57c3ca27b1eb6bb	25dd55aa33971df94c7301978d143d9847f5fbcf0534a548a70c57257139360e
train_clean	train	my_labelme	my_labelme_color_000059.png	my_labelme_color_000059.txt	3	40	427	0	1	88	606.0	439.0	65.0	92.0	4710.0	3e2d7b6462b04143b17a38b832fb50da3ab29f857d1833fce6988258c87c1a3c	6eb8a3d266e0b23f1ccd727e61f96a6dc3a30cb38ed0f22cdbed3c9cd8c19cec
train_clean	train	my_labelme	my_labelme_color_000059.png	my_labelme_color_000059.txt	4	40	428	0	1	95	550.0	389.0	66.0	73.0	2699.0	a15ceef5d825147508fa0b3f1934543322c35cbc00ba0969f53b52d89866c992	442a26febe032a96afd0cb39b041f30a4c0d6654f44fcbdd568a04f3804bfc18
train_clean	train	my_labelme	my_labelme_color_000059.png	my_labelme_color_000059.txt	5	40	429	0	1	28	617.0	239.0	61.0	62.0	2796.0	622818cd911d51a1cc5f1295745e4dfee2f491739799da5a86468038103f3c73	a5bbb47d52012e1e9a66bb8f2ce61a62c3a441173c919d4a9a67abc7cb2a8623
train_clean	train	my_labelme	my_labelme_color_000059.png	my_labelme_color_000059.txt	6	40	430	0	1	11	668.0	245.0	12.0	15.0	66.0	6bee2cfc0da54347923159b1525c075eacfed823ec8df4154816a81518281f31	74a9ff79d93013a32156d610711e3fe84ffd4861c8359fb3bc203eaad3af1172
train_clean	train	my_labelme	my_labelme_color_000059.png	my_labelme_color_000059.txt	7	40	431	0	1	40	542.0	248.0	80.0	47.0	1211.0	59132678c06141d144f2eaa24c3c24f7312d42e0df66409c1c317c3197f727c3	281c48f46671d8f6aa1b89d559068f0c4bf3d5883e8e33cfb2dce6c80137607e
train_clean	train	my_labelme	my_labelme_color_000059.png	my_labelme_color_000059.txt	8	40	432	0	1	103	627.0	302.0	67.0	79.0	2986.0	147cd9d1c0fa291937ada6b87864f011886b5c508f55a03e258349aa52880997	92e02ad0c3fc45b0a97679aaa68fdc0e1c007753a40b18127a6f822099903293
train_clean	train	my_labelme	my_labelme_color_000059.png	my_labelme_color_000059.txt	9	40	433	0	1	100	639.0	374.0	83.0	80.0	5025.0	aea5556f706559a9977f5b77331d4012245949d46ea2192688b0183c6efe1c36	7bd17de8f59cb5da23e3bbf2f2e7f5f60667f20845e419aad48f2928f1079ce0
train_clean	train	my_labelme	my_labelme_color_000059.png	my_labelme_color_000059.txt	10	40	434	0	1	35	666.0	430.0	68.0	89.0	3741.0	e73d834f1dcd70efed4fe9c8b46864200b6f18bcb8e041fbc1b41c12044c1567	4ab11fd95f3f5f98ad50d37616679ed100ca36035a29782b26b39ca47feded70
train_clean	train	my_labelme	my_labelme_color_000059.png	my_labelme_color_000059.txt	11	40	435	0	1	48	561.0	463.0	54.0	56.0	1808.0	9930a99d12b804a60a59498a26b326cc25ff5078bdbb7cf3bc0c6290b8da680d	cd7e371aebb70805ee080b2895425545da10c16266101db5ed8b173d258cc112
train_clean	train	my_labelme	my_labelme_color_000060.png	my_labelme_color_000060.txt	1	41	436	0	1	95	626.0	251.0	104.0	111.0	8907.0	263a809d0478eff26f5454c3eb291f6a5ee51a8334fbb80d43c1e73c079399b3	ce7169782cdc7d7c7115b8554932b0cb4d9f531b62eacb3a5b935e196f14f429
train_clean	train	my_labelme	my_labelme_color_000060.png	my_labelme_color_000060.txt	2	41	437	0	1	96	638.0	377.0	84.0	78.0	5164.0	ad7921105bb42873617999250963090f919fad507b2fb919a8e9f4260126a8ed	ecab4e67956aada96bea2f96aeaa962f3921e0a1e44f1a3fbe61ef15494f0220
train_clean	train	my_labelme	my_labelme_color_000060.png	my_labelme_color_000060.txt	3	41	438	0	1	103	667.0	449.0	87.0	87.0	5839.0	8375147d2bbb8f0e24b76f519c40ce1b185df4c0397b1ee9a9d4e4d2fa971988	78c7545b56443ac19138c704b5aca0a3d9a80edd5488a7ef6878c04d92e78695
train_clean	train	my_labelme	my_labelme_color_000060.png	my_labelme_color_000060.txt	4	41	439	0	1	78	606.0	433.0	64.0	98.0	4855.0	9e46789fd4829bcf8906f858862ddcc5def0db01dffe93980be7340613d34040	7dfc46e3f0e503c40b424d6c1fc71cf3d56144f5b61a7fc6b9b51fed92b3f587
train_clean	train	my_labelme	my_labelme_color_000060.png	my_labelme_color_000060.txt	5	41	440	0	1	79	615.0	241.0	50.0	50.0	1125.0	5c64d930038296640fe3fe15a603a1f5180242c5cfba094561193122429f77e1	c5e195714e6a99f6da57732fc042e633763569bbdc383afaf5cbd529f0fe4bec
train_clean	train	my_labelme	my_labelme_color_000060.png	my_labelme_color_000060.txt	6	41	441	0	1	76	689.0	243.0	47.0	91.0	1305.0	808831dd8c50b812b95234df245e3ea1de0a8184c187297bac4c6099bf5f5bad	0408df73b5b7f8b3ab988252b4e0ac5fd472b4b9ba14d4b26d629dd0738ccfd7
train_clean	train	my_labelme	my_labelme_color_000060.png	my_labelme_color_000060.txt	7	41	442	0	1	46	606.0	302.0	79.0	75.0	1752.0	fe24ddedffee667d586e982b55cc93cfee840dd37016d12c59d332df820ceb90	a34a8c0d20a6b65f8b74b473d6b3f4e0f95874ded9928754301d140f6c0f5ca9
train_clean	train	my_labelme	my_labelme_color_000060.png	my_labelme_color_000060.txt	8	41	443	0	1	59	548.0	361.0	91.0	98.0	6252.0	073bfdb5cf03062b3304cb5db4e1a839a8eb983e86832b7f87658cfb6d56c965	a15d3651852a5aaccf684c5d6886bf5bc45bbba1b0013a86cbf331f0db11b609
train_clean	train	my_labelme	my_labelme_color_000060.png	my_labelme_color_000060.txt	9	41	444	0	1	11	622.0	418.0	13.0	13.0	67.0	b6047a0e50babc3049d8cb948c12d5e0b0bb6de01fc6890c113f4572fb21396d	2a5064cd4020a26981c6ce4ba43a9b8b397060b7dae2128b3a68edc6e0e45eec
train_clean	train	my_labelme	my_labelme_color_000060.png	my_labelme_color_000060.txt	10	41	445	0	1	38	564.0	460.0	49.0	58.0	1877.0	1ef42a56b3da2023cb14380b61b840331dddbd96b5dbbf4d3bb42c5ca3534280	d9eb1e9cf20ead32e90473c5e248ee0387039f4900f17c958961339461d9b554
train_clean	train	my_labelme	my_labelme_color_000060.png	my_labelme_color_000060.txt	11	41	446	0	1	22	705.0	431.0	30.0	25.0	417.0	4bc4a2ae56f00044a8341b9c49845de4d560d6a234e42262d9af00d503b8a89f	2ca167b5a4270076b84608d996062369819136da3f0bf06b1d20a2c91fd39e54
train_clean	train	my_labelme	my_labelme_color_000060.png	my_labelme_color_000060.txt	12	41	447	0	1	18	669.0	453.0	13.0	21.0	104.0	2c849eb4d7d67e82f1ae7786e028bf924e6eb2f81af13332db6cc364d2d62159	eddcdb215be46c014a3f15665d81977d241db9dcbc576c9b9c21e107b80394b4
train_clean	train	my_labelme	my_labelme_color_000060.png	my_labelme_color_000060.txt	13	41	448	0	1	21	562.0	325.0	24.0	34.0	212.0	e8d832bec892f69733fdd426d6f98079bde621eb5c77854630ccf7e42a78134c	bb07d41c9c574e6ee02ecea079abde3d1071b241972f1fe616141264ce8af97c
train_clean	train	my_labelme	my_labelme_color_000064.png	my_labelme_color_000064.txt	1	42	449	0	1	97	536.0	232.0	98.0	94.0	7284.0	540d3762f045e7123015625109f695c141a17b0e491c8bb01c78bca619242c38	b89093dc65be607aad2fed38d8710443caff44a06e1ec455232faa7b692a8454
train_clean	train	my_labelme	my_labelme_color_000064.png	my_labelme_color_000064.txt	2	42	450	0	1	75	676.0	243.0	61.0	108.0	5371.0	69f2a9f1f0ecd89d5204eb6c44f2e746e9c73fd5fdbca5244183a12b1c1cf210	c58b5e76fe143a39df3c68067a42a9fb3406b5d28ffd826dcaa43da8d944a819
train_clean	train	my_labelme	my_labelme_color_000064.png	my_labelme_color_000064.txt	3	42	451	0	1	92	621.0	303.0	72.0	79.0	3660.0	264bf34baa4705675afe20a58d19e3fbe1fc2fedc13ee420070c02108f976575	812f4d92c9bc3674307c58eddebad3b9e0601109abc340bedf67a7d5bf6716a8
train_clean	train	my_labelme	my_labelme_color_000064.png	my_labelme_color_000064.txt	4	42	452	0	1	101	638.0	374.0	84.0	81.0	5286.0	9484633ead2ae4725ec42413441a4aed0b01e3a31e243972a7c0d593c1a90219	f64c38ff836950edcbe7b7771be5b821dfa64dae7d95a81252b02aa4042017e8
train_clean	train	my_labelme	my_labelme_color_000064.png	my_labelme_color_000064.txt	5	42	453	0	1	93	669.0	449.0	85.0	88.0	5819.0	b18750e53c55a248f2195082c730e6a1214682eba73701fb0c89681fecf20391	ddee4d2ec27735ef53855b8be392a5883ac78dbfea3871dc6636085dd7b172f7
train_clean	train	my_labelme	my_labelme_color_000064.png	my_labelme_color_000064.txt	6	42	454	0	1	76	606.0	434.0	64.0	97.0	4948.0	9d77685b8f5862281ddac4323d4143ae989aa2f1a90a7e6ad5ec42a6a468048f	f066d647005cc5710c2edb43f6d62b0b06e1984b4a9194cdabc4b31b137e228f
train_clean	train	my_labelme	my_labelme_color_000064.png	my_labelme_color_000064.txt	7	42	455	0	1	52	624.0	240.0	56.0	60.0	2455.0	19d8e677ed383fff1ce4639936e10cee417fa6be59a3b74d92486ec183ba76b8	9e700f8314551ff8ebff24ac123564350854127ea91df8cf26a7038b7051f9ff
train_clean	train	my_labelme	my_labelme_color_000064.png	my_labelme_color_000064.txt	8	42	456	0	1	71	550.0	367.0	88.0	94.0	4879.0	5ae213a28bf11b7fc2fed1091d3da52338f4b14749e013bb84a2b62debbc0d4c	906fba429a5bd7000ef60542aeb94a0685cd397daac84d37c296db3fa2e05618
train_clean	train	my_labelme	my_labelme_color_000064.png	my_labelme_color_000064.txt	9	42	457	0	1	38	562.0	461.0	53.0	58.0	1851.0	c8437fbaf34435f2fd9dfd7753abddbe801fad22bdba1750f96320725fe1e946	6ac2dc7558b43b0b0eb1a438f5a3cbcd05b6e827df48b7d5273a114fc81d2d9f
train_clean	train	my_labelme	my_labelme_color_000067.png	my_labelme_color_000067.txt	1	43	458	0	1	92	663.0	424.0	75.0	95.0	3808.0	b2e4db1286ab9b76699941518befd2ec7ad1194f9d4541802993638755f8dffd	a5917a11a9cee09403ef52d0bad5ea454ca7908acfc9bb8dc32c69c422c9ad2a
train_clean	train	my_labelme	my_labelme_color_000067.png	my_labelme_color_000067.txt	2	43	459	0	1	93	538.0	432.0	88.0	85.0	5776.0	20dbc4c67ac6a338984f55f56eefa8238298b72b3eb5934f0d109213e952bdcf	4420b4894e1cf253a0701382406deda4f674ad9678a9b8bc563099f3d60351b8
train_clean	train	my_labelme	my_labelme_color_000067.png	my_labelme_color_000067.txt	3	43	460	0	1	44	702.0	391.0	32.0	31.0	752.0	c320d4b71c9ebaf1df388aa59c352b72942419ff151daa4a98952f32f3198086	f1cbeaf4f20eecf008d3349cca234b09554076c7ef12b416f1c8f54f9d042849
train_clean	train	my_labelme	my_labelme_color_000067.png	my_labelme_color_000067.txt	4	43	461	0	1	32	529.0	327.0	92.0	89.0	6348.0	d6d49455f1abd6eddcdbedf5cb049a40fb529e3012ec48dd3f8b5784e27b8a13	3265cca0dd7782304cb558b9aa62e4c5ca2375576d7f6d37a260b851432350ef
train_clean	train	my_labelme	my_labelme_color_000067.png	my_labelme_color_000067.txt	5	43	462	0	1	24	621.0	361.0	33.0	46.0	876.0	1fff47d85859b197fcb4eeb9503916a96fa7f93de73078ec7f9eea2f751850eb	c70c2a8d1083d60a58f7c00340e5f9b58de8845937a4bfe2d4022e62f0f337d9
train_clean	train	my_labelme	my_labelme_color_000067.png	my_labelme_color_000067.txt	6	43	463	0	1	49	541.0	230.0	96.0	101.0	7275.0	783f02086f1fdfd339366a85dcb23c0a08527682a6936d55c951304fb5a69f2c	4c938ed52bd3de81a7784f548cbdd686c7c27f906260a4ce09833d7c7013637e
train_clean	train	my_labelme	my_labelme_color_000067.png	my_labelme_color_000067.txt	7	43	464	0	1	36	625.0	238.0	59.0	60.0	2360.0	5b8e5dede6ad64088d401602551b7ab307e70cea303dddc6f2e877a43d7f771d	d5bc4fb3b87ae76532b85cf6455deeff29aaa4dbe240bfb91c1eb5b35f70f051
train_clean	train	my_labelme	my_labelme_color_000067.png	my_labelme_color_000067.txt	8	43	465	0	1	11	670.0	242.0	11.0	16.0	41.0	db3f1c56a6df68bcbb220d9056ce1fdb2b9c314914867717cf7b9fc511368634	a5791fdec3566c775cf0087bb7453a47be3ca379282fa94d4070932ab81d58fa
train_clean	train	my_labelme	my_labelme_color_000067.png	my_labelme_color_000067.txt	9	43	466	0	1	53	677.0	242.0	61.0	107.0	5105.0	dfb81a4bdf4f304b7f7033ab7c57208db8be3348da4b7161ced3c9a140aad152	d51b7d51681b614d01e76953e533d32d742608aecbc30d4fc0d5cef73b348bf4
train_clean	train	my_labelme	my_labelme_color_000067.png	my_labelme_color_000067.txt	10	43	467	0	1	66	609.0	299.0	86.0	89.0	4213.0	e11cf1d3d862d59d137b6494013891b4e6431b8fcd06271261bc62afa9a074e9	1bf2dfce774e6b895c7f270857f546bd9dd92d54f0dd14b9753b15a40a76e7ca
train_clean	train	my_labelme	my_labelme_color_000067.png	my_labelme_color_000067.txt	11	43	468	0	1	75	630.0	419.0	63.0	91.0	2806.0	1c1aa5fc0ec6a5b5c2c52d3c6dd0099dfd60d0d0b763ed8f014a07e9f1f422c8	9aed6224ad3fcf41213006ee7caf952815aa107c15825bebeffe3a116c53be8c
train_clean	train	roboflow_drago_v1	roboflow_drago_v1_108_jpg.rf.51d22f7b68106c2874f81f6d601b2e82.jpg	roboflow_drago_v1_108_jpg.rf.51d22f7b68106c2874f81f6d601b2e82.txt	1	44	469	0	1	13	188.0	3.0	267.0	630.0	135242.0	e3692860ab62bba2e274d67772566aabe2bd603553ca4a773fd1c87c4410520a	ef9bccd72646e302f04d1955fc2fb751c1c18e9c1727b300158d88c4fa4b9077
train_clean	train	roboflow_drago_v1	roboflow_drago_v1_108_jpg.rf.6bdf4ec338c7927e264e5edc5560acec.jpg	roboflow_drago_v1_108_jpg.rf.6bdf4ec338c7927e264e5edc5560acec.txt	1	45	470	0	1	13	3.0	185.0	630.0	267.0	135225.0	2d340f1f57e2c850e38f664c7008658cb276b626d3bd4d87f9d75380f8728a81	d85d6c158a85560ba2f583a62949fa7d852169c22ed775b74705df38a8f19063
train_clean	train	roboflow_drago_v1	roboflow_drago_v1_116_jpg.rf.c6a769705e749646bf3bebf88a9a0e09.jpg	roboflow_drago_v1_116_jpg.rf.c6a769705e749646bf3bebf88a9a0e09.txt	1	46	471	0	1	18	128.0	162.0	461.0	362.0	131607.0	fcfac3dd5e95830007359e7429ad55b0c1cc6d4ec14cf25b465b439a26f772cd	82a34267b11bfd3cbb53f09281cd58002970546b8bcfd75986f345dbb5f82659
train_clean	train	roboflow_drago_v1	roboflow_drago_v1_118_jpg.rf.2ab1a59ccfa374697ff4683a8a7b9b27.jpg	roboflow_drago_v1_118_jpg.rf.2ab1a59ccfa374697ff4683a8a7b9b27.txt	1	47	472	0	1	20	175.0	211.0	336.0	267.0	68961.0	3fec7bac939a67d2108a7df60de9a19be8128d48c77eb987fd360d2f2fff640f	50f3fda41226b725d5667e182dd128c45b128475585f7d617dfc5ca35b64b4f6
train_clean	train	roboflow_drago_v1	roboflow_drago_v1_119_jpg.rf.7af0e6530d2ec5a258fe31770612a7f9.jpg	roboflow_drago_v1_119_jpg.rf.7af0e6530d2ec5a258fe31770612a7f9.txt	1	48	473	0	1	17	100.0	141.0	442.0	350.0	119416.0	ccaa726350c8eb656a7a6068f7aa7efeb5280b7db1d6b017bd5c8afbb7e78c26	37fed74e46d7c5bc15ad581abe7c9955235025b08a5692efde50dbaa5092606a
train_clean	train	roboflow_drago_v1	roboflow_drago_v1_121_jpg.rf.b6b7a746cd3771e7f7a607ec16997edd.jpg	roboflow_drago_v1_121_jpg.rf.b6b7a746cd3771e7f7a607ec16997edd.txt	1	49	474	0	1	17	285.0	129.0	320.0	242.0	60112.0	29581c1fe3b7b93ef58aaf36dac13eb19763f208cc2cca2195dd0dc57aabdaad	dc74b9a2cd3a1f9b074a571457019dfa4c1f162dc814a9ccfb7f178d205fc9cc
train_clean	train	roboflow_drago_v1	roboflow_drago_v1_121_jpg.rf.b6b7a746cd3771e7f7a607ec16997edd.jpg	roboflow_drago_v1_121_jpg.rf.b6b7a746cd3771e7f7a607ec16997edd.txt	2	49	475	0	1	14	26.0	346.0	340.0	231.0	62210.0	ae7dc7ddb15d472df22455a26e4842f9fda3892ec8019cb260c0e148afd724ca	b26ca7f3128e6728a1c7aa743492be6e60265a0b2b974194a0db1701dd541201
train_clean	train	roboflow_drago_v1	roboflow_drago_v1_136_jpg.rf.2fd1d3fa57e17ddc58b2cb0da14eeb0e.jpg	roboflow_drago_v1_136_jpg.rf.2fd1d3fa57e17ddc58b2cb0da14eeb0e.txt	1	50	476	0	1	13	225.0	284.0	192.0	154.0	22783.0	ba76f631397c2134ace9f4aa90d0b2ef933456a09e2ad8651de0754ec184f51a	64af984ccf61f977f8569fcb4a5be032dadec93889258e9d71ac6930e1a4748a
train_clean	train	roboflow_drago_v1	roboflow_drago_v1_136_jpg.rf.fb2933e8e7bbe1ccc9970c46d0075aa3.jpg	roboflow_drago_v1_136_jpg.rf.fb2933e8e7bbe1ccc9970c46d0075aa3.txt	1	51	477	0	1	13	284.0	223.0	154.0	192.0	22781.0	a8119bbb092ddfef277b63a2036abd7253a7af99afc4ed3b9f786db58e46d89d	bc6a9a992e3a9cd5aadc8af0da62a3924f458e84e37dc3339f0bd8b001d3e00a
train_clean	train	roboflow_drago_v1	roboflow_drago_v1_137_jpg.rf.620c81a7e016943b86a4c039c9baf91b.jpg	roboflow_drago_v1_137_jpg.rf.620c81a7e016943b86a4c039c9baf91b.txt	1	52	478	0	1	18	54.0	120.0	531.0	398.0	172524.0	5d3da60099b19edd4737496f8e43439746316dfc12d4939dd68b26fd8e923bbf	bc146aff2624445223fb2d6ad5b26b7bf09a5f842fd5432bc7d828202797c8bb
train_clean	train	roboflow_drago_v1	roboflow_drago_v1_145_jpg.rf.3c627c3f169ae98b080d588bbd0cccf2.jpg	roboflow_drago_v1_145_jpg.rf.3c627c3f169ae98b080d588bbd0cccf2.txt	1	53	479	0	1	13	189.0	274.0	249.0	317.0	61659.0	280a8a8329fbb2afe62ad127bcd064c3701e750ebd64f1ee51bc7c70cc9fb3ee	84ccb6d42b108adb383d01756f14847237370d3146f885b4f8aa9fe6ceca2887
train_clean	train	roboflow_drago_v1	roboflow_drago_v1_145_jpg.rf.6765900d5306683d3c6c5fd01278efdc.jpg	roboflow_drago_v1_145_jpg.rf.6765900d5306683d3c6c5fd01278efdc.txt	1	54	480	0	1	13	274.0	202.0	317.0	249.0	61646.0	2dbef59cd29f0cb5534159b986302492361654fc72969a6b9b05b58b4548d72f	cf4dfa4217589fe71ed895f759fc6c0701d422928d4b95900b91ba2236021ba2
train_clean	train	roboflow_drago_v1	roboflow_drago_v1_158_jpg.rf.1d133ec0fb57b236d036fdd31a98314e.jpg	roboflow_drago_v1_158_jpg.rf.1d133ec0fb57b236d036fdd31a98314e.txt	1	55	481	0	1	14	65.0	154.0	490.0	317.0	85443.0	8d1d2ce2b50dd28fb0ebbb0456ca739791a0db5cc7fa55c072ecf1f5f62621fb	01c83df5c594604e5a1f93d4f90e693ce4b99a901efad4a74e9a1c11605382d3
train_clean	train	roboflow_drago_v1	roboflow_drago_v1_162_jpg.rf.0937f1501e60988840d9d27abc381e6c.jpg	roboflow_drago_v1_162_jpg.rf.0937f1501e60988840d9d27abc381e6c.txt	1	56	482	0	1	17	114.0	151.0	418.0	331.0	106678.0	285171606b4ff48b45a6b2aed5bf54148edd3270f3b0375aa95e7190f7c4aa7f	1ef75de304c6d9038efb2f98a4c28799006c77a93d0c583098f931f867a992d0
train_clean	train	roboflow_drago_v1	roboflow_drago_v1_164_jpg.rf.9a5b54601617698f6ee46e39a8ad4af7.jpg	roboflow_drago_v1_164_jpg.rf.9a5b54601617698f6ee46e39a8ad4af7.txt	1	57	483	0	1	12	325.0	292.0	217.0	157.0	26507.0	14e3e1daebe0a231674f28ad00218e9181c54b44940de1e55302c312cc880276	79288150495a6c3bd2ddb4dace01d6d029c3111b6523e5cc4fc4a8fd67b7f7dd
train_clean	train	roboflow_drago_v1	roboflow_drago_v1_165_jpg.rf.04fa8f509fe0a6d588077645b4c979be.jpg	roboflow_drago_v1_165_jpg.rf.04fa8f509fe0a6d588077645b4c979be.txt	1	58	484	0	1	9	195.0	310.0	151.0	142.0	15270.0	f5db1fb9f895f2e1cac07dd4d10b043740f0d7b164f2161de6f478587ef4dd35	f64e542eebba015bda722d0be9872f58b8e1661e8e3c32453a0f3f4cddc82afe
train_clean	train	roboflow_drago_v1	roboflow_drago_v1_165_jpg.rf.8f16844591050283077fa3e433f66838.jpg	roboflow_drago_v1_165_jpg.rf.8f16844591050283077fa3e433f66838.txt	1	59	485	0	1	9	310.0	294.0	142.0	151.0	15267.0	620a6588dbcefdf0b00964faf32f7b26822f5f55488166a35b952502e6272c7b	a10a92b7190c5e3836ff0dd47b8401fb8739bb192bfbfe3477d8131339633cdb
train_clean	train	roboflow_drago_v1	roboflow_drago_v1_167_jpg.rf.19d3e9f777cbcd02263bfc3fa200916b.jpg	roboflow_drago_v1_167_jpg.rf.19d3e9f777cbcd02263bfc3fa200916b.txt	1	60	486	0	1	17	154.0	246.0	341.0	192.0	46985.0	9551bc439c4173e774c24b212ad9f92e8404f79766b6e5420a1415c5e07e7976	cebd42987767c7a4dc7e2e7cd7ea3f7121cf347617d58e6aa3aca32ef9b6bc6a
train_clean	train	roboflow_drago_v1	roboflow_drago_v1_168_jpg.rf.01888e227526f72971462297ddb1c750.jpg	roboflow_drago_v1_168_jpg.rf.01888e227526f72971462297ddb1c750.txt	1	61	487	0	1	15	275.0	202.0	316.0	246.0	61557.0	c6e2dc594d39a1a6f95e2dc9a40f47654d951a2cd6deed27939c69d722e15d6a	275dc428a963b1e7f153ff48a481435e37ffdd76347b4ac3633ef73a7bbc02ea
train_clean	train	roboflow_drago_v1	roboflow_drago_v1_168_jpg.rf.9d87ddc1a4d8a51929316d6397d4da36.jpg	roboflow_drago_v1_168_jpg.rf.9d87ddc1a4d8a51929316d6397d4da36.txt	1	62	488	0	1	15	192.0	275.0	246.0	316.0	61546.0	d8d0aef21a9713bcbcb3f4ce0fbda05d398ef4c2a318b059b1c474d6790afb4d	5677c20db922ea9946523027f96a8213cf4bddc657a26a17b658bd42bfad020d
train_clean	train	roboflow_drago_v1	roboflow_drago_v1_169_jpg.rf.1c6ef8a41ce5193901d9867d8a150062.jpg	roboflow_drago_v1_169_jpg.rf.1c6ef8a41ce5193901d9867d8a150062.txt	1	63	489	0	1	15	245.0	358.0	194.0	224.0	32430.0	e6f715cb1781835be62faaafee4736e6b303a045c0bf6bcdb7e403649f034ba2	cc38fb407a0aec63f1501e3b35b590538dbbcd8019fb8780d8da08c9a6dc47df
train_clean	train	roboflow_drago_v1	roboflow_drago_v1_169_jpg.rf.1c6ef8a41ce5193901d9867d8a150062.jpg	roboflow_drago_v1_169_jpg.rf.1c6ef8a41ce5193901d9867d8a150062.txt	2	63	490	0	1	13	278.0	57.0	166.0	212.0	26563.0	39427252fd6a52902ff6d94167b9720c0a1bed43793ec70c1c2b81c2b3151be4	0f8771385a4257e658164eced61941995c904ae739ad010141d77905e7148818
train_clean	train	roboflow_drago_v1	roboflow_drago_v1_169_jpg.rf.513794fe995c292f3fbb20e9e559c53f.jpg	roboflow_drago_v1_169_jpg.rf.513794fe995c292f3fbb20e9e559c53f.txt	1	64	491	0	1	15	58.0	245.0	224.0	194.0	32429.0	43d114ab28588c35a1211ebb29794d3d09f59b18b209ced4d50fdc1bc8f11252	64e02174b9aca91d65001223774133a429fc77a3f9ed95c3c3b3a5b64c081056
train_clean	train	roboflow_drago_v1	roboflow_drago_v1_169_jpg.rf.513794fe995c292f3fbb20e9e559c53f.jpg	roboflow_drago_v1_169_jpg.rf.513794fe995c292f3fbb20e9e559c53f.txt	2	64	492	0	1	13	371.0	278.0	212.0	166.0	26565.0	f9e891ae3c4c15ec91907d04f9a9ac57b00104286b054f8534d1496b855fec4b	16c46e80ccd5a5df5dd38aeac79915b803acc7f500551d41858e8cdfccb3ac46
train_clean	train	roboflow_drago_v1	roboflow_drago_v1_170_jpg.rf.d726b116045f93e1b9cf3cba4595d163.jpg	roboflow_drago_v1_170_jpg.rf.d726b116045f93e1b9cf3cba4595d163.txt	1	65	493	0	1	25	152.0	168.0	317.0	325.0	71748.0	36e34870075fd85f8766180ed31a4243da74fcdb62bf17ce7902cbcdc9cd704b	1aaf58b5d0cb8562717286a940ca1637d72b1432945c6fec46d06bcef55299c6
train_clean	train	roboflow_drago_v1	roboflow_drago_v1_171_jpg.rf.c9f1b4d4b610c7fe46702a930608892c.jpg	roboflow_drago_v1_171_jpg.rf.c9f1b4d4b610c7fe46702a930608892c.txt	1	66	494	0	1	25	134.0	212.0	329.0	277.0	65590.0	dc257195e6f65e9b1d04ee9a16c038badce256a948969b7871a1fb6173bc55ac	9727f575058b76246843a8f0a6379fa14e0daf55a98d5edabf982dd6d30f3b66
train_clean	train	roboflow_drago_v1	roboflow_drago_v1_174_jpg.rf.a54ebd3a5839b0beed895b943d578a2d.jpg	roboflow_drago_v1_174_jpg.rf.a54ebd3a5839b0beed895b943d578a2d.txt	1	67	495	0	1	7	0.0	284.0	65.0	64.0	3451.0	3e1c7504887d6285bf87f3a3344d8aecc1db4ad84aca90288ecfd8f7de800d17	20f38b879f734bc0c458940f16e7b4115aec3e3d5b9ca5739d79ea938cb2943d
train_clean	train	roboflow_drago_v1	roboflow_drago_v1_174_jpg.rf.a54ebd3a5839b0beed895b943d578a2d.jpg	roboflow_drago_v1_174_jpg.rf.a54ebd3a5839b0beed895b943d578a2d.txt	2	67	496	0	1	9	62.0	276.0	128.0	87.0	5309.0	80e123cb898c87a8e70a9f31c0c8fca420a6f606c404213001dc34347a5ee3a3	6583cdf674fac14b3f37304315fc64767e3290b50c71ebab618857880734f48b
train_clean	train	roboflow_drago_v1	roboflow_drago_v1_174_jpg.rf.a54ebd3a5839b0beed895b943d578a2d.jpg	roboflow_drago_v1_174_jpg.rf.a54ebd3a5839b0beed895b943d578a2d.txt	3	67	497	0	1	11	109.0	288.0	253.0	144.0	25771.0	e2b63ce428dfff3acc0bdafe5782bf376b4ebdb323296fb63fd14155823796ce	4e270aa5ed76d4758b2c41c2da5310a43d03354b9ef46862d12b23ac99365d40
train_clean	train	roboflow_drago_v1	roboflow_drago_v1_175_jpg.rf.ae9af188f2c283adb21924ad2ad121f0.jpg	roboflow_drago_v1_175_jpg.rf.ae9af188f2c283adb21924ad2ad121f0.txt	1	68	498	0	1	16	145.0	211.0	338.0	237.0	61245.0	ccc05b1643fe4e845505a9787dbf57d346d8354580a8cd2d11b342efb8f028d8	f0840ae64d8c20dacae820d71a7e748a578e8975b401d332b16eb9e45bf8fd1e
train_clean	train	roboflow_drago_v1	roboflow_drago_v1_177_jpg.rf.b53a89e61dd1cc59e727d9bdbd832539.jpg	roboflow_drago_v1_177_jpg.rf.b53a89e61dd1cc59e727d9bdbd832539.txt	1	69	499	0	1	26	2.0	188.0	419.0	309.0	79893.0	ff861c3c02b3d12341f50c6c2d63414e0c3ff5650f6851aa71641d1da87f8212	fb598792f8d2b20d9c3de0cc2d1176b29922743ecdd9bded7837afe9762491dd
train_clean	train	roboflow_drago_v1	roboflow_drago_v1_182_jpg.rf.fb7f9134e928d22d7d854054c0721c46.jpg	roboflow_drago_v1_182_jpg.rf.fb7f9134e928d22d7d854054c0721c46.txt	1	70	500	0	1	17	112.0	96.0	416.0	443.0	146213.0	c1c166f4fa38df3e53b2f4c29e1727b3d4c8001c5744583a0e4b20d7437eb2e9	b71093cea8dfb5055ddc0b09758981b45d9b35c1348a9fd49a9a667fbb4ad1a3
train_clean	train	roboflow_drago_v1	roboflow_drago_v1_183_jpg.rf.4c3a679ea6e2c464b4dfe8ca9911caeb.jpg	roboflow_drago_v1_183_jpg.rf.4c3a679ea6e2c464b4dfe8ca9911caeb.txt	1	71	501	0	1	17	82.0	96.0	481.0	447.0	170144.0	78ac828e815ec32043d6c6d297aad0652c07cc71fd2add816ed73a01d97491ed	0b11e7fd054d22df74f4e770a6e72c2097e3f6b91c9a65ebbe2565bdf11027a7
train_clean	train	roboflow_drago_v1	roboflow_drago_v1_183_jpg.rf.79def08c1923831d561858cf2a0d0f3f.jpg	roboflow_drago_v1_183_jpg.rf.79def08c1923831d561858cf2a0d0f3f.txt	1	72	502	0	1	17	97.0	82.0	447.0	481.0	170150.0	55c2557e4a3842629090d0a0911f6b1bbf6891039fded561793308da23534a0a	96b4901c3e85d8cdf91ef52ef12785fe1b88c9949f07a317ea555ffbe8443255
train_clean	train	roboflow_drago_v1	roboflow_drago_v1_185_jpg.rf.2e41762dd375f2705233d3b85aafdda3.jpg	roboflow_drago_v1_185_jpg.rf.2e41762dd375f2705233d3b85aafdda3.txt	1	73	503	0	1	14	215.0	218.0	217.0	203.0	33478.0	be091bb023a2a630d1ebdedc15c545e9a5c37c16976b92810bc6a23c51a2b530	7982be83c4f0ce148df3d9150cdd10050990493a665e9a5be45dc8aa77f7224a
train_clean	train	roboflow_drago_v1	roboflow_drago_v1_185_jpg.rf.5b9585bcf742ee186bbeb0fa8c013d0a.jpg	roboflow_drago_v1_185_jpg.rf.5b9585bcf742ee186bbeb0fa8c013d0a.txt	1	74	504	0	1	14	219.0	215.0	203.0	217.0	33481.0	f23fbc42f77f7b46485c1c4e7cdb519d5c11c4a95e1f923d186042d746e6d75a	c1640c691d2e5b498038397dba764781b31d1a288603b1e3234fb6b9c9137688
train_clean	train	roboflow_drago_v1	roboflow_drago_v1_198_jpg.rf.4ea0ef38339f8e580707d86a09384887.jpg	roboflow_drago_v1_198_jpg.rf.4ea0ef38339f8e580707d86a09384887.txt	1	75	505	0	1	19	6.0	81.0	626.0	476.0	238276.0	83f86886fe11a25c8e533e2aee8e659eb6fc4a5272cc9ea3081d70bfb82ee31b	aeabdc47e51bb48a16e18f0cc8854e7dda897575b0c277e27377246ebb232644
train_clean	train	roboflow_drago_v1	roboflow_drago_v1_198_jpg.rf.b4f79bdac26a704ab9204dace09bf72c.jpg	roboflow_drago_v1_198_jpg.rf.b4f79bdac26a704ab9204dace09bf72c.txt	1	76	506	0	1	19	81.0	8.0	476.0	626.0	238278.0	74d8af302298c805831e69986640c0d328e4e6e00263050f62b80567d25a47c2	4edde66cd8807c117576ad271140248963a285e539f93ceecfeff9dedd475c0f
train_clean	train	roboflow_drago_v1	roboflow_drago_v1_205_jpg.rf.d8e04ad288f98807587a8eae847e3ded.jpg	roboflow_drago_v1_205_jpg.rf.d8e04ad288f98807587a8eae847e3ded.txt	1	77	507	0	1	17	100.0	172.0	446.0	326.0	117486.0	4d13392ac0e122fc513da04dcfd16553816598b4150e50f70ef69a90e0aa247b	d044ed899843019dc1e8452773ed8eaff091aa84dc4e515031fa61bf90f4954e
train_clean	train	roboflow_drago_v1	roboflow_drago_v1_209_jpg.rf.5d6b9bc0de55d3066b5dee9d29de907b.jpg	roboflow_drago_v1_209_jpg.rf.5d6b9bc0de55d3066b5dee9d29de907b.txt	1	78	508	0	1	38	5.0	125.0	592.0	428.0	219226.0	c008cef6063646a0df901a53f8578c0a95ef189ce028ad80995e1c5b142373cc	de4043dacd78366227094db7d171fef9fd9f8d372468d061cf238f442a96f69f
train_clean	train	roboflow_drago_v1	roboflow_drago_v1_209_jpg.rf.5d6b9bc0de55d3066b5dee9d29de907b.jpg	roboflow_drago_v1_209_jpg.rf.5d6b9bc0de55d3066b5dee9d29de907b.txt	2	78	509	0	1	18	48.0	122.0	546.0	389.0	168436.0	fd186b52631642713c40aa454666421e3a835f0b524c0d5d7f68a2205c35ec9e	e90bd6ff0bcd895487898858c054cc0dd128300a4a7d2e04d408578f48a0370a
train_clean	train	roboflow_drago_v1	roboflow_drago_v1_211_jpg.rf.345eb25809a1537287ac8348d461c93b.jpg	roboflow_drago_v1_211_jpg.rf.345eb25809a1537287ac8348d461c93b.txt	1	79	510	0	1	17	109.0	18.0	421.0	602.0	197502.0	8c80b1ccbbdb1a0b40d074c5cb7b4d1df9f487cbd0cd24405e156b43eb78b26f	c2328ddf4c76efc4ad54c70c34a59d78058ffd586fc8cac9a25b8778cc9b59a0
train_clean	train	roboflow_drago_v1	roboflow_drago_v1_211_jpg.rf.35fdbfe55872c75211530ded80d0f980.jpg	roboflow_drago_v1_211_jpg.rf.35fdbfe55872c75211530ded80d0f980.txt	1	80	511	0	1	17	18.0	110.0	602.0	421.0	197493.0	227699b48c7aa71278e99980b6d51e14a524208f507bd32864ef49e4eed39dd1	08472bc1558ad65f44a318a53e8c03bfd122e1aaf9989de2263b7b2b758251d2
train_clean	train	roboflow_drago_v1	roboflow_drago_v1_214_jpg.rf.f7d5c9257431f46686bdb081298dd347.jpg	roboflow_drago_v1_214_jpg.rf.f7d5c9257431f46686bdb081298dd347.txt	1	81	512	0	1	7	8.0	370.0	298.0	161.0	27430.0	b44b5e63cba402b5dd8de4f4ff047a531c0604f1daf7a7ec6461e6ee9218a06e	57c674ebb1f11c8034d2710bf57f30844ba41be510aaee788f1264f16ab81583
train_clean	train	roboflow_drago_v1	roboflow_drago_v1_214_jpg.rf.f7d5c9257431f46686bdb081298dd347.jpg	roboflow_drago_v1_214_jpg.rf.f7d5c9257431f46686bdb081298dd347.txt	2	81	513	0	1	20	218.0	96.0	416.0	403.0	119196.0	d1b424835f3cc6333cf64d14a2e5ad0b93c1eb1529eccf3d2015957d87a57edf	04a7ee419691430a92bcbbb90a3f99d041bc41eee83fe2af219f2592999f7964
train_clean	train	roboflow_drago_v1	roboflow_drago_v1_216_jpg.rf.09b6e4a0c225259133775c9f2e1ab474.jpg	roboflow_drago_v1_216_jpg.rf.09b6e4a0c225259133775c9f2e1ab474.txt	1	82	514	0	1	36	102.0	142.0	400.0	366.0	109807.0	e9b50f5a3cfe666e5d840eaea8583d96ad0d901341a1ba6c6ca25206c089b98c	89989b2ee4816af83c1a74dc74deff3c2b9cd2c19e929666c3e5c94976bf7d51
train_clean	train	roboflow_drago_v1	roboflow_drago_v1_217_jpg.rf.5d05b3f8fdc7a38c6a611de3cca2ab9d.jpg	roboflow_drago_v1_217_jpg.rf.5d05b3f8fdc7a38c6a611de3cca2ab9d.txt	1	83	515	0	1	19	246.0	215.0	246.0	193.0	37151.0	0bf9d543558a3671cfe2f0efbf505bd0f5b3225ac8119d2116168217ce3ab0db	0a756edf497316d429b11431e6864e1abe62ede2c722c8f40aed4b3456244854
train_clean	train	roboflow_drago_v1	roboflow_drago_v1_217_jpg.rf.a7c85463103b0820ff778fe4ec3cf8a4.jpg	roboflow_drago_v1_217_jpg.rf.a7c85463103b0820ff778fe4ec3cf8a4.txt	1	84	516	0	1	19	215.0	148.0	193.0	246.0	37151.0	a56765d1303843e1c21499e983124d022516b4f4a00d8b42935f179f415e1eac	3ac19f6c3ddf46b2b53d722271db3c5dfbda2b67c122462bd603084b91605ac1
train_clean	train	roboflow_drago_v1	roboflow_drago_v1_21_jpg.rf.947b7681f6e2bba91f607d631c303ef2.jpg	roboflow_drago_v1_21_jpg.rf.947b7681f6e2bba91f607d631c303ef2.txt	1	85	517	0	1	9	93.0	2.0	171.0	289.0	31403.0	51491cf8e822719be032298941c0632322649323641a23bca54f965dfad544f8	e367c950b7e9a5be442d69983861c33a5b4025f63c39e2a22d39df42b26b1bcd
train_clean	train	roboflow_drago_v1	roboflow_drago_v1_21_jpg.rf.947b7681f6e2bba91f607d631c303ef2.jpg	roboflow_drago_v1_21_jpg.rf.947b7681f6e2bba91f607d631c303ef2.txt	2	85	518	0	1	21	126.0	194.0	430.0	441.0	135851.0	cf4b7b753ddeb8e9560fa3fc732c12b44b8a047258969e849c87508e5f850b3b	edcba0829c2febef1656f8502753c4830cffb1374fec666963269d057b2c8c6d
train_clean	train	roboflow_drago_v1	roboflow_drago_v1_21_jpg.rf.963a251753b2af7113c47287e2c746bc.jpg	roboflow_drago_v1_21_jpg.rf.963a251753b2af7113c47287e2c746bc.txt	1	86	519	0	1	9	2.0	376.0	289.0	171.0	31413.0	bb6bdef1cdbf9d33592027b9a684884933e64dfcb34f44263b6a53737363104b	14f531afd6d8d79325ce428924d625c00cdcf05f4cb73e36740032ae8323285f
train_clean	train	roboflow_drago_v1	roboflow_drago_v1_21_jpg.rf.963a251753b2af7113c47287e2c746bc.jpg	roboflow_drago_v1_21_jpg.rf.963a251753b2af7113c47287e2c746bc.txt	2	86	520	0	1	21	194.0	84.0	441.0	430.0	135852.0	c2de828a1639ba804ee58a8028b4ccc09663a190216067f15501f8f1a8860204	f0fc4f6419444e443f914571939ba016466c8db0c1240cd592bb636ebbaf65d8
train_clean	train	roboflow_drago_v1	roboflow_drago_v1_21_jpg.rf.ea476f2d6aa8c90b9df0ae377a4ccb9d.jpg	roboflow_drago_v1_21_jpg.rf.ea476f2d6aa8c90b9df0ae377a4ccb9d.txt	1	87	521	0	1	9	376.0	349.0	171.0	289.0	31400.0	18e6355ce64efb5cdcf83ef0a46f73356ec2e8dceeb704ea576cf63fe4c6931d	63f7f9147d961b4d3c90052d883328611231048893df01f302ed4f9b1e091e91
train_clean	train	roboflow_drago_v1	roboflow_drago_v1_21_jpg.rf.ea476f2d6aa8c90b9df0ae377a4ccb9d.jpg	roboflow_drago_v1_21_jpg.rf.ea476f2d6aa8c90b9df0ae377a4ccb9d.txt	2	87	522	0	1	21	84.0	5.0	430.0	441.0	135851.0	f7bc8981edf177294bed752dab51c2ac7a39a631c3b42010b0dfdf0642326f0e	4b7f22bf970d7d7a2a1fb267cce691f11b42534aded7e92d51bd141453648644
train_clean	train	roboflow_drago_v1	roboflow_drago_v1_220_jpg.rf.0699d63e4e4246e13f14f931f0ff3701.jpg	roboflow_drago_v1_220_jpg.rf.0699d63e4e4246e13f14f931f0ff3701.txt	1	88	523	0	1	10	357.0	296.0	163.0	134.0	16087.0	2451894d55b02ca7cbf51915d28f6bbce672e681751af80c99b14dc50028a66d	81f516828ddba6831c3f04cd9c632c7f7b98075ea0acb47b092ca658619df4e6
train_clean	train	roboflow_drago_v1	roboflow_drago_v1_220_jpg.rf.d4ae3ba1df19d69bb84ab1d969cad268.jpg	roboflow_drago_v1_220_jpg.rf.d4ae3ba1df19d69bb84ab1d969cad268.txt	1	89	524	0	1	10	296.0	120.0	134.0	163.0	16090.0	2fef90ce7650bf215b8deb62cec253e2040fad18c87347f65e31d1e2e674d8e2	4507a2e26bfc9ab3129a310149fd67c1e59089ea8bc40950dde0b5857edd17d3
train_clean	train	roboflow_drago_v1	roboflow_drago_v1_221_jpg.rf.6339745d5d5c298c984d45a581e9cdc2.jpg	roboflow_drago_v1_221_jpg.rf.6339745d5d5c298c984d45a581e9cdc2.txt	1	90	525	0	1	32	191.0	128.0	244.0	340.0	66229.0	148befbd5016f2a2511517c9f8ca9d33c4b8a0d15c77087057202ce21b3940a9	26aad33d5f4760e9d31ba5415ca9d868b26592851589a349317e38eba0cc8753
train_clean	train	roboflow_drago_v1	roboflow_drago_v1_221_jpg.rf.c02995a27e1c04d1ca4c879f06055c79.jpg	roboflow_drago_v1_221_jpg.rf.c02995a27e1c04d1ca4c879f06055c79.txt	1	91	526	0	1	32	128.0	205.0	340.0	244.0	66232.0	00c05cc3284929c92e1e8d6736fd262cb9db49a4e07e10dc8d37e2d10998e9dc	b4b7a82a7ed77664e7b50f3eb624ba3a18a7025e495412d623b6e22efcdccbd3
train_clean	train	roboflow_drago_v1	roboflow_drago_v1_225_jpg.rf.2a11fbde92c1ec988f6a2625437b562e.jpg	roboflow_drago_v1_225_jpg.rf.2a11fbde92c1ec988f6a2625437b562e.txt	1	92	527	0	1	13	98.0	142.0	191.0	256.0	36690.0	4843aecba3c9726e0d7af10633a014d43c5ddac13ec65fd7a4cd54a29ccbd51f	571df6e077ddb96f0de48e9f9332447425852d441973e6f8ca2541dbd8107ade
train_clean	train	roboflow_drago_v1	roboflow_drago_v1_225_jpg.rf.62f2eb0432e0615a3444796ebcd530b5.jpg	roboflow_drago_v1_225_jpg.rf.62f2eb0432e0615a3444796ebcd530b5.txt	1	93	528	0	1	13	142.0	351.0	256.0	191.0	36687.0	610d21573a4ff56d3ef64e6b8200f8de5b2d121359fe85da71278e73f392ada6	b0ce44eb480c75f06f828f84930705fb5674ef832700b7ae1afb11978cad6af8
train_clean	train	roboflow_drago_v1	roboflow_drago_v1_226_jpg.rf.071bb548b4cbb258892218bf58c051ac.jpg	roboflow_drago_v1_226_jpg.rf.071bb548b4cbb258892218bf58c051ac.txt	1	94	529	0	1	16	192.0	274.0	246.0	315.0	62138.0	ff6c8007897df85eb85f80ce0bd26d33a58f1a8c05a0fdb5fd2f85fa7215c05f	b87603eaaec2aff7c1170891045f707b3130ac7e7ff107c16e31527b6cb83e19
train_clean	train	roboflow_drago_v1	roboflow_drago_v1_226_jpg.rf.7f5c91d532c83b1bcec09ffe1d8278be.jpg	roboflow_drago_v1_226_jpg.rf.7f5c91d532c83b1bcec09ffe1d8278be.txt	1	95	530	0	1	16	274.0	202.0	315.0	246.0	62140.0	b2f050dab6a9dca0223e357b11a5bc3d780828f9e0b1796fdced78b1153adc52	065a418a505f28745ba41ab282df5458518fd07a4754d776302471b1db55630e
train_clean	train	roboflow_drago_v1	roboflow_drago_v1_229_jpg.rf.068fe78e8d0c8ef48fc5f92d20f118f1.jpg	roboflow_drago_v1_229_jpg.rf.068fe78e8d0c8ef48fc5f92d20f118f1.txt	1	96	531	0	1	16	202.0	249.0	235.0	192.0	34284.0	a42e21733d0ead9a35963a44bdf8babe65e8daf64532de46f4537df1e9da74ec	dde4e4e940b96cfe09700094a14ea0f7b92d655e8e02f04e5d88d85c3c68d698
train_clean	train	roboflow_drago_v1	roboflow_drago_v1_235_jpg.rf.4336c1ca60a9e03c8d65471308be0824.jpg	roboflow_drago_v1_235_jpg.rf.4336c1ca60a9e03c8d65471308be0824.txt	1	97	532	0	1	17	151.0	180.0	346.0	297.0	81171.0	4aaddc5edad3e58e847d7fc4907ff98d6bae6ebeb19091a2d3da17c15f3dd5b0	3c5e57afe770581c9954161585ddb39ae4dcfd21f58e71b2bc3e53deb5aaf21c
train_clean	train	roboflow_drago_v1	roboflow_drago_v1_235_jpg.rf.74d17ae21510f27c8b196a724d0395cd.jpg	roboflow_drago_v1_235_jpg.rf.74d17ae21510f27c8b196a724d0395cd.txt	1	98	533	0	1	17	163.0	151.0	297.0	346.0	81172.0	4831ebb1b0e5efb7b1a947163a34b63e7380ac9b75113f8188c730bc89ee9d92	d65c886c4fe0bbf81b0bef0ff2eaba5064ff8b504677b22ee3f64cf6cb5ace7b
train_clean	train	roboflow_drago_v1	roboflow_drago_v1_235_jpg.rf.7d110ab058fca80a166bb784b703b114.jpg	roboflow_drago_v1_235_jpg.rf.7d110ab058fca80a166bb784b703b114.txt	1	99	534	0	1	17	180.0	143.0	297.0	346.0	81172.0	c99f4804836bd38a4c303d1bf821ea6c6841c12500982e04ab428743345eab21	50ef72eda0e2987e2452ae72be7385b220e071cb49ccf6019a1f0231fecf9363
train_clean	train	roboflow_drago_v1	roboflow_drago_v1_236_jpg.rf.0c79066f9b3a31c4fb79f541f1c870b9.jpg	roboflow_drago_v1_236_jpg.rf.0c79066f9b3a31c4fb79f541f1c870b9.txt	1	100	535	0	1	17	201.0	162.0	257.0	318.0	65300.0	6d42501047bdada14f57395a991f0d0c379f6f7343c13c8a3c86e2ae8b0e0c53	ff03b7e34bed4856cf0e0297f75694a75142905e658c256d15fd019d14d2c9a7
train_clean	train	roboflow_drago_v1	roboflow_drago_v1_236_jpg.rf.47a0e733480ee8ee3910529f382e0505.jpg	roboflow_drago_v1_236_jpg.rf.47a0e733480ee8ee3910529f382e0505.txt	1	101	536	0	1	17	160.0	201.0	318.0	257.0	65303.0	54c246273dc1f31d46c12da260bef9018b6c842b2657a177ef4c7f761b804413	726d05c84abb53382bcb2d069446120f090fcf0c2dad8fa96ef5c1339e704685
train_clean	train	roboflow_drago_v1	roboflow_drago_v1_237_jpg.rf.20f2a58ade06d43ffadbe8f5d0df81c2.jpg	roboflow_drago_v1_237_jpg.rf.20f2a58ade06d43ffadbe8f5d0df81c2.txt	1	102	537	0	1	17	112.0	159.0	426.0	324.0	109695.0	b57542dd1d1271e328dd6a891689d0c5d94877ca3a439de34bd59701736d10fb	fa3e455999a66cc61177bca234249891802cce077adf361824fd7e6dbba0c568
train_clean	train	roboflow_drago_v1	roboflow_drago_v1_240_jpg.rf.56087491c8099ae2077699f559c960ff.jpg	roboflow_drago_v1_240_jpg.rf.56087491c8099ae2077699f559c960ff.txt	1	103	538	0	1	17	103.0	124.0	435.0	368.0	124675.0	3f223b97ba8342ac5b7af0e84ba96f73c7916e3d430281ac6f11f4eec7038a6a	66e3e234365be3c25e3c4b4694deaaffdf18e728be8a412d32f9a031eeca0698
train_clean	train	roboflow_drago_v1	roboflow_drago_v1_24_jpg.rf.139ebe062363aa59942e22d43ec3aac1.jpg	roboflow_drago_v1_24_jpg.rf.139ebe062363aa59942e22d43ec3aac1.txt	1	104	539	0	1	13	5.0	196.0	630.0	246.0	117464.0	24678b1ab0f9cbe49870899ef5ec855e97e5025439551c297c431effb4dff458	d902a4d245abab32de30eec557dd048f74ac956367ff5385b793a2c00a920ca5
train_clean	train	roboflow_drago_v1	roboflow_drago_v1_24_jpg.rf.de5f080bb7f3e7eea9fd3ec23d670d01.jpg	roboflow_drago_v1_24_jpg.rf.de5f080bb7f3e7eea9fd3ec23d670d01.txt	1	105	540	0	1	13	196.0	5.0	246.0	630.0	117500.0	4ae8eba9adb6ae2c555e36b8cfa529386889a190d02bd793723023016aa2b5d3	1f7d5743ab1801c28c9fd95f86fdfcd081d3fe8bf607a467a5165ab0d646eab7
train_clean	train	roboflow_drago_v1	roboflow_drago_v1_250_jpg.rf.85bda60ee16db8e4e366bf4932ae0fd4.jpg	roboflow_drago_v1_250_jpg.rf.85bda60ee16db8e4e366bf4932ae0fd4.txt	1	106	541	0	1	13	262.0	300.0	161.0	114.0	13477.0	46b5ec92a8516fd5bce551a87f7cbeb679c80ab26434c4690682fdd7ecfcba0a	804adb0925bd68a265a86b9c13430a191e059cd1054dd28d8a713e714562315b
train_clean	train	roboflow_drago_v1	roboflow_drago_v1_258_jpg.rf.4dc05e7a2af03b3b74352eb94352888a.jpg	roboflow_drago_v1_258_jpg.rf.4dc05e7a2af03b3b74352eb94352888a.txt	1	107	542	0	1	14	206.0	129.0	236.0	279.0	54973.0	a600e6c9bcd5ef2f8604d9aec0cd2a718f6375a11dfa49e8407208422837eaad	92615e8287eacc719000f31e73b55fa1c0ca33a7f001616be1b5af9ab0c54a5a
train_clean	train	roboflow_drago_v1	roboflow_drago_v1_258_jpg.rf.b3f80cd7ada3ab0061cef8d91f34b35f.jpg	roboflow_drago_v1_258_jpg.rf.b3f80cd7ada3ab0061cef8d91f34b35f.txt	1	108	543	0	1	14	198.0	232.0	236.0	279.0	54981.0	74bf081c97dc3ae8427817b2f9a6c874bc8f31e1e72d704c703506819c5a7228	93cb580672b67a6852f1607ef3a279c293c62e3d4656c0cfaa3ebb1bade9dfec
train_clean	train	roboflow_drago_v1	roboflow_drago_v1_258_jpg.rf.e7b49e6c18d762bf45b00efd303defba.jpg	roboflow_drago_v1_258_jpg.rf.e7b49e6c18d762bf45b00efd303defba.txt	1	109	544	0	1	14	129.0	198.0	279.0	236.0	54974.0	50d19e033b90245c581d73918ddef4f2491106e7407727c2bc3f7702b638b1fc	1874d5fece324256115fb75d7d2fb899f1ea2e0f0e54da2376f2a50065365457
train_clean	train	roboflow_drago_v1	roboflow_drago_v1_263_jpg.rf.10acbd736f101369086eb2196cb8471d.jpg	roboflow_drago_v1_263_jpg.rf.10acbd736f101369086eb2196cb8471d.txt	1	110	545	0	1	21	60.0	18.0	512.0	604.0	236338.0	9ba03f7ebd08745e5ffb2e0de18faf6cfe445f7959264ab6c3bd197e9e3da7ca	b19c986951a242dea7d0d6d13835677f261ae72f2ba2c02fe3192ec0b427e286
train_clean	train	roboflow_drago_v1	roboflow_drago_v1_263_jpg.rf.7cd3c6c1124f28a1ce6011c153913c16.jpg	roboflow_drago_v1_263_jpg.rf.7cd3c6c1124f28a1ce6011c153913c16.txt	1	111	546	0	1	21	68.0	18.0	512.0	604.0	236336.0	56576b80ae365a9d523f5f3c0b1ad1e403336ff43fe87f285fb84da4d311775d	17f6970c9c19fdc0a31f89cac23d78d596438cca3fe7aed47cb64bdf1f446799
train_clean	train	roboflow_drago_v1	roboflow_drago_v1_263_jpg.rf.fab5170a2516368430e21afdd3616dda.jpg	roboflow_drago_v1_263_jpg.rf.fab5170a2516368430e21afdd3616dda.txt	1	112	547	0	1	21	18.0	60.0	604.0	512.0	236339.0	e75b212a5a2f1110bbd282245ee7854e013686f87ff37949712893829110b74d	306c07b53e434ba1a282c7c4628ff1c86ed1ea2a3e33582376e4468a994f9d7f
train_clean	train	roboflow_drago_v1	roboflow_drago_v1_265_jpg.rf.50657aaeb5a8d8aafa457ac0e92cd3b7.jpg	roboflow_drago_v1_265_jpg.rf.50657aaeb5a8d8aafa457ac0e92cd3b7.txt	1	113	548	0	1	15	218.0	172.0	191.0	279.0	41905.0	df65d4a2e9141e4ed1291f387e3cf842999783a8e428d8ec178b041cfd94ee6c	ca8332e42eac98259e231075b14e9922ad73649b57dfc64a90020a3aabe6289d
train_clean	train	roboflow_drago_v1	roboflow_drago_v1_265_jpg.rf.81cf6b0c261e60d00e2fd9dd091edc09.jpg	roboflow_drago_v1_265_jpg.rf.81cf6b0c261e60d00e2fd9dd091edc09.txt	1	114	549	0	1	15	189.0	218.0	279.0	191.0	41906.0	806d041b212d85e94da9379a6cb72e1a5621d33368c3058680ad42f6085fafa8	d09dc3a01dbce0a370760197909a64698ea87a35c57abda1b07a4510b6efb10b
train_clean	train	roboflow_drago_v1	roboflow_drago_v1_270_jpg.rf.781b65fcea4bb4fdc299d61e90c0da1b.jpg	roboflow_drago_v1_270_jpg.rf.781b65fcea4bb4fdc299d61e90c0da1b.txt	1	115	550	0	1	14	245.0	246.0	208.0	252.0	38411.0	32c2e3753367511647291f5f25d82745fff71453bce2fd9a501184ff7877e6b9	6f0832b51e9c4539e2000ae7a0c5260b0a56aae935a9342cdb11d60d3b6e571c
train_clean	train	roboflow_drago_v1	roboflow_drago_v1_270_jpg.rf.897a5cc4abd7c27e88abca34cf80998e.jpg	roboflow_drago_v1_270_jpg.rf.897a5cc4abd7c27e88abca34cf80998e.txt	1	116	551	0	1	14	142.0	245.0	252.0	208.0	38407.0	e03078c6f78c13ea85b8066cf0e603d3378d85cf8b1d26864786da7a2e179382	86fe26e7582d4c81d650f37cc3ef4c1d7ef08ca81f0e2441f3a4884f17233c91
train_clean	train	roboflow_drago_v1	roboflow_drago_v1_272_jpg.rf.07b7f24fde9a0835ba7b2b9804a31e53.jpg	roboflow_drago_v1_272_jpg.rf.07b7f24fde9a0835ba7b2b9804a31e53.txt	1	117	552	0	1	17	208.0	201.0	267.0	256.0	50473.0	cf707db56db3120d2503a901464e16a228d6ba53094a136ce0b98babd448dfe1	6cb9e95d7c3c70736c3bbb91b5bc5f5760a1905ccfb7b34e87c2b8260312996e
train_clean	train	roboflow_drago_v1	roboflow_drago_v1_272_jpg.rf.1c30ea028c258b73da965894daeb7f8e.jpg	roboflow_drago_v1_272_jpg.rf.1c30ea028c258b73da965894daeb7f8e.txt	1	118	553	0	1	17	183.0	208.0	256.0	267.0	50472.0	65ba4c1e6296cd7f664c1c230ed1bbc956abb84b2aeb9a9d2a8b08f5ca56fc61	2fb4ffb4be3a713e3eaa3b362875b5acf443fbb802c346831ebed24e06d56267
train_clean	train	roboflow_drago_v1	roboflow_drago_v1_273_jpg.rf.443d40ae4d41919bf04dd969fe21b0ab.jpg	roboflow_drago_v1_273_jpg.rf.443d40ae4d41919bf04dd969fe21b0ab.txt	1	119	554	0	1	17	191.0	236.0	243.0	228.0	42959.0	d02e44a9882d6c1304b945053ff19c8a1925623ad0adfb013eefecc74d19273d	1a61f63ae86bca8852fe0a5703a1d01110c46243599f11ea4307bdeece956bd6
train_clean	train	roboflow_drago_v1	roboflow_drago_v1_273_jpg.rf.443d40ae4d41919bf04dd969fe21b0ab.jpg	roboflow_drago_v1_273_jpg.rf.443d40ae4d41919bf04dd969fe21b0ab.txt	2	119	555	0	1	15	440.0	161.0	198.0	217.0	33602.0	300f64e7da529f835d7a7bb2af8e955e9ee798229c9cae310f2271070fa9855e	aebb05555566d716675b465a006ed60c208b485f1c96ea7375191f325a11c6d6
train_clean	train	roboflow_drago_v1	roboflow_drago_v1_274_jpg.rf.03ba288cc5071f78648be4d7c9f7efb6.jpg	roboflow_drago_v1_274_jpg.rf.03ba288cc5071f78648be4d7c9f7efb6.txt	1	120	556	0	1	16	103.0	178.0	432.0	284.0	99651.0	fa8917b8b919ca189fad4ebe2ff3209de2555dcc58b149846dceec15c31918c4	4ec9bcfdfe1ea3f1b782abb4a2206079c634bbdf63694c16011cfe24f529c12e
train_clean	train	roboflow_drago_v1	roboflow_drago_v1_277_jpg.rf.49444b24f93a8e66542f372abbccd467.jpg	roboflow_drago_v1_277_jpg.rf.49444b24f93a8e66542f372abbccd467.txt	1	121	557	0	1	11	217.0	75.0	207.0	485.0	60105.0	606e70b5c4112859e252df8bcc07a17bba3ca9104bc93c9cb3733ca549b6b247	7e57259670e8f613fb0c986efc5b3ae328f95ad224f2ea6bbe961694752d3034
train_clean	train	roboflow_drago_v1	roboflow_drago_v1_277_jpg.rf.69b3e843f4a144f8276a19b162cf6d46.jpg	roboflow_drago_v1_277_jpg.rf.69b3e843f4a144f8276a19b162cf6d46.txt	1	122	558	0	1	11	216.0	80.0	207.0	484.0	60085.0	fbe4982ce05446c6f04e15986d81cb4d7ed762ae59594a2734152e280abee2e5	ff53ceb52d4c0b962aa5bc43d81a237e139fff37b31f330f29562a4b411c4253
train_clean	train	roboflow_drago_v1	roboflow_drago_v1_277_jpg.rf.dae28f4c761fa8f29788d65ad9559ec5.jpg	roboflow_drago_v1_277_jpg.rf.dae28f4c761fa8f29788d65ad9559ec5.txt	1	123	559	0	1	11	76.0	216.0	484.0	207.0	60089.0	33e69d0923f7e60196000174c471a8c45710b1157920ba0fecd988f365ac7b6c	5a16c98f7c80d4997dcf03f1d9e1dd98971affea66552e3f7eebd7b108e9e8be
train_clean	train	roboflow_drago_v1	roboflow_drago_v1_278_jpg.rf.4d4c143b193aafe456f0ea9e8efb79ab.jpg	roboflow_drago_v1_278_jpg.rf.4d4c143b193aafe456f0ea9e8efb79ab.txt	1	124	560	0	1	19	77.0	129.0	494.0	385.0	145854.0	4b412a2da84420fd08b10e0c4af5719edc21868e3fe00ec42f3d7fc6f92495f8	345992eb90dcfb6f09531852d5ceb93f4aaa6b0e0dc64a2bf8918c6416a3e988
train_clean	train	roboflow_drago_v1	roboflow_drago_v1_279_jpg.rf.12e314ee3a50739b601fe87d1b13e6b2.jpg	roboflow_drago_v1_279_jpg.rf.12e314ee3a50739b601fe87d1b13e6b2.txt	1	125	561	0	1	17	83.0	104.0	452.0	427.0	149799.0	2edb74da389f052ccd8a9dc1d2592f443b9f4bea5096f52cebe5b620bc925902	45071f506138511b79b57ca1219447099cbb4b4286dfc90c075e75e28d215976
train_clean	train	roboflow_drago_v1	roboflow_drago_v1_279_jpg.rf.6cf69e970d432f3138ef629fc7f10439.jpg	roboflow_drago_v1_279_jpg.rf.6cf69e970d432f3138ef629fc7f10439.txt	1	126	562	0	1	17	104.0	105.0	427.0	452.0	149796.0	c74d372aa74398e7e0c11c24bdebca62a24160f1f8a42e1947f120f2ac04c146	ef6ae32cbe994dead3daf649a18767f8c9318f3a89c1ea91681b4e5524d805a8
train_clean	train	roboflow_drago_v1	roboflow_drago_v1_290_jpg.rf.b05798b3dd2a71da3d865b1828c8c61d.jpg	roboflow_drago_v1_290_jpg.rf.b05798b3dd2a71da3d865b1828c8c61d.txt	1	127	563	0	1	21	89.0	88.0	459.0	454.0	157197.0	cbd5f4430bf2e3220ffa4913c9b7d0d2339e4e0ef0ac1a10428a15ba6adc1e3e	769dbdfe5b9dc4f1e032384c5ecee9a7b5de7318632224e2996ee4cf45bd9675
train_clean	train	roboflow_drago_v1	roboflow_drago_v1_290_jpg.rf.eea77a48a163acbb47a10dbfe7d8d099.jpg	roboflow_drago_v1_290_jpg.rf.eea77a48a163acbb47a10dbfe7d8d099.txt	1	128	564	0	1	21	98.0	89.0	454.0	459.0	157201.0	b0c973d9882ffe6a562f8d793a056f6769ff57d5aa433b56148430c092bc98f4	f493f72d220939e0b97cb047eacb9316431999872a64310c92d88a31c49e7a0d
train_clean	train	roboflow_drago_v1	roboflow_drago_v1_291_jpg.rf.c0e450fe6c4c4d93bdfb8a446782452f.jpg	roboflow_drago_v1_291_jpg.rf.c0e450fe6c4c4d93bdfb8a446782452f.txt	1	129	565	0	1	20	111.0	178.0	447.0	288.0	91807.0	a0a2cacc6ac0fea661bb2776a23c991bf147cc22f6d44c0959467e29fc6d6f9c	81377ab9c9f66b962cb32a7ac00691691744c1948f1eb8dae29beba192e9c62b
train_clean	train	roboflow_drago_v1	roboflow_drago_v1_293_jpg.rf.065b4c8955cec1394336e9bdb4f98e50.jpg	roboflow_drago_v1_293_jpg.rf.065b4c8955cec1394336e9bdb4f98e50.txt	1	130	566	0	1	17	197.0	204.0	323.0	252.0	63576.0	d6bdfc03f0f4066160a9730460b4ef7c6d0c753dbb59bc616e91a5e349b9c4ca	8a1f1fba1bfcbc31f7766e1713ac00394fff717439a3f15291a02a956e0dfe23
train_clean	train	roboflow_drago_v1	roboflow_drago_v1_302_jpg.rf.3156e3f7cd55007bc04da9d2e94aa616.jpg	roboflow_drago_v1_302_jpg.rf.3156e3f7cd55007bc04da9d2e94aa616.txt	1	131	567	0	1	16	134.0	191.0	364.0	247.0	71400.0	266b9d84c74ec65adcae5018fec2eafa8a69c14468309b0ab44540dae44dd41c	aa70e77bf3d1c105e1b5e7712d76cc368594bd970e1b36666e16259473f3c1be
train_clean	train	roboflow_drago_v1	roboflow_drago_v1_302_jpg.rf.a13691135e38a940888f4f00c6f1b7dc.jpg	roboflow_drago_v1_302_jpg.rf.a13691135e38a940888f4f00c6f1b7dc.txt	1	132	568	0	1	16	202.0	134.0	247.0	364.0	71403.0	a4ea7ee8d53105e9ac2b613dc514167992c2d9deffe82aaf4ef130b2714f0185	6a7e8f817f0e05c8ee97129a1bcd495cede48d03a6468b9693b9c2cc45938968
train_clean	train	roboflow_drago_v1	roboflow_drago_v1_302_jpg.rf.d84f3e96d3164d5f8865ae087befef6d.jpg	roboflow_drago_v1_302_jpg.rf.d84f3e96d3164d5f8865ae087befef6d.txt	1	133	569	0	1	16	191.0	142.0	247.0	364.0	71403.0	6f450831ba9d19e4d7e4d49fac394fb3f09793c03a73111079b68b22839d86b5	44dca75df141f14083748c907323625b66ebacd79d0ef266b6a5e2e4fc4ab22c
train_clean	train	roboflow_drago_v1	roboflow_drago_v1_303_jpg.rf.42d52224e93a46df5f852a0959cad645.jpg	roboflow_drago_v1_303_jpg.rf.42d52224e93a46df5f852a0959cad645.txt	1	134	570	0	1	14	175.0	94.0	248.0	254.0	48687.0	734ce7818c32419e0d6fe34f14f09f7ef3c8ce57fe7610ef352c047d6c59062f	42f706666b1a48186f8f3c55ac081abeec083dee256b595164417bb26d3e9d33
train_clean	train	roboflow_drago_v1	roboflow_drago_v1_303_jpg.rf.8ffd9cf96edc48af333a523b7cc7baf1.jpg	roboflow_drago_v1_303_jpg.rf.8ffd9cf96edc48af333a523b7cc7baf1.txt	1	135	571	0	1	14	292.0	175.0	254.0	248.0	48676.0	c396b160cdea69b3414204d458f673e4f981b4092b741c0f7bfe42274bcf1c20	1a49110f64d0c89aee929bcd26a5451a49deee4344db3d866c96996632e97e18
train_clean	train	roboflow_drago_v1	roboflow_drago_v1_303_jpg.rf.fe97777ac6b3a8821edc5b2379a00fdc.jpg	roboflow_drago_v1_303_jpg.rf.fe97777ac6b3a8821edc5b2379a00fdc.txt	1	136	572	0	1	14	217.0	292.0	248.0	254.0	48682.0	1ffd4bf08dfa66c9b6f0c0b4ed615eb8169c286f832ec6b3fb86d3b57e00c350	060f6db4b16ea433318747ad9a8510927f472243f981c5c684512d205f187400
train_clean	train	roboflow_drago_v1	roboflow_drago_v1_314_jpg.rf.0803bf26b6fd7ecb120254615354e981.jpg	roboflow_drago_v1_314_jpg.rf.0803bf26b6fd7ecb120254615354e981.txt	1	137	573	0	1	19	151.0	192.0	286.0	297.0	66853.0	4749f05bebf9be4ad1d50940878d471db91b984c4a13ac0d43d73c9316524734	4cec4aa280f0e8e94ebea8a8052de499e6dec91c9c9ea5c48679b19c156a5599
train_clean	train	roboflow_drago_v1	roboflow_drago_v1_323_jpg.rf.8ed69e83ba9b0ac4096f44366c70e881.jpg	roboflow_drago_v1_323_jpg.rf.8ed69e83ba9b0ac4096f44366c70e881.txt	1	138	574	0	1	15	71.0	150.0	509.0	334.0	114449.0	67f4de607a4f0eabb406f4a4eefa649b200ec30648eff99decbb0d8d2372f8e3	8a4bace44424530197b1ed0450b1bce0220d5dcd66a77a2a3beb521a780123fd
train_clean	train	roboflow_drago_v1	roboflow_drago_v1_323_jpg.rf.d8b33e608eea90218d1a7d54282f3a74.jpg	roboflow_drago_v1_323_jpg.rf.d8b33e608eea90218d1a7d54282f3a74.txt	1	139	575	0	1	15	150.0	60.0	334.0	509.0	114463.0	1dafd897c5cb5a8335998b54840ed08b1da365991d1fff37ef0a439f4fe5358b	3c8a25446fab926656beb9d64f83c59d106932df500e2c035bffcfad484f3b74
train_clean	train	roboflow_drago_v1	roboflow_drago_v1_325_jpg.rf.0892691c6457054ef018ae21345392e3.jpg	roboflow_drago_v1_325_jpg.rf.0892691c6457054ef018ae21345392e3.txt	1	140	576	0	1	21	88.0	134.0	477.0	375.0	131367.0	aaabcb2e745176480a218174fc14eaa194f9245f6dde5a553c4acea900ef3530	71366cdefc3aa0be35db839ba328a7303064ac281d707f91f09cd8be156b0251
train_clean	train	roboflow_drago_v1	roboflow_drago_v1_325_jpg.rf.c271098099d943d79dc16a29763fa4cd.jpg	roboflow_drago_v1_325_jpg.rf.c271098099d943d79dc16a29763fa4cd.txt	1	141	577	0	1	21	134.0	75.0	375.0	477.0	131373.0	2b58b2acc8f9a583dcb65ab52627167194547e414d6514fb355dcc15b9f0bdd0	f3bf6996ee7605c548e9cbbdfe16ec02f0fc889faab098fd931329e5f31e3e6a
train_clean	train	roboflow_drago_v1	roboflow_drago_v1_327_jpg.rf.8d34a479d0646b47432a75c44f40c969.jpg	roboflow_drago_v1_327_jpg.rf.8d34a479d0646b47432a75c44f40c969.txt	1	142	578	0	1	17	77.0	172.0	515.0	315.0	128190.0	64323eaf816f73e65c1a60f388352fd254188a26dea586328fd2cb4bdc3f1b83	97124c6a17422589d769b2447dfb4a6c648a1f80e9d2eecb70640426e37c42bc
train_clean	train	roboflow_drago_v1	roboflow_drago_v1_327_jpg.rf.c8c357432ef79c6c57807a938fddf686.jpg	roboflow_drago_v1_327_jpg.rf.c8c357432ef79c6c57807a938fddf686.txt	1	143	579	0	1	17	172.0	48.0	315.0	515.0	128186.0	f84804f21de5359b6b3220f4dc5e6e11cb4563b0a1320f9ebc7282fb269a2d3b	cf5eb141e40dd68366337d22f70bd43530f27f7e22702cdef61053d53ac6500f
train_clean	train	roboflow_drago_v1	roboflow_drago_v1_329_jpg.rf.a81269f70a018c4b20e736463fc10bdc.jpg	roboflow_drago_v1_329_jpg.rf.a81269f70a018c4b20e736463fc10bdc.txt	1	144	580	0	1	18	63.0	60.0	537.0	476.0	197946.0	f990d4b76a084ae5e326eb218896e96a25b454b0c1ac9771b49e4f9136483d59	4c07ec0729e93dfc87f6af2fc0939d6497288bd6ce950303b1db9b53df75c5d1
train_clean	train	roboflow_drago_v1	roboflow_drago_v1_329_jpg.rf.abe414ce8ee144e4c29986c68e6b31be.jpg	roboflow_drago_v1_329_jpg.rf.abe414ce8ee144e4c29986c68e6b31be.txt	1	145	581	0	1	18	60.0	40.0	476.0	537.0	197940.0	1beb6baf9674cc704cd9fad99ad1940c9e7f827aae6b58f5e0f0e7004268deba	e25daa0e768be384130442eabc9ff695ff706c966d88203a089b03daa12da0db
train_clean	train	roboflow_drago_v1	roboflow_drago_v1_330_jpg.rf.627bbd983800519e4db5b89ef12bb1a6.jpg	roboflow_drago_v1_330_jpg.rf.627bbd983800519e4db5b89ef12bb1a6.txt	1	146	582	0	1	17	164.0	109.0	375.0	423.0	122141.0	396ee33e8007213af47a5afa37458b57099d13504ad2a03ae8d1a4fce828d8f1	de29977cb08eae828d4c1e0096ad45264b018ab8608e7e439b1e781c0872e858
train_clean	train	roboflow_drago_v1	roboflow_drago_v1_330_jpg.rf.cdf47dc80e2af45767e6785ccaecc14a.jpg	roboflow_drago_v1_330_jpg.rf.cdf47dc80e2af45767e6785ccaecc14a.txt	1	147	583	0	1	17	109.0	101.0	423.0	375.0	122147.0	a64934d71030d8bd333dcd387a3d5ca9e3194ec7a0fc6025666ccb97939a2f22	07fc3ab2c0c63c7f7c50afa2165552fd219f94a84328930ea10cac2350cfbfa2
train_clean	train	roboflow_drago_v1	roboflow_drago_v1_342_jpg.rf.40e4927b5c335371cd429406375435e1.jpg	roboflow_drago_v1_342_jpg.rf.40e4927b5c335371cd429406375435e1.txt	1	148	584	0	1	8	69.0	190.0	249.0	271.0	37123.0	4192acb3527fa41196f748d8ee4e996d05f66f1156cf9b2cdd1c4fbe22ca5b97	41533e723c1fc2ad1fabd74ec0846cbe8ebf2b144c701b63f19114261200f600
train_clean	train	roboflow_drago_v1	roboflow_drago_v1_342_jpg.rf.40e4927b5c335371cd429406375435e1.jpg	roboflow_drago_v1_342_jpg.rf.40e4927b5c335371cd429406375435e1.txt	2	148	585	0	1	8	315.0	198.0	257.0	249.0	37595.0	c70cd13680fa6bc5658876772d292f07774f31a10665e77baa8abbf002a2964c	b37ffdf88cfb177d0e78bf3634fcacc389ce94ce7a48bfe78441250ca2634c80
train_clean	train	roboflow_drago_v1	roboflow_drago_v1_342_jpg.rf.6421d92a512444c9ad47611850913135.jpg	roboflow_drago_v1_342_jpg.rf.6421d92a512444c9ad47611850913135.txt	1	149	586	0	1	8	179.0	69.0	271.0	249.0	37107.0	a371aa331b0d7034d0a39c7c4dec4a42c31bb3e3b3693c5dc309ce7ffddef18e	3ae02ab101bc9e5ff345717d29cdb88433792442c48f440358f54507b122b181
train_clean	train	roboflow_drago_v1	roboflow_drago_v1_342_jpg.rf.6421d92a512444c9ad47611850913135.jpg	roboflow_drago_v1_342_jpg.rf.6421d92a512444c9ad47611850913135.txt	2	149	587	0	1	8	193.0	315.0	249.0	257.0	37571.0	589ff10108ae6da9bfa98f3500a3ee6ac6bd23fec2c5044770b67b8ea2d29620	2470719bc85a249d0cdd8bcc434ebbc353a3221c85d5cd10f7c34af94ff437b3
train_clean	train	roboflow_drago_v1	roboflow_drago_v1_344_jpg.rf.a68cb3ca86b3ba35ce85c5c36fd34513.jpg	roboflow_drago_v1_344_jpg.rf.a68cb3ca86b3ba35ce85c5c36fd34513.txt	1	150	588	0	1	23	292.0	157.0	315.0	408.0	80749.0	4a315728b2a54dd4d4764dadc745e738c067fdb24bdff650648ae1c73727c3e1	e45d3c70b2f4cbbe311005bb961dafaf459c7e449278aea607e3db85fcd3dde2
train_clean	train	roboflow_drago_v1	roboflow_drago_v1_344_jpg.rf.c4e2d9e74739ad6c199f2a4614c54c10.jpg	roboflow_drago_v1_344_jpg.rf.c4e2d9e74739ad6c199f2a4614c54c10.txt	1	151	589	0	1	23	33.0	75.0	315.0	408.0	80753.0	675e7533d1b77488f3d8c69096177c4f28cd6fd3739a7412dc304b31a6d4bd8c	c38c3cb509f18656bca5f4a677ddd8902a73203f166579377a00ac1980f172c8
train_clean	train	roboflow_drago_v1	roboflow_drago_v1_344_jpg.rf.f4b1e65953a7aa537949d03a0d4116aa.jpg	roboflow_drago_v1_344_jpg.rf.f4b1e65953a7aa537949d03a0d4116aa.txt	1	152	590	0	1	23	75.0	292.0	408.0	315.0	80754.0	0881d620adaffb4774788450ae846807c82444809216c8011455175ee9791774	1fb27f20e9df4033e26da4def571c56df1b1842b50506bf3966e28c560941eba
train_clean	train	roboflow_drago_v1	roboflow_drago_v1_34_jpg.rf.d2e56501215aca4e36fcfc9b4cbe45c3.jpg	roboflow_drago_v1_34_jpg.rf.d2e56501215aca4e36fcfc9b4cbe45c3.txt	1	153	591	0	1	16	159.0	267.0	227.0	275.0	45512.0	e157fcd7068b8e94c7072ecb46b5b5c03f59c648f42fc13a449ab48df23916fd	3550e7c4ccbbac976d8518989ffd75bbc292e7c988453f3e7be74abe96056c92
train_clean	train	roboflow_drago_v1	roboflow_drago_v1_34_jpg.rf.f423a591d88d04c2d2ed2034ae48377c.jpg	roboflow_drago_v1_34_jpg.rf.f423a591d88d04c2d2ed2034ae48377c.txt	1	154	592	0	1	16	98.0	159.0	275.0	227.0	45516.0	e3027b5e456f233ac4b160618fa3b14766d95ae6ff4b59d3f324af1ef3e642f3	b641e131cd9b1dc62033cd7f18df972d2cc02e2a20b676bb97548ac80c89aa96
train_clean	train	roboflow_drago_v1	roboflow_drago_v1_351_jpg.rf.490f768b383d1dc99ce60e5395c411dc.jpg	roboflow_drago_v1_351_jpg.rf.490f768b383d1dc99ce60e5395c411dc.txt	1	155	593	0	1	12	100.0	136.0	446.0	381.0	97427.0	cb39c8b1b06cc2cb14b50fbe2ee8d1cba3f4cc42eaa6736028389997be35520a	848bb549b4ed5410c7b8d6119f7ec563678beda18ddee95eefb95f71c96aee3c
train_clean	train	roboflow_drago_v1	roboflow_drago_v1_351_jpg.rf.643c5db89af432b04da150a08efea408.jpg	roboflow_drago_v1_351_jpg.rf.643c5db89af432b04da150a08efea408.txt	1	156	594	0	1	12	136.0	94.0	381.0	446.0	97395.0	70d8acf19934080f99be69c3eef9764428511a18cc4a2b4f1e2f2877d2176ed9	97dd2b8eeae817a24001b50227cc1c1bcd4eaac543d24e14587c4511694165b9
train_clean	train	roboflow_drago_v1	roboflow_drago_v1_351_jpg.rf.8df8449ee274047f8c73027026871528.jpg	roboflow_drago_v1_351_jpg.rf.8df8449ee274047f8c73027026871528.txt	1	157	595	0	1	12	123.0	100.0	380.0	446.0	97394.0	ffd064f8d620c2239b2b6e0715056425e62c209c4cc54f332ec48cebcf7a2388	4737df45db0c8418a87ed2bf52e9e7b8dacb1ebee8abeda30400169be4aa010e
train_clean	train	roboflow_drago_v1	roboflow_drago_v1_353_jpg.rf.fb6a9ab8b75d6e765dca4fd5a1f0ebd8.jpg	roboflow_drago_v1_353_jpg.rf.fb6a9ab8b75d6e765dca4fd5a1f0ebd8.txt	1	158	596	0	1	19	92.0	95.0	454.0	409.0	140156.0	c28bf998631877d7edc995adacf177e81dc0159c15cfd647a8536577ccac0aca	70757dc446a1d7acf9362845301c4a4d7e33d289c1002a158a2fe5741aa8fffd
train_clean	train	roboflow_drago_v1	roboflow_drago_v1_35_jpg.rf.975d8a029b02cc18f4f20d4c08050870.jpg	roboflow_drago_v1_35_jpg.rf.975d8a029b02cc18f4f20d4c08050870.txt	1	159	597	0	1	19	111.0	172.0	407.0	297.0	92457.0	175988f905e283a715b615732fd44af92a3802035a583e1f46acbf5a6036b0a2	d61aaa554d1bcd542fd35f70f1f24f6eb1da899401b3e8ab049fae6ef0d282f0
train_clean	train	roboflow_drago_v1	roboflow_drago_v1_363_jpg.rf.93546ad75cb2299b170ead71dfd31e5f.jpg	roboflow_drago_v1_363_jpg.rf.93546ad75cb2299b170ead71dfd31e5f.txt	1	160	598	0	1	14	213.0	63.0	221.0	511.0	90089.0	d698c7a3f92b9a8650197fef491223247e464c7a75ffb3d2f2fbb6d869302423	d2f82cd176530034d2728f528d5077c19296b64df0b3f3e43ea05571a97538ee
train_clean	train	roboflow_drago_v1	roboflow_drago_v1_363_jpg.rf.e233ca3a4856ec500a8990e9e7cc1483.jpg	roboflow_drago_v1_363_jpg.rf.e233ca3a4856ec500a8990e9e7cc1483.txt	1	161	599	0	1	14	63.0	206.0	511.0	221.0	90077.0	5122d314ad9e45f9c18f031a3398f0283bac57530affebe5bf3bfc55868f4e9a	ffc7193df460196f87f1e8a841005f752e73028ad8a31e78a760013a7d9aecac
train_clean	train	roboflow_drago_v1	roboflow_drago_v1_363_jpg.rf.f8b3c0fddabb0ed5a4ce3698251cb99c.jpg	roboflow_drago_v1_363_jpg.rf.f8b3c0fddabb0ed5a4ce3698251cb99c.txt	1	162	600	0	1	14	206.0	66.0	221.0	511.0	90092.0	081dc8ce6c7bfd803a4c196b59a81c5e632085b98840e52b5816af1b58e46256	445acb670196c3863726c1f38c4e1445c74901248477c8aa4cdd53674d8482e4
train_clean	train	roboflow_drago_v1	roboflow_drago_v1_365_jpg.rf.09d91532c34b05a1d2a9d1ca0e39625f.jpg	roboflow_drago_v1_365_jpg.rf.09d91532c34b05a1d2a9d1ca0e39625f.txt	1	163	601	0	1	17	123.0	89.0	402.0	459.0	144127.0	3f9f327aec0069db10ecd42f529061fdeca2baf2b847772fd274a6e3577cfb2f	9fab451470c5f7569876abaa04e76f4a9010f07506b358b193945767562cb86f
train_clean	train	roboflow_drago_v1	roboflow_drago_v1_365_jpg.rf.8e529cb171abddb286e502668484fcca.jpg	roboflow_drago_v1_365_jpg.rf.8e529cb171abddb286e502668484fcca.txt	1	164	602	0	1	17	89.0	115.0	459.0	402.0	144129.0	ed130473be968d59691c789a6531fbea21c4deae2762a3348644c4170cad806d	38aec73cc04a8cf87026d4fb538d808a291cd9897e71cddfa848810417cfd9e2
train_clean	train	roboflow_drago_v1	roboflow_drago_v1_366_jpg.rf.17bbd4929f4e568c73b110413d53f1e2.jpg	roboflow_drago_v1_366_jpg.rf.17bbd4929f4e568c73b110413d53f1e2.txt	1	165	603	0	1	17	95.0	169.0	413.0	298.0	99257.0	f6c749a271d85919da3c3529fd410f681403d9a06bf50b1ba98adc6e1a73c714	e6bd1fd50477a542e942f1b0d25ceaef7ffe5d76b1e03a9a0a92c2c6d2623f60
train_clean	train	roboflow_drago_v1	roboflow_drago_v1_366_jpg.rf.f0e2d47bb73004a5a5fd059baf98ad52.jpg	roboflow_drago_v1_366_jpg.rf.f0e2d47bb73004a5a5fd059baf98ad52.txt	1	166	604	0	1	17	169.0	132.0	298.0	413.0	99256.0	d8e53eef91d5d71a4512641758ddf30bc229b29093f189d7eea7dcf1ba3984e3	8178dc15403d176147ee8b8fceef9cdd0d999b990cc36141f8a2e968c9a3caa7
train_clean	train	roboflow_drago_v1	roboflow_drago_v1_367_jpg.rf.c4b510d133c74fb309b48e3e82641d11.jpg	roboflow_drago_v1_367_jpg.rf.c4b510d133c74fb309b48e3e82641d11.txt	1	167	605	0	1	12	49.0	205.0	540.0	238.0	93911.0	36fcc12ecb2305e868a85a96e10b6d423d8691bf324daef26198cebba62d771d	776b2b5c3d81a46513634d55614754e59b53453aa748b50addd0127d68ece32d
train_clean	train	roboflow_drago_v1	roboflow_drago_v1_370_jpg.rf.d319a54d3bf602b286ce4c489bb2a550.jpg	roboflow_drago_v1_370_jpg.rf.d319a54d3bf602b286ce4c489bb2a550.txt	1	168	606	0	1	13	42.0	264.0	313.0	173.0	41493.0	ae01bcae3a050a699012562d706dfaf0723d56a062c2a2c2fd80fd90e9518ce8	e89e24459878a55c0d3185cf5771a899fd4cbc82b91571adfc77f42ab4618dbc
train_clean	train	roboflow_drago_v1	roboflow_drago_v1_370_jpg.rf.d319a54d3bf602b286ce4c489bb2a550.jpg	roboflow_drago_v1_370_jpg.rf.d319a54d3bf602b286ce4c489bb2a550.txt	2	168	607	0	1	24	42.0	182.0	558.0	255.0	86425.0	d56b54a293aa4a80f0deece7899121866bf6b6d0110cd363625f3f8c27b57bb2	df0dabc76c5f1d0a7283fe1f99c7de2c499765cd0cca1789f90e5b497183a7df
train_clean	train	roboflow_drago_v1	roboflow_drago_v1_376_jpg.rf.8273f270e6b24efb02b193a422eeff13.jpg	roboflow_drago_v1_376_jpg.rf.8273f270e6b24efb02b193a422eeff13.txt	1	169	608	0	1	17	116.0	69.0	406.0	502.0	159221.0	b58ca071b03b9df448b4cc376cdcb9ea46cbf68a0c1d7c274057471ccde817ff	972e6a163e6002c3d33180c71d96ba1e81ced9b7598a193c7c2151bfb253ee37
train_clean	train	roboflow_drago_v1	roboflow_drago_v1_376_jpg.rf.f24675d7057b5ef477b6947e33f79bbe.jpg	roboflow_drago_v1_376_jpg.rf.f24675d7057b5ef477b6947e33f79bbe.txt	1	170	609	0	1	17	69.0	116.0	502.0	406.0	159215.0	bae98bc9eafb0d487ded180ab79e16d1fdfdea8abbf0100b871df2010d754560	d45f3ac377df6319cc4a3a6a6b3491fccc80625a255c99b3097eb91753477863
train_clean	train	roboflow_drago_v1	roboflow_drago_v1_383_jpg.rf.1a67da6a51850cc2f94f3254dbbce9ba.jpg	roboflow_drago_v1_383_jpg.rf.1a67da6a51850cc2f94f3254dbbce9ba.txt	1	171	610	0	1	11	172.0	83.0	286.0	483.0	79591.0	39931b8f12a2656f426d726753b4bb81706e8fb98bea32d4255b814d43e3adf5	ed79588e9a3e6568e3ac8aaebf2efaf3cb2450534e3cf4d44adf273117e25357
train_clean	train	roboflow_drago_v1	roboflow_drago_v1_383_jpg.rf.a47e72c10b821c486b558cb4841b1f52.jpg	roboflow_drago_v1_383_jpg.rf.a47e72c10b821c486b558cb4841b1f52.txt	1	172	611	0	1	11	74.0	172.0	482.0	286.0	79614.0	61c5b149f02b7d02eb8926fcb4ce0bef28642be6944465ab3404d35bf6494446	d026022a12ebd1ab45f678218ad642ae9624deb5653ea63b355b11eb60ed85b5
train_clean	train	roboflow_drago_v1	roboflow_drago_v1_396_jpg.rf.be7bca3b0572b58b0a37e2f5d0250470.jpg	roboflow_drago_v1_396_jpg.rf.be7bca3b0572b58b0a37e2f5d0250470.txt	1	173	612	0	1	17	42.0	146.0	560.0	330.0	143253.0	88bd6f8ec6ffe15416a8b20a5952dc61c5af8590dc00aa2c4571aef35d832a4d	30c75ba65c931ce0f2873fb261e60dafde6bad1cf53ab0c5218d5113afddf34f
train_clean	train	roboflow_drago_v1	roboflow_drago_v1_3_jpg.rf.2d2932ddec781c83b035909f1f72eb33.jpg	roboflow_drago_v1_3_jpg.rf.2d2932ddec781c83b035909f1f72eb33.txt	1	174	613	0	1	17	121.0	52.0	399.0	534.0	172974.0	e7311679e1a2abb0ff2b4e2f3b9501bbf54e39852486590e6cf68a49bd346065	588972a96c9645d760bc995e34e786b48cc55206bfddfe65385d230688fc2208
train_clean	train	roboflow_drago_v1	roboflow_drago_v1_3_jpg.rf.c0d0a96180bc45f9d0789bc4abb24dc4.jpg	roboflow_drago_v1_3_jpg.rf.c0d0a96180bc45f9d0789bc4abb24dc4.txt	1	175	614	0	1	17	52.0	120.0	534.0	399.0	172976.0	413c7b0c4cb0118d78dd2781953bb85a8d801481e3070091304f442cb9c3bce9	d5f30fece92e7568ee0a7e2b788d340ccf852a8286472790db7db0eb974e2e13
train_clean	train	roboflow_drago_v1	roboflow_drago_v1_402-Copy_jpg.rf.9b913a2eb3e7d2195daf961c9b212f8e.jpg	roboflow_drago_v1_402-Copy_jpg.rf.9b913a2eb3e7d2195daf961c9b212f8e.txt	1	176	615	0	1	17	137.0	92.0	373.0	454.0	132111.0	52ab602267543524e7aabee2ce1106ce2aca4e347e07cf8d3ece2c3d28a556d9	7f5eea7448cbd905616411ca8795251f61bff997d40cc92d79e71f680a0310ff
train_clean	train	roboflow_drago_v1	roboflow_drago_v1_402-Copy_jpg.rf.b594e1a7f0a902f67adbd6de5ceaf2ee.jpg	roboflow_drago_v1_402-Copy_jpg.rf.b594e1a7f0a902f67adbd6de5ceaf2ee.txt	1	177	616	0	1	17	92.0	130.0	454.0	373.0	132123.0	0e337f0e210ded9bf936f4c2c4a549ccc9315dcf1a26405afe2471fbd84d0af5	79eee05e7fb5493fe69cfbe004528eecea850ac4c0e01baa109a3dba25ad2280
train_clean	train	roboflow_drago_v1	roboflow_drago_v1_40_jpg.rf.6d4186cd722f62273224ef30f5cd533b.jpg	roboflow_drago_v1_40_jpg.rf.6d4186cd722f62273224ef30f5cd533b.txt	1	178	617	0	1	21	28.0	235.0	304.0	174.0	37655.0	ae37f1b605268e41c84e9bd1ce14d504418735c3ceb55a12855c0c627c758a5b	98788cae3d5ba05ce19524a28e4d76303c880acc7575df7d03943f125d1b0246
train_clean	train	roboflow_drago_v1	roboflow_drago_v1_40_jpg.rf.6d4186cd722f62273224ef30f5cd533b.jpg	roboflow_drago_v1_40_jpg.rf.6d4186cd722f62273224ef30f5cd533b.txt	2	178	618	0	1	15	365.0	215.0	244.0	177.0	33418.0	7ecb3f68e567fffcdb98373729781c38a511256c1484f38becf7f6461457578d	4ad4f5d77ed9a16189dea3ca2d8f9117a1efbe3ba55085f6e5487c9552c16d29
train_clean	train	roboflow_drago_v1	roboflow_drago_v1_40_jpg.rf.d99f02310547386be032501ffb17cb6a.jpg	roboflow_drago_v1_40_jpg.rf.d99f02310547386be032501ffb17cb6a.txt	1	179	619	0	1	21	235.0	308.0	174.0	304.0	37651.0	554eba7632ed7dd41c96895ba5b7239dbe5a06b800c75bdc72fa1a18828aeb46	a271c644d7b37e2aa165e835a3a992def2f816e80e9c86757272602e7715bd6c
train_clean	train	roboflow_drago_v1	roboflow_drago_v1_40_jpg.rf.d99f02310547386be032501ffb17cb6a.jpg	roboflow_drago_v1_40_jpg.rf.d99f02310547386be032501ffb17cb6a.txt	2	179	620	0	1	15	215.0	31.0	177.0	244.0	33418.0	3b5e9c1133040b54279846bb5d66a47b60215bec664cf9bbacc60ca22f7e5d20	c0cf93d94d271e89201ef05fc894e39d0c5a0bc4028773f04f6be45d252937e2
train_clean	train	roboflow_drago_v1	roboflow_drago_v1_416-Copy_jpg.rf.3eec9321adb2ee84bcd4f9f8c3fb9512.jpg	roboflow_drago_v1_416-Copy_jpg.rf.3eec9321adb2ee84bcd4f9f8c3fb9512.txt	1	180	621	0	1	17	105.0	152.0	415.0	326.0	107102.0	feec63d7ed0e9716e6347c6047782583dcb59e4c3a9e33ec568ff491ad45ded7	9af68c4a322fbcf19fc4204ed2889235a6e6bb98ff6b47be9d1b38165638beb6
train_clean	train	roboflow_drago_v1	roboflow_drago_v1_424-Copy_jpg.rf.71a58ea76b21098d180d5377db4082e3.jpg	roboflow_drago_v1_424-Copy_jpg.rf.71a58ea76b21098d180d5377db4082e3.txt	1	181	622	0	1	17	155.0	198.0	373.0	260.0	75713.0	778ec5a3e547314c6d009783ca31487a1f5826d1d98c6087dcc0a40ef04f91a1	18d2fa398a25145d0e0ac0f9466c905d7940e5e3a43628747244c34454b63813
train_clean	train	roboflow_drago_v1	roboflow_drago_v1_426-Copy_jpg.rf.f20721968d2f602016289cbff2c85269.jpg	roboflow_drago_v1_426-Copy_jpg.rf.f20721968d2f602016289cbff2c85269.txt	1	182	623	0	1	15	177.0	284.0	315.0	184.0	42864.0	e9e05b6aaeed747c7588a04dede2fdd6f0d49192246af9ddbe3c6558f328e163	9e55af7ef027fb248c04c06c86ab7d6dd4c912c906722f35a354b9cde4061d07
train_clean	train	roboflow_drago_v1	roboflow_drago_v1_432-Copy_jpg.rf.97e419c6fa192975d1c447d813adfe26.jpg	roboflow_drago_v1_432-Copy_jpg.rf.97e419c6fa192975d1c447d813adfe26.txt	1	183	624	0	1	16	16.0	212.0	279.0	220.0	46926.0	a2317da91029cc92b729b68ede87fe0af7f9f3bb79af8b31a3bbe3cd5eafdc23	33236c9d405214936431db357149c1248daa8ac33e5eb7ab8d60ace5186ad5b8
train_clean	train	roboflow_drago_v1	roboflow_drago_v1_432-Copy_jpg.rf.97e419c6fa192975d1c447d813adfe26.jpg	roboflow_drago_v1_432-Copy_jpg.rf.97e419c6fa192975d1c447d813adfe26.txt	2	183	625	0	1	10	523.0	332.0	114.0	60.0	4473.0	749e88a8b78e181fe24d2f73bf64a84291694e938b3f3c19ca219796cf2b5fb5	be12ac3bd3c453dc810dce5654517afa5c7af2b256ebc3ac86c8981e9e02bd7a
train_clean	train	roboflow_drago_v1	roboflow_drago_v1_434-Copy_jpg.rf.18b0881e0794bf74968bfc2ffd0d97fb.jpg	roboflow_drago_v1_434-Copy_jpg.rf.18b0881e0794bf74968bfc2ffd0d97fb.txt	1	184	626	0	1	15	89.0	154.0	326.0	254.0	65556.0	cc2b86384caf46f10e66b3d9123d531f77ee35f2f634700dfc92748363150be8	b696b2a79c545a5a61bedeca56b9b599ce6fc00f3da91b03bebf16c927fe6db2
train_clean	train	roboflow_drago_v1	roboflow_drago_v1_434-Copy_jpg.rf.8945db8bf907e6eb51d7ebd530371243.jpg	roboflow_drago_v1_434-Copy_jpg.rf.8945db8bf907e6eb51d7ebd530371243.txt	1	185	627	0	1	15	232.0	89.0	254.0	326.0	65555.0	beb7b4678f96e8e43af919901f43d8c4b60eced317caf5213a233c08453483a9	271a6dd346280ad06dc91f9051dd942a32671f45814f72820c14f489f0974a1b
train_clean	train	roboflow_drago_v1	roboflow_drago_v1_445-Copy_jpg.rf.380a9a7de8634a0b9f30691267a9242e.jpg	roboflow_drago_v1_445-Copy_jpg.rf.380a9a7de8634a0b9f30691267a9242e.txt	1	186	628	0	1	16	152.0	18.0	327.0	557.0	143722.0	1e8caaf6cd9cef234eb80f681f966d1984fe1afa1d21f2e8601e5f1b910eee5e	68381629b2223fc985b17adcc5af7db9720107667af5937f54c408deca5d3bd2
train_clean	train	roboflow_drago_v1	roboflow_drago_v1_445-Copy_jpg.rf.40bb93179f103364cef66a6fac3b9376.jpg	roboflow_drago_v1_445-Copy_jpg.rf.40bb93179f103364cef66a6fac3b9376.txt	1	187	629	0	1	16	18.0	161.0	557.0	327.0	143717.0	9d4e7eb7f620042760d3d8c71a20f313753b39a52befe9f3482dd9313d933c8a	e8c21472642bbe90fa15d238c0927350c9efa2173945a14c3465cb01902d91f5
train_clean	train	roboflow_drago_v1	roboflow_drago_v1_448-Copy_jpg.rf.0be8ff77f37fa14236c391c153c18b6f.jpg	roboflow_drago_v1_448-Copy_jpg.rf.0be8ff77f37fa14236c391c153c18b6f.txt	1	188	630	0	1	14	222.0	23.0	219.0	226.0	39845.0	ecfbc3e003a5e9f169db4bceede1a371d90b27cd6d88046a7c4c76ca149b78d1	86fa7bb108f09f70bbed1d0cc8dabe04561055a100c05bbf7d9dc1eeb3e83dca
train_clean	train	roboflow_drago_v1	roboflow_drago_v1_448-Copy_jpg.rf.0be8ff77f37fa14236c391c153c18b6f.jpg	roboflow_drago_v1_448-Copy_jpg.rf.0be8ff77f37fa14236c391c153c18b6f.txt	2	188	631	0	1	17	153.0	232.0	335.0	376.0	99460.0	94744490431613562f4bac80e36280aa2f3c994e6cf47fff1c25d16e264bd03c	a2c1082ffe05262cbf966a9fa7fe6290c838863e6650f9f96940f2771fe76e8c
train_clean	train	roboflow_drago_v1	roboflow_drago_v1_448-Copy_jpg.rf.4e657e5dc2f1ee1477aad8b3bcc2c21f.jpg	roboflow_drago_v1_448-Copy_jpg.rf.4e657e5dc2f1ee1477aad8b3bcc2c21f.txt	1	189	632	0	1	14	199.0	391.0	219.0	226.0	39835.0	5a0e484b07ab7165df782599f8077d777f424dd257126ec93e29dcd67a99bf02	09a7fc93e2e5223d780afb9d29d9a1317967b8eccd83e0d8327daebcaf8c6f6d
train_clean	train	roboflow_drago_v1	roboflow_drago_v1_448-Copy_jpg.rf.4e657e5dc2f1ee1477aad8b3bcc2c21f.jpg	roboflow_drago_v1_448-Copy_jpg.rf.4e657e5dc2f1ee1477aad8b3bcc2c21f.txt	2	189	633	0	1	17	152.0	32.0	335.0	376.0	99468.0	32da513d5c6ca37a96f9348ba68756af25853be13bcfa9624a3eea31edc1c91c	e59cf08ffcce3e6ceea20da5aa71d9b78768e9efa424565cf3a1e36ccf1af99f
train_clean	train	roboflow_drago_v1	roboflow_drago_v1_448-Copy_jpg.rf.527eb3f6112aedbf434243cadf6f2aa9.jpg	roboflow_drago_v1_448-Copy_jpg.rf.527eb3f6112aedbf434243cadf6f2aa9.txt	1	190	634	0	1	14	23.0	199.0	226.0	219.0	39834.0	7150763d72a28914266790dfbfc1afc0ee02ce48eb9028b8db4be4086f30698e	47c338f36475c28ac581129b48d128851dd3717efb5281963aa0d7ab31e7e78a
train_clean	train	roboflow_drago_v1	roboflow_drago_v1_448-Copy_jpg.rf.527eb3f6112aedbf434243cadf6f2aa9.jpg	roboflow_drago_v1_448-Copy_jpg.rf.527eb3f6112aedbf434243cadf6f2aa9.txt	2	190	635	0	1	17	232.0	152.0	376.0	335.0	99464.0	725d119cd9f952d603044e2c44af7eb6bfc2310ca686963cd26014ed9390dbe4	1ad07b04004bf978facb6a0d4fce2c7c99be3444eb710cb7f04aee1556b34af4
train_clean	train	roboflow_drago_v1	roboflow_drago_v1_44_jpg.rf.07f6365ad9f9a300c7154d18b6a5d626.jpg	roboflow_drago_v1_44_jpg.rf.07f6365ad9f9a300c7154d18b6a5d626.txt	1	191	636	0	1	13	220.0	248.0	261.0	194.0	38276.0	4ca07c485593a5dc88a02748babba5ec3940a628bd8b50c640e2923590a8bd50	58585b1864a3ea51ca7402f18a8975f8aed64a062ec987c8c896e3e1251ee6a6
train_clean	train	roboflow_drago_v1	roboflow_drago_v1_44_jpg.rf.6aae02035f78a21c949070ef66b301b3.jpg	roboflow_drago_v1_44_jpg.rf.6aae02035f78a21c949070ef66b301b3.txt	1	192	637	0	1	13	198.0	220.0	194.0	261.0	38271.0	994ad010a1bb727a3e08e7a51f8a2c8c50cbeefddb179e35d6899356b13a2eba	b24a36c73a5cd50add74b7cfbb75e78754e1db56c83f42610e447f723462b9f0
train_clean	train	roboflow_drago_v1	roboflow_drago_v1_44_jpg.rf.d3fe2373f9e78ccd7f4507a0ee1376fb.jpg	roboflow_drago_v1_44_jpg.rf.d3fe2373f9e78ccd7f4507a0ee1376fb.txt	1	193	638	0	1	13	248.0	158.0	194.0	262.0	38279.0	d874197a6ff2297ff8e63573f3ad7513e7fbe63884a9524be53ce689e9be53f7	0e664840fa8f5af92421993c5343044f3fc7eda62c0a74189573b7647bba013b
train_clean	train	roboflow_drago_v1	roboflow_drago_v1_450-Copy_jpg.rf.72d0b1305f711111bc8c5b219f77b2b4.jpg	roboflow_drago_v1_450-Copy_jpg.rf.72d0b1305f711111bc8c5b219f77b2b4.txt	1	194	639	0	1	12	77.0	272.0	223.0	165.0	27397.0	1c680bec5be9b5aa7ecb561fbfb0c233a36f46b1e828f737f8c875aa9eecebe6	51a917f043ad609a107715f0f74576d7bdf764214db207840b09daf504cbb845
train_clean	train	roboflow_drago_v1	roboflow_drago_v1_450-Copy_jpg.rf.72d0b1305f711111bc8c5b219f77b2b4.jpg	roboflow_drago_v1_450-Copy_jpg.rf.72d0b1305f711111bc8c5b219f77b2b4.txt	2	194	640	0	1	14	63.0	264.0	245.0	193.0	35845.0	bcaae929080ddeb935e8db96d5fb37bb2f1b7ce9082be39b7a3e49d5190443ca	d4bba8abebf2396704acfc6a05d5710c4b4b7b59497f048746ae26910dec9fc2
train_clean	train	roboflow_drago_v1	roboflow_drago_v1_450-Copy_jpg.rf.72d0b1305f711111bc8c5b219f77b2b4.jpg	roboflow_drago_v1_450-Copy_jpg.rf.72d0b1305f711111bc8c5b219f77b2b4.txt	3	194	641	0	1	12	274.0	151.0	221.0	186.0	27333.0	21f12dc8e4342cf744323a77f476fccd37ddeddafdd5b0f8453a6b777ca1baf7	fbd14a2dc4d81e2baf6cb67ba907c3adadf600a761f358a86122fd6d8fb9b2d8
train_clean	train	roboflow_drago_v1	roboflow_drago_v1_450-Copy_jpg.rf.72d0b1305f711111bc8c5b219f77b2b4.jpg	roboflow_drago_v1_450-Copy_jpg.rf.72d0b1305f711111bc8c5b219f77b2b4.txt	4	194	642	0	1	13	302.0	290.0	266.0	205.0	41729.0	b0a597653371fb73c1ab7847757316eb66f4a1a581f2bee3d272542c75c40c1b	dc3d1b443016db30ddc7d8200ecbfff41d73d383652e7ea2aa2c2b59bdf87c8c
train_clean	train	roboflow_drago_v1	roboflow_drago_v1_450-Copy_jpg.rf.ac3be4119282a8dc572118ca24ebcab8.jpg	roboflow_drago_v1_450-Copy_jpg.rf.ac3be4119282a8dc572118ca24ebcab8.txt	1	195	643	0	1	12	272.0	340.0	165.0	223.0	27398.0	9cc09fee9b5519ec625fe5caac2a44b95b0727d5c4cba5d8aaa73b6764768e4c	e4a377dc9ef61fab91e64bd8581ad97e55bafbceaa12e3273ffc12b0c291311f
train_clean	train	roboflow_drago_v1	roboflow_drago_v1_450-Copy_jpg.rf.ac3be4119282a8dc572118ca24ebcab8.jpg	roboflow_drago_v1_450-Copy_jpg.rf.ac3be4119282a8dc572118ca24ebcab8.txt	2	195	644	0	1	14	264.0	332.0	193.0	245.0	35847.0	88b5d6b85cd1e710c6f0e7f20bf962f6c58f459fc4319595d4ba1b067f1ced7a	5c37c5762abb579ce7bcdf119d1dc6fb985d86ebe5788b3667f66a696886a827
train_clean	train	roboflow_drago_v1	roboflow_drago_v1_450-Copy_jpg.rf.ac3be4119282a8dc572118ca24ebcab8.jpg	roboflow_drago_v1_450-Copy_jpg.rf.ac3be4119282a8dc572118ca24ebcab8.txt	3	195	645	0	1	12	151.0	145.0	186.0	221.0	27331.0	02bc8a50af0e4ca50866778787127868727d51323204baa405679d66ea5d30b5	dad41b857f7fb5b04ea23cea8221cf69daa721f8ae6fcfc40834999d6c449d8a
train_clean	train	roboflow_drago_v1	roboflow_drago_v1_450-Copy_jpg.rf.ac3be4119282a8dc572118ca24ebcab8.jpg	roboflow_drago_v1_450-Copy_jpg.rf.ac3be4119282a8dc572118ca24ebcab8.txt	4	195	646	0	1	13	290.0	72.0	206.0	266.0	41728.0	f01a41645c355a0243426faa6fca82b63943251baa918f01bbb56a99b074d00e	5fa11705e595d00f64968b67eb154f905cddd70be21e65f81b3afc25ac662b62
train_clean	train	roboflow_drago_v1	roboflow_drago_v1_462-Copy_jpg.rf.2e5ee6b01b3295eb2d6a6b19b4149bce.jpg	roboflow_drago_v1_462-Copy_jpg.rf.2e5ee6b01b3295eb2d6a6b19b4149bce.txt	1	196	647	0	1	17	186.0	114.0	283.0	389.0	84022.0	e63640f71a48aa2dbd995bae7eeb7df4a1486a2e1ed95ab3fccc461e6c9769bc	c4a0d757ff3894287f5cb54c0b9f1b1e3b9e8b31431e69761b64bd789c4a1d2d
train_clean	train	roboflow_drago_v1	roboflow_drago_v1_462-Copy_jpg.rf.4891ebadf0d3b60ec908fc4a93944159.jpg	roboflow_drago_v1_462-Copy_jpg.rf.4891ebadf0d3b60ec908fc4a93944159.txt	1	197	648	0	1	17	114.0	171.0	389.0	283.0	84024.0	9af2fa8d44b7e4f34386ac057db9b3c98343a3dc473f40a87fb66797383113d5	a2acd509a1a947ffc3757d2f8a08029dee39efb7dd02089213c6795beadc3632
train_clean	train	roboflow_drago_v1	roboflow_drago_v1_462-Copy_jpg.rf.b1eb6e8ceca1fd72864aadd75d2afa1b.jpg	roboflow_drago_v1_462-Copy_jpg.rf.b1eb6e8ceca1fd72864aadd75d2afa1b.txt	1	198	649	0	1	17	171.0	137.0	283.0	389.0	84024.0	4322e907e9c03bfe79297f858226e690100f9d31b3ad1a1388607ac5ec7b2150	db10dd8d09f00d4c19b7a21799d71368c12415dfa6098d4294b349e25670cead
train_clean	train	roboflow_drago_v1	roboflow_drago_v1_467-Copy_jpg.rf.e241a517a8039a526c3f07dae4d2a274.jpg	roboflow_drago_v1_467-Copy_jpg.rf.e241a517a8039a526c3f07dae4d2a274.txt	1	199	650	0	1	38	157.0	120.0	323.0	361.0	65245.0	cb3899eb71a0ccf36af52590b7507babccb2a09aa41c5889992ca096ed1ae2e4	b11011da5da4e9395654231c2e0cc629754164348f6dc2d26edec33ddc6fab12
train_clean	train	roboflow_drago_v1	roboflow_drago_v1_467-Copy_jpg.rf.e241a517a8039a526c3f07dae4d2a274.jpg	roboflow_drago_v1_467-Copy_jpg.rf.e241a517a8039a526c3f07dae4d2a274.txt	2	199	651	0	1	17	196.0	188.0	248.0	252.0	43444.0	0864e7856c43f540f99dad417434db98946a264e969c42e71ddcd70e898c7035	9f7f7a915cec4fdac3d2865a694da179bc76c2fdec2fb6bb3c4930ba90d890fc
train_clean	train	roboflow_drago_v1	roboflow_drago_v1_482-Copy_jpg.rf.09cb1c4442d9fc1ed28505b3a0619df9.jpg	roboflow_drago_v1_482-Copy_jpg.rf.09cb1c4442d9fc1ed28505b3a0619df9.txt	1	200	652	0	1	11	94.0	195.0	444.0	252.0	83431.0	4bb0f76b0f10fc23f9eda0706151bc345e4554fd17867762613f11d26f826be5	0b8d54299a2c8080d6a72f790782cee3f1d92cbdcf293b913cacf4ae45d21d35
train_clean	train	roboflow_drago_v1	roboflow_drago_v1_487-Copy_jpg.rf.6bed2d8f20bd86d346065d41ff88f0fe.jpg	roboflow_drago_v1_487-Copy_jpg.rf.6bed2d8f20bd86d346065d41ff88f0fe.txt	1	201	653	0	1	15	17.0	189.0	306.0	229.0	55326.0	1892637a4fa6e38209fa78b27b603d9f1150ce5bfd731fe7ed8104ed91dc64e1	5e51d339d6fff2aac14f216ada86e86dfd4a4966f4bbbaf91d3683bb4e85bb6b
train_clean	train	roboflow_drago_v1	roboflow_drago_v1_487-Copy_jpg.rf.6bed2d8f20bd86d346065d41ff88f0fe.jpg	roboflow_drago_v1_487-Copy_jpg.rf.6bed2d8f20bd86d346065d41ff88f0fe.txt	2	201	654	0	1	11	337.0	266.0	288.0	138.0	31094.0	7b8912a00ca1379a56a40481e72c176cdd2ce83c40bfbdc9edc634389f5a7fc9	9593eefea550f3298608be7027f39f144472d8420a1d64c641377d1f5d191c71
train_clean	train	roboflow_drago_v1	roboflow_drago_v1_488-Copy_jpg.rf.16c341d75fb620c0e87aa8eea6c24c91.jpg	roboflow_drago_v1_488-Copy_jpg.rf.16c341d75fb620c0e87aa8eea6c24c91.txt	1	202	655	0	1	15	157.0	108.0	329.0	406.0	108439.0	36bf7d5b3e69714a7e5d2b08ba4925e757881dad6aa9eacc0d55268b6eb93686	f14f90081917f19fb9bffa2a69d8cc292194cf56259dc5ac67f942d4ace94aee
train_clean	train	roboflow_drago_v1	roboflow_drago_v1_488-Copy_jpg.rf.3634649202e38741c8ffccb6b75cfef4.jpg	roboflow_drago_v1_488-Copy_jpg.rf.3634649202e38741c8ffccb6b75cfef4.txt	1	203	656	0	1	15	108.0	154.0	406.0	329.0	108440.0	a8c7b1ab8ea6411b445e73ee26af148ca0150bf8ec2d3775d6ad939f7f953db3	a54e4dedc23da499ae1fb1f8d2ae880c81eb2142253ce4e41fa1eac8c3ff75e2
train_clean	train	roboflow_drago_v1	roboflow_drago_v1_488-Copy_jpg.rf.a748c0b79753b01c479791c9c3ce98ec.jpg	roboflow_drago_v1_488-Copy_jpg.rf.a748c0b79753b01c479791c9c3ce98ec.txt	1	204	657	0	1	15	154.0	126.0	329.0	406.0	108443.0	9696bcfbfc666de4ed640c14a0dab89bcc0fd1edc73e5e806afb219d04aea315	61237862415e6c90176d97b64aa577d206f7346545498c6bdc8eba1bee381759
train_clean	train	roboflow_drago_v1	roboflow_drago_v1_50_jpg.rf.28a82357e315fcfb7a3cf7362427c5ed.jpg	roboflow_drago_v1_50_jpg.rf.28a82357e315fcfb7a3cf7362427c5ed.txt	1	205	658	0	1	13	89.0	236.0	282.0	236.0	47268.0	5b5c0690f0bab166cb5c8e3cd79575486b6495431c59655e730e26adb600f8d6	490db00cdabfd7d2034cef13b9da90c5327090e05d979885f066f30c8ffaa08a
train_clean	train	roboflow_drago_v1	roboflow_drago_v1_50_jpg.rf.28a82357e315fcfb7a3cf7362427c5ed.jpg	roboflow_drago_v1_50_jpg.rf.28a82357e315fcfb7a3cf7362427c5ed.txt	2	205	659	0	1	13	285.0	166.0	260.0	233.0	44231.0	9c91568520a04bb39afa8a0a127a7b542bcb7301de2f20ad941cf481d04cf1c7	44dbbaf61721b6d1f1a2bee43605ad45795783be8ff63cecd455566c0b713fe0
train_clean	train	roboflow_drago_v1	roboflow_drago_v1_512-Copy_jpg.rf.0a2a55853385a0a17ec31ac2cb8bfb5e.jpg	roboflow_drago_v1_512-Copy_jpg.rf.0a2a55853385a0a17ec31ac2cb8bfb5e.txt	1	206	660	0	1	22	112.0	130.0	411.0	367.0	103543.0	def9f819d99159a71103557d6b9d12dab4eccf1dc6f12891e9196cbcae4da128	7684a75ecdcb1f6ab69bac7077ddf592a0dd0287dde4fce674238c6df7f7409c
train_clean	train	roboflow_drago_v1	roboflow_drago_v1_512-Copy_jpg.rf.d42d97d9221b8e05bb5e794e1f2bfa2d.jpg	roboflow_drago_v1_512-Copy_jpg.rf.d42d97d9221b8e05bb5e794e1f2bfa2d.txt	1	207	661	0	1	22	143.0	112.0	366.0	411.0	103542.0	f00ada33786e46322ad3e904438c8ceca45b791a36da9eb28b21d1af7ba28511	76580234d34d6823affb4d77adfa0aad5dfed98024e72f0702fbf4bc9918aa44
train_clean	train	roboflow_drago_v1	roboflow_drago_v1_521-Copy_jpg.rf.d504101bc0eb9042055f1418ef3fc264.jpg	roboflow_drago_v1_521-Copy_jpg.rf.d504101bc0eb9042055f1418ef3fc264.txt	1	208	662	0	1	17	77.0	141.0	485.0	355.0	130938.0	d5045541aed9656c772c9092d3a919699c78fd22671f67977b7020e2a05ff422	9178f1b75c11957caccc65d38155a75e12d09fcf547bd8b3c7c171aca7c57f1f
train_clean	train	roboflow_drago_v1	roboflow_drago_v1_534-Copy_jpg.rf.63334378c11b24bc4d2fdc7ed1bf612b.jpg	roboflow_drago_v1_534-Copy_jpg.rf.63334378c11b24bc4d2fdc7ed1bf612b.txt	1	209	663	0	1	15	55.0	229.0	257.0	203.0	41821.0	a93074457939b0a85948a91ce9a88593ddf113bbceb60129d1032f59232839bf	a8cfc7b6ea3dd164ead6eee065180bb1a3b048011a672116e39327ab33daf0aa
train_clean	train	roboflow_drago_v1	roboflow_drago_v1_534-Copy_jpg.rf.63334378c11b24bc4d2fdc7ed1bf612b.jpg	roboflow_drago_v1_534-Copy_jpg.rf.63334378c11b24bc4d2fdc7ed1bf612b.txt	2	209	664	0	1	15	318.0	212.0	260.0	211.0	42105.0	5085b0f25dbe44011b6ba6bbbc64d210f23e78a3a8f413093f92e1fe1bde17e9	a26c5b8417d4ec6b729d6d09ad69a923ad659257874c08610140ce008f498e74
train_clean	train	roboflow_drago_v1	roboflow_drago_v1_535-Copy_jpg.rf.4b55a11a25ffe3c8928072f122490c25.jpg	roboflow_drago_v1_535-Copy_jpg.rf.4b55a11a25ffe3c8928072f122490c25.txt	1	210	665	0	1	16	339.0	95.0	192.0	345.0	49248.0	b02b01639a1c315bab6c238e5cc66feb62636979411d34f1790aeb6c0ae46405	8603b49d2ceb19a6acf291bba154421f03b64ec02cec84f150cf6d234b7af5a4
train_clean	train	roboflow_drago_v1	roboflow_drago_v1_535-Copy_jpg.rf.4b55a11a25ffe3c8928072f122490c25.jpg	roboflow_drago_v1_535-Copy_jpg.rf.4b55a11a25ffe3c8928072f122490c25.txt	2	210	666	0	1	14	139.0	137.0	230.0	415.0	71633.0	cd2542f5139dccdff2afcc077388666fcdb6744a3329363eb0a3dd81fc2ba7e0	a354b224329806603d6fe777f7b932fcf2b38caa0a7a2148ee8f5630c7afcfd9
train_clean	train	roboflow_drago_v1	roboflow_drago_v1_535-Copy_jpg.rf.eec2b04795c83a353c79a12aa0e53540.jpg	roboflow_drago_v1_535-Copy_jpg.rf.eec2b04795c83a353c79a12aa0e53540.txt	1	211	667	0	1	16	95.0	109.0	345.0	192.0	49246.0	b269af8ce10d203e49f63fdf892449fd8df6bdf2959407d54b49ec5af2f34751	4112ba8019771da3e4e719a8f588f75dc769f73e1fbce19fc7de522c9b8a8a1d
train_clean	train	roboflow_drago_v1	roboflow_drago_v1_535-Copy_jpg.rf.eec2b04795c83a353c79a12aa0e53540.jpg	roboflow_drago_v1_535-Copy_jpg.rf.eec2b04795c83a353c79a12aa0e53540.txt	2	211	668	0	1	14	137.0	271.0	415.0	230.0	71630.0	943ad834e6966f892d10f72556b295bd916778a56f1243152e6b35ae721d124f	54dce74ab74f7e7160fdbaed3322e5d93c71dd3c1c275773bf3c4f1e4043b1be
train_clean	train	roboflow_drago_v1	roboflow_drago_v1_535-Copy_jpg.rf.ff54bc8e441c763d4be1e6964c132919.jpg	roboflow_drago_v1_535-Copy_jpg.rf.ff54bc8e441c763d4be1e6964c132919.txt	1	212	669	0	1	16	109.0	200.0	192.0	345.0	49240.0	924df8ed84d6fdc110c314a2a90817debcf9cfa54031dfe17a2e470c7fb04e35	2a5db50faf15140a9170d09722b2369ddd6222e65dd87191984a15a507026df3
train_clean	train	roboflow_drago_v1	roboflow_drago_v1_535-Copy_jpg.rf.ff54bc8e441c763d4be1e6964c132919.jpg	roboflow_drago_v1_535-Copy_jpg.rf.ff54bc8e441c763d4be1e6964c132919.txt	2	212	670	0	1	14	271.0	88.0	230.0	415.0	71622.0	de1c4e3008dc5e53328df444be40ba222d6dd99d0e7b286d5e8a3236d6972a71	16b5b4b7f9984e82c7e8dcb241d7a807308dd2d8f87460feac92fb67f793ed39
train_clean	train	roboflow_drago_v1	roboflow_drago_v1_53_jpg.rf.0bf95508b4e4654b708dd43d0dda0855.jpg	roboflow_drago_v1_53_jpg.rf.0bf95508b4e4654b708dd43d0dda0855.txt	1	213	671	0	1	12	171.0	195.0	159.0	171.0	18160.0	c4b91c1001a9f1e98855b44944397ed1e40a249f404405d137ef8bbf549c8a7e	324aec8f505feb60f9acbab1f9c33e37cb283a68b492665a713d5f5eefa4eb41
train_clean	train	roboflow_drago_v1	roboflow_drago_v1_53_jpg.rf.0bf95508b4e4654b708dd43d0dda0855.jpg	roboflow_drago_v1_53_jpg.rf.0bf95508b4e4654b708dd43d0dda0855.txt	2	213	672	0	1	10	264.0	53.0	76.0	132.0	6343.0	6e0ee796c352f0e4544a16d64aabafe54b26c1c6365b3f79ca51b7967d384f16	14231b58de016320d49cb285ad41fce647418ca37de6889ec9cffb429bb0b0ff
train_clean	train	roboflow_drago_v1	roboflow_drago_v1_53_jpg.rf.0bf95508b4e4654b708dd43d0dda0855.jpg	roboflow_drago_v1_53_jpg.rf.0bf95508b4e4654b708dd43d0dda0855.txt	3	213	673	0	1	10	413.0	395.0	57.0	146.0	4500.0	2ec8d52a116b0ac58181cb39ac003e2fc5e53656d88d0ea52f6b070435449c7a	d131b53b0daaa977e8dd95ca1068accdef55e9d101ba49bc72c02b8ffeb94636
train_clean	train	roboflow_drago_v1	roboflow_drago_v1_53_jpg.rf.5f41978f91a971d379ff2a0d6b009c20.jpg	roboflow_drago_v1_53_jpg.rf.5f41978f91a971d379ff2a0d6b009c20.txt	1	214	674	0	1	12	195.0	310.0	171.0	159.0	18159.0	a2ee09c7ff9cb8efa1a6b933d4dfa7e942c6c6a89f4239c1fc5a669b61e98ca1	79eaaf6fca7e832c170fff40a736ce37c43b9b6aceecc0dc70bce406b1288d5d
train_clean	train	roboflow_drago_v1	roboflow_drago_v1_53_jpg.rf.5f41978f91a971d379ff2a0d6b009c20.jpg	roboflow_drago_v1_53_jpg.rf.5f41978f91a971d379ff2a0d6b009c20.txt	2	214	675	0	1	10	53.0	300.0	132.0	76.0	6342.0	9dd836b6a893523ab029ccc006c2b754c062d61256d6986e71a9fafc81a0c53b	7329e5195bb1542b486b04ae91487e14b504385b025bb8e556f913d1b36538d7
train_clean	train	roboflow_drago_v1	roboflow_drago_v1_53_jpg.rf.5f41978f91a971d379ff2a0d6b009c20.jpg	roboflow_drago_v1_53_jpg.rf.5f41978f91a971d379ff2a0d6b009c20.txt	3	214	676	0	1	10	395.0	170.0	147.0	57.0	4503.0	58c27ea425ada90f7aee796bb5346aa5511c6aa476a152540a317d5c782c971f	a97958068e4e3280afa0c4c93c6b2a5c4b24a5003b5f75c7d84210f165bce143
train_clean	train	roboflow_drago_v1	roboflow_drago_v1_54_jpg.rf.49ef7652c290b674132a7cfa57a713c1.jpg	roboflow_drago_v1_54_jpg.rf.49ef7652c290b674132a7cfa57a713c1.txt	1	215	677	0	1	18	372.0	276.0	254.0	212.0	42278.0	cda24bb33088fd648dcf51c9894ec7485ee097f12d56c260322e4efece88c83a	246ec4c867f63578d3e53f7a2d2561d54fe03a9800a4c1331261fb55a95b6d40
train_clean	train	roboflow_drago_v1	roboflow_drago_v1_54_jpg.rf.7bffe393d8454eac4f9a767cd3eec22b.jpg	roboflow_drago_v1_54_jpg.rf.7bffe393d8454eac4f9a767cd3eec22b.txt	1	216	678	0	1	18	276.0	14.0	212.0	254.0	42278.0	decf573ebe3f2c1711a463b57e05e5cec9e55c799cab670117b8e043bb8c83ea	c7b36378d5a7b0e180087dbe762e0cffb62211cc1fdda273c4e0cf22081e943a
train_clean	train	roboflow_drago_v1	roboflow_drago_v1_551-Copy_jpg.rf.e6e0607a9ead3867485ff8e2f013393f.jpg	roboflow_drago_v1_551-Copy_jpg.rf.e6e0607a9ead3867485ff8e2f013393f.txt	1	217	679	0	1	14	134.0	231.0	237.0	183.0	35309.0	9462853c89298af22fc9b31fe6380def76c227a62dc3ae36c691007ad9347116	d6b1c1627c9cd9c04b0a32d6112cb60fb7c3c10a8e2388070eb1e1ca9f46d801
train_clean	train	roboflow_drago_v1	roboflow_drago_v1_553-Copy_jpg.rf.2a05850621e7ddeac545acc166da3b2d.jpg	roboflow_drago_v1_553-Copy_jpg.rf.2a05850621e7ddeac545acc166da3b2d.txt	1	218	680	0	1	19	85.0	146.0	472.0	340.0	132323.0	be637dab0d26618641e3df4155110a0846824c670cef0e53cbda94daba8126e5	1b4ea4378ba70d907efb9de1a532a111171576f93eeea712cad4abf024f719e0
train_clean	train	roboflow_drago_v1	roboflow_drago_v1_553-Copy_jpg.rf.5e9c5a96d1b98e3bcff6fc83f59920e4.jpg	roboflow_drago_v1_553-Copy_jpg.rf.5e9c5a96d1b98e3bcff6fc83f59920e4.txt	1	219	681	0	1	19	146.0	83.0	340.0	472.0	132328.0	f056607bd6a7ea3ead1bc931abaf924b70fbea607e2b6ee5227041c1377f3e3b	3fcfcde66d0fe19426387366ce76234604671d8b8d066949e67a65df290e353e
train_clean	train	roboflow_drago_v1	roboflow_drago_v1_557-Copy_jpg.rf.ab46352340a7f736d60c073cc01d9c9e.jpg	roboflow_drago_v1_557-Copy_jpg.rf.ab46352340a7f736d60c073cc01d9c9e.txt	1	220	682	0	1	15	151.0	148.0	487.0	341.0	146591.0	ca1b369e9965add4fcfd17688988b413222275c09ca2a1f97ebd489b946dc037	1f0cb3d1adb7d705d12a883b58dcf28ad5a4684158254206ab232ecf767e6dd5
train_clean	train	roboflow_drago_v1	roboflow_drago_v1_557-Copy_jpg.rf.c51d47861f74c20e3643aca07f15483b.jpg	roboflow_drago_v1_557-Copy_jpg.rf.c51d47861f74c20e3643aca07f15483b.txt	1	221	683	0	1	15	148.0	2.0	341.0	487.0	146570.0	b4cfb473ddc165f92905818727ea1a1516ab6fa6389e153de6a4f050b9c44c67	97c01f4444ae049f75009900fb310c6e7df270161849e3019603671ca5e9a73f
train_clean	train	roboflow_drago_v1	roboflow_drago_v1_55_jpg.rf.5e1a54ddf175eff3729bc83db840f292.jpg	roboflow_drago_v1_55_jpg.rf.5e1a54ddf175eff3729bc83db840f292.txt	1	222	684	0	1	19	246.0	215.0	248.0	193.0	37206.0	b956e52f27de1da65dbc401b7681dfcad3a9b0fca78a269de661f1c99e8789ba	bb054539db1c971f259fd766473ef683b87bfd8ed4c6942fb8f7999e125ec7dd
train_clean	train	roboflow_drago_v1	roboflow_drago_v1_576_jpg.rf.ea3090e88ef86813d5a67986c4eebbb0.jpg	roboflow_drago_v1_576_jpg.rf.ea3090e88ef86813d5a67986c4eebbb0.txt	1	223	685	0	1	16	160.0	204.0	314.0	240.0	59606.0	a8e70835fe8e1c22c3062d297c9272df6bcb941e6ba61fef23a99c6cdafc0e1d	eaa03f02687f95048ca974fcb479970aa282b172e4e9bc8e05681ba88306235d
train_clean	train	roboflow_drago_v1	roboflow_drago_v1_581_jpg.rf.426231b47458f6e7924e7c4c8ebaec24.jpg	roboflow_drago_v1_581_jpg.rf.426231b47458f6e7924e7c4c8ebaec24.txt	1	224	686	0	1	10	3.0	150.0	637.0	341.0	215214.0	d5e1a2f84f6921ea2b9fe280befcbd19afdaee1a771adb4b935e4bfba1914559	0fabe15f7ebf241bc9092995039d3b16659fc5e28c35a849108160b93327168e
train_clean	train	roboflow_drago_v1	roboflow_drago_v1_586_jpg.rf.607b978e437ad45ad89845eba55b5363.jpg	roboflow_drago_v1_586_jpg.rf.607b978e437ad45ad89845eba55b5363.txt	1	225	687	0	1	13	278.0	128.0	173.0	203.0	26177.0	a0cf778b896cc124b7179b76c2d6dfd98de3dddc4ad3cba902698cf4422d2d80	d4183af6ac5c9496a3a25cc35d557da3c3524d2f37e7901440654ff3689bdc64
train_clean	train	roboflow_drago_v1	roboflow_drago_v1_586_jpg.rf.607b978e437ad45ad89845eba55b5363.jpg	roboflow_drago_v1_586_jpg.rf.607b978e437ad45ad89845eba55b5363.txt	2	225	688	0	1	13	158.0	335.0	152.0	194.0	20793.0	22cdc2621f93ae943c39dc39082b9f4c4d9b584bc5a01a6f38ab06b62e96ec83	4476da5cfeb49842a21cb513060e9965a2443d283d3a37cffd9ac9c761d2a4c4
train_clean	train	roboflow_drago_v1	roboflow_drago_v1_586_jpg.rf.94ba821e509d2a6b2ae3ba442e9a56e2.jpg	roboflow_drago_v1_586_jpg.rf.94ba821e509d2a6b2ae3ba442e9a56e2.txt	1	226	689	0	1	13	128.0	189.0	203.0	173.0	26176.0	0fea93810cfaa07dc4e522c76c06ad949b9c9d51f64d744b641105d557dceed1	436cc4ac882e6d0f616fbfb310029a773c151d3705f442cc9c59d77d2de73f02
train_clean	train	roboflow_drago_v1	roboflow_drago_v1_586_jpg.rf.94ba821e509d2a6b2ae3ba442e9a56e2.jpg	roboflow_drago_v1_586_jpg.rf.94ba821e509d2a6b2ae3ba442e9a56e2.txt	2	226	690	0	1	13	336.0	330.0	193.0	152.0	20790.0	032c6f0ec464ca31983722e8571b8cef8f6a6228250f2f8727613f880863e9a0	0ffbed70f1794e449e44ab6aa83fe13c41b742f753c33f6a41f4af1aa63405de
train_clean	train	roboflow_drago_v1	roboflow_drago_v1_588_jpg.rf.28721d77bc4f74d083e15c1496ec0d1c.jpg	roboflow_drago_v1_588_jpg.rf.28721d77bc4f74d083e15c1496ec0d1c.txt	1	227	691	0	1	17	97.0	178.0	437.0	296.0	100130.0	a135a463e52941e23728a92946d6fc3fc06e02ab52fbc70cc6636f901088e26d	4a919cf5081ccc99f67a52de1a1b38a330e1d720993e4899918b730463c38ff9
train_clean	train	roboflow_drago_v1	roboflow_drago_v1_603_jpg.rf.26758010bfdaff2d090834ce87e42f56.jpg	roboflow_drago_v1_603_jpg.rf.26758010bfdaff2d090834ce87e42f56.txt	1	228	692	0	1	16	140.0	250.0	251.0	214.0	42088.0	55dca061edb5bea52ac32d2805fe63531c37762e0d220d75e733c31cd979b51b	14dc77053e6955d221545e66e834bc120a7c567b65ba9f87911ff14cd6c55e67
train_clean	train	roboflow_drago_v1	roboflow_drago_v1_603_jpg.rf.6bae67f0a0a9095be6655d2b650f1e4c.jpg	roboflow_drago_v1_603_jpg.rf.6bae67f0a0a9095be6655d2b650f1e4c.txt	1	229	693	0	1	16	250.0	249.0	214.0	251.0	42082.0	b3cf2e6649268ab60c920b5630bdab085d077e9bcbe828737152ae1de5160a33	c589032d9fb543434d679217ca98057175d99a177b8c6e1dd02d00c73bc9a04d
train_clean	train	roboflow_drago_v1	roboflow_drago_v1_606_jpg.rf.2fbf0480bb3b5f2e92fcef0e57bbad82.jpg	roboflow_drago_v1_606_jpg.rf.2fbf0480bb3b5f2e92fcef0e57bbad82.txt	1	230	694	0	1	19	76.0	63.0	489.0	522.0	199986.0	87462e9bab66ef05633dc310bf728f5e9f87570c0ec2cf1509565cc3e3fbe468	c4ba67b1daeae1088a52dbd668959769958497d47d08eeed144901f4aadaa3ed
train_clean	train	roboflow_drago_v1	roboflow_drago_v1_606_jpg.rf.cb1ac964076e879cb369c327d03dab8a.jpg	roboflow_drago_v1_606_jpg.rf.cb1ac964076e879cb369c327d03dab8a.txt	1	231	695	0	1	19	63.0	75.0	522.0	489.0	199987.0	df566648667e605cdf98bcf14e8decdc28909bb5af2aecd6c5bd2ad21634e357	27917f2831d99ebf3c9d4481dbeafa50149448cfb7f6b0a3932151995bd09dec
train_clean	train	roboflow_drago_v1	roboflow_drago_v1_607_jpg.rf.09a130952d324f3c7aad36cebedc1179.jpg	roboflow_drago_v1_607_jpg.rf.09a130952d324f3c7aad36cebedc1179.txt	1	232	696	0	1	17	114.0	176.0	395.0	285.0	87963.0	921603ddf7570515f859bff05f5a508b216151f0cbb528aeafa4e32539e98f3a	a159ea894fa2c578efcdfbb756c3b974dcc706f8d45da18826f502817871156c
train_clean	train	roboflow_drago_v1	roboflow_drago_v1_609_jpg.rf.38cb015b3f45cec322dbffba899bf96b.jpg	roboflow_drago_v1_609_jpg.rf.38cb015b3f45cec322dbffba899bf96b.txt	1	233	697	0	1	17	94.0	161.0	432.0	308.0	105795.0	7725ddc880c6065d9940d3d9732b72a4ea3a45b57691e5e43de8eb9efe37618d	90317f1c98229614c1da41e6652e4d245f2437fdf3723ef5820e6a3a58479df1
train_clean	train	roboflow_drago_v1	roboflow_drago_v1_615_jpg.rf.1f9e027319eede3fef4cbf862b4a2dee.jpg	roboflow_drago_v1_615_jpg.rf.1f9e027319eede3fef4cbf862b4a2dee.txt	1	234	698	0	1	19	182.0	183.0	286.0	362.0	78731.0	ad55ddb85a203225c4cd29db6864950b23e58e99c13e71b9762f7ab73c3c189e	fe0a42706edb5e8b4918518f677a9e41c1f851a1572971eca1add5fbfd9db35f
train_clean	train	roboflow_drago_v1	roboflow_drago_v1_615_jpg.rf.4890f7d1237bdd00d4a67e6f7ac18b06.jpg	roboflow_drago_v1_615_jpg.rf.4890f7d1237bdd00d4a67e6f7ac18b06.txt	1	235	699	0	1	19	183.0	172.0	362.0	286.0	78725.0	694b2a00645040a5ec593781aa16b2d8175e1e787abba133d1385a0ffe262620	4b4498fdbf4f30002edca7a92e51328f84d0270206dd27b9e38747cf8aee5975
train_clean	train	roboflow_drago_v1	roboflow_drago_v1_625_jpg.rf.52ac4e5de5ca399d03ec6534350cbc01.jpg	roboflow_drago_v1_625_jpg.rf.52ac4e5de5ca399d03ec6534350cbc01.txt	1	236	700	0	1	30	152.0	118.0	316.0	397.0	80857.0	e82723c5aaff4a7bfea96673ee2b80837d6b04e26f816195ea780fd4bfbb893f	31f742cddc7f2333a76bf859c1bf32d0795e7a3af986d0eeb03c04c6cd301017
train_clean	train	roboflow_drago_v1	roboflow_drago_v1_625_jpg.rf.52bb441885d70692198076679f68c999.jpg	roboflow_drago_v1_625_jpg.rf.52bb441885d70692198076679f68c999.txt	1	237	701	0	1	30	118.0	172.0	397.0	316.0	80851.0	e7f2ae6ed88e5e8f058dbca8b66b8030635fb4cc6d292f4161649f2f4bd86f3a	be53f0e6e6e47ec33b167c42917a8de5bc8fb9ec6b82c61f2b816db3eec6489b
train_clean	train	roboflow_drago_v1	roboflow_drago_v1_626_jpg.rf.a973d42ccc5b30146161075e963841ab.jpg	roboflow_drago_v1_626_jpg.rf.a973d42ccc5b30146161075e963841ab.txt	1	238	702	0	1	15	166.0	235.0	294.0	248.0	56886.0	131c138cf58dfa0b21cf24e835515075f268d60e67a1efc0a07ee7d66c3fe7bc	0e641dde90c1b6f94a78840e757ad07b6bc31433277aa4e48451aa09cc61cb19
train_clean	train	roboflow_drago_v1	roboflow_drago_v1_627_jpg.rf.134cf89e13f1cd58f6d0d5b04a0169e6.jpg	roboflow_drago_v1_627_jpg.rf.134cf89e13f1cd58f6d0d5b04a0169e6.txt	1	239	703	0	1	28	68.0	179.0	364.0	202.0	48565.0	130096b3017a0ab8283f278164b9e881143d2c7afd4743895b5501f3824c0662	e2c2a81e7732e8205fe9baffe31577cc0eb74273b1d978fc0d0585830b2ee5ff
train_clean	train	roboflow_drago_v1	roboflow_drago_v1_628_jpg.rf.06a529696b5b11d013197e47d2a94a10.jpg	roboflow_drago_v1_628_jpg.rf.06a529696b5b11d013197e47d2a94a10.txt	1	240	704	0	1	30	169.0	106.0	270.0	359.0	70142.0	9a97affd1d151d70ab59b1b10afdd972452c900bda2c29e3c77c2d6bbcb7591f	694550d03a3473db9fbfc37ea20dbcee8ba0cc3da782d521d050afb48baf9065
train_clean	train	roboflow_drago_v1	roboflow_drago_v1_628_jpg.rf.f2f92425d2b195b1c66bd9cccf42153f.jpg	roboflow_drago_v1_628_jpg.rf.f2f92425d2b195b1c66bd9cccf42153f.txt	1	241	705	0	1	30	175.0	169.0	359.0	270.0	70140.0	ef82da4a5130e8f97669e3207e84a9a4bdd5ec253ab2b4ce9cab8dbd1a1a5864	a26126d0504683048916e98e53271fd4d4931d2b62208d7c8e197b9ffa88c5bc
train_clean	train	roboflow_drago_v1	roboflow_drago_v1_630_jpg.rf.7c214540eeda6cfb66d4499e4d4ebb02.jpg	roboflow_drago_v1_630_jpg.rf.7c214540eeda6cfb66d4499e4d4ebb02.txt	1	242	706	0	1	17	57.0	110.0	531.0	419.0	174310.0	1c81ccd9450d61b3627261848cff685e245ee1c2bff109b7d11879fdd578d59b	63c98c593f946031a14040d5f821db8ea547fb483b4dea04f09aeecca3d41618
train_clean	train	roboflow_drago_v1	roboflow_drago_v1_640_jpg.rf.13d54abf7a0d7ea4c731d3eb521f5849.jpg	roboflow_drago_v1_640_jpg.rf.13d54abf7a0d7ea4c731d3eb521f5849.txt	1	243	707	0	1	22	98.0	118.0	444.0	427.0	135606.0	d841ed7100ac0af2a6221161c3653588177106de59c4c819e8917eacb85dc2d1	f961e0ae207bc27adb2391d5dd83736258b7c9a73fe79bd77ca72c883ad10ad5
train_clean	train	roboflow_drago_v1	roboflow_drago_v1_644_jpg.rf.ae5c397d43d05e30a551239fa738a12e.jpg	roboflow_drago_v1_644_jpg.rf.ae5c397d43d05e30a551239fa738a12e.txt	1	244	708	0	1	17	120.0	160.0	402.0	317.0	96600.0	7a53498b152003af22f13573d492322eeb9e8c24cf6f3a2ecf906400ac599419	c66540186d04d04988fffae892ba2fff1fce32cd6ae442dfc110e416f185e003
train_clean	train	roboflow_drago_v1	roboflow_drago_v1_645_jpg.rf.e683d9b3f5975de470658761f372c79c.jpg	roboflow_drago_v1_645_jpg.rf.e683d9b3f5975de470658761f372c79c.txt	1	245	709	0	1	18	58.0	126.0	487.0	336.0	128817.0	3ffd65b6a5c6fecc8279a87c87fb495b62b3435bf9234086ecaf60155548db95	bd5433653736a72534a8c8fa0406381579e43affb4084977aba7429ae4d555b4
train_clean	train	roboflow_drago_v1	roboflow_drago_v1_64_jpg.rf.61fdd3577ab8106e836178fabad1a736.jpg	roboflow_drago_v1_64_jpg.rf.61fdd3577ab8106e836178fabad1a736.txt	1	246	710	0	1	35	146.0	69.0	476.0	438.0	133412.0	cca409fc17e0d7f8a553e9f8f4c6a67e47bdb8dd40b654687bfb4578edf41484	e66cefeed3c6dc4b34d598b53774a8d04ba12efb1ce5c585f130ce8331fdc3f0
train_clean	train	roboflow_drago_v1	roboflow_drago_v1_659_jpg.rf.945ef8cf322064f9f696ea8910528f1b.jpg	roboflow_drago_v1_659_jpg.rf.945ef8cf322064f9f696ea8910528f1b.txt	1	247	711	0	1	21	15.0	151.0	608.0	331.0	160858.0	0ba42b9a01a30edb2db016853a3f18e88f81d81881287a4f888db03ed63ceced	ebc6e8fa6c77875b8435f0cb5f5dbe89d6be0306847ac1c6b65fb940525e8528
train_clean	train	roboflow_drago_v1	roboflow_drago_v1_659_jpg.rf.f750b37e2c127ccfa00d377b649a9da6.jpg	roboflow_drago_v1_659_jpg.rf.f750b37e2c127ccfa00d377b649a9da6.txt	1	248	712	0	1	21	158.0	15.0	331.0	608.0	160852.0	adeb6bd2a4fa2c2ba0d7fbdb97323e5cc0fe48e9cce165c846b7cd29d60a6918	ba2cc5f60b59a2cb1a1add064aa96e972aed9d59a4c5bc212f5796db8233e6a0
train_clean	train	roboflow_drago_v1	roboflow_drago_v1_660_jpg.rf.5651c29418d5dee4ca6ff8b87670c7f3.jpg	roboflow_drago_v1_660_jpg.rf.5651c29418d5dee4ca6ff8b87670c7f3.txt	1	249	713	0	1	21	152.0	100.0	339.0	440.0	113818.0	b26ed5b5249f3aac9b9964bdc7e581391922885c39f3ba8dda23c14c27c9dbcc	4d73c22b4dbf11f2db1b110e8e563b3f89f4b8da9d7fc8827264dc915842ea4f
train_clean	train	roboflow_drago_v1	roboflow_drago_v1_660_jpg.rf.767c9f964a333cc41f020f19a4158565.jpg	roboflow_drago_v1_660_jpg.rf.767c9f964a333cc41f020f19a4158565.txt	1	250	714	0	1	21	100.0	152.0	440.0	339.0	113807.0	e833959b31447ef223072e53224156aebeac945f2f8668d1d802e4a60d388893	805a97e3375040c7fda6753f5a378a91200bb6c5b7682c713536a9964d3b3169
train_clean	train	roboflow_drago_v1	roboflow_drago_v1_670_jpg.rf.6622dc7575087ef2820f6bef4dc65881.jpg	roboflow_drago_v1_670_jpg.rf.6622dc7575087ef2820f6bef4dc65881.txt	1	251	715	0	1	40	149.0	79.0	451.0	472.0	140679.0	7567697f2462abe8d27e2ebbf4032d07a6d50c6eeb38ca94c0bc45b345813d8d	98cd974491c202d6d2578250abc3adf24d0ab991ed9f47271c105aa775b44c73
train_clean	train	roboflow_drago_v1	roboflow_drago_v1_671_jpg.rf.2bf7fe1417ac02673beaeb685f2b738a.jpg	roboflow_drago_v1_671_jpg.rf.2bf7fe1417ac02673beaeb685f2b738a.txt	1	252	716	0	1	18	132.0	58.0	360.0	482.0	131495.0	80c8908f1f2332d67e8efa884bdf2249a29bc9361a6a505836e9b34a9246b343	6e33d38a6d26894ee18e466bb046b23bcdbf19bd9858923a711d25cef51fb424
train_clean	train	roboflow_drago_v1	roboflow_drago_v1_671_jpg.rf.ea182376281a49c97ad865d9ece0a5f2.jpg	roboflow_drago_v1_671_jpg.rf.ea182376281a49c97ad865d9ece0a5f2.txt	1	253	717	0	1	18	58.0	148.0	482.0	360.0	131496.0	74645b8b12979c5d0e744310840d7a21f09ef53d34e91de73cb5c6175a4c4cd5	556b7c8f37c111b7508694826c439e45060129f9e237d1c58de13b92adb300fb
train_clean	train	roboflow_drago_v1	roboflow_drago_v1_674_jpg.rf.5aad88cdfd3e1c5c0f8eb9e04694f592.jpg	roboflow_drago_v1_674_jpg.rf.5aad88cdfd3e1c5c0f8eb9e04694f592.txt	1	254	718	0	1	17	66.0	115.0	523.0	443.0	178817.0	511fb9b48417da1c4f8dfd2df667e1b8e8232f6e680ef582a4e5083632fe4e80	b60d45b340d2e61187f55ce3bffad60b9d7281b15f829d06672c0c8811ab7985
train_clean	train	roboflow_drago_v1	roboflow_drago_v1_704_jpg.rf.850e353af3dea3bed6a48fc9ea88d1cd.jpg	roboflow_drago_v1_704_jpg.rf.850e353af3dea3bed6a48fc9ea88d1cd.txt	1	255	719	0	1	18	97.0	41.0	460.0	460.0	165547.0	a33f765f9de0fbf236e1cdc5c3d187af3e3afa88fc6a161e64b9d608516a49f8	6c5c7d8876d0639e615a1728c47c71705b9e9e5631eace07899322d68d8884af
train_clean	train	roboflow_drago_v1	roboflow_drago_v1_71_jpg.rf.07e355ab8d60f484d8960ee6e617c02c.jpg	roboflow_drago_v1_71_jpg.rf.07e355ab8d60f484d8960ee6e617c02c.txt	1	256	720	0	1	27	72.0	102.0	516.0	397.0	151434.0	aa158bd0a9a47d83ea2df6f18fdb7d48abf73e61ad873b020ec1833b7f5816cd	7c0a4e4a1844742458970b3d0dbd68bf5c47ef1d13267243ea5d873b3ee674f6
train_clean	train	roboflow_drago_v1	roboflow_drago_v1_71_jpg.rf.446ef36afc418dc1fd4f54f65f7e8a7a.jpg	roboflow_drago_v1_71_jpg.rf.446ef36afc418dc1fd4f54f65f7e8a7a.txt	1	257	721	0	1	27	102.0	52.0	397.0	516.0	151442.0	d26b2813744e2a87cd3c57b0ecd977b6752e823e52061f841b67be0cdfeb6c5b	d02315b6b820c3da0def64ed0e8a01d811a167286765bd6610c698271d2b977c
train_clean	train	roboflow_drago_v1	roboflow_drago_v1_73_jpg.rf.421ce686486ab32094390635346c0343.jpg	roboflow_drago_v1_73_jpg.rf.421ce686486ab32094390635346c0343.txt	1	258	722	0	1	10	232.0	367.0	215.0	118.0	16657.0	d85ec3268fae5fbe83907f60838cbee4bd16bdf1d044768dca8447da7af7e10a	1c7cfd2453d87328e99cf80223e517a4916740eb90208a7dad14719ea84a17e9
train_clean	train	roboflow_drago_v1	roboflow_drago_v1_73_jpg.rf.421ce686486ab32094390635346c0343.jpg	roboflow_drago_v1_73_jpg.rf.421ce686486ab32094390635346c0343.txt	2	258	723	0	1	11	193.0	185.0	263.0	206.0	35415.0	d0dd11f1603f69fc86e69d1f5857e97550e18d404638aef3fae4ffb0010d004c	6a37feb2ff0e67782298dd05bfdefdfaae0190b760fe58b82aed7e5da9310bc6
train_clean	train	roboflow_drago_v1	roboflow_drago_v1_73_jpg.rf.d0846d837f9189888776a1402743a26c.jpg	roboflow_drago_v1_73_jpg.rf.d0846d837f9189888776a1402743a26c.txt	1	259	724	0	1	10	367.0	193.0	118.0	215.0	16666.0	d1558fbe47534589319cab977515955238040661be7cbfd684298b34b566f00c	0fabea2c660989c57611359cb31591a1f5d44e4f9bb5443f763049e04bda3074
train_clean	train	roboflow_drago_v1	roboflow_drago_v1_73_jpg.rf.d0846d837f9189888776a1402743a26c.jpg	roboflow_drago_v1_73_jpg.rf.d0846d837f9189888776a1402743a26c.txt	2	259	725	0	1	11	185.0	184.0	206.0	263.0	35405.0	a1d6310425eb8f8005c3d48c8f191a869d80f409c7b5479827a940a74b83367a	5c29b44f96554e4fcd10dd53a4af2779882d47e9a2259fa9244f9ea598d67146
train_clean	train	roboflow_drago_v1	roboflow_drago_v1_74_jpg.rf.526e9b1cd8e9b6143a0537387bfcef60.jpg	roboflow_drago_v1_74_jpg.rf.526e9b1cd8e9b6143a0537387bfcef60.txt	1	260	726	0	1	16	249.0	91.0	239.0	285.0	49243.0	f335ce1afcca0ef2eef156c18257ff03d29e0ab4f09e1dcf7637631e70ae34bb	3c0b35eab9a7dac694a40fcc16f85ee23e4fe6bca19319acffbc03e721ede62d
train_clean	train	roboflow_drago_v1	roboflow_drago_v1_74_jpg.rf.bc63c3db017fc0799068ca4f3bfdcd6d.jpg	roboflow_drago_v1_74_jpg.rf.bc63c3db017fc0799068ca4f3bfdcd6d.txt	1	261	727	0	1	16	91.0	152.0	286.0	239.0	49247.0	62560a00ad8b570823700bcbadab5abdffdf967097e715496b2406d083cb6656	4fc59c42f4f3e448715e74713882b86de0ba15d1afd12ce2e5497f774230fc6d
train_clean	train	roboflow_drago_v1	roboflow_drago_v1_77_jpg.rf.6357d22a3dc440437c7bcf6fda4e616a.jpg	roboflow_drago_v1_77_jpg.rf.6357d22a3dc440437c7bcf6fda4e616a.txt	1	263	728	0	1	20	28.0	235.0	310.0	174.0	37841.0	a4537e12cdd8b1995472758532513ddc417e0e6bb41d615fbe362e809a42d67f	2dab6f5c9f156f8ff1c50374fc7cac4e9ccf0b36f67d7ed4547742413d400d21
train_clean	train	roboflow_drago_v1	roboflow_drago_v1_77_jpg.rf.6357d22a3dc440437c7bcf6fda4e616a.jpg	roboflow_drago_v1_77_jpg.rf.6357d22a3dc440437c7bcf6fda4e616a.txt	2	263	729	0	1	15	362.0	215.0	246.0	177.0	33528.0	a38ad2a827b361971254b1197aa0f44b83b62150438f58aeee21928baee74c95	3cad9ad9b327925a2712539fdbae31f05f59b9fb072e36751faf1ad940af086d
train_clean	train	roboflow_drago_v1	roboflow_drago_v1_77_jpg.rf.ae7b1b0bc3e9ef7fb30348bc842510e7.jpg	roboflow_drago_v1_77_jpg.rf.ae7b1b0bc3e9ef7fb30348bc842510e7.txt	1	264	730	0	1	20	231.0	28.0	174.0	310.0	37840.0	5bf8881265e524e336cdf81b7ffa86664d2d27daa0ebf601c9bdcae09d503d0f	1f1ea08fba3529296b226d0877df43f73b3bdfcdfe9d231cff40ce5932ebed24
train_clean	train	roboflow_drago_v1	roboflow_drago_v1_77_jpg.rf.ae7b1b0bc3e9ef7fb30348bc842510e7.jpg	roboflow_drago_v1_77_jpg.rf.ae7b1b0bc3e9ef7fb30348bc842510e7.txt	2	264	731	0	1	15	248.0	362.0	177.0	246.0	33530.0	9e29da3115a52a418da037bcdccc0166e85584ba3b9b24d1f59922cfc12e1e57	44bd06746e484f5b6a1416b9a2d958974882454f58ff0ad49fd5a11814389cf1
train_clean	train	roboflow_drago_v1	roboflow_drago_v1_86_jpg.rf.381ab1957bab9effe457ef232bd634fe.jpg	roboflow_drago_v1_86_jpg.rf.381ab1957bab9effe457ef232bd634fe.txt	1	265	732	0	1	21	112.0	146.0	462.0	395.0	138378.0	af2eb4785f34b8c0a06967fe29a81c3fa0f8ea4a3a796c0523d0d8b929a5e3cd	3bb9adfb3c5c6fdcffd633b85ada70fabd946dc0a6c6f1cb08f461b8b271ffa2
train_clean	train	roboflow_drago_v1	roboflow_drago_v1_86_jpg.rf.891802b24ac1c70b9cb3b59802ccaed8.jpg	roboflow_drago_v1_86_jpg.rf.891802b24ac1c70b9cb3b59802ccaed8.txt	1	266	733	0	1	21	146.0	66.0	395.0	462.0	138366.0	afe032a800e43184f61f238bd0e63d35247463fe2d78349b43553d1277684486	8f733635cce0cb30b05ce07764bf0fa93f68441974135e09ac6cbec5580be43f
train_clean	train	roboflow_drago_v1	roboflow_drago_v1_89_jpg.rf.0c8f54efb1892b660e28816e3104a546.jpg	roboflow_drago_v1_89_jpg.rf.0c8f54efb1892b660e28816e3104a546.txt	1	267	734	0	1	17	89.0	125.0	477.0	413.0	158583.0	19171c1f216be39ecbda228a7b845e5e86f73fb2164b2ffcf677f2e2503d8cea	e7503df815663c263b54f38eccdd644b8cc6206e7d554134223c066c312239a6
train_clean	train	roboflow_drago_v1	roboflow_drago_v1_89_jpg.rf.1ebac7e646e32fd97f79aadd8be669b4.jpg	roboflow_drago_v1_89_jpg.rf.1ebac7e646e32fd97f79aadd8be669b4.txt	1	268	735	0	1	17	125.0	74.0	413.0	477.0	158583.0	acca860c2652547a4ce703e9cfbda77f0cf42f29942e8a468fada971845439ef	ca09737e73340f4b5dd0c1b5259c4bb813bd0a56118cc21681856fb0ff0085dd
train_clean	train	roboflow_drago_v1	roboflow_drago_v1_90_jpg.rf.b44d721d75d961979a15bf45d6683b44.jpg	roboflow_drago_v1_90_jpg.rf.b44d721d75d961979a15bf45d6683b44.txt	1	269	736	0	1	18	97.0	144.0	524.0	403.0	161899.0	d85fec68e8e7e0893b5eb222a1e1da47b0789629508a059e758b04c4f2a1c24e	507386d94a354db145bc098fe6d10b680aed40e600659461adb3d302a421ffdf
train_clean	train	roboflow_drago_v1	roboflow_drago_v1_92_jpg.rf.af37ffc342285a8b2e1726cab6d35456.jpg	roboflow_drago_v1_92_jpg.rf.af37ffc342285a8b2e1726cab6d35456.txt	1	270	737	0	1	17	157.0	304.0	315.0	259.0	65097.0	d1a7b954bcb9d914e473134f6ea236891586966cb80d922117b57a5e6025292e	c7030b1af5dc922c0897fc0a30fbfb5a300759bd7b3939db8bae7ae14416dd47
train_clean	train	roboflow_drago_v1	roboflow_drago_v1_93_jpg.rf.1894578241e52bdc1b04d73d8e82d8df.jpg	roboflow_drago_v1_93_jpg.rf.1894578241e52bdc1b04d73d8e82d8df.txt	1	271	738	0	1	30	71.0	105.0	512.0	394.0	148672.0	a534b191c9020a15744e61a2413f42d1c95c3a96d81fd8cff0551e1505d88fde	c51ae03e4e6c9703c23335008d51c0e7ded3b0a87eded5522ce4e618760dca29
train_clean	train	roboflow_drago_v1	roboflow_drago_v1_94_jpg.rf.7e6c3082d37953c984e8c24ccb1d4dcc.jpg	roboflow_drago_v1_94_jpg.rf.7e6c3082d37953c984e8c24ccb1d4dcc.txt	1	272	739	0	1	25	131.0	43.0	427.0	502.0	160981.0	05fac546bb4eea23abb555bec72187ba7294ac420571c94bc8910a4c8104e588	6509eca602714ae12bdfbc96a41af91a9158a8ba235d2e73f535dbb8d98efe9d
train_clean	train	roboflow_drago_v1	roboflow_drago_v1_94_jpg.rf.90a847e42bd1affe39f1eb9b1df4e8a3.jpg	roboflow_drago_v1_94_jpg.rf.90a847e42bd1affe39f1eb9b1df4e8a3.txt	1	273	740	0	1	25	95.0	131.0	502.0	427.0	160995.0	97f9464ab1bc16bb062fd34bdba4fefbede23f6eda5efe24d875a762c2f367c1	f70794d2d3f10eaac215119c3721bfa65c951c47a8f6eb4a241b82564ff90093
train_clean	train	roboflow_drago_v1	roboflow_drago_v1_96_jpg.rf.9f117fdd35ec46d4941b3faad7c45bb6.jpg	roboflow_drago_v1_96_jpg.rf.9f117fdd35ec46d4941b3faad7c45bb6.txt	1	274	741	0	1	18	130.0	9.0	433.0	551.0	184129.0	3b4e5668e79899bcc38424c3486b697cac05850dff2a679636b682b84cb2ecdc	e03c66460cdeb43136e19e5b3fb2c6d142e06819ed4d6e7bb14d9ab7db76de4f
train_clean	train	roboflow_drago_v1	roboflow_drago_v1_96_jpg.rf.c0a7cce660d670e57b1192bff432d66f.jpg	roboflow_drago_v1_96_jpg.rf.c0a7cce660d670e57b1192bff432d66f.txt	1	275	742	0	1	18	80.0	130.0	551.0	433.0	184132.0	2864f20e8c4a624dfa2e1463627019f9d374b2fe7ceff5e54439d3957e80261b	63ffd5b3df0887d3607b2acd9e8b332544dd352bf4582489cb42a500f4fc54a6
train_clean	train	roboflow_team128_v5	roboflow_team128_v5_IMG_0327_jpg.rf.7eb78f947ca2d365949978e778e5b637.jpg	roboflow_team128_v5_IMG_0327_jpg.rf.7eb78f947ca2d365949978e778e5b637.txt	1	276	743	0	1	73	812.0	1014.0	1098.0	988.0	782860.0	64591cf0c4b2799573f1b94c1b6db907bef7d24f2d38e29882b7420c0d412fa2	0caa0ac6f8220ea746a1ddee0914790a0aaf06fa1b229e6f5cdd744ed6f08ce3
train_clean	train	roboflow_team128_v5	roboflow_team128_v5_IMG_0327_jpg.rf.7eb78f947ca2d365949978e778e5b637.jpg	roboflow_team128_v5_IMG_0327_jpg.rf.7eb78f947ca2d365949978e778e5b637.txt	2	276	744	0	1	39	1620.0	1984.0	465.0	555.0	204427.0	ce3522fad210ecad2d2c87a73f09307e6b358ec9796cb94c2b93b51dae762458	c733e8a8abfff7388787753b4275ad8b2459d31ad11db96f29500d2d76956ad1
train_clean	train	roboflow_team128_v5	roboflow_team128_v5_IMG_0328_jpg.rf.8689c1eac410a0dc3ae41a7651708e6e.jpg	roboflow_team128_v5_IMG_0328_jpg.rf.8689c1eac410a0dc3ae41a7651708e6e.txt	1	277	745	0	1	89	808.0	1407.0	920.0	918.0	621568.0	8ab6895037bb97f3fe741b29194838d9b375f1d1b2dc91b44f3db0855f3df18c	93aceb92c2d93e6f7ce62b70e7ce9eb11cf403d5dbcec87f1db7ba98f788ce1d
train_clean	train	roboflow_team128_v5	roboflow_team128_v5_IMG_0329_jpg.rf.879a407850addf542a035ae808a819aa.jpg	roboflow_team128_v5_IMG_0329_jpg.rf.879a407850addf542a035ae808a819aa.txt	1	278	746	0	1	51	976.0	1465.0	1208.0	1637.0	1520771.0	9700b4e26f42601026e3158de99fc418aba44788c866f5f2f0842c852d92a86c	09f55208883dc95eb3dbbb4e6215a781194343f8136b0b672be67025767136a1
train_clean	train	roboflow_team128_v5	roboflow_team128_v5_IMG_0330_jpg.rf.b5bc0113fe8b77df48ec13ec3733789b.jpg	roboflow_team128_v5_IMG_0330_jpg.rf.b5bc0113fe8b77df48ec13ec3733789b.txt	1	279	747	0	1	50	474.0	790.0	1464.0	1277.0	1412639.0	16a222f8af79ef9e82839b2da299e36c2d9ccbdb9cd8d6a10121042395d0863a	b76bceded7bd2931e438a6830ddf7d02f8f5ae8dd9415e1c5dd2e44ad0d673e6
train_clean	train	roboflow_team128_v5	roboflow_team128_v5_IMG_0331_jpg.rf.b156d9fa1175221fd5686f6cb5640c04.jpg	roboflow_team128_v5_IMG_0331_jpg.rf.b156d9fa1175221fd5686f6cb5640c04.txt	1	280	748	0	1	126	866.0	1132.0	991.0	808.0	540064.0	b701f32a8c0444f95e5ab431d0eed8ba1b8c1e9ebb43f18092f13eee7cde0f9f	0371a5d97ba29d1771b80ae522283ebf503fe6de46823cafe5b7c39a4999033e
train_clean	train	roboflow_team128_v5	roboflow_team128_v5_IMG_0331_jpg.rf.b156d9fa1175221fd5686f6cb5640c04.jpg	roboflow_team128_v5_IMG_0331_jpg.rf.b156d9fa1175221fd5686f6cb5640c04.txt	2	280	749	0	1	51	1758.0	0.0	356.0	522.0	109993.0	a7c70ea9f63b66c3013c37b651e23dea4dc44bec127d9b0d30e875c6e0e84367	e165b8489202c906b9d0a11584065658366bc03e2b9b66216b8b145af2b6d14b
train_clean	train	roboflow_team128_v5	roboflow_team128_v5_IMG_0332_jpg.rf.165a02d79fe2fd50ecee52d5b41e3914.jpg	roboflow_team128_v5_IMG_0332_jpg.rf.165a02d79fe2fd50ecee52d5b41e3914.txt	1	281	750	0	1	77	1295.0	1380.0	649.0	871.0	313539.0	d36ad4d1699e3924d1a35d2a3ec4202c7ca6c5d265ae44dcbd158f0e11448075	790471c4d7095917ce4e79dd3cffb66b4b19b39894060f110e742e782c39b077
train_clean	train	roboflow_team128_v5	roboflow_team128_v5_IMG_0333_jpg.rf.43b3b79887ad9dda1f59ff34b9e7ec12.jpg	roboflow_team128_v5_IMG_0333_jpg.rf.43b3b79887ad9dda1f59ff34b9e7ec12.txt	1	282	751	0	1	44	852.0	1317.0	451.0	613.0	142596.0	451cb2a55de6702ec6c5f807cc73a9474843ca01c75b792992826505ad6a301d	323234a5533f6ecb2fdfb50c02b90a526ebae69742a0af2f0a708db0a5bbcea3
train_clean	train	roboflow_team128_v5	roboflow_team128_v5_IMG_0333_jpg.rf.43b3b79887ad9dda1f59ff34b9e7ec12.jpg	roboflow_team128_v5_IMG_0333_jpg.rf.43b3b79887ad9dda1f59ff34b9e7ec12.txt	2	282	752	0	1	44	1239.0	1646.0	506.0	346.0	80587.0	bb9ee22f81d9d20ce8c8dc6eb6ad3fc1a64d127c2317a955bf3e3ad0a1781b8a	8b70497ea448396a6fefd043b703cb1362b9c880bfedb73f797e8c7103b52990
train_clean	train	roboflow_team128_v5	roboflow_team128_v5_IMG_0333_jpg.rf.43b3b79887ad9dda1f59ff34b9e7ec12.jpg	roboflow_team128_v5_IMG_0333_jpg.rf.43b3b79887ad9dda1f59ff34b9e7ec12.txt	3	282	753	0	1	31	920.0	1980.0	378.0	328.0	75838.0	5a6356dae26151b958fc4216cbbfda7450084c51e0c740561a76cb3e0ba6939e	b8e04c716f72316c05518756ea8433ad7e59c51f6a040aa8460a4b0a117e0db3
train_clean	train	roboflow_team128_v5	roboflow_team128_v5_IMG_0334_jpg.rf.b19a68e8fc8c27b8bb418e7d44a47951.jpg	roboflow_team128_v5_IMG_0334_jpg.rf.b19a68e8fc8c27b8bb418e7d44a47951.txt	1	283	754	0	1	74	932.0	1057.0	947.0	983.0	583122.0	99460eb93a23d3087441ecb7f1a420cae5d994cb6f06a7270f138be169bcb1a1	b53005885e1e682c7d41d81342cf231d3b8a7a3dbc0aa2872349f797137eaf79
train_clean	train	roboflow_team128_v5	roboflow_team128_v5_IMG_0335_jpg.rf.345ed0dcc159f83c799e9f918c5c030d.jpg	roboflow_team128_v5_IMG_0335_jpg.rf.345ed0dcc159f83c799e9f918c5c030d.txt	1	284	755	0	1	95	583.0	994.0	1599.0	1446.0	1730237.0	548e4453e833ca366559a3d08e0075789b4bae63b467cd9183a70557db44b0f5	7f2efe6a17e30e52e30765fd75a4ae40867ab227a1a1cac027f0b2900c9ad33d
train_clean	train	roboflow_team128_v5	roboflow_team128_v5_IMG_0337_jpg.rf.e251f71777d67d06a4c4f9a49d5e0066.jpg	roboflow_team128_v5_IMG_0337_jpg.rf.e251f71777d67d06a4c4f9a49d5e0066.txt	1	285	756	0	1	61	465.0	930.0	1120.0	1493.0	1352161.0	5c127dbf388d5a7eddc20c66ded8b3b84270f9a32339955205d900033d2c83d5	d9f1f9862837d3a71f36551136693287ba5772d0d2f8eb1fd0e35e186a38a816
train_clean	train	roboflow_team128_v5	roboflow_team128_v5_IMG_0338_jpg.rf.56bb8ba050b772562605c0cbb2010ee7.jpg	roboflow_team128_v5_IMG_0338_jpg.rf.56bb8ba050b772562605c0cbb2010ee7.txt	1	286	757	0	1	63	1641.0	2076.0	1382.0	1300.0	1312973.0	cc07b681d1542bda5d0c1ba2ecaf394ade121476e928f9f16be7335fd88ee78e	56c6b63e26d466e0f15e498f68864a2d48ccf6e78022c8c1bf5a01fd8fdfa31f
train_clean	train	roboflow_team128_v5	roboflow_team128_v5_IMG_0338_jpg.rf.56bb8ba050b772562605c0cbb2010ee7.jpg	roboflow_team128_v5_IMG_0338_jpg.rf.56bb8ba050b772562605c0cbb2010ee7.txt	2	286	758	0	1	106	740.0	918.0	969.0	1084.0	672109.0	de9999441c79991f1ea903b6a24c3f9f2fc337b8a3ab569de983d2310930f923	39331458f21a7be4386f1264a33e7acf6c81d944cead576e028282002e12bb13
train_clean	train	roboflow_team128_v5	roboflow_team128_v5_IMG_0339_jpg.rf.89a6c1d46eb27313c9018c17c3c61d4b.jpg	roboflow_team128_v5_IMG_0339_jpg.rf.89a6c1d46eb27313c9018c17c3c61d4b.txt	1	287	759	0	1	76	2409.0	1161.0	614.0	927.0	428980.0	59f12f8096f5992bbbc69f3d4bd42a5f6d086aa46b0de40db4c0b87faf905499	fe55226a9696370577d814c38bbecfcf8c08275e906a8ed9f67aeb148971c252
train_clean	train	roboflow_team128_v5	roboflow_team128_v5_IMG_0339_jpg.rf.89a6c1d46eb27313c9018c17c3c61d4b.jpg	roboflow_team128_v5_IMG_0339_jpg.rf.89a6c1d46eb27313c9018c17c3c61d4b.txt	2	287	760	0	1	28	1555.0	1999.0	294.0	221.0	37129.0	fce5db2c9c480f151e5884c0a208646e146d08b03b2c6d4b091ec8e17c3fdb8c	5f4f17d23f68bf1129a9747bddb61a59ac8aac41f6f88b189166d07300121264
train_clean	train	roboflow_team128_v5	roboflow_team128_v5_IMG_0339_jpg.rf.89a6c1d46eb27313c9018c17c3c61d4b.jpg	roboflow_team128_v5_IMG_0339_jpg.rf.89a6c1d46eb27313c9018c17c3c61d4b.txt	3	287	761	0	1	21	1351.0	1720.0	174.0	112.0	12916.0	a0fe993462079a76a61dd2faa2b1428f159a3fb8031917ae370ea9d854e69874	ac3b9d3b1b66b74662681af71587bfdcd7dfdb3633f31ce4462d0dcc0fcb7320
train_clean	train	roboflow_team128_v5	roboflow_team128_v5_IMG_0339_jpg.rf.89a6c1d46eb27313c9018c17c3c61d4b.jpg	roboflow_team128_v5_IMG_0339_jpg.rf.89a6c1d46eb27313c9018c17c3c61d4b.txt	4	287	762	0	1	66	1159.0	1696.0	502.0	588.0	123555.0	a04e5f459e7a6034ba41d3834b55c967ea32c5af05238311745c50a1f3933062	b582f0dd5aa4444b28faad30a7869cd21edbdb029c8f16923e40ee57866ef868
train_clean	train	roboflow_team128_v5	roboflow_team128_v5_IMG_0339_jpg.rf.89a6c1d46eb27313c9018c17c3c61d4b.jpg	roboflow_team128_v5_IMG_0339_jpg.rf.89a6c1d46eb27313c9018c17c3c61d4b.txt	5	287	763	0	1	70	1069.0	1506.0	718.0	315.0	100854.0	0099a318afb664d5a869eac706d9fdf6df98f211b5aba3b769c9cea8ec22d0c1	b846c0843d682a2d9c5f00178bf7d14ebb94f301c0d6708b7027a9a7e605e82e
train_clean	train	roboflow_team128_v5	roboflow_team128_v5_IMG_0340_jpg.rf.635ee6e2fb05742ae2fbde97d7df76e5.jpg	roboflow_team128_v5_IMG_0340_jpg.rf.635ee6e2fb05742ae2fbde97d7df76e5.txt	1	288	764	0	1	137	592.0	978.0	812.0	859.0	397699.0	ca2c3eef10de1c5a41b81f7c924339a614d59ef24597764e430f63092ec9d4ff	4ed8e69c370124bc2ebca666e5b1caa9516a92fc75086c8ba1f313835b0eef14
train_clean	train	roboflow_team128_v5	roboflow_team128_v5_IMG_0341_jpg.rf.ca9b17927615f780e2bcb6af1d8acfd6.jpg	roboflow_team128_v5_IMG_0341_jpg.rf.ca9b17927615f780e2bcb6af1d8acfd6.txt	1	289	765	0	1	82	583.0	1525.0	1346.0	1184.0	1060561.0	97c121bb44e11509634a4537c764fade888a582ae65322c3c51cb6acc42f2c0e	fc5ef9d6ea09b65873cd7ace12ab2e22e38247e5871b0e96d5156938e7c00cb1
train_clean	train	roboflow_team128_v5	roboflow_team128_v5_IMG_0342_jpg.rf.9166d51d5fb08dc23bf838a8d0c8157f.jpg	roboflow_team128_v5_IMG_0342_jpg.rf.9166d51d5fb08dc23bf838a8d0c8157f.txt	1	290	766	0	1	150	771.0	1132.0	1352.0	1420.0	1271747.0	939b2f8a47ee742d382a8eefe1a1f77985212b6e42d650d8f25f987c386d4b8e	9a523a4c1c96aaa9a7c531911630e7451f4d5a14fd29be0a05642fe5c2e8f679
train_clean	train	roboflow_team128_v5	roboflow_team128_v5_IMG_0343_jpg.rf.c330e047c42c3acf87cafb882a6d482a.jpg	roboflow_team128_v5_IMG_0343_jpg.rf.c330e047c42c3acf87cafb882a6d482a.txt	1	291	767	0	1	135	918.0	1302.0	980.0	1236.0	745711.0	5ffc832821cac4ba3b7bba5002bd6e1ea0408f4c951b3b8ff06e9138ca3a2020	fa5a99ef8075a4060cfd739c5cd96db7519a8fe981ed16709f016b46fa69413c
train_clean	train	roboflow_team128_v5	roboflow_team128_v5_IMG_0343_jpg.rf.c330e047c42c3acf87cafb882a6d482a.jpg	roboflow_team128_v5_IMG_0343_jpg.rf.c330e047c42c3acf87cafb882a6d482a.txt	2	291	768	0	1	7	1609.0	1445.0	48.0	33.0	872.0	5af8ff799ebe25818fd9787e6da14eeccf7f3c0f005c688482a1596664c3d911	6ed796f05caf3d5858b68047b03aa53885c40b8dc5b1a5ce3584c2bbad1440e5
train_clean	train	roboflow_team128_v5	roboflow_team128_v5_IMG_0343_jpg.rf.c330e047c42c3acf87cafb882a6d482a.jpg	roboflow_team128_v5_IMG_0343_jpg.rf.c330e047c42c3acf87cafb882a6d482a.txt	3	291	769	0	1	72	95.0	971.0	659.0	862.0	339996.0	2d16ad6ce677e2e2c4f9c3f577c336e805ba8bf604363e7957db8585cc5ab7fe	050f024b10c9b27e10b1a30c19ae3097f1665d23dc1411bac3afe9771a2d3f54
train_clean	train	roboflow_team128_v5	roboflow_team128_v5_IMG_0344_jpg.rf.8bc4c7166f8c1016294cc23bdcf7f9f7.jpg	roboflow_team128_v5_IMG_0344_jpg.rf.8bc4c7166f8c1016294cc23bdcf7f9f7.txt	1	292	770	0	1	262	502.0	1507.0	1210.0	1228.0	973410.0	24c1c8f4592c7eb070987de0b0c9db41da45d4f4d854689d36f6f76287a42e87	2e8bb43bd41d87f41087786566854798cd1609e50ec8db9320328bbdfab53e91
train_clean	train	roboflow_team128_v5	roboflow_team128_v5_IMG_0344_jpg.rf.8bc4c7166f8c1016294cc23bdcf7f9f7.jpg	roboflow_team128_v5_IMG_0344_jpg.rf.8bc4c7166f8c1016294cc23bdcf7f9f7.txt	2	292	771	0	1	64	372.0	756.0	320.0	624.0	118986.0	317f8a0a125350319f114dae500446dc4642957166440c627b25762193cfe5fe	6a1fb668c8166149cffdd45a75c6d74a564d6670c822d9b85fdf937d5ece87f6
train_clean	train	roboflow_team128_v5	roboflow_team128_v5_IMG_0346_jpg.rf.d1fe4dc257642712b5258cf08dbbe657.jpg	roboflow_team128_v5_IMG_0346_jpg.rf.d1fe4dc257642712b5258cf08dbbe657.txt	1	293	772	0	1	29	1747.0	1639.0	179.0	382.0	38370.0	81ec44cb6d44603189716ef1c4a9e824aff2cffb2ddec9cef6e674a7dff53260	557f467b7b09fdbdbd1074b2d3824540931712d5741e8fcbd8adb7198a13299e
train_clean	train	roboflow_team128_v5	roboflow_team128_v5_IMG_0346_jpg.rf.d1fe4dc257642712b5258cf08dbbe657.jpg	roboflow_team128_v5_IMG_0346_jpg.rf.d1fe4dc257642712b5258cf08dbbe657.txt	2	293	773	0	1	34	1486.0	1378.0	229.0	357.0	34800.0	46c4402e735b8a86df16387dfe1468af35a11c0d1d3ea8ac12278e44ac287419	058e9e6b2ec6d30d95ea0e6f7fd905a0ffa1dd906259b9de8a82c0436c79c0cd
train_clean	train	roboflow_team128_v5	roboflow_team128_v5_IMG_0346_jpg.rf.d1fe4dc257642712b5258cf08dbbe657.jpg	roboflow_team128_v5_IMG_0346_jpg.rf.d1fe4dc257642712b5258cf08dbbe657.txt	3	293	774	0	1	125	778.0	1322.0	1057.0	1056.0	660375.0	8f4b529b2b72653d603b9f5d01a791c0a40af232fc1282cb998c941264122c65	32997d7d890f8cc1e7758ae337a7b53be3c7418e1883e65fe924c9557400459c
train_clean	train	roboflow_team128_v5	roboflow_team128_v5_IMG_0346_jpg.rf.d1fe4dc257642712b5258cf08dbbe657.jpg	roboflow_team128_v5_IMG_0346_jpg.rf.d1fe4dc257642712b5258cf08dbbe657.txt	4	293	775	0	1	143	2302.0	1353.0	672.0	1324.0	484187.0	61d1953d694175273be810a4189636968112da01cdfdb84cc4fa181747daa006	c8fee3b9d9a60850dd967a1bc93b968537e04c1fbbce2a67bde8a0a27500b424
train_clean	train	roboflow_team128_v5	roboflow_team128_v5_IMG_0346_jpg.rf.d1fe4dc257642712b5258cf08dbbe657.jpg	roboflow_team128_v5_IMG_0346_jpg.rf.d1fe4dc257642712b5258cf08dbbe657.txt	5	293	776	0	1	19	2392.0	1897.0	154.0	75.0	7174.0	111d227af8464d3d562085795432223e88e67a0e6a270377e3dab514f738e0f7	dd957d388b426cfceeaac2fcc20ee39d0ef933bdc0d2f5701669dd6c4780e51a
train_clean	train	roboflow_team128_v5	roboflow_team128_v5_IMG_0347_jpg.rf.c38457e919e986622219fc2f69fcb4ea.jpg	roboflow_team128_v5_IMG_0347_jpg.rf.c38457e919e986622219fc2f69fcb4ea.txt	1	294	777	0	1	180	1322.0	2082.0	929.0	839.0	404664.0	29dceca4dc0799103de52be12472d513ecc261daa26e5b74dc806db0bfbb8b14	884f65fc9c1468bcc03c34847482d71a9caddcf4c56c9b7f6df887d069b574ad
train_clean	train	roboflow_team128_v5	roboflow_team128_v5_IMG_0347_jpg.rf.c38457e919e986622219fc2f69fcb4ea.jpg	roboflow_team128_v5_IMG_0347_jpg.rf.c38457e919e986622219fc2f69fcb4ea.txt	2	294	778	0	1	198	1958.0	1130.0	1065.0	982.0	479478.0	0837831828d3aa54def8b4a95de64b0324d7bc43ccbbff86dac5979baf8c2d3c	90da18d34f65cc50752598c4e0c5c894b7c0ee2c60aabb5578ffbb6cd7b093f5
train_clean	train	roboflow_team128_v5	roboflow_team128_v5_IMG_0348_jpg.rf.32d4279c199a76056f7ce8637ab96506.jpg	roboflow_team128_v5_IMG_0348_jpg.rf.32d4279c199a76056f7ce8637ab96506.txt	1	295	779	0	1	135	1365.0	745.0	929.0	647.0	355035.0	3158e6c2c28507ee641f32836544eb5fe70f83e5624fbdd80d89ab723d8185f5	19e6a2734c7712dc54af1fff4a78e6fe7a1740b1ba282b9e8f7341af5ade40c8
train_clean	train	roboflow_team128_v5	roboflow_team128_v5_IMG_0348_jpg.rf.32d4279c199a76056f7ce8637ab96506.jpg	roboflow_team128_v5_IMG_0348_jpg.rf.32d4279c199a76056f7ce8637ab96506.txt	2	295	780	0	1	20	1139.0	756.0	141.0	112.0	8532.0	528c159308aef839a7bd4b9b26adadb639264a52d0b3a2be37257dee4ee9b832	08bf7ff25a8c72a4f16b530f81eed564a67cd3350c24339e8e9b119acc137d8f
train_clean	train	roboflow_team128_v5	roboflow_team128_v5_IMG_0348_jpg.rf.32d4279c199a76056f7ce8637ab96506.jpg	roboflow_team128_v5_IMG_0348_jpg.rf.32d4279c199a76056f7ce8637ab96506.txt	3	295	781	0	1	111	1105.0	1626.0	801.0	981.0	327327.0	33580da0d018f099d216b90861802af81795546bca7f5aae51fbf468c39504d0	895e103619dfb8dd6202d32e554b85f2d12450f1a2b2352b487f6b8aec807835
train_clean	train	roboflow_team128_v5	roboflow_team128_v5_IMG_0348_jpg.rf.32d4279c199a76056f7ce8637ab96506.jpg	roboflow_team128_v5_IMG_0348_jpg.rf.32d4279c199a76056f7ce8637ab96506.txt	4	295	782	0	1	9	1124.0	2472.0	57.0	42.0	1605.0	f4c1a3192a52674fb60dcfdc3af2e25079037114ac98d1bed868364a23085128	13e0fc9a87b96b370fd9cea1bf68f17e4372b6b066957e0c7d9620b9a79d0db6
train_clean	train	roboflow_team128_v5	roboflow_team128_v5_IMG_0349_jpg.rf.a797784a37d0651baf9ba3ca579a1f9f.jpg	roboflow_team128_v5_IMG_0349_jpg.rf.a797784a37d0651baf9ba3ca579a1f9f.txt	1	296	783	0	1	99	875.0	1068.0	931.0	921.0	639247.0	a067c6e87f2f1cfb791a05799ca7a3a1fc1a4891a2f79fa3d39583ee7a044ba6	00c8fd2a2f6af6605d123676a2487c57b81cc2f0148b1d95e01a58e761a986f2
train_clean	train	roboflow_team128_v5	roboflow_team128_v5_IMG_0349_jpg.rf.a797784a37d0651baf9ba3ca579a1f9f.jpg	roboflow_team128_v5_IMG_0349_jpg.rf.a797784a37d0651baf9ba3ca579a1f9f.txt	2	296	784	0	1	76	0.0	0.0	648.0	451.0	188211.0	ae63dd52067964d1c4762dc776384f313e168ca3b1350ed36efe927e0ce2e779	c352df7823ee7c55968b169df3cb58e9c2f3170859e01525977281ed142451ea
train_clean	train	roboflow_team128_v5	roboflow_team128_v5_IMG_0350_jpg.rf.0a7746f84d781299e0ad48dc39b8088b.jpg	roboflow_team128_v5_IMG_0350_jpg.rf.0a7746f84d781299e0ad48dc39b8088b.txt	1	297	785	0	1	101	920.0	1088.0	1319.0	1105.0	1025275.0	8eced6ad3909c7369f3d353d7d4f87a33d716c003a9172aca87a88a70f712ccd	3ead5bbbfb2edd02fbd11b1cd62b128b8a6ed642a97481b39abf546287501c44
train_clean	train	roboflow_team128_v5	roboflow_team128_v5_IMG_0351_jpg.rf.877a7a2c5e691a3356a7bdfcd28a4b4a.jpg	roboflow_team128_v5_IMG_0351_jpg.rf.877a7a2c5e691a3356a7bdfcd28a4b4a.txt	1	298	786	0	1	90	819.0	1283.0	976.0	1029.0	704375.0	7cc8a75aa4ed360a43ffa560c0d8f2d44d3ec17b921bc98e47cfb5a6800a321a	0f2797e51c937113bb10c21e3cd49190d7c65f1791351ecd24cdc0532e502ff1
train_clean	train	roboflow_team128_v5	roboflow_team128_v5_IMG_0351_jpg.rf.877a7a2c5e691a3356a7bdfcd28a4b4a.jpg	roboflow_team128_v5_IMG_0351_jpg.rf.877a7a2c5e691a3356a7bdfcd28a4b4a.txt	2	298	787	0	1	51	1764.0	3525.0	431.0	506.0	123356.0	d7b39954ac638c739d5d3ee1678d2b302ccca9b83778f63f5f096990139bd667	23a9643402a444b0eae33ab57b65923e50b2d98902a18c4ac85fc14108adf5fc
train_clean	train	roboflow_team128_v5	roboflow_team128_v5_IMG_0352_jpg.rf.a6f7088ef4cb5901836bffdde0a5934c.jpg	roboflow_team128_v5_IMG_0352_jpg.rf.a6f7088ef4cb5901836bffdde0a5934c.txt	1	299	788	0	1	172	688.0	1010.0	1014.0	1038.0	437358.0	b025e9321f88184a8203b9cc283c8d6163860c3c2e2ad48bd8e6eaaef4c6cd81	f03446045095ce8cd21ecc9adb2d4438159e9f276b19ec48bb5c7f03486f82c2
train_clean	train	roboflow_team128_v5	roboflow_team128_v5_IMG_0352_jpg.rf.a6f7088ef4cb5901836bffdde0a5934c.jpg	roboflow_team128_v5_IMG_0352_jpg.rf.a6f7088ef4cb5901836bffdde0a5934c.txt	2	299	789	0	1	19	1136.0	1361.0	120.0	67.0	5759.0	4bdf6876413985ebc057d29cb837134d59f46c3bf3fc3974bbebc280aff406b9	39b3fc104a211bda3a5d7f0f16c08187151d72db1e6f10f97f9f5efce626d2bc
train_clean	train	roboflow_team128_v5	roboflow_team128_v5_IMG_0352_jpg.rf.a6f7088ef4cb5901836bffdde0a5934c.jpg	roboflow_team128_v5_IMG_0352_jpg.rf.a6f7088ef4cb5901836bffdde0a5934c.txt	3	299	790	0	1	5	1425.0	1417.0	14.0	26.0	225.0	8ea799acd8ea3fba8f24e3feee97b51a2c3dec9ad94eb906b579ec88baaf0bb1	d5a0d34c9e9c95bb9b27cc8e061b34846c33802c593e01e9a56128550be54db8
train_clean	train	roboflow_team128_v5	roboflow_team128_v5_IMG_0353_jpg.rf.b5630476143368e3870c80800208d1b5.jpg	roboflow_team128_v5_IMG_0353_jpg.rf.b5630476143368e3870c80800208d1b5.txt	1	300	791	0	1	245	909.0	1208.0	1629.0	1525.0	1040569.0	06b544ebc4c4b301908145cb428a12e574510de72a347c257299fa266a6fa479	9801ee461ac3c8846a2e92e30341751b3da80ea90475757b1c7846c9824f1868
train_clean	train	roboflow_team128_v5	roboflow_team128_v5_IMG_0354_jpg.rf.7dff1de6e19df251890845645aacdb07.jpg	roboflow_team128_v5_IMG_0354_jpg.rf.7dff1de6e19df251890845645aacdb07.txt	1	301	792	0	1	161	1451.0	1199.0	1272.0	1535.0	1143669.0	e946fd9b129e5cbf5011cbd320bd9f390f747d0474b75c2188b60a496e55a4c0	596152af2ebb402735a5931c837bf7248b0b7abb6a86639c918ccedb95e3cfe7
train_clean	train	roboflow_team128_v5	roboflow_team128_v5_IMG_0356_jpg.rf.9103f74bfbe9cdf932ee16db25831e9c.jpg	roboflow_team128_v5_IMG_0356_jpg.rf.9103f74bfbe9cdf932ee16db25831e9c.txt	1	302	793	0	1	113	919.0	1497.0	779.0	884.0	449899.0	ed5a82fd65ecdd1783073645ff88e5ae1e37b44fe89a0d481ecdaa1fa839ac34	965c931ab5fa11956fbf31dadcbeed7eea205d14996ca2e2db9dd93b70e95fc3
train_clean	train	roboflow_team128_v5	roboflow_team128_v5_IMG_0356_jpg.rf.9103f74bfbe9cdf932ee16db25831e9c.jpg	roboflow_team128_v5_IMG_0356_jpg.rf.9103f74bfbe9cdf932ee16db25831e9c.txt	2	302	794	0	1	21	1018.0	1374.0	228.0	180.0	23670.0	daaa7af3c3bf3b293d96d2b03312991bbddc0311da5ca4163372b475e852d6d2	2ccbd246b1a4bc28cf7130e117e74898bbe3007cf144557802cdca312b4cec45
train_clean	train	roboflow_team128_v5	roboflow_team128_v5_IMG_0356_jpg.rf.9103f74bfbe9cdf932ee16db25831e9c.jpg	roboflow_team128_v5_IMG_0356_jpg.rf.9103f74bfbe9cdf932ee16db25831e9c.txt	3	302	795	0	1	20	1270.0	1385.0	120.0	112.0	6750.0	d57143760b454ed814637ebde9ace37b3cdce4a9bafea77c8987e10f8a98d921	3774cb8bc12d97ffa09c177d6c38007ca7c47123cd3a74769383c44eecc6e9d8
train_clean	train	roboflow_team128_v5	roboflow_team128_v5_IMG_0358_jpg.rf.6a336a6e23afb576a03c0d59a0231d84.jpg	roboflow_team128_v5_IMG_0358_jpg.rf.6a336a6e23afb576a03c0d59a0231d84.txt	1	303	796	0	1	111	991.0	1322.0	780.0	987.0	453313.0	dd8671b9029abde8283b890407f0ce34b1db8f840b81c6fe6376db07d0143e63	2223240f0c757a6d851177b5e3a2f1f8ea897a4da3809b34a0e2a0bd167ca70f
train_clean	train	roboflow_team128_v5	roboflow_team128_v5_IMG_0359_jpg.rf.b0a8b9023f0e6ecf6cf8b0e6d6b10d8c.jpg	roboflow_team128_v5_IMG_0359_jpg.rf.b0a8b9023f0e6ecf6cf8b0e6d6b10d8c.txt	1	304	797	0	1	151	1079.0	1816.0	929.0	1195.0	733463.0	bce32b0123ae21301442774249c52eb670a7a94d67921dcc961333bc6aa8f18e	ac3b034a2180b4f6662ae3371d184594f3070940572c5fe304d1df6b01958bee
train_clean	train	roboflow_team128_v5	roboflow_team128_v5_IMG_0360_jpg.rf.fcbc1f878758f56ed7ac22bae9345d9c.jpg	roboflow_team128_v5_IMG_0360_jpg.rf.fcbc1f878758f56ed7ac22bae9345d9c.txt	1	305	798	0	1	59	1061.0	1779.0	1135.0	1190.0	773260.0	fc75d755e39b712b79b3ab44aa5a3712818c34c1b8c66ff442d1023a352d3557	8b4e96aa83b00e8306a07ad54287da470e914384d782b1941f32f4e9b9d80ed4
train_clean	train	roboflow_team128_v5	roboflow_team128_v5_IMG_0361_jpg.rf.01fb1960d94718290687d3907941edf5.jpg	roboflow_team128_v5_IMG_0361_jpg.rf.01fb1960d94718290687d3907941edf5.txt	1	306	799	0	1	30	841.0	1338.0	1025.0	1158.0	909143.0	9d70fd31c4824fa029bae2e3df06e1f1c62216ed481aa3db3d95b313b844c9bd	bdfcb9cf089479a90b6f445a134180e227089708a17d97ca1d782eb342869060
train_clean	train	roboflow_team128_v5	roboflow_team128_v5_IMG_0363_jpg.rf.f3a36af1ff9a1333a7a586b5ca80e713.jpg	roboflow_team128_v5_IMG_0363_jpg.rf.f3a36af1ff9a1333a7a586b5ca80e713.txt	1	307	800	0	1	140	1263.0	1257.0	653.0	619.0	227260.0	d1672b615c0e1eb0734a6be579d326f723d75f0a16e2104290ac55cf93ad5cea	4806de7c6543f9081a7f9a742fd656faba51e1c63383280f0fa9be2b8cd78d9f
train_clean	train	roboflow_team128_v5	roboflow_team128_v5_IMG_0364_jpg.rf.6c20978e5f138ceedf72c74b56f1dbb0.jpg	roboflow_team128_v5_IMG_0364_jpg.rf.6c20978e5f138ceedf72c74b56f1dbb0.txt	1	308	801	0	1	56	1320.0	1049.0	797.0	631.0	347361.0	0cff1c679565ed3a62d43c156fdc6e5f031a0a89f630fbd1919a80cab0ae460c	a88b7edb8701d14ba60bf4c4f584a297aff4dcdc8f2477e0b6005f833d7446aa
train_clean	train	roboflow_team128_v5	roboflow_team128_v5_IMG_0365_jpg.rf.fee1fd2e0762e056e6254318e5adeb75.jpg	roboflow_team128_v5_IMG_0365_jpg.rf.fee1fd2e0762e056e6254318e5adeb75.txt	1	309	802	0	1	206	955.0	2785.0	1074.0	886.0	541303.0	32c3c92616f0982b97ae783dd81f0820046236b23922e979434e608b0d9d43c8	e4b7f22f13898fc6811f681a1af2c92052473b5af46ca4f934135beef1cdf780
train_clean	train	roboflow_team128_v5	roboflow_team128_v5_IMG_0365_jpg.rf.fee1fd2e0762e056e6254318e5adeb75.jpg	roboflow_team128_v5_IMG_0365_jpg.rf.fee1fd2e0762e056e6254318e5adeb75.txt	2	309	803	0	1	48	660.0	399.0	268.0	375.0	43217.0	ac7581719dd6f47f5291b22c611d18e70c2824bbfc12a49704d160f100469039	f85d68737e3714c99f59288cc976060c6037c742e436b44a95ae868214db6dd5
train_clean	train	roboflow_team128_v5	roboflow_team128_v5_IMG_0366_jpg.rf.c28505246f7823592d85fd0901e18b4a.jpg	roboflow_team128_v5_IMG_0366_jpg.rf.c28505246f7823592d85fd0901e18b4a.txt	1	310	804	0	1	31	806.0	1955.0	315.0	440.0	58384.0	6db4668b1179b5689b090df85420e70f49bfe47fe55ceeeb7738533ebe454241	ccc342ced7966dabe0c8dd560b14b022e16a6ab6b2741526d8977d305f21c0f9
train_clean	train	roboflow_team128_v5	roboflow_team128_v5_IMG_0366_jpg.rf.c28505246f7823592d85fd0901e18b4a.jpg	roboflow_team128_v5_IMG_0366_jpg.rf.c28505246f7823592d85fd0901e18b4a.txt	2	310	805	0	1	19	1098.0	1585.0	219.0	256.0	19131.0	5554535eadb3106a71c37530730988c13b4791f9c64340706d8960c00fea49ea	9af1f3d9a5f975dccf2d9ac3be1ba969b7ddf469b3715fbc7a8fb59c68271d9d
train_clean	train	roboflow_team128_v5	roboflow_team128_v5_IMG_0366_jpg.rf.c28505246f7823592d85fd0901e18b4a.jpg	roboflow_team128_v5_IMG_0366_jpg.rf.c28505246f7823592d85fd0901e18b4a.txt	3	310	806	0	1	19	1268.0	1608.0	177.0	212.0	16707.0	cacd8ba072075e7006d52cbf163493a26a7f46b517f151c8508025a901d15271	0ef89adf677c70cd632167398121da4307cff51264e8928cfda9e73cfd812897
train_clean	train	roboflow_team128_v5	roboflow_team128_v5_IMG_0366_jpg.rf.c28505246f7823592d85fd0901e18b4a.jpg	roboflow_team128_v5_IMG_0366_jpg.rf.c28505246f7823592d85fd0901e18b4a.txt	4	310	807	0	1	12	1468.0	1556.0	221.0	86.0	11312.0	6e0a6dd105e28ff0239a76e19e197424ef0f745a1f88fdc2fe9890df5d1686e9	d0bddd79fcd4fe5a9d4e34a75f57f85e0761e0799c5667b4ef214f53262428c4
train_clean	train	roboflow_team128_v5	roboflow_team128_v5_IMG_0366_jpg.rf.c28505246f7823592d85fd0901e18b4a.jpg	roboflow_team128_v5_IMG_0366_jpg.rf.c28505246f7823592d85fd0901e18b4a.txt	5	310	808	0	1	53	1077.0	1597.0	1223.0	1290.0	998415.0	d1d3553f19a671b4f642619a44d2c4d3b87dc0a2a831131d5c32733727638bda	fe643a9ad24c36a73be2547e4b3271ce784332b4e0e228eb0903e799d5a5a2d1
train_clean	train	roboflow_team128_v5	roboflow_team128_v5_IMG_0368_jpg.rf.e6c4998074488b74854d082093efd172.jpg	roboflow_team128_v5_IMG_0368_jpg.rf.e6c4998074488b74854d082093efd172.txt	1	311	809	0	1	145	832.0	1885.0	1099.0	1141.0	883195.0	83d050b6f65830ab62b5b6551b78d90073423537aed891b335d1873a66cd0a90	89b2115146d687f623b252d2c5bb608ded2f8d44ea060fd55b0a682a7bd80398
train_clean	train	roboflow_team128_v5	roboflow_team128_v5_IMG_0369_jpg.rf.65a22cf6aa5e3a77a6e7713e0e1ea491.jpg	roboflow_team128_v5_IMG_0369_jpg.rf.65a22cf6aa5e3a77a6e7713e0e1ea491.txt	1	312	810	0	1	77	1181.0	1835.0	826.0	785.0	401752.0	41fd4cc05db94d5a73344e9771c7bc53d6f7b68a4c7ce0dcf0331f11b61e4477	1373b0cde16b98a4bc8c964518edf6c38506328e66b4b29b1c3d8537fe2229b7
train_clean	train	roboflow_team128_v5	roboflow_team128_v5_IMG_0370_jpg.rf.218b545be15d6742fc61e676ba845c07.jpg	roboflow_team128_v5_IMG_0370_jpg.rf.218b545be15d6742fc61e676ba845c07.txt	1	313	811	0	1	142	1050.0	1886.0	854.0	822.0	400318.0	1d1852d6e52c1d9709ef30f82dcb4b4dd71643f97fed7095a0c25a7345a98393	8cf24fc850efe052f4efdc6402c9f9d3fbbebd45df5b88e48bf826d33517971d
train_clean	train	roboflow_team128_v5	roboflow_team128_v5_IMG_0370_jpg.rf.218b545be15d6742fc61e676ba845c07.jpg	roboflow_team128_v5_IMG_0370_jpg.rf.218b545be15d6742fc61e676ba845c07.txt	2	313	812	0	1	71	0.0	0.0	559.0	847.0	340745.0	ba34706cea7a9eced3419cebd99f5124f2c8d926328d2b501815a2fa1b0055e7	cc6134f28e13c2beb712436c4f3b4593571b97d5ff9777ad15bcdc5724c7ecee
train_clean	train	roboflow_team128_v5	roboflow_team128_v5_IMG_0370_jpg.rf.218b545be15d6742fc61e676ba845c07.jpg	roboflow_team128_v5_IMG_0370_jpg.rf.218b545be15d6742fc61e676ba845c07.txt	3	313	813	0	1	47	0.0	3639.0	434.0	392.0	94571.0	40603aabc76572fff4096c06e17c7eb8eaa2659727e864f9de3b85db6753e6ad	f9350128a9d4658eb9310037c71eac46c23e1a1160e8a77e6121ec66abf71066
train_clean	train	roboflow_team128_v5	roboflow_team128_v5_IMG_0370_jpg.rf.218b545be15d6742fc61e676ba845c07.jpg	roboflow_team128_v5_IMG_0370_jpg.rf.218b545be15d6742fc61e676ba845c07.txt	4	313	814	0	1	18	1642.0	3392.0	94.0	162.0	9010.0	640142c16a276e5f71250f545139413b2b839419ab5afcca61fda806ee2c791d	30ef59e60f16b717dcd1b06065de0f34edf92a82e5f7ff9881837a51f971a62c
train_clean	train	roboflow_team128_v5	roboflow_team128_v5_IMG_0370_jpg.rf.218b545be15d6742fc61e676ba845c07.jpg	roboflow_team128_v5_IMG_0370_jpg.rf.218b545be15d6742fc61e676ba845c07.txt	5	313	815	0	1	25	1558.0	3534.0	129.0	151.0	11464.0	6651741addee5432d3cbd60d97c3a46a5977f7076399b570ce529406c9275e7d	2e64ca35764d5163a0db33cfa3aa2f86d34b1e62489b3eb604b8014b34ac054a
train_clean	train	roboflow_team128_v5	roboflow_team128_v5_IMG_0370_jpg.rf.218b545be15d6742fc61e676ba845c07.jpg	roboflow_team128_v5_IMG_0370_jpg.rf.218b545be15d6742fc61e676ba845c07.txt	6	313	816	0	1	47	2248.0	2709.0	334.0	317.0	67763.0	233a1991252e15232df40c8b724cc99dbaa6e42b4dd0958016c3c94417019d90	78178069e063dfc06a54ec59a24062bf1dd84b2cf06be9a23e45a6486e086d38
train_clean	train	roboflow_team128_v5	roboflow_team128_v5_IMG_0370_jpg.rf.218b545be15d6742fc61e676ba845c07.jpg	roboflow_team128_v5_IMG_0370_jpg.rf.218b545be15d6742fc61e676ba845c07.txt	7	313	817	0	1	25	2493.0	2700.0	116.0	130.0	7844.0	8873b080f1b91e2dfe9428d4875d76658c2001de7e5b934d656c5306daab2df5	56e7ce5820aaed7e009ec1192ac8dd49c39c3762f05c3544cb7046523aacc87a
train_clean	train	roboflow_team128_v5	roboflow_team128_v5_IMG_0371_jpg.rf.a47e2e2bb024e0df746e6b41d8dfbe9d.jpg	roboflow_team128_v5_IMG_0371_jpg.rf.a47e2e2bb024e0df746e6b41d8dfbe9d.txt	1	314	818	0	1	71	611.0	2071.0	1185.0	898.0	774933.0	a493b5c892c1248a26521c9c2ae585a51b9f0f94dfca9f8142b1381061d7101b	ba1635eee0d3703102dba6f4ca300d6174162466b3b4bbc649320eddaf91abe0
train_clean	train	roboflow_team128_v5	roboflow_team128_v5_IMG_0371_jpg.rf.a47e2e2bb024e0df746e6b41d8dfbe9d.jpg	roboflow_team128_v5_IMG_0371_jpg.rf.a47e2e2bb024e0df746e6b41d8dfbe9d.txt	2	314	819	0	1	63	611.0	2071.0	1183.0	898.0	774042.0	7b575dd0f4065a791b6161ce15cdec35abf2bea28fa1f69d5834cb77012d1a65	2e8b9d51e3d1d086470dc8543a95ed0ede25ef7d840c3b808a2b82f5f3c685f9
train_clean	train	roboflow_team128_v5	roboflow_team128_v5_IMG_0372_jpg.rf.96bcf3abd5ed59e1eff1cf9cd4907fde.jpg	roboflow_team128_v5_IMG_0372_jpg.rf.96bcf3abd5ed59e1eff1cf9cd4907fde.txt	1	315	820	0	1	113	830.0	1953.0	989.0	1144.0	833922.0	1fdd01891cf1f8db05a59f6be07956a7377c81ca493fc1e80a5fe9fcdfc1e436	1a502b3852c6c80678d311268fdf4ac67f4c65dcfd6a2029fe2f120b67e69c2a
train_clean	train	roboflow_team128_v5	roboflow_team128_v5_IMG_0373_jpg.rf.73716c12e0cddc6f06e6904b2ce8ac54.jpg	roboflow_team128_v5_IMG_0373_jpg.rf.73716c12e0cddc6f06e6904b2ce8ac54.txt	1	316	821	0	1	62	951.0	1519.0	863.0	827.0	499008.0	bd92f57e3e1f4fe7242eaa631f90ac2ba91a4e0dc5c49a89ef0c12ee0215d328	b939d2b2fafa3cf90ab711e7d024c14734a6773f41f8f28caf1f93aa20d7c577
train_clean	train	roboflow_team128_v5	roboflow_team128_v5_IMG_0375_jpg.rf.22d608e64100b93679da0f46aec2daab.jpg	roboflow_team128_v5_IMG_0375_jpg.rf.22d608e64100b93679da0f46aec2daab.txt	1	317	822	0	1	58	1179.0	1721.0	758.0	810.0	441540.0	fe9fef07934ba1b73716c09a78155993e52f897385e91951afe640c2aca132e4	a6917112e29d19ea353aaf90f75fb9e135d0cd1d1bf922a4c0943e17fb3bf530
train_clean	train	roboflow_team128_v5	roboflow_team128_v5_IMG_0375_jpg.rf.22d608e64100b93679da0f46aec2daab.jpg	roboflow_team128_v5_IMG_0375_jpg.rf.22d608e64100b93679da0f46aec2daab.txt	2	317	823	0	1	56	0.0	601.0	519.0	1089.0	393941.0	4aa49089f588ec735c82fabe55a2616b1885da3fc68f6e01271673f15f131aa5	82dbd5b611e20dd1850577ed7990caf8cb87219c1ed390369ae8806624265cb5
train_clean	train	roboflow_team128_v5	roboflow_team128_v5_IMG_0376_jpg.rf.c8a98f78530a9f174082bebc827d3aec.jpg	roboflow_team128_v5_IMG_0376_jpg.rf.c8a98f78530a9f174082bebc827d3aec.txt	1	318	824	0	1	48	998.0	1129.0	1122.0	1198.0	982590.0	ccb944e82d61d6d37cb286aa19fb8ce6df08898560bf216c8396b6e1c8886b9b	b7f42cdae39551d94c188cae38b36250730856bacf8b58e373cb9b6121d4dc81
train_clean	train	roboflow_team128_v5	roboflow_team128_v5_IMG_0376_jpg.rf.c8a98f78530a9f174082bebc827d3aec.jpg	roboflow_team128_v5_IMG_0376_jpg.rf.c8a98f78530a9f174082bebc827d3aec.txt	2	318	825	0	1	72	560.0	0.0	1093.0	914.0	732061.0	2f1d3830a2fadc264003bac2dab34f5c12cec20eccf6b193c91552e1b26aa917	4a5d79eb90fb5dffbec880c4decb26e35f28dcc13f478afd561e5f5314bd5d59
train_clean	train	roboflow_team128_v5	roboflow_team128_v5_IMG_0377_jpg.rf.616677059599ed412b138e9a00e14bed.jpg	roboflow_team128_v5_IMG_0377_jpg.rf.616677059599ed412b138e9a00e14bed.txt	1	319	826	0	1	126	1166.0	1702.0	1092.0	1228.0	899667.0	9af0ae1510c4fbefc1adf1b22450009863fb0f2e98da403187f15b620ef5bc64	ec312362a7d252e8df0cfec1ffd5820436bd8644239b4a2350e40aa761add934
train_clean	train	roboflow_team128_v5	roboflow_team128_v5_IMG_0377_jpg.rf.616677059599ed412b138e9a00e14bed.jpg	roboflow_team128_v5_IMG_0377_jpg.rf.616677059599ed412b138e9a00e14bed.txt	2	319	827	0	1	106	663.0	988.0	914.0	664.0	470970.0	4d2f648beb355e889648b0953cb6c92c2c8117022fd977744107de965302e813	f66f1721d9c7a294621fff26ea3f6150eb6cfc5ea59fb623de69c22f6d2198f3
train_clean	train	roboflow_team128_v5	roboflow_team128_v5_IMG_0377_jpg.rf.616677059599ed412b138e9a00e14bed.jpg	roboflow_team128_v5_IMG_0377_jpg.rf.616677059599ed412b138e9a00e14bed.txt	3	319	828	0	1	93	662.0	984.0	915.0	670.0	475359.0	46f26e24c126dde53dfa689d15f958bf4e53afa8971fcdd7f7756e3bab476609	69c8e4643efcc61a4ecc909749b8b993e104b5c0384cdb5b44a7401499bb0b16
train_clean	train	roboflow_team128_v5	roboflow_team128_v5_IMG_0379_jpg.rf.8cb498a914f57ba4959aa1737e9a34c2.jpg	roboflow_team128_v5_IMG_0379_jpg.rf.8cb498a914f57ba4959aa1737e9a34c2.txt	1	320	829	0	1	171	1298.0	1489.0	578.0	869.0	259174.0	b4ea35f1f831de928756eebe6f3ac5ae51d1b0be30ad7b37812ce171d50fec61	0abeb4bd61db1f84d1447ed64d1d522cd98712ddfdec0201b642423877166e25
train_clean	train	roboflow_team128_v5	roboflow_team128_v5_IMG_0379_jpg.rf.8cb498a914f57ba4959aa1737e9a34c2.jpg	roboflow_team128_v5_IMG_0379_jpg.rf.8cb498a914f57ba4959aa1737e9a34c2.txt	2	320	830	0	1	58	1796.0	3285.0	753.0	746.0	445479.0	21e570f6853f4f451b046216bbead8723ce5d58eaca6644b8b6e82fbfe6fb705	31d284b4838d058406fcc0485058b76e147c38703dc0fb71b32f7d7488f0dabd
train_clean	train	roboflow_team128_v5	roboflow_team128_v5_IMG_0380_jpg.rf.1ef35282ebdd882be5aedca82c789d01.jpg	roboflow_team128_v5_IMG_0380_jpg.rf.1ef35282ebdd882be5aedca82c789d01.txt	1	321	831	0	1	166	816.0	1344.0	868.0	1012.0	546665.0	5a0c9eac081a9281975ac87ac406a5bd319e989b7908487c68b9bb38a1ede173	b45627b8dec5597e738c4826c4e2888c333bf881d6818581f490a5e3032bc03b
train_clean	train	roboflow_team128_v5	roboflow_team128_v5_IMG_0382_jpg.rf.93eafe9829518ef17c27e7e5b4c09013.jpg	roboflow_team128_v5_IMG_0382_jpg.rf.93eafe9829518ef17c27e7e5b4c09013.txt	1	322	832	0	1	106	1371.0	1098.0	1070.0	875.0	699717.0	a06d91121b58bde39dfe700d1984e5d6e842759aa887ee64fdb7e8187af4b026	95b40f40aada8216c08cd9b206a53a832326fd8a72c213350591db0655b19b54
train_clean	train	roboflow_team128_v5	roboflow_team128_v5_IMG_0383_jpg.rf.58cffc4a4f0ac2ac4ab4b334b276b816.jpg	roboflow_team128_v5_IMG_0383_jpg.rf.58cffc4a4f0ac2ac4ab4b334b276b816.txt	1	323	833	0	1	38	1395.0	1571.0	1114.0	1226.0	1011550.0	c6365eb6d00e21faa49080ea8f73cbb7dd0e480f6096df711e765450551de9a1	2bac12cdc6ec751dc13a9e658980cdc1eb94db0cd04347d36090e559c72edc80
train_clean	train	roboflow_team128_v5	roboflow_team128_v5_IMG_0384_jpg.rf.26c270693c882db4951646933610c78d.jpg	roboflow_team128_v5_IMG_0384_jpg.rf.26c270693c882db4951646933610c78d.txt	1	324	834	0	1	67	1206.0	1045.0	943.0	1104.0	753169.0	16050420a124bc688d0b196df6647b226557a4ce9e081b218da1715d410d3eea	c70fbe45d5cbf321bc61d609787d838acd7c6565ddb37c202e101220c3f7cc07
train_clean	train	roboflow_team128_v5	roboflow_team128_v5_IMG_0385_jpg.rf.60f9dc6a3761eff2055bbe86a718cdb9.jpg	roboflow_team128_v5_IMG_0385_jpg.rf.60f9dc6a3761eff2055bbe86a718cdb9.txt	1	325	835	0	1	71	2240.0	717.0	706.0	450.0	180166.0	409ec0578280538b824f631ab349b90a6c80000c20f052e21ba25f076051ee6a	80e0a5dcdef2d24891c04596373bb980bd0cc7c1f701b6f27bfaff06ffff9e0b
train_clean	train	roboflow_team128_v5	roboflow_team128_v5_IMG_0385_jpg.rf.60f9dc6a3761eff2055bbe86a718cdb9.jpg	roboflow_team128_v5_IMG_0385_jpg.rf.60f9dc6a3761eff2055bbe86a718cdb9.txt	2	325	836	0	1	48	693.0	1314.0	340.0	529.0	121320.0	45a7d5c145018f31de93f83bb5b6b9367bad378eb7260f51135ecf73cac6b15c	c44fb93b63d714627a84f9c4eba11e11ed4839eb850bb5a28a450db0a190c536
train_clean	train	roboflow_team128_v5	roboflow_team128_v5_IMG_0385_jpg.rf.60f9dc6a3761eff2055bbe86a718cdb9.jpg	roboflow_team128_v5_IMG_0385_jpg.rf.60f9dc6a3761eff2055bbe86a718cdb9.txt	3	325	837	0	1	42	313.0	1342.0	320.0	277.0	26513.0	e2148188786417b541e5e6fcda3ad03a50b9dd67936a836b15dbf1bd9f5a571f	75243d80697e35fb8351b9ee0209924cb41e671e3fff971baaa19104e470e650
train_clean	train	roboflow_team128_v5	roboflow_team128_v5_IMG_0385_jpg.rf.60f9dc6a3761eff2055bbe86a718cdb9.jpg	roboflow_team128_v5_IMG_0385_jpg.rf.60f9dc6a3761eff2055bbe86a718cdb9.txt	4	325	838	0	1	68	1065.0	1507.0	844.0	965.0	601148.0	695a5723353ddea744fa5e10d5ca7a562864689f0d89ab59af1934d8628444f3	a628d777909baed5c76e7e5d7c513c10eb4431d3991ac90e58e2ff75bacc6ce0
train_clean	train	roboflow_team128_v5	roboflow_team128_v5_IMG_0386_jpg.rf.f122f7f765d479d35fec211613da287c.jpg	roboflow_team128_v5_IMG_0386_jpg.rf.f122f7f765d479d35fec211613da287c.txt	1	326	839	0	1	44	2024.0	1815.0	999.0	1644.0	1376762.0	c7f5d53bd23caa036aa9e511b85fbdca44968a555ea076b60dd839c2e0614343	6e273655c04c8a0f604bf42838a3f56d8d656bfe5702a6f95349db0897518778
train_clean	train	roboflow_team128_v5	roboflow_team128_v5_IMG_0386_jpg.rf.f122f7f765d479d35fec211613da287c.jpg	roboflow_team128_v5_IMG_0386_jpg.rf.f122f7f765d479d35fec211613da287c.txt	2	326	840	0	1	53	948.0	1398.0	1006.0	833.0	596837.0	196d99fe6e945f1de24a0d2f4acc5332640989d5e750c00f1654a5dddcd5cd30	19051cd223f3e0caa2d12eb8ec0da1078b538860b52b833eb41932138906d927
train_clean	train	roboflow_team128_v5	roboflow_team128_v5_IMG_0386_jpg.rf.f122f7f765d479d35fec211613da287c.jpg	roboflow_team128_v5_IMG_0386_jpg.rf.f122f7f765d479d35fec211613da287c.txt	3	326	841	0	1	35	2449.0	1378.0	441.0	393.0	126354.0	aa024f688b1b067d65f618a08baec86bb411a9141a9dd94cc6d6b264bfbb1853	34eb4d3199aadc585f36e0da2ef1c934a3e0ed61ee95c44873092b9556ac27c9
train_clean	train	roboflow_team128_v5	roboflow_team128_v5_IMG_0387_jpg.rf.22696b4752bea3ef1a0cc15ce2e90251.jpg	roboflow_team128_v5_IMG_0387_jpg.rf.22696b4752bea3ef1a0cc15ce2e90251.txt	1	327	842	0	1	53	1262.0	1135.0	1049.0	1130.0	810507.0	42799df15d6067ff513b0a21d22f45476c4b17a0409cb25b520d1b9dc0e35413	0eb49674627a1c93979ce7b47eec03179438fd16970e472bcae75a9a623f8016
train_clean	train	roboflow_team128_v5	roboflow_team128_v5_IMG_0387_jpg.rf.22696b4752bea3ef1a0cc15ce2e90251.jpg	roboflow_team128_v5_IMG_0387_jpg.rf.22696b4752bea3ef1a0cc15ce2e90251.txt	2	327	843	0	1	56	0.0	2395.0	916.0	1633.0	1210169.0	c86bd315c39c1f560000f02b2afb8ab26a04052bd4a416f2d921c0624a7f40e2	57064293e9c177a66ea273a6180756341d023e223ce25fe256bbb96c4b30258a
train_clean	train	roboflow_team128_v5	roboflow_team128_v5_IMG_0388_jpg.rf.0a06963d0958cbd362a0d4c248ef94f7.jpg	roboflow_team128_v5_IMG_0388_jpg.rf.0a06963d0958cbd362a0d4c248ef94f7.txt	1	328	844	0	1	54	1255.0	1682.0	844.0	808.0	516818.0	4ccbf05377b6536970f2679a11233f409e23af5348f87738dca2a777a9a03a43	21fe0e63766a20a06a744109ae292d37b69aea713908cf4516af84728f6941cb
train_clean	train	roboflow_team128_v5	roboflow_team128_v5_IMG_0389_jpg.rf.46079741c4f626906d4c94b6fc7320f9.jpg	roboflow_team128_v5_IMG_0389_jpg.rf.46079741c4f626906d4c94b6fc7320f9.txt	1	329	845	0	1	93	945.0	1492.0	564.0	684.0	174386.0	2d6a42a79bb3a3724da0c9630a8a09a4215dcd3d5ab9d2c9fef5804bb60e49c8	a1ed7133dc09e83e49c7db278e2023e290ba699769e20e95e2fc2cb031f0ef8b
train_clean	train	roboflow_team128_v5	roboflow_team128_v5_IMG_0389_jpg.rf.46079741c4f626906d4c94b6fc7320f9.jpg	roboflow_team128_v5_IMG_0389_jpg.rf.46079741c4f626906d4c94b6fc7320f9.txt	2	329	846	0	1	29	1454.0	1533.0	223.0	244.0	20003.0	0b2d571602ff83439611316f80c8d5cc257e3fdc26d7c7a6d92c3330c15c61d2	3426244c49c4b18eb905b5d55b6e1e8232c05449067ec61cda782b6ea8ef487c
train_clean	train	roboflow_team128_v5	roboflow_team128_v5_IMG_0389_jpg.rf.46079741c4f626906d4c94b6fc7320f9.jpg	roboflow_team128_v5_IMG_0389_jpg.rf.46079741c4f626906d4c94b6fc7320f9.txt	3	329	847	0	1	58	1632.0	1834.0	291.0	539.0	67096.0	c00b4bf53f6dcce45fdf70176b759bde3d3f1934ab9a83bf2e57586c32c5131b	a2cfe7d23c7e4d25d7c4bf95353b8a17995f5cde9435b2bb460ec8405b5c60d6
train_clean	train	roboflow_team128_v5	roboflow_team128_v5_IMG_0390_jpg.rf.89b65697e58648d41e09f84b7b1c6246.jpg	roboflow_team128_v5_IMG_0390_jpg.rf.89b65697e58648d41e09f84b7b1c6246.txt	1	330	848	0	1	139	894.0	1508.0	1065.0	997.0	609498.0	5c5d2888a865e653f1f3e34cc237a4024ec926ae3bc7402a8431799777fb594f	ba369533d80e392128b9c9d748d7d63eacdfc481b838a8be0f2febfb510db542
train_clean	train	roboflow_team128_v5	roboflow_team128_v5_IMG_0390_jpg.rf.89b65697e58648d41e09f84b7b1c6246.jpg	roboflow_team128_v5_IMG_0390_jpg.rf.89b65697e58648d41e09f84b7b1c6246.txt	2	330	849	0	1	220	896.0	1512.0	1051.0	1049.0	655292.0	a8c154fe70ae87988a7d392c3049b71d21a5ef2c64c2539fb7fe0586ab7b4131	cc3141ba9e276764682549b99b888929c010ce71396d57ecaad94a172c8430d1
train_clean	train	roboflow_team128_v5	roboflow_team128_v5_IMG_0391_jpg.rf.ad8aa379647494df75b6a77dcd5dd1ae.jpg	roboflow_team128_v5_IMG_0391_jpg.rf.ad8aa379647494df75b6a77dcd5dd1ae.txt	1	331	850	0	1	154	959.0	1498.0	1072.0	1092.0	747474.0	0744643021944dd01be01cb83c6711df8d9e4ea2edeb65d12f1329153ee34f3c	397f903adf71106a2102a200d291538bf167bc862fc7e789b7241069ed13fe63
train_clean	train	roboflow_team128_v5	roboflow_team128_v5_IMG_0392_jpg.rf.cbb7eacf4c0905176c83da8dadac085b.jpg	roboflow_team128_v5_IMG_0392_jpg.rf.cbb7eacf4c0905176c83da8dadac085b.txt	1	332	851	0	1	154	1253.0	1491.0	1120.0	1089.0	685544.0	79f7f744f70860ec404510ea1d3dfe70a8ed8d121a5a1bc0f88603e2ecaa749b	06a460bb664f452a057b4544310c71697a17fad946212944c44ae8c1381c17d6
train_clean	train	roboflow_team128_v5	roboflow_team128_v5_IMG_0394_jpg.rf.c8b499639291a0e0b7b7457c80ac1100.jpg	roboflow_team128_v5_IMG_0394_jpg.rf.c8b499639291a0e0b7b7457c80ac1100.txt	1	333	852	0	1	87	1567.0	2311.0	817.0	872.0	474954.0	3f8ad5df62f2e460bd0a316fbe113fa954710880f9570d7e31ea46f9e7c0992c	d310b79c58fb290c3a002abedc5f765e795d9c894a685f53acbf3bd0f8a81a7a
train_clean	train	roboflow_team128_v5	roboflow_team128_v5_IMG_0394_jpg.rf.c8b499639291a0e0b7b7457c80ac1100.jpg	roboflow_team128_v5_IMG_0394_jpg.rf.c8b499639291a0e0b7b7457c80ac1100.txt	2	333	853	0	1	30	1572.0	1273.0	810.0	784.0	433295.0	75eeb3b3136f83d9c78e0f394dee04b82b4ee904dddfa3027bc3728f055b1664	eff7638d5b7af01d026b39fa6e1dc4b529fc16d70840e27b53ffb110a75789af
train_clean	train	roboflow_team128_v5	roboflow_team128_v5_IMG_0395_jpg.rf.c0412b823950a3176796e0837a074000.jpg	roboflow_team128_v5_IMG_0395_jpg.rf.c0412b823950a3176796e0837a074000.txt	1	334	854	0	1	109	1561.0	2350.0	666.0	850.0	371260.0	fd6a1fd920ae8e2c9fc4762f70922caa93fbc7fd0a8adb07cf3231897826a96a	7de02dff21ff98355c7c64dfb1094d11169d6e7b449f0ec8f563769a5acd82d8
train_clean	train	roboflow_team128_v5	roboflow_team128_v5_IMG_0395_jpg.rf.c0412b823950a3176796e0837a074000.jpg	roboflow_team128_v5_IMG_0395_jpg.rf.c0412b823950a3176796e0837a074000.txt	2	334	855	0	1	78	1517.0	1294.0	658.0	683.0	293979.0	69ee36316cb4e7768dca7b41fd6e4f2025361c38410b11e14e1d1f1f155e3f1b	fb0fdc173d7c5cf027a4a92c9715e765891add4966208b807c08c4077f8b29e6
train_clean	train	roboflow_team128_v5	roboflow_team128_v5_IMG_0397_jpg.rf.936775a022f10c399d7a691f1729c536.jpg	roboflow_team128_v5_IMG_0397_jpg.rf.936775a022f10c399d7a691f1729c536.txt	1	335	856	0	1	109	250.0	912.0	1177.0	1216.0	938380.0	9c19c4ead9253e2c37a0c77912991528034d3231599046318d4c69056536bd2d	bfbbd670372b1fa6733015055d3487778929ffd418ac0dce60cf78a4dd200dfe
train_clean	train	roboflow_team128_v5	roboflow_team128_v5_IMG_0397_jpg.rf.936775a022f10c399d7a691f1729c536.jpg	roboflow_team128_v5_IMG_0397_jpg.rf.936775a022f10c399d7a691f1729c536.txt	2	335	857	0	1	63	1401.0	1246.0	873.0	819.0	477962.0	4dc354330994fc3c1b54f08b131e480da51811db69438bcd2fd0602deef89299	979517795618e1d01a3573256184a5131c42896b6dc6e8fc8eea374569defb0c
train_clean	train	roboflow_team128_v5	roboflow_team128_v5_IMG_0398_jpg.rf.361fdde7c036b40581021944568dabbd.jpg	roboflow_team128_v5_IMG_0398_jpg.rf.361fdde7c036b40581021944568dabbd.txt	1	336	858	0	1	133	1004.0	1512.0	994.0	922.0	575860.0	3eb4867a8cd7bea1e00859e998f213feed5cdf13c3d154e8a7584230508435a2	0c2a2e56b4e6d22e133152fd6fddf7ae6dc0c38e60c625d1171194704b5f9b65
train_clean	train	roboflow_team128_v5	roboflow_team128_v5_IMG_0398_jpg.rf.361fdde7c036b40581021944568dabbd.jpg	roboflow_team128_v5_IMG_0398_jpg.rf.361fdde7c036b40581021944568dabbd.txt	2	336	859	0	1	113	2291.0	1601.0	554.0	571.0	173207.0	b8e97f1dda146de7638ee7e574886483541a3227abf8027964e15d77124d56f2	0c4253c9abedb81d933db270ebfaede18f43897fb2150361eae74f655051cc00
train_clean	train	roboflow_team128_v5	roboflow_team128_v5_IMG_0398_jpg.rf.361fdde7c036b40581021944568dabbd.jpg	roboflow_team128_v5_IMG_0398_jpg.rf.361fdde7c036b40581021944568dabbd.txt	3	336	860	0	1	7	2425.0	2005.0	21.0	45.0	657.0	649485b20add79ae053eacd2afd185e218aef11abdbef6ee2923bdc18520f311	543f2592d9842ac57a04f11769fcde5390915a88101ad3d4bbd551502fce32a7
train_clean	train	roboflow_team128_v5	roboflow_team128_v5_IMG_0401_jpg.rf.5054b1f6e372e486bb9593fd2d99b405.jpg	roboflow_team128_v5_IMG_0401_jpg.rf.5054b1f6e372e486bb9593fd2d99b405.txt	1	337	861	0	1	67	1218.0	1742.0	725.0	707.0	382450.0	7c7b1d4b7b676f41823e094829df8383a3bcade98ac0af90439dd7f3d2e7f07a	866137d3b79753f59c26976fc91148ede78c220df130b04d70808aac9d94abcc
train_clean	train	roboflow_team128_v5	roboflow_team128_v5_IMG_0401_jpg.rf.5054b1f6e372e486bb9593fd2d99b405.jpg	roboflow_team128_v5_IMG_0401_jpg.rf.5054b1f6e372e486bb9593fd2d99b405.txt	2	337	862	0	1	24	1819.0	2283.0	285.0	334.0	69813.0	b6da562f0ea957b05734b6b2cfe0022ea1cbe1ba25a35352d40e312362f0b1de	48c44679049a58ac5d83e2b02990f1be89f1a78258381ee8d9c2776eca6dd7cd
train_clean	train	roboflow_team128_v5	roboflow_team128_v5_IMG_0401_jpg.rf.5054b1f6e372e486bb9593fd2d99b405.jpg	roboflow_team128_v5_IMG_0401_jpg.rf.5054b1f6e372e486bb9593fd2d99b405.txt	3	337	863	0	1	48	2109.0	3630.0	776.0	401.0	226355.0	6ecf7af1cdd80df3e285b9543a54e4da2783ea7173fbbfef8d846621a387a9f8	43e95fd1c2babeb69108d000de6758d920bd1cf3560cfcd85bf75c37cf9e6210
train_clean	train	roboflow_team128_v5	roboflow_team128_v5_IMG_0403_jpg.rf.bd5df570cdf1f653425c3fb4f49b5a3c.jpg	roboflow_team128_v5_IMG_0403_jpg.rf.bd5df570cdf1f653425c3fb4f49b5a3c.txt	1	338	864	0	1	54	1039.0	2198.0	697.0	650.0	334658.0	419bc1dcce0140a13dc1eddd83cc26dcb160f9661417f0bf396003a235c90a28	827114f571e2e854c40fbec188ec22ead0bf4d3c2e3a9e85ece2ce0331338675
train_clean	train	roboflow_team128_v5	roboflow_team128_v5_IMG_0406_jpg.rf.27ac02cfa4a093b7ec39ed20b54c6ad2.jpg	roboflow_team128_v5_IMG_0406_jpg.rf.27ac02cfa4a093b7ec39ed20b54c6ad2.txt	1	339	865	0	1	97	784.0	1014.0	849.0	971.0	630555.0	cd288c6801d0ec4ffff181faf30507938a9b7a7733a5bec12f320172c5b7c395	55a6ba6d8222d47edb340775bc1300f3ba38a6080beeb3b9d4be244bb7f8f14c
train_clean	train	roboflow_team128_v5	roboflow_team128_v5_IMG_0407_jpg.rf.c291f60637b4c8090a668b491e1d1415.jpg	roboflow_team128_v5_IMG_0407_jpg.rf.c291f60637b4c8090a668b491e1d1415.txt	1	340	866	0	1	134	1392.0	1627.0	1001.0	1062.0	759055.0	31397fc6ed1a2da975c9d166842976f05a85332088e6f3fdf04395309f02d6c0	099b6f440b239f32357f03c399a993ccb206d740840d343942b4ecc71f01485e
train_clean	train	roboflow_team128_v5	roboflow_team128_v5_IMG_0408_jpg.rf.091c760cd5101a0a037004214fec631c.jpg	roboflow_team128_v5_IMG_0408_jpg.rf.091c760cd5101a0a037004214fec631c.txt	1	341	867	0	1	80	1284.0	1698.0	631.0	536.0	224398.0	3db7f325ec28146b7913a5bc2f6f926148e7551f5680d89d92404e0b71a81373	8f4ca710b96714b833b3a1860bf5cf76765f31d1a1e157431ef8718898878797
train_clean	train	roboflow_team128_v5	roboflow_team128_v5_IMG_0409_jpg.rf.8d08c819dc819fdba7b48320179bb87e.jpg	roboflow_team128_v5_IMG_0409_jpg.rf.8d08c819dc819fdba7b48320179bb87e.txt	1	342	868	0	1	253	1301.0	1014.0	1275.0	1268.0	881939.0	18dc4aca50c62fafa8e76bbdc2add9990c3bcf46b95d374d37019d775c3fee9d	01d027ab2afa235a0c63c8b729eae7522c64a3273ee6adefdd4bd426dcfe32c0
train_clean	train	roboflow_team128_v5	roboflow_team128_v5_IMG_0411_jpg.rf.06b181520e4952be4e982894c00d149f.jpg	roboflow_team128_v5_IMG_0411_jpg.rf.06b181520e4952be4e982894c00d149f.txt	1	343	869	0	1	85	1369.0	1525.0	732.0	956.0	505428.0	13e965e6e62e3df0d31dd63e8eae7f2370fedf01711f49b38ab7148d4d016db5	2856e926c95848eb5e2f9d8b25101e0d452426835ed0937d2f96bf21277d9d36
train_clean	train	roboflow_team128_v5	roboflow_team128_v5_IMG_0411_jpg.rf.06b181520e4952be4e982894c00d149f.jpg	roboflow_team128_v5_IMG_0411_jpg.rf.06b181520e4952be4e982894c00d149f.txt	2	343	870	0	1	45	809.0	1852.0	456.0	439.0	144218.0	175ee0ba7636d65a07d75188f57c64f1ad35428a6e634bfc3fce544d8fe51cc0	6b7f4557a5f396bdc926d17f5aa1ad15e845b4fc571443a549fb24bef6a776f9
train_clean	train	roboflow_team128_v5	roboflow_team128_v5_IMG_0411_jpg.rf.06b181520e4952be4e982894c00d149f.jpg	roboflow_team128_v5_IMG_0411_jpg.rf.06b181520e4952be4e982894c00d149f.txt	3	343	871	0	1	28	1150.0	3726.0	456.0	305.0	105781.0	498c2b815aad1da9e3c5736ae4fd3945db167a1977ed89aa2aa257e2b172322c	606323da3dc6060ec08d1c33eb89ef67bdcbd23259420ce26f103fa3da966d66
train_clean	train	roboflow_team128_v5	roboflow_team128_v5_IMG_0411_jpg.rf.06b181520e4952be4e982894c00d149f.jpg	roboflow_team128_v5_IMG_0411_jpg.rf.06b181520e4952be4e982894c00d149f.txt	4	343	872	0	1	13	2440.0	3575.0	68.0	108.0	4278.0	470a8cd0466a36fbe260b904c30ec9a0addbf836ecbb466affd1426b904430df	97d55732ca5589b26cb781479fe0e55d12ba9616c14382f0114d03c0edeb8bdf
train_clean	train	roboflow_team128_v5	roboflow_team128_v5_IMG_0411_jpg.rf.06b181520e4952be4e982894c00d149f.jpg	roboflow_team128_v5_IMG_0411_jpg.rf.06b181520e4952be4e982894c00d149f.txt	5	343	873	0	1	33	2496.0	3480.0	144.0	233.0	19656.0	fa48aeda133ec936255a847b14fa219c3269bb3f4ef6936406b4ee065af2376f	c703e22b0b18c5b0d10c725ded28bec0ec0687db6cf8231b8f3fd266dd8afb8c
train_clean	train	roboflow_team128_v5	roboflow_team128_v5_IMG_0411_jpg.rf.06b181520e4952be4e982894c00d149f.jpg	roboflow_team128_v5_IMG_0411_jpg.rf.06b181520e4952be4e982894c00d149f.txt	6	343	874	0	1	63	2104.0	3476.0	269.0	345.0	45276.0	77f03a8340e05b93ee36a9ebd302eb0067682be571d6f5cc68c214654242076a	3592725e9699f770543a140bc894ec4f98292b9a9b71fde6c9b03daa193db8e8
train_clean	train	roboflow_team128_v5	roboflow_team128_v5_IMG_0412_jpg.rf.2f9cac9219bc4537281fedaada21a690.jpg	roboflow_team128_v5_IMG_0412_jpg.rf.2f9cac9219bc4537281fedaada21a690.txt	1	344	875	0	1	43	1377.0	347.0	418.0	411.0	91823.0	3016cddf6653e8d6010cbbf02de09fdd65803edd018e76b1466e20bc6aa6d7b4	4b63e85a405ca2e02499445ca806f9ac5bf186927b061b988765464f8ebc86e1
train_clean	train	roboflow_team128_v5	roboflow_team128_v5_IMG_0412_jpg.rf.2f9cac9219bc4537281fedaada21a690.jpg	roboflow_team128_v5_IMG_0412_jpg.rf.2f9cac9219bc4537281fedaada21a690.txt	2	344	876	0	1	31	2338.0	1439.0	328.0	341.0	56610.0	52fc0ee1c64050b0723622dab484d6890915227b4f531db1504d0e330b1bfe54	ff14180609bdb9b97a9acb341b4d2226390c3d6047ea2880b119f1ccdf508e99
train_clean	train	roboflow_team128_v5	roboflow_team128_v5_IMG_0413_jpg.rf.2e2c71e25304fae8674c84820e658334.jpg	roboflow_team128_v5_IMG_0413_jpg.rf.2e2c71e25304fae8674c84820e658334.txt	1	345	877	0	1	93	1610.0	1910.0	445.0	407.0	103646.0	4df2a15600f3553eeb021907f737dd7e0c80a88ba221fe78d187bfd880e31c6a	20463525b24bf4ae05cd1270954c17bd666a127f74e597706477f45f363f705c
train_clean	train	roboflow_team128_v5	roboflow_team128_v5_IMG_0413_jpg.rf.2e2c71e25304fae8674c84820e658334.jpg	roboflow_team128_v5_IMG_0413_jpg.rf.2e2c71e25304fae8674c84820e658334.txt	2	345	878	0	1	31	1762.0	2475.0	264.0	135.0	22473.0	f09b8eab66c8a0cd21f3609987d43ce1b4609f9715b023c591ec5aef02daeaf9	a947feb709ddad753e671be2b93f9293070e84676af9dacfb545fa8899f49d58
train_clean	train	roboflow_team128_v5	roboflow_team128_v5_IMG_0413_jpg.rf.2e2c71e25304fae8674c84820e658334.jpg	roboflow_team128_v5_IMG_0413_jpg.rf.2e2c71e25304fae8674c84820e658334.txt	3	345	879	0	1	94	1641.0	2049.0	390.0	406.0	97970.0	14f151ca9e1d4ee6039141ac43c173117a167117656f0b99149754f55c822eb5	99e3fe1cf8289bad5613c68b84b7acb956cb27e67fca98d8dcd283e210f13350
train_clean	train	roboflow_team128_v5	roboflow_team128_v5_IMG_0414_jpg.rf.641806d0bb35c02b2e54dc0aecfde271.jpg	roboflow_team128_v5_IMG_0414_jpg.rf.641806d0bb35c02b2e54dc0aecfde271.txt	1	346	880	0	1	140	1129.0	1346.0	616.0	820.0	308922.0	0aa98066b90ce5aef35b920e8b6b3579f96b33cf0d4c7b497e4dcfcb2802eb6d	b78c9d701cc4a1e85bd479d85757d4e85fa46c8fa74fc9d3e09c4fc6aa21d2b2
train_clean	train	roboflow_team128_v5	roboflow_team128_v5_IMG_0415_jpg.rf.eadaee1e800d7b072712283611f7f64a.jpg	roboflow_team128_v5_IMG_0415_jpg.rf.eadaee1e800d7b072712283611f7f64a.txt	1	347	881	0	1	117	1295.0	1879.0	1399.0	860.0	806460.0	1970372c5987d24d2419564b2032d2a04bb116bc45ca7303b94fc334af413200	1c2a8e4618c82e219d30cbbc08f44a1445d9d2aa350451f6e92f3a68528438b3
train_clean	train	roboflow_team128_v5	roboflow_team128_v5_IMG_0416_jpg.rf.a8613a9c4bc0659a943885aa7efd0515.jpg	roboflow_team128_v5_IMG_0416_jpg.rf.a8613a9c4bc0659a943885aa7efd0515.txt	1	348	882	0	1	136	1244.0	1436.0	1240.0	957.0	807570.0	adabe4076e8fd9e3dfecb8fb1d6a8a4019dd79017ac038873a37eddfa37b6e9a	b48d96c1c8c7050208fbf2429bbc12932d6b7eb0f4a9076813f671a093884e50
train_clean	train	roboflow_team128_v5	roboflow_team128_v5_IMG_0419_jpg.rf.001e4b9a819dd07bbe0d78a1f9374dce.jpg	roboflow_team128_v5_IMG_0419_jpg.rf.001e4b9a819dd07bbe0d78a1f9374dce.txt	1	349	883	0	1	210	1371.0	584.0	1127.0	1378.0	740824.0	f47dc7c16d64df9713155671a1eeb392171777f4708cbd5ec054ebf4f6328573	e7cee521d5851ffa4f77c7fc19df8432a9c5bfb4c4e7e9d65c3fa44aac69fe28
train_clean	train	roboflow_team128_v5	roboflow_team128_v5_IMG_0420_jpg.rf.da03c1d552b814d432b410848279879b.jpg	roboflow_team128_v5_IMG_0420_jpg.rf.da03c1d552b814d432b410848279879b.txt	1	350	884	0	1	114	1456.0	1001.0	945.0	1168.0	796342.0	69cf315ccf4d9e8b43b76a732c12649c9ec3e7a4b84c3a0d69dae5b06110ec8e	b47943465d04afb14c8bcb6cf97cebe521d971d30018772296e58d13320a5fd5
train_clean	train	roboflow_team128_v5	roboflow_team128_v5_IMG_0421_jpg.rf.1b203c1bd624ee736f5f689ec67c0c4d.jpg	roboflow_team128_v5_IMG_0421_jpg.rf.1b203c1bd624ee736f5f689ec67c0c4d.txt	1	351	885	0	1	90	1145.0	1399.0	918.0	1177.0	832533.0	87c0d40632e4c41ae2f13366c009560993c135adeab8a3425bcaaac231b3431e	9464b37a7df8c295ca77baa2005db970c3a61cf1a702bfc12078cf46de150cba
train_clean	train	roboflow_team128_v5	roboflow_team128_v5_IMG_0422_jpg.rf.2c04e28955f2c62f57034407165b2f30.jpg	roboflow_team128_v5_IMG_0422_jpg.rf.2c04e28955f2c62f57034407165b2f30.txt	1	352	886	0	1	60	1299.0	834.0	968.0	967.0	694517.0	1f8cc6cfebddeca0167de6557d7d8bb241f596823c666e673e918a1685a02e7a	fc91276a3df6cfe74b65872f5bcffcc0b0ddd463feb7ffe2ca475d43ee10f769
train_clean	train	roboflow_team128_v5	roboflow_team128_v5_IMG_0423_jpg.rf.f7f4a07fb4467e6cef6cb8e880729809.jpg	roboflow_team128_v5_IMG_0423_jpg.rf.f7f4a07fb4467e6cef6cb8e880729809.txt	1	353	887	0	1	108	1163.0	1501.0	1042.0	828.0	578428.0	9974478a0ea209caadc0aff7c4790172bab2cb4feb7a8ed6be4a849e6820331d	aaaf489ab79b44060f58c031ffb33568fe982fb0fdc8a55f06de81c55cb73473
train_clean	train	roboflow_team128_v5	roboflow_team128_v5_IMG_0424_jpg.rf.954867957da3e9a08cd3e494448ec268.jpg	roboflow_team128_v5_IMG_0424_jpg.rf.954867957da3e9a08cd3e494448ec268.txt	1	354	888	0	1	182	1786.0	904.0	711.0	1054.0	390914.0	52fca57b24d8b699e7ac7042fbd7be6452c92a1a5eb24f6311749f44f3e71601	a239a20546a71e391773804154e39e191fd52a009797e120a860bb17b801df78
train_clean	train	roboflow_team128_v5	roboflow_team128_v5_IMG_0425_jpg.rf.1d92e4f0252b3c51bf255e5b9b5bbee1.jpg	roboflow_team128_v5_IMG_0425_jpg.rf.1d92e4f0252b3c51bf255e5b9b5bbee1.txt	1	355	889	0	1	135	1724.0	1318.0	1085.0	1234.0	868905.0	4a29bd464dac907f305a6db564e9c23a650d57f43788ee73eda51caae13b5024	8d4f62b64ffd2ab41c9039b8d827e0d40bca601c0d42d22492f4a12a0fa05816
train_clean	train	roboflow_team128_v5	roboflow_team128_v5_IMG_0429_jpg.rf.fb57fcfd57d6069238f28d1a13814eb8.jpg	roboflow_team128_v5_IMG_0429_jpg.rf.fb57fcfd57d6069238f28d1a13814eb8.txt	1	356	890	0	1	142	1788.0	1080.0	493.0	772.0	185861.0	b6b1b0c415e705a0e8824815c177399b6909a1da2f2daf9e76c129f61773087e	9791496b16a76858c5861562dd896f1e4eb916a033635bda91420b054f3f17c2
train_clean	train	roboflow_team128_v5	roboflow_team128_v5_IMG_0430_jpg.rf.6146d19c95bd6e20d09953ce7e51ef14.jpg	roboflow_team128_v5_IMG_0430_jpg.rf.6146d19c95bd6e20d09953ce7e51ef14.txt	1	357	891	0	1	139	1958.0	1006.0	637.0	967.0	384088.0	34e17ca5a37bd28aaf6216a09b0c45435de0c01e9d12ccb08d8dc33bb3e02db1	326411105a4cbda3a916cb748b3dfae7ad22fe69e0b2469167cbc2b868b3c8a6
train_clean	train	roboflow_team128_v5	roboflow_team128_v5_IMG_0430_jpg.rf.6146d19c95bd6e20d09953ce7e51ef14.jpg	roboflow_team128_v5_IMG_0430_jpg.rf.6146d19c95bd6e20d09953ce7e51ef14.txt	2	357	892	0	1	79	1906.0	2080.0	420.0	391.0	100216.0	829f7a7de38cdd1cf5a19e6d81f5c026dbf98b8985b3244e9f155a0c350e7288	31bcbcd0cac3b456eace140ca4d71da3ca6a11d689f919497afa2af19136d330
train_clean	train	roboflow_team128_v5	roboflow_team128_v5_IMG_0430_jpg.rf.6146d19c95bd6e20d09953ce7e51ef14.jpg	roboflow_team128_v5_IMG_0430_jpg.rf.6146d19c95bd6e20d09953ce7e51ef14.txt	3	357	893	0	1	28	1794.0	2608.0	212.0	147.0	21995.0	5a89ecbc94b9feba28d0070ac7544cdccb668bb9a15c5f8850bf27c11ac498b8	6d1eef7638adf52c43beb11e535ac4f94b839d0288993e48faf705d890da602c
train_clean	train	roboflow_team128_v5	roboflow_team128_v5_IMG_0430_jpg.rf.6146d19c95bd6e20d09953ce7e51ef14.jpg	roboflow_team128_v5_IMG_0430_jpg.rf.6146d19c95bd6e20d09953ce7e51ef14.txt	4	357	894	0	1	35	1767.0	2023.0	125.0	378.0	21223.0	a46728e932761d45b7809a76aa116f5d30dd3661620cf7d84e0faefb93072d19	ecc7f04acee3c03b5cd9170bbde1c5ecd46d89d19c15eb67d96f8b0164686d86
train_clean	train	roboflow_team128_v5	roboflow_team128_v5_IMG_0433_jpg.rf.4e1128b627fcd454745d7ab9ad7f2927.jpg	roboflow_team128_v5_IMG_0433_jpg.rf.4e1128b627fcd454745d7ab9ad7f2927.txt	1	358	895	0	1	122	1555.0	1172.0	751.0	863.0	438000.0	98c3742eaee7d176bbfcd5ee9b6dc361700e48dcc00e1bc2221f4cdad86d3e71	8c0735c330da87f2849eeca202644e5f25ac9f934ebb26062d6ca5bbd7b62ca6
train_clean	train	roboflow_team128_v5	roboflow_team128_v5_IMG_0433_jpg.rf.4e1128b627fcd454745d7ab9ad7f2927.jpg	roboflow_team128_v5_IMG_0433_jpg.rf.4e1128b627fcd454745d7ab9ad7f2927.txt	2	358	896	0	1	98	1143.0	1821.0	755.0	414.0	133206.0	1a95520ab89715265645cfcfb0b4c0a8bad35dfbedd81210314a5ce97c82e657	46c6247d66e049e563338786de1f1c6228272a0dfd432adf5bb3b47c95a22fc6
train_clean	train	roboflow_team128_v5	roboflow_team128_v5_IMG_0434_jpg.rf.2cb57ac2e7d44f9bcb0931339713e514.jpg	roboflow_team128_v5_IMG_0434_jpg.rf.2cb57ac2e7d44f9bcb0931339713e514.txt	1	359	897	0	1	74	1022.0	1273.0	621.0	774.0	320344.0	b271797b20e6f62ac78d6c2695fd956b7f265246d61b356c59e47757cf3bf433	82ac0aaebc114a27623719cef2111a4b078dd44d2a15b44e0bcccc8627a17d82
train_clean	train	roboflow_team128_v5	roboflow_team128_v5_IMG_0434_jpg.rf.2cb57ac2e7d44f9bcb0931339713e514.jpg	roboflow_team128_v5_IMG_0434_jpg.rf.2cb57ac2e7d44f9bcb0931339713e514.txt	2	359	898	0	1	32	1001.0	1906.0	286.0	360.0	45980.0	9eff91af77811eb60a88f89bb7303175b50d3598f983fceb796347156415c8d2	797118dd4637ecc71d0f8fe0e70fc365b5551acd7e6b64d06d2d9149139c8724
train_clean	train	roboflow_team128_v5	roboflow_team128_v5_IMG_0435_jpg.rf.d14a73cbe4c77fa8529f4710cb403733.jpg	roboflow_team128_v5_IMG_0435_jpg.rf.d14a73cbe4c77fa8529f4710cb403733.txt	1	360	899	0	1	129	492.0	1958.0	818.0	673.0	332684.0	14e4d23dbb67cc188fc4982712b6f8876fbeb8a488b650c0f5536353e54e0cfd	ac0746b8b16af900e92ad1d092bef580e44af41ae241246d0cd13a9cc17ca785
train_clean	train	roboflow_team128_v5	roboflow_team128_v5_IMG_0435_jpg.rf.d14a73cbe4c77fa8529f4710cb403733.jpg	roboflow_team128_v5_IMG_0435_jpg.rf.d14a73cbe4c77fa8529f4710cb403733.txt	2	360	900	0	1	104	1083.0	1444.0	654.0	751.0	324862.0	d7dfda0d94000163d78096bebedfb959b3f8fefc2b44e9ea4c563dc047f4baf3	be98f3faf55f98f7c904f64c770aca44ccc9277c0a98948d8de1999465a9b05e
train_clean	train	roboflow_team128_v5	roboflow_team128_v5_IMG_0436_jpg.rf.2d928b273f80c8cfa5662456de097685.jpg	roboflow_team128_v5_IMG_0436_jpg.rf.2d928b273f80c8cfa5662456de097685.txt	1	361	901	0	1	61	553.0	1693.0	783.0	789.0	388940.0	011bc1f8f1f7a870c50c7a14b78e0f0140627e52f1f94ccc2021685983b57b33	e2a85eaeaa362a32d0539ce7327bdd9aafa3f2295d104113271ff7372ea1afc2
train_clean	train	roboflow_team128_v5	roboflow_team128_v5_IMG_0436_jpg.rf.2d928b273f80c8cfa5662456de097685.jpg	roboflow_team128_v5_IMG_0436_jpg.rf.2d928b273f80c8cfa5662456de097685.txt	2	361	902	0	1	63	1320.0	1694.0	584.0	658.0	287816.0	35945b69c7bbbdeaeb64f2189ff349dd506af01098d2d6a5906bb0468af60a22	b6fe6ca8fe07b6e99aeaf519ca778fea17e2502531b9bd284b517b52589f719b
train_clean	train	roboflow_team128_v5	roboflow_team128_v5_IMG_0436_jpg.rf.2d928b273f80c8cfa5662456de097685.jpg	roboflow_team128_v5_IMG_0436_jpg.rf.2d928b273f80c8cfa5662456de097685.txt	3	361	903	0	1	58	907.0	281.0	373.0	417.0	68295.0	54fb675a6dca7b3ffe4093dfb7f2c7288a63f18be8d6fe1ce9cbcbb27c7a8355	13bdc12c57cd0fbdb1f3eabac9ab7aafcea0b700abe9ae3faf6fb168c9e64c29
train_clean	train	roboflow_team128_v5	roboflow_team128_v5_IMG_0437_jpg.rf.11692077872f61ea705cc1bc6715c612.jpg	roboflow_team128_v5_IMG_0437_jpg.rf.11692077872f61ea705cc1bc6715c612.txt	1	362	904	0	1	89	1233.0	1595.0	849.0	847.0	555674.0	5d82ba2a2cb0b79e82badee02fb56389b5d154031afc148e54c0070979ac98fa	bd0dc6b60620a3744d2c84bb5183fa581ca572cff4008026c7fe016dbab3ae2a
train_clean	train	roboflow_team128_v5	roboflow_team128_v5_IMG_0437_jpg.rf.11692077872f61ea705cc1bc6715c612.jpg	roboflow_team128_v5_IMG_0437_jpg.rf.11692077872f61ea705cc1bc6715c612.txt	2	362	905	0	1	77	1290.0	917.0	632.0	671.0	252843.0	88910f0dd40fda620f183a6369b74daae1d5aadc05d6e219f88716434a8997c7	d9aaa9dbe4221d13268d45630c9316abe1810dad4667b5916b311791b7e51acf
train_clean	train	roboflow_team128_v5	roboflow_team128_v5_IMG_0437_jpg.rf.11692077872f61ea705cc1bc6715c612.jpg	roboflow_team128_v5_IMG_0437_jpg.rf.11692077872f61ea705cc1bc6715c612.txt	3	362	906	0	1	36	2730.0	145.0	282.0	453.0	70569.0	d0c63d1e2160248d0b4649c4ef7a47a3320de71cb30f5c0d83edc673645eef79	c933a1c6aea204cd0948b63d611ad8e71fe7289b2676caed8bf2b85a782e792e
train_clean	train	roboflow_team128_v5	roboflow_team128_v5_IMG_0440_jpg.rf.bba292524b46dad1a77b0e499db3495f.jpg	roboflow_team128_v5_IMG_0440_jpg.rf.bba292524b46dad1a77b0e499db3495f.txt	1	363	907	0	1	65	1786.0	1662.0	724.0	609.0	264187.0	1cce38fffec4aad814426af302a82b5c00c5b70fa7da440d47f344b80943fcec	29f7521b6dfbecee3540ae9aabdb23d4e5060b2a4a747031807577480844094d
train_clean	train	roboflow_team128_v5	roboflow_team128_v5_IMG_0441_jpg.rf.4951b08bd6e576e2c54207fe92d02854.jpg	roboflow_team128_v5_IMG_0441_jpg.rf.4951b08bd6e576e2c54207fe92d02854.txt	1	364	908	0	1	45	1337.0	1886.0	405.0	484.0	110928.0	788d4cd576f7660d8b56dc361311ff408e7caaecab3ccc5cafa2c741dac0f6cd	d93c957ea5cc354c4454f29bd16e2bf9647ccc8bdac2d9f18f3f159ff30af1dc
train_clean	train	roboflow_team128_v5	roboflow_team128_v5_IMG_0441_jpg.rf.4951b08bd6e576e2c54207fe92d02854.jpg	roboflow_team128_v5_IMG_0441_jpg.rf.4951b08bd6e576e2c54207fe92d02854.txt	2	364	909	0	1	14	1786.0	1700.0	106.0	78.0	5682.0	ce52f3f072c81436ecfd6032222262f073893874e926483a15ed9075a016c4af	ea490b849f772ecc28ed39fa5c3e7a252900ea80e26b72c8e75cb3b47fe72cd5
train_clean	train	roboflow_team128_v5	roboflow_team128_v5_IMG_0441_jpg.rf.4951b08bd6e576e2c54207fe92d02854.jpg	roboflow_team128_v5_IMG_0441_jpg.rf.4951b08bd6e576e2c54207fe92d02854.txt	3	364	910	0	1	70	1612.0	1719.0	656.0	662.0	267157.0	9a55c84025edd89e433a603dd5286e4a760f71ac8a8163ab57197674ed9604eb	3803e835dbd2f0c255a720e54c669e8a315dbd0078cc8043b92eecacc817508d
train_clean	train	roboflow_team128_v5	roboflow_team128_v5_IMG_0442_jpg.rf.e8615349c65116658735767b1e944505.jpg	roboflow_team128_v5_IMG_0442_jpg.rf.e8615349c65116658735767b1e944505.txt	1	365	911	0	1	62	1086.0	1391.0	1190.0	845.0	778367.0	3024879737316cb9c636f74e0d947eb3de74c71c3109ff4dbcebd87f0b0c4df6	5811efc18a4f2196a6c5bc921f0cc3e9b461e2e72bc914360339e9d8fabc8c57
train_clean	train	roboflow_team128_v5	roboflow_team128_v5_IMG_0444_jpg.rf.83ad842fe4150a62a28712eeb9e307db.jpg	roboflow_team128_v5_IMG_0444_jpg.rf.83ad842fe4150a62a28712eeb9e307db.txt	1	366	912	0	1	115	1008.0	1558.0	701.0	795.0	307897.0	a25372059883bc6fe4262e09e8b8b78765b27a68c346cccac21432c826542bf1	d8bf05e091001e9340174e84decf1c148774a07d8869bc40c279836e3b76f741
train_clean	train	roboflow_team128_v5	roboflow_team128_v5_IMG_0444_jpg.rf.83ad842fe4150a62a28712eeb9e307db.jpg	roboflow_team128_v5_IMG_0444_jpg.rf.83ad842fe4150a62a28712eeb9e307db.txt	2	366	913	0	1	84	2712.0	2076.0	311.0	572.0	106127.0	81e623942affe9730137cb7b09cfe23ceca52e90b7ef258a011f791769288c38	64e6e4a5903fffbb4eb1751b8fb8afca4fb3789282c1a1a8120f76f0729f568a
train_clean	train	roboflow_team128_v5	roboflow_team128_v5_IMG_0445_jpg.rf.567b784016c91fac8671ddd1bd414906.jpg	roboflow_team128_v5_IMG_0445_jpg.rf.567b784016c91fac8671ddd1bd414906.txt	1	367	914	0	1	100	986.0	1376.0	580.0	760.0	261230.0	a5e54fb00fd43a96bc31234bb88c575d133496f28e6f647b21a4ec1a30901c7e	f23a1aae3dbd6957aa7e9bc8509ae0e7fa97fdeff9bb44ca5f7cc5478eecb226
train_clean	train	roboflow_team128_v5	roboflow_team128_v5_IMG_0445_jpg.rf.567b784016c91fac8671ddd1bd414906.jpg	roboflow_team128_v5_IMG_0445_jpg.rf.567b784016c91fac8671ddd1bd414906.txt	2	367	915	0	1	118	2482.0	2469.0	541.0	621.0	243866.0	0651f1b8d8525b9a6246e5e54762813bde8475c0fbd979b44393a65cf71ca3cb	e3695f9e435ef5523cdefb19436a3b6c019d7d0b19d1ade56d83293415c79499
train_clean	train	roboflow_team128_v5	roboflow_team128_v5_IMG_0445_jpg.rf.567b784016c91fac8671ddd1bd414906.jpg	roboflow_team128_v5_IMG_0445_jpg.rf.567b784016c91fac8671ddd1bd414906.txt	3	367	916	0	1	73	1130.0	2646.0	362.0	504.0	107707.0	820926fc24b4283d7480a638b66e8770246a7c2ab3edb94047a8944615d30c51	cfcc701224ff2c4cebae3b784a57a471cae166b31506c7cd9792df08673fc518
train_clean	train	roboflow_team128_v5	roboflow_team128_v5_IMG_0446_jpg.rf.a7a958f8441612fb491fb98caba0320f.jpg	roboflow_team128_v5_IMG_0446_jpg.rf.a7a958f8441612fb491fb98caba0320f.txt	1	368	917	0	1	50	998.0	763.0	573.0	812.0	301369.0	e67e74ab872f0304e0fdf1c026eac98ab8f83dcc8415f4277d6f100328a68c9b	ece1b59fbfbc8aec56c247356cf0acb5d757357254e2d3ecd7ddadaea3222ed9
train_clean	train	roboflow_team128_v5	roboflow_team128_v5_IMG_0446_jpg.rf.a7a958f8441612fb491fb98caba0320f.jpg	roboflow_team128_v5_IMG_0446_jpg.rf.a7a958f8441612fb491fb98caba0320f.txt	2	368	918	0	1	115	1982.0	2769.0	755.0	918.0	417439.0	2bfa64ed9b6a9767c15213170edcac6315f71c17b7d9e6dd9d76134fd120d228	87800bf810e789f6e096930beb3b6132083804b75f7f7871c0c3f0d97cfa82fc
train_clean	train	roboflow_team128_v5	roboflow_team128_v5_IMG_0446_jpg.rf.a7a958f8441612fb491fb98caba0320f.jpg	roboflow_team128_v5_IMG_0446_jpg.rf.a7a958f8441612fb491fb98caba0320f.txt	3	368	919	0	1	75	472.0	2117.0	514.0	563.0	164022.0	585d19ac22c35645565da2d70acd1c5bbb2bb52f21b3833a5fe68dafd25d04f4	e87606716f95e457fcb44d7f4d71cc985757537e84a2937665ec7a919253be1a
train_clean	train	roboflow_team128_v5	roboflow_team128_v5_IMG_0448_jpg.rf.a1aa572b1ec1983c18d3ba9ce79796d7.jpg	roboflow_team128_v5_IMG_0448_jpg.rf.a1aa572b1ec1983c18d3ba9ce79796d7.txt	1	369	920	0	1	80	1268.0	1851.0	949.0	779.0	524405.0	5d0bf816f8f7db04f305b28499a5f6bfd86b7099a055eed354ee2348fbbf5356	458bfb1636a35abe1c03f067c08adf2f8256d0eeb3dddeb7bae687fdd31e64fc
train_clean	train	roboflow_team128_v5	roboflow_team128_v5_IMG_0448_jpg.rf.a1aa572b1ec1983c18d3ba9ce79796d7.jpg	roboflow_team128_v5_IMG_0448_jpg.rf.a1aa572b1ec1983c18d3ba9ce79796d7.txt	2	369	921	0	1	100	1322.0	1175.0	757.0	710.0	153204.0	671093f44f978076b127240a992946e715649778e7d59d53d3250bd688829bfe	b6f95db64a19e02ce938748d8e71e73f04af4a4922a6b156038a1ac0859ecaa0
train_clean	train	roboflow_team128_v5	roboflow_team128_v5_IMG_0449_jpg.rf.066928ad230e4cc10786122961106627.jpg	roboflow_team128_v5_IMG_0449_jpg.rf.066928ad230e4cc10786122961106627.txt	1	370	922	0	1	127	712.0	1791.0	659.0	1020.0	434939.0	5f8102636e0329271438981bbc64bdee6401c7d9af2d3262ac5550256350bfab	584ba25c0d58b0a1b8b6ddbce4ce6feec0038cd414d4be0713926b22ef8a5263
train_clean	train	roboflow_team128_v5	roboflow_team128_v5_IMG_0449_jpg.rf.066928ad230e4cc10786122961106627.jpg	roboflow_team128_v5_IMG_0449_jpg.rf.066928ad230e4cc10786122961106627.txt	2	370	923	0	1	115	1374.0	1443.0	599.0	643.0	261070.0	e9d94eb2f3c67fe25fc14ed8cda1bbda27047be4bda6bbc9d4144f8197d573d8	a15edf48c50935cba0a16229dcf93bccb36a823ec62e6f8df20173edf56d9ab0
train_clean	train	roboflow_team128_v5	roboflow_team128_v5_IMG_0449_jpg.rf.066928ad230e4cc10786122961106627.jpg	roboflow_team128_v5_IMG_0449_jpg.rf.066928ad230e4cc10786122961106627.txt	3	370	924	0	1	33	1863.0	1516.0	232.0	262.0	31815.0	1f5adafc42670a19113e7e3a59bad7d9bcafbd49c49e46d9254871e604c17f97	8f285cc8f2074516d8c15545650a6ecf52a7aea9de218061b8e81975908bb960
train_clean	train	roboflow_team128_v5	roboflow_team128_v5_IMG_0449_jpg.rf.066928ad230e4cc10786122961106627.jpg	roboflow_team128_v5_IMG_0449_jpg.rf.066928ad230e4cc10786122961106627.txt	4	370	925	0	1	62	1884.0	3582.0	381.0	449.0	116249.0	0a747cd133edebc7d5fd334ece64855891c770523723a04b42d696a567051de1	2d1a4196a55c44c05feda671afe627bbc41684f760628fb629e8d6246ca3054a
train_clean	train	roboflow_team128_v5	roboflow_team128_v5_IMG_0450_jpg.rf.e58bad54ccd145e8af2f1864d4dc1f72.jpg	roboflow_team128_v5_IMG_0450_jpg.rf.e58bad54ccd145e8af2f1864d4dc1f72.txt	1	371	926	0	1	121	1220.0	1964.0	909.0	905.0	583245.0	c8b5b6e02982c2abe88e402a70bde25b4cfb10f7852f242b385a4d6ff50c6350	d0fbd81536899ae18135516361ce4e20df689c2d6b36b45a000e64a69547e282
train_clean	train	roboflow_team128_v5	roboflow_team128_v5_IMG_0450_jpg.rf.e58bad54ccd145e8af2f1864d4dc1f72.jpg	roboflow_team128_v5_IMG_0450_jpg.rf.e58bad54ccd145e8af2f1864d4dc1f72.txt	2	371	927	0	1	50	1244.0	1248.0	841.0	764.0	489972.0	2af5b5dfc70b13c954e8cff1fe17111f97eea8cdc081d91a9361c4adb1b205d8	9d9e930ff1dce3b3dd233ad2165a8c7f9ac74e7084f371ec7f66021dcdbfcf70
train_clean	train	roboflow_team128_v5	roboflow_team128_v5_IMG_0451_jpg.rf.036f2b1d8423bcb53d0521767bce0e94.jpg	roboflow_team128_v5_IMG_0451_jpg.rf.036f2b1d8423bcb53d0521767bce0e94.txt	1	372	928	0	1	151	942.0	1823.0	952.0	1170.0	632583.0	d6deb9bf666a989cfbb13d83f0da8c07fad354d9b4e5e542ecefed82364b9ada	b6c987c75d734a2258bbe12bb3f2c02767a9549a801cc749dc323c80dff05be3
train_clean	train	roboflow_team128_v5	roboflow_team128_v5_IMG_0451_jpg.rf.036f2b1d8423bcb53d0521767bce0e94.jpg	roboflow_team128_v5_IMG_0451_jpg.rf.036f2b1d8423bcb53d0521767bce0e94.txt	2	372	929	0	1	92	2206.0	2401.0	535.0	585.0	130572.0	6b83bb8e9a814a6bad54a4094b769cc7a39f5a78c04bd736ae4a3274e7079154	2e34a79d4238658602c51cc5f62ab4ed0040cdbdaf5e9dc850d0dd42b75218a6
train_clean	train	roboflow_team128_v5	roboflow_team128_v5_IMG_0451_jpg.rf.036f2b1d8423bcb53d0521767bce0e94.jpg	roboflow_team128_v5_IMG_0451_jpg.rf.036f2b1d8423bcb53d0521767bce0e94.txt	3	372	930	0	1	107	1168.0	919.0	654.0	849.0	102534.0	545b86303d3dd8fd68769c6942b639423f9a98905bebade264053fdfe778029a	60616393102187021e665cce6515ec007c256b1314a8e3862420befb024e4de8
train_clean	train	roboflow_team128_v5	roboflow_team128_v5_IMG_0452_jpg.rf.2694d730525b1b1dbb95bc362130f67c.jpg	roboflow_team128_v5_IMG_0452_jpg.rf.2694d730525b1b1dbb95bc362130f67c.txt	1	373	931	0	1	81	1614.0	1372.0	983.0	797.0	465167.0	e9c6306fc2ea846faec9fc726b3416190530ff9e580f02af137f5a49f29a1d44	80c4caf32e7f58d36a22cc9aca0bd5526a1c92039cf45ae69f6a3e3f6cf0920c
train_clean	train	roboflow_team128_v5	roboflow_team128_v5_IMG_0453_jpg.rf.604eb6762699fcffbe3e291a12cdcf18.jpg	roboflow_team128_v5_IMG_0453_jpg.rf.604eb6762699fcffbe3e291a12cdcf18.txt	1	374	932	0	1	81	1427.0	1879.0	916.0	1145.0	813848.0	da107fc2b030f8cec2e2b797f580b7a48122aa074ba87d882ff5a883991f04a4	6c469d0fe0a430d8a79cbea6bd7e32665de667c951daaafe41a922ea6eef62a6
train_clean	train	roboflow_team128_v5	roboflow_team128_v5_IMG_0454_jpg.rf.c5bb17e1d932bda65819c72a2c2cb410.jpg	roboflow_team128_v5_IMG_0454_jpg.rf.c5bb17e1d932bda65819c72a2c2cb410.txt	1	375	933	0	1	162	1494.0	1190.0	1205.0	1458.0	1369598.0	430df49457cc52acec7fbbd7fa8507e0618be9c584086205aa394da6dd08bce6	8216ae9dbb563efa4ea9438725eecb1203585ab2a5f6c77295c5480319133fd4
train_clean	train	roboflow_team128_v5	roboflow_team128_v5_IMG_0455_jpg.rf.74711b9c912687081d18e7a313704a29.jpg	roboflow_team128_v5_IMG_0455_jpg.rf.74711b9c912687081d18e7a313704a29.txt	1	376	934	0	1	30	913.0	2678.0	408.0	217.0	37240.0	5e7f3dd775bc02c66a1fb616416f6b37b71d52994d6a06eae7c0cef5df928992	d55cf1d5f85d49744587636a49fdd182dc52a639209f36205abc4e71dccc4bc8
train_clean	train	roboflow_team128_v5	roboflow_team128_v5_IMG_0455_jpg.rf.74711b9c912687081d18e7a313704a29.jpg	roboflow_team128_v5_IMG_0455_jpg.rf.74711b9c912687081d18e7a313704a29.txt	2	376	935	0	1	86	802.0	1528.0	996.0	1297.0	906526.0	a6aaa8c94d64a750b16205413a0ce9a046703b8eff4f540d247e0bf368946e7d	dd5adbc416baf3af757196c583ae2e06f3a785eb348dd829da330cf9f15141c0
train_clean	train	roboflow_team128_v5	roboflow_team128_v5_IMG_0455_jpg.rf.74711b9c912687081d18e7a313704a29.jpg	roboflow_team128_v5_IMG_0455_jpg.rf.74711b9c912687081d18e7a313704a29.txt	3	376	936	0	1	26	698.0	2214.0	126.0	179.0	12989.0	866710e69436a7ab12b5a56fa60d5ff9188eebdf9c281d31a3eb80dbf1b311b6	5105dc384c77b893e4fb5232f0abfe7c15c9c8ab2a0c5fafc02ab306bfb75f74
train_clean	train	roboflow_team128_v5	roboflow_team128_v5_IMG_0456_jpg.rf.35a6c223dc82c4269784c7dd0fab8ab5.jpg	roboflow_team128_v5_IMG_0456_jpg.rf.35a6c223dc82c4269784c7dd0fab8ab5.txt	1	377	937	0	1	78	701.0	914.0	1111.0	1242.0	1049955.0	c50f593fbb1bc204602b9a5ea0ee6c70b01ab5d4585d860de1bc7a11610b5b52	d613bd45a0f8c6f9a60ce6b80cd3fbeadea9fbf895d6dfd047416150e29f07ee
train_clean	train	roboflow_team128_v5	roboflow_team128_v5_IMG_0456_jpg.rf.35a6c223dc82c4269784c7dd0fab8ab5.jpg	roboflow_team128_v5_IMG_0456_jpg.rf.35a6c223dc82c4269784c7dd0fab8ab5.txt	2	377	938	0	1	65	598.0	3335.0	546.0	623.0	219657.0	7c6240f0d8dd85eb3444c24ae6cc77fbd71a80af19fc17161ae71a26ee3ca06d	2b5d8b96e883bbc8971a1eb8bd064ee01ca68f4cdf85956bbd0f19386d5ba3e8
train_clean	train	roboflow_team128_v5	roboflow_team128_v5_IMG_0458_jpg.rf.e17d0cf82493d1f37dfb15136c85ecec.jpg	roboflow_team128_v5_IMG_0458_jpg.rf.e17d0cf82493d1f37dfb15136c85ecec.txt	1	378	939	0	1	194	613.0	1547.0	1190.0	1073.0	882153.0	4f33d540a0dc53a321bb6d5c131e8b8445dda71b9ec2fbb44c3a09498441ead8	48e2b25e791660a1d96748b1555f731b481204feb4127ee53a2d48c28e2f3edf
train_clean	train	roboflow_team128_v5	roboflow_team128_v5_IMG_0459_jpg.rf.6162c4b12d341210db586bcf26d84507.jpg	roboflow_team128_v5_IMG_0459_jpg.rf.6162c4b12d341210db586bcf26d84507.txt	1	379	940	0	1	216	210.0	1442.0	1297.0	1184.0	900797.0	ea3f00e22684304ab09087a24cd63f9301bf06a12fcb9be1173ba7cfbb4a8087	c38ae91cd6886f3c98896e10e6062d1f33cb6d22771e9d0a5fe55cc4e0256277
train_clean	train	roboflow_team128_v5	roboflow_team128_v5_IMG_0460_jpg.rf.b1397b023832816f0c79c80c9c6caa70.jpg	roboflow_team128_v5_IMG_0460_jpg.rf.b1397b023832816f0c79c80c9c6caa70.txt	1	380	941	0	1	94	506.0	1112.0	1592.0	1574.0	1554148.0	b2333d0312111b6955bd3c26b250927a838d4bcff688c1bd5c7d3fd09f28eb23	77ac26f10f0b1dbbc9967b730dbb30d4b53636863373b6edf3cb422ad68ec3cb
train_clean	train	roboflow_team128_v5	roboflow_team128_v5_IMG_0461_jpg.rf.c858af5c0adbe19536d8ef53910f011e.jpg	roboflow_team128_v5_IMG_0461_jpg.rf.c858af5c0adbe19536d8ef53910f011e.txt	1	381	942	0	1	44	688.0	3086.0	356.0	657.0	127224.0	36761c11049b39bf972fb753c8a08724bd4acb31c6592fbea8424c200ff81107	e634992b0812c3272514d8fddfc872c5e8d18292549f0d7180ea2a997be3bdd8
train_clean	train	roboflow_team128_v5	roboflow_team128_v5_IMG_0461_jpg.rf.c858af5c0adbe19536d8ef53910f011e.jpg	roboflow_team128_v5_IMG_0461_jpg.rf.c858af5c0adbe19536d8ef53910f011e.txt	2	381	943	0	1	17	1202.0	3615.0	222.0	228.0	31257.0	d9b12b8b594e76e791ff86464819d39a6ec576194aea4c64321ffd8f51b47907	a6a5344efc4bacfbad89e46885c84f7d638d430d63f801490c06e38d3690bbd9
train_clean	train	roboflow_team128_v5	roboflow_team128_v5_IMG_0461_jpg.rf.c858af5c0adbe19536d8ef53910f011e.jpg	roboflow_team128_v5_IMG_0461_jpg.rf.c858af5c0adbe19536d8ef53910f011e.txt	3	381	944	0	1	23	1055.0	3406.0	288.0	396.0	56499.0	9e8162e1eeb98050d370e68bb109ae240bceb3afd43bfe4cd962ee761aba4bb0	94b95e3ca16c05b9721160dd5eee6663beafcb63b4547d56d60c18bc7359e2e6
train_clean	train	roboflow_team128_v5	roboflow_team128_v5_IMG_0461_jpg.rf.c858af5c0adbe19536d8ef53910f011e.jpg	roboflow_team128_v5_IMG_0461_jpg.rf.c858af5c0adbe19536d8ef53910f011e.txt	4	381	945	0	1	11	678.0	3020.0	72.0	166.0	8720.0	ceadb7ed4705e03507c6f7c7b1cbda2ceb437391efe9e0415ab11369235f7e7b	21d374c3dd9435ffef9eedef8c0ec368968bcdc8167a05d5b2acca02929ea9e0
train_clean	train	roboflow_team128_v5	roboflow_team128_v5_IMG_0461_jpg.rf.c858af5c0adbe19536d8ef53910f011e.jpg	roboflow_team128_v5_IMG_0461_jpg.rf.c858af5c0adbe19536d8ef53910f011e.txt	5	381	946	0	1	35	1616.0	881.0	540.0	471.0	99701.0	99265f56b59751f4c242badc03f5abc476b03a73b47164d9059b76fdfcc3a2ef	a72a659a852f6e3569f4335e5e7aab718e85c547da7bd3185d139b8992f9eaa0
train_clean	train	roboflow_team128_v5	roboflow_team128_v5_IMG_0461_jpg.rf.c858af5c0adbe19536d8ef53910f011e.jpg	roboflow_team128_v5_IMG_0461_jpg.rf.c858af5c0adbe19536d8ef53910f011e.txt	6	381	947	0	1	28	854.0	1266.0	482.0	306.0	73225.0	ff354116837dcb9a4afbd09756b5570344e7049952af11c9e177ee6babe668bc	103433d5933735261b8dfb75464b3e42739a6c0a5a171df1d3d0764514e09694
train_clean	train	roboflow_team128_v5	roboflow_team128_v5_IMG_0461_jpg.rf.c858af5c0adbe19536d8ef53910f011e.jpg	roboflow_team128_v5_IMG_0461_jpg.rf.c858af5c0adbe19536d8ef53910f011e.txt	7	381	948	0	1	49	642.0	857.0	727.0	616.0	257811.0	bf7939b665480828bf28eb24bac1641b7f32d3cb396066323c374e6682b0cb6b	2ca21dfac6d4c3d2d4e1970ea870c92f2cbc3b45aa01e8dd69661025eb494c50
train_clean	train	roboflow_team128_v5	roboflow_team128_v5_IMG_0461_jpg.rf.c858af5c0adbe19536d8ef53910f011e.jpg	roboflow_team128_v5_IMG_0461_jpg.rf.c858af5c0adbe19536d8ef53910f011e.txt	8	381	949	0	1	29	1338.0	861.0	322.0	352.0	32948.0	e473ea94f03402cf0463a18c31312081d2c87e5a64cca70e5797d5c0a9dbe013	4fefc0a6b244aae811f33f4b1c002f9713de51904be53947df37e1fd3b94b6f2
train_clean	train	roboflow_team128_v5	roboflow_team128_v5_IMG_0462_jpg.rf.f729635d2b18eea82f15592cb1f566ef.jpg	roboflow_team128_v5_IMG_0462_jpg.rf.f729635d2b18eea82f15592cb1f566ef.txt	1	382	950	0	1	59	1068.0	1684.0	1029.0	771.0	594396.0	7d6d8c948286718dc6d37f3ec065bfcc047ca30aa843f2574e7dcb8730ed36a7	af3576edc5b1b04b4a4dccf42e80042c45e525e367e6605c972823cee093f4a2
train_clean	train	roboflow_team128_v5	roboflow_team128_v5_IMG_0462_jpg.rf.f729635d2b18eea82f15592cb1f566ef.jpg	roboflow_team128_v5_IMG_0462_jpg.rf.f729635d2b18eea82f15592cb1f566ef.txt	2	382	951	0	1	64	1367.0	2321.0	1078.0	905.0	716006.0	88a1050ca57c9aab0017350905857fa5299fa6a855d7278e3cc09fef6e2206ee	835500c8ed609922c5468ab3f7d085fc392f6739bf611c808ac36cf54f54578f
train_clean	train	roboflow_team128_v5	roboflow_team128_v5_IMG_0462_jpg.rf.f729635d2b18eea82f15592cb1f566ef.jpg	roboflow_team128_v5_IMG_0462_jpg.rf.f729635d2b18eea82f15592cb1f566ef.txt	3	382	952	0	1	42	1106.0	1068.0	369.0	473.0	98390.0	9b7d0dfbe20ee915566fe9b5a038020672e70bd71ec1fcb03d49e0c5dfef8445	07a3e12334b4c4d73ce2563ad580b10121af9c6e0303642d3eea983f88d0634f
train_clean	train	roboflow_team128_v5	roboflow_team128_v5_IMG_0464_jpg.rf.c434e05e5f14d1c13e968f0479fe34ea.jpg	roboflow_team128_v5_IMG_0464_jpg.rf.c434e05e5f14d1c13e968f0479fe34ea.txt	1	383	953	0	1	207	965.0	1845.0	1131.0	821.0	566514.0	969e00303767e9cdb090ed321bd13e4715356039d3c19b7567df959819a7b54b	0a041b038a0086f9022da4416b11cd7281b3859e871de94a8d43b18bae97c2bc
train_clean	train	roboflow_team128_v5	roboflow_team128_v5_IMG_0465_jpg.rf.4e3dbdd7cca16e55b6ca52a29bc9ff5b.jpg	roboflow_team128_v5_IMG_0465_jpg.rf.4e3dbdd7cca16e55b6ca52a29bc9ff5b.txt	1	384	954	0	1	259	973.0	1884.0	1268.0	1019.0	753123.0	453eb88efcc0d9f1f9f2538b95d5a15ab516cb36faba069cf30dc80f9e480339	2b1a1549c7d5c0c04184e5cde02eb631e8f3301379c9771f82cc2bd89e50a1cb
train_clean	train	roboflow_team128_v5	roboflow_team128_v5_IMG_0466_jpg.rf.80abd795e03ba0bcfad43cb9d0afb724.jpg	roboflow_team128_v5_IMG_0466_jpg.rf.80abd795e03ba0bcfad43cb9d0afb724.txt	1	385	955	0	1	190	1202.0	1203.0	1246.0	908.0	722588.0	f6e72422db66ccf430592f4532881997195bf390a34688c32b3b69e5c2c2722f	77ed3c5e3e70f56338d5c68e913370c64142f8e1fb8f02e1a82f6fb0164a8cfd
train_clean	train	roboflow_team128_v5	roboflow_team128_v5_IMG_0467_jpg.rf.4d2ad878815f47bbf5f7214c44349741.jpg	roboflow_team128_v5_IMG_0467_jpg.rf.4d2ad878815f47bbf5f7214c44349741.txt	1	386	956	0	1	85	1553.0	1867.0	814.0	868.0	451349.0	7a59fcf6e1a8583c31110075696f4e60ad6905c6014ffc3e134b8ff6ac6b8d49	10294fb479797565ada462ca4391609a1a48787a407ddb343217fe606c1bcafc
train_clean	train	roboflow_team128_v5	roboflow_team128_v5_IMG_0467_jpg.rf.4d2ad878815f47bbf5f7214c44349741.jpg	roboflow_team128_v5_IMG_0467_jpg.rf.4d2ad878815f47bbf5f7214c44349741.txt	2	386	957	0	1	76	1526.0	1416.0	360.0	470.0	111262.0	a42e97ba1a9cc495c2f04671347ad62d9313578b0e9457a3377271e3eb4e819b	7090aa15a96c82b848ccab80cab0b77aced9aa62b8c80767de0de5e79c7db0b5
train_clean	train	roboflow_team128_v5	roboflow_team128_v5_IMG_0467_jpg.rf.4d2ad878815f47bbf5f7214c44349741.jpg	roboflow_team128_v5_IMG_0467_jpg.rf.4d2ad878815f47bbf5f7214c44349741.txt	3	386	958	0	1	52	1319.0	1265.0	336.0	356.0	76578.0	44b543b46ad80a79597d1a0f35d67cc38ad2d1f228dd43cf8a91e3dcaac92333	7c434faa2f8f833bfb2537936aa3193df24258799d8fef84f5447064c6d641df
train_clean	train	roboflow_team128_v5	roboflow_team128_v5_IMG_0470_jpg.rf.995f5ffb61e3582f0b6a11fad2bc750c.jpg	roboflow_team128_v5_IMG_0470_jpg.rf.995f5ffb61e3582f0b6a11fad2bc750c.txt	1	387	959	0	1	36	1191.0	1003.0	1832.0	1850.0	2367331.0	7bc0cb26571eb31abdc424b306e7973d1180df2c2cccf40cac7dda0a502f67dd	8617329977d5f9d694c8031418a97e33c2666f21826ee6deb6674f305ce21d9d
train_clean	train	roboflow_team128_v5	roboflow_team128_v5_IMG_0470_jpg.rf.995f5ffb61e3582f0b6a11fad2bc750c.jpg	roboflow_team128_v5_IMG_0470_jpg.rf.995f5ffb61e3582f0b6a11fad2bc750c.txt	2	387	960	0	1	80	0.0	812.0	1080.0	645.0	468854.0	f3bc9d54725a07e16e6bd6a828c01b61b746de6c16cbb96642fe87e00c80d7e1	9ad16b38f9a27845cc7f9d83a77046a06dff9c4d1f97ed525d69bc538ba6675a
train_clean	train	roboflow_team128_v5	roboflow_team128_v5_IMG_0471_jpg.rf.768b6ed93e44da1b15b75f292882b1db.jpg	roboflow_team128_v5_IMG_0471_jpg.rf.768b6ed93e44da1b15b75f292882b1db.txt	1	388	961	0	1	60	1513.0	1934.0	965.0	938.0	627824.0	ef8e94451f5e8730f952eeeb12ebc9a5340264be01714f3f48904c69bea3f979	ffb4b155e3f6316b9ef1f990ebaa6b91c42e08989dc090929edb3222c0685ce3
train_clean	train	roboflow_team128_v5	roboflow_team128_v5_IMG_0471_jpg.rf.768b6ed93e44da1b15b75f292882b1db.jpg	roboflow_team128_v5_IMG_0471_jpg.rf.768b6ed93e44da1b15b75f292882b1db.txt	2	388	962	0	1	72	962.0	1774.0	525.0	418.0	122235.0	c4f058b501cb0da11160667b37d8dd1f38bd63fc9180873c92c28dc4cff6e40c	67ca55e32d50773697093725ea1a67a66566b290925b261c2fcd7932f06a4bb6
train_clean	train	roboflow_team128_v5	roboflow_team128_v5_IMG_0471_jpg.rf.768b6ed93e44da1b15b75f292882b1db.jpg	roboflow_team128_v5_IMG_0471_jpg.rf.768b6ed93e44da1b15b75f292882b1db.txt	3	388	963	0	1	32	1775.0	3.0	769.0	615.0	358746.0	159ff5cf880fb58262799c8d71b2796ee0c236b14ce66368029b66d4f08f4e91	b5694e8fd2af9ccfb74e46c309d161dff4e5052e03449112cfa0d8cb14548bd3
train_clean	train	roboflow_team128_v5	roboflow_team128_v5_IMG_0472_jpg.rf.ba5a4c3bfd75a9f22332e71e99d29222.jpg	roboflow_team128_v5_IMG_0472_jpg.rf.ba5a4c3bfd75a9f22332e71e99d29222.txt	1	389	964	0	1	60	896.0	1655.0	785.0	858.0	495188.0	1469e538e81faee382588ea3441a6bae342a27cc4fd5b2b4063d54d64578380c	b26b25584860b81d4f2eb1d013f6d47c4bc20680b9bfe85aa571abde357980dc
train_clean	train	roboflow_team128_v5	roboflow_team128_v5_IMG_0472_jpg.rf.ba5a4c3bfd75a9f22332e71e99d29222.jpg	roboflow_team128_v5_IMG_0472_jpg.rf.ba5a4c3bfd75a9f22332e71e99d29222.txt	2	389	965	0	1	109	1812.0	2149.0	652.0	454.0	130843.0	886b797304b5bfa35e09309a297b7d60f0c1fc2341b103e21ff8033b2e0a074c	5fec5979cd9f93ebad9db55d6edabcdb7bb27a5de973320991603511ee341703
train_clean	train	roboflow_team128_v5	roboflow_team128_v5_IMG_0473_jpg.rf.1aaaa16ce14ba886b792c724639a9868.jpg	roboflow_team128_v5_IMG_0473_jpg.rf.1aaaa16ce14ba886b792c724639a9868.txt	1	390	966	0	1	30	1029.0	1310.0	860.0	1003.0	657643.0	bd56e39a7a87b9de1d9c90e19819f00af96c99ce16a8cc3d31224622cabc060b	b0c6395009550553d71cca6b96c3db842b74f40f4d4f4630f87cd45c405f1141
train_clean	train	roboflow_team128_v5	roboflow_team128_v5_IMG_0474_jpg.rf.7d1f66409e8ece6841f9a89ea524b53d.jpg	roboflow_team128_v5_IMG_0474_jpg.rf.7d1f66409e8ece6841f9a89ea524b53d.txt	1	391	967	0	1	97	812.0	861.0	978.0	1262.0	914180.0	dd39a866650434a72b483bdec004c585642af5f0ba6beabd3994429cf7c4b8fe	ae0424c462b2d67921ce7856722855ba871f4a3e14064d50a22ccf95ef09424b
train_clean	train	roboflow_team128_v5	roboflow_team128_v5_IMG_0475_jpg.rf.ddd1bec14915085af67bb6d144f47960.jpg	roboflow_team128_v5_IMG_0475_jpg.rf.ddd1bec14915085af67bb6d144f47960.txt	1	392	968	0	1	107	920.0	1052.0	959.0	1218.0	821904.0	b5186b0aa768e33b676eb43f0902507d55e24e9452413d057b9b2152607f2b52	fb9b74928f2928e9dab00dde64a31f892f8f932b8fb462fa44e549e28109476c
train_clean	train	roboflow_team128_v5	roboflow_team128_v5_IMG_0475_jpg.rf.ddd1bec14915085af67bb6d144f47960.jpg	roboflow_team128_v5_IMG_0475_jpg.rf.ddd1bec14915085af67bb6d144f47960.txt	2	392	969	0	1	23	135.0	3892.0	238.0	139.0	21324.0	d11f9e7ce5d8add6656e5487db8dd7222dd29ecb36a9c4adca95b01d8e0527d5	6e0f9b5a8106443cf5ee63faa41c7609df5f09d0299ba3befd7b8ad7d59e653c
train_clean	train	roboflow_team128_v5	roboflow_team128_v5_IMG_0475_jpg.rf.ddd1bec14915085af67bb6d144f47960.jpg	roboflow_team128_v5_IMG_0475_jpg.rf.ddd1bec14915085af67bb6d144f47960.txt	3	392	970	0	1	14	62.0	3707.0	125.0	113.0	9165.0	2ebb8e9fb2d542d3e18b3a526407ce7b55574a61fa8f3b61ab370cff40bf757b	e67a1fc244d86686f61c6ff2823a39f492ae65c364dcedafd1be491a4cc36dd6
train_clean	train	roboflow_team128_v5	roboflow_team128_v5_IMG_0475_jpg.rf.ddd1bec14915085af67bb6d144f47960.jpg	roboflow_team128_v5_IMG_0475_jpg.rf.ddd1bec14915085af67bb6d144f47960.txt	4	392	971	0	1	16	171.0	3709.0	119.0	90.0	6648.0	36b4eefc9f606e26b647afaebc2385425cf2a7fc61962e2fd931ee1f2fad11c0	05d5a48785bbae78b57d50b545ff3a88c8b5c3fae6272ab387fd71f4742a46b4
train_clean	train	roboflow_team128_v5	roboflow_team128_v5_IMG_0476_jpg.rf.7575c9efef8069b4c18d3ec552f0c08f.jpg	roboflow_team128_v5_IMG_0476_jpg.rf.7575c9efef8069b4c18d3ec552f0c08f.txt	1	393	972	0	1	107	1267.0	1495.0	952.0	801.0	505819.0	ccf8bed86bb6123ac1350b9c3616ef677f6b9aba3b148a6395de12bb0d05d34a	c56acf84705fe785ae9746de0ac1e815f2e63241355a01fc2fcc96d469c6347d
train_clean	train	roboflow_team128_v5	roboflow_team128_v5_IMG_0477_jpg.rf.e73d7bd7b98ff98b66f2414cc40acfb6.jpg	roboflow_team128_v5_IMG_0477_jpg.rf.e73d7bd7b98ff98b66f2414cc40acfb6.txt	1	394	973	0	1	26	1317.0	1429.0	212.0	282.0	29635.0	fb7f1e7d9d146be97b4f5f2b07b214208bd5b91444cb62c01dc15443af09e007	0c65f47b48a91bd3a4234296dc88ba766c6fb41b3043fc023dfcb6ecd40f8d59
train_clean	train	roboflow_team128_v5	roboflow_team128_v5_IMG_0478_jpg.rf.169afc743b012e862289cd7ca27c9c7e.jpg	roboflow_team128_v5_IMG_0478_jpg.rf.169afc743b012e862289cd7ca27c9c7e.txt	1	395	974	0	1	41	995.0	1076.0	682.0	367.0	113146.0	72933df58020a901626d1f9dbe6340d296410c257111547f5ffabbb217d442ac	8a9b2c78bf91842207b83cea7cc7dbd3184e6e0e375b5d1dded2d6806f3721c6
train_clean	train	roboflow_team128_v5	roboflow_team128_v5_IMG_0479_jpg.rf.3d65ad09094edb84d31ae92f0b347a08.jpg	roboflow_team128_v5_IMG_0479_jpg.rf.3d65ad09094edb84d31ae92f0b347a08.txt	1	396	975	0	1	104	875.0	1562.0	696.0	841.0	341050.0	10ff15ecfa18d904d015445a47f62a1c818b566735455c7e83eb4f82437c9eff	ce538d2f22d75ba2cc93096c958b1329609ceb67d86d631fc781d44a616ebb7c
train_clean	train	roboflow_team128_v5	roboflow_team128_v5_IMG_0480_jpg.rf.ba506999e19d6dc484e5685acc4ce939.jpg	roboflow_team128_v5_IMG_0480_jpg.rf.ba506999e19d6dc484e5685acc4ce939.txt	1	397	976	0	1	82	0.0	2341.0	717.0	709.0	367997.0	f80139ff7e8c4f530c28855e10a73f87f195998b206d5c2cb5e9ebd06dfbb506	410e3b7055da75ca9882c01f79d3ef7935b8578eeb1d65c7141213367804cd59
train_clean	train	roboflow_team128_v5	roboflow_team128_v5_IMG_0480_jpg.rf.ba506999e19d6dc484e5685acc4ce939.jpg	roboflow_team128_v5_IMG_0480_jpg.rf.ba506999e19d6dc484e5685acc4ce939.txt	2	397	977	0	1	106	1879.0	1832.0	647.0	843.0	330922.0	0561c86c7e308ddb210eeb4cf12be6218d31e9c94870681eb2316c4212815e69	3965e9450d6db0d43be38743cc633512d656c56bf8b6fd2b9f09a714d9a143d7
train_clean	train	roboflow_team128_v5	roboflow_team128_v5_IMG_0481_jpg.rf.c92b3fecf71079a9fdb7b0024481a75b.jpg	roboflow_team128_v5_IMG_0481_jpg.rf.c92b3fecf71079a9fdb7b0024481a75b.txt	1	398	978	0	1	138	1872.0	3147.0	820.0	623.0	294798.0	06b197b731de914f23b833983343822bbd8884edb34fc670fe94c5e03ecfcc17	afc0719fc8be49ee56cc068535e2d741cad43144e97f752eb011d3cde14d2e65
train_clean	train	roboflow_team128_v5	roboflow_team128_v5_IMG_0482_jpg.rf.6acdf96a2efc410b44844f992f950c3c.jpg	roboflow_team128_v5_IMG_0482_jpg.rf.6acdf96a2efc410b44844f992f950c3c.txt	1	399	979	0	1	89	1952.0	2651.0	738.0	975.0	511763.0	b2d29549c162a484c1f6ad07abd7a6afba5b34bb5e030fa62edd1cfa62a8fd75	f57f85f7dd7f46d618758e0b1ac2e180db65fc62e177d217ac4188b3c5339297
train_clean	train	roboflow_team128_v5	roboflow_team128_v5_IMG_0482_jpg.rf.6acdf96a2efc410b44844f992f950c3c.jpg	roboflow_team128_v5_IMG_0482_jpg.rf.6acdf96a2efc410b44844f992f950c3c.txt	2	399	980	0	1	38	0.0	2144.0	430.0	308.0	89687.0	ecc59320655ff60c00c53139a5aa94aeefeb4666e4189b7bbb5078a3d0bf1b12	72ce36d9e407a9c66ae93bd0afa64fa0541c5686f3722af07a5f949184a4a4ca
train_clean	train	roboflow_team128_v5	roboflow_team128_v5_IMG_0482_jpg.rf.6acdf96a2efc410b44844f992f950c3c.jpg	roboflow_team128_v5_IMG_0482_jpg.rf.6acdf96a2efc410b44844f992f950c3c.txt	3	399	981	0	1	112	1231.0	1757.0	568.0	904.0	274762.0	60df8b0941026536ba3454732715e06783d45414e0521655611f8b7348e37e41	c83db143309237251de9baef375a4e41bf18e9465dd49f6df5f11a3ad9343699
train_clean	train	roboflow_team128_v5	roboflow_team128_v5_IMG_0484_jpg.rf.50cccf3ec2edcae079f1d19048079dc8.jpg	roboflow_team128_v5_IMG_0484_jpg.rf.50cccf3ec2edcae079f1d19048079dc8.txt	1	400	982	0	1	109	1599.0	1429.0	653.0	486.0	133111.0	975223333094aa4a74a2350a59c2161e80cb3619b62b017bb8b6afe4461c0b19	aa4ec555c580e3296b35d797934e696dbcdcc6510dbbdf632c0b02b26dbd1035
train_clean	train	roboflow_team128_v5	roboflow_team128_v5_IMG_0486_jpg.rf.e9e465a6a9ff3c8b73faa05ffa356cb0.jpg	roboflow_team128_v5_IMG_0486_jpg.rf.e9e465a6a9ff3c8b73faa05ffa356cb0.txt	1	401	983	0	1	143	154.0	1214.0	638.0	806.0	305593.0	87c9b8f12b83128ba7006e0be3008f52b5a750eb2c360a4befc42c5b5f3bf2a2	9eee6068a6eafa7989afd0b7f59d1305c4b6f40c0d7f4812d683f6f2e485c3b5
train_clean	train	roboflow_team128_v5	roboflow_team128_v5_IMG_0486_jpg.rf.e9e465a6a9ff3c8b73faa05ffa356cb0.jpg	roboflow_team128_v5_IMG_0486_jpg.rf.e9e465a6a9ff3c8b73faa05ffa356cb0.txt	2	401	984	0	1	111	1193.0	1912.0	935.0	630.0	372489.0	82357bc6bc9526272a7bc2f9829928005f3493c22dc6d1824cfae406caa4b991	2ef8f2f69a8b2829a2c0526a9357a56108f5b86327639e2f45eb7010d204802e
train_clean	train	roboflow_team128_v5	roboflow_team128_v5_IMG_0486_jpg.rf.e9e465a6a9ff3c8b73faa05ffa356cb0.jpg	roboflow_team128_v5_IMG_0486_jpg.rf.e9e465a6a9ff3c8b73faa05ffa356cb0.txt	3	401	985	0	1	51	1698.0	1702.0	436.0	272.0	83936.0	084ce0370be10cc45596ad93d124f70c5ccbca209f5279df20441e591f4b403c	406d0a8d1b0104b9a3d8b346586cb4df7e39d89e65974c4ed476529966839997
train_clean	train	roboflow_team128_v5	roboflow_team128_v5_IMG_0487_jpg.rf.9d0b18e31943d6a16aac8f1b19d9baba.jpg	roboflow_team128_v5_IMG_0487_jpg.rf.9d0b18e31943d6a16aac8f1b19d9baba.txt	1	402	986	0	1	38	876.0	1651.0	1404.0	1121.0	1085762.0	bb078d0065212f3212a20829173016f6ad9bda0470a1491e6f337efb5bb0189d	6810848f9dfa677a9fab481389904bd31a65b14a500639d1ed00603d55159c1a
train_clean	train	roboflow_team128_v5	roboflow_team128_v5_IMG_0488_jpg.rf.e16dadb1c76c83222065564ad3029ca0.jpg	roboflow_team128_v5_IMG_0488_jpg.rf.e16dadb1c76c83222065564ad3029ca0.txt	1	403	987	0	1	196	1096.0	1242.0	1051.0	1395.0	839618.0	df20e3a280ce00390bc08f5a575c73213f24b4f6bd8f3e89d2cefaec27897305	2c5fe7ce5a6548fb27e5521aa9d2c4c2d189da43d75ca292eeac6c357328cc2d
train_clean	train	roboflow_team128_v5	roboflow_team128_v5_IMG_0489_jpg.rf.f029755bcf3187d0ab616dc4c9495a96.jpg	roboflow_team128_v5_IMG_0489_jpg.rf.f029755bcf3187d0ab616dc4c9495a96.txt	1	404	988	0	1	147	1046.0	588.0	836.0	1283.0	597527.0	f73bfabf47d5cb742d40eba93ae475e56fc9d26726c2283fa1bcfd0d7a6ea680	ae98889a06692f5342f92ebec9aa52aadfe129c871f404e9ecaa7bf7c9e3a2d4
train_clean	train	roboflow_team128_v5	roboflow_team128_v5_IMG_0489_jpg.rf.f029755bcf3187d0ab616dc4c9495a96.jpg	roboflow_team128_v5_IMG_0489_jpg.rf.f029755bcf3187d0ab616dc4c9495a96.txt	2	404	989	0	1	7	1042.0	1229.0	21.0	36.0	499.0	9445672e0c6a2c932a6153dcd8e12999ba140fde709510a21b50f1c7f7de4590	9ce97ad0f6ea8184d1b02d3b7ac1dacd2bdb432d26b916bfa98b1eea4b53d047
train_clean	train	roboflow_team128_v5	roboflow_team128_v5_IMG_0489_jpg.rf.f029755bcf3187d0ab616dc4c9495a96.jpg	roboflow_team128_v5_IMG_0489_jpg.rf.f029755bcf3187d0ab616dc4c9495a96.txt	3	404	990	0	1	37	312.0	2566.0	445.0	234.0	54824.0	2b26880e6546ebcab760c8513675c969cb9487bc29786edc3997cff22f924e92	d205c825b03681f219b90ab0c18119dcd70d57712f31d2ca39ca6de6c09ae882
train_clean	train	roboflow_team128_v5	roboflow_team128_v5_IMG_0490_jpg.rf.339b153323178a5b82aa259fd0697730.jpg	roboflow_team128_v5_IMG_0490_jpg.rf.339b153323178a5b82aa259fd0697730.txt	1	405	991	0	1	56	610.0	0.0	683.0	455.0	176827.0	ef06d096e5c9c4804a1f4134ad54214c75fd4d889ecf8b70979ea8766055bfbf	207885c5e9ebb38c2aae3b76484f61156503367bd2d7ece170f9b744960f64cd
train_clean	train	roboflow_team128_v5	roboflow_team128_v5_IMG_0491_jpg.rf.d8044e731c2bd49718fb2f0bc36ee1f6.jpg	roboflow_team128_v5_IMG_0491_jpg.rf.d8044e731c2bd49718fb2f0bc36ee1f6.txt	1	406	992	0	1	119	2387.0	1601.0	509.0	709.0	171315.0	597b1d0ce8f25a7a8f7fc12e65d6eb287d515b1e73ffcbe1051bc90c24dbc1b1	81ae6cddad385b8e690528103b521192fd66455a0085548a387ac6d28961b405
train_clean	train	roboflow_team128_v5	roboflow_team128_v5_IMG_0492_jpg.rf.ed12c65b235fe4fa0234f2d3f281e171.jpg	roboflow_team128_v5_IMG_0492_jpg.rf.ed12c65b235fe4fa0234f2d3f281e171.txt	1	407	993	0	1	139	1333.0	1511.0	1088.0	798.0	519203.0	f813c79e74f1b697de25d92e0c24deec4f20c400c2fb56887f12d8203779366e	ff9a59b274c49c5df8bc20c23d7fa5c311f5258e4fbb808712c035283c18d84f
train_clean	train	roboflow_team128_v5	roboflow_team128_v5_IMG_0495_jpg.rf.843aa8711b282635ef2f04c71bc85c1c.jpg	roboflow_team128_v5_IMG_0495_jpg.rf.843aa8711b282635ef2f04c71bc85c1c.txt	1	408	994	0	1	68	1294.0	1210.0	956.0	762.0	494896.0	07e4f03a31a86aa9a3d418305606232744cf4a83596300ef88df1babde520454	c6818770fa3c95027dc3f502fa8939a5f29345b740056540c808ab86358552b2
train_clean	train	roboflow_team128_v5	roboflow_team128_v5_IMG_0496_jpg.rf.125fd9c021226fbfdb8f102e01f7dcbe.jpg	roboflow_team128_v5_IMG_0496_jpg.rf.125fd9c021226fbfdb8f102e01f7dcbe.txt	1	409	995	0	1	43	662.0	1161.0	946.0	714.0	530790.0	41c2e904cb9a20d413b98160951ddb6ab9d7fb05c551ae04105be03257f529bc	a87a99d3166d7a8a7978028747f3fbb0d8cee65a9c9fb40bddb1a622f16d95a5
train_clean	train	roboflow_team128_v5	roboflow_team128_v5_IMG_0496_jpg.rf.125fd9c021226fbfdb8f102e01f7dcbe.jpg	roboflow_team128_v5_IMG_0496_jpg.rf.125fd9c021226fbfdb8f102e01f7dcbe.txt	2	409	996	0	1	76	3427.0	1648.0	603.0	950.0	373097.0	e71a737cb4b5e22cf9066b517951f7c9dc17aaa242939c357ae5e49326cc9c10	3031d24a0494135576af85820544350d140c4be32179f86b7f28d4622740050f
train_clean	train	roboflow_team128_v5	roboflow_team128_v5_IMG_0497_jpg.rf.0106104d135bcf3fd3887100fd23983d.jpg	roboflow_team128_v5_IMG_0497_jpg.rf.0106104d135bcf3fd3887100fd23983d.txt	1	410	997	0	1	179	2615.0	90.0	791.0	659.0	237192.0	9764260d0ed4b8dcb089867ba3d78db6981ee183b8e7df597e999e964217e568	a9c57855be18d4917b781d81f9b4a991e34149f95081e176baa22c0210792a78
train_clean	train	roboflow_team128_v5	roboflow_team128_v5_IMG_0498_jpg.rf.c35abee359063858c89dcf4f1e8ce160.jpg	roboflow_team128_v5_IMG_0498_jpg.rf.c35abee359063858c89dcf4f1e8ce160.txt	1	411	998	0	1	117	2411.0	0.0	734.0	821.0	341886.0	90772719c5b6ec127c398db8c70ab7da2eada18b7074100ced2d844f5a28f5eb	9a8ecd09011051dbd45fcd0d3bd390e5e6c1e7564d790314c8f00e8374125475
train_clean	train	roboflow_team128_v5	roboflow_team128_v5_IMG_0500_jpg.rf.4c3568046abe80c67b89ee6cd2d1fec9.jpg	roboflow_team128_v5_IMG_0500_jpg.rf.4c3568046abe80c67b89ee6cd2d1fec9.txt	1	412	999	0	1	39	0.0	2365.0	477.0	658.0	273575.0	ddc4515e564056453c841793544ad9ae1cc8ad3d6a7a0a28648d61b9f7f74a6a	bbf05e55e9d23ce036332448bf5109d8922a8a3359394529a8304cc3d2d8ff93
train_clean	train	roboflow_team128_v5	roboflow_team128_v5_IMG_0500_jpg.rf.4c3568046abe80c67b89ee6cd2d1fec9.jpg	roboflow_team128_v5_IMG_0500_jpg.rf.4c3568046abe80c67b89ee6cd2d1fec9.txt	2	412	1000	0	1	275	1244.0	1385.0	1084.0	827.0	414378.0	a5cacfc28690a803523e380aaf4d369528696cd0fdb34c6be56cca2ad34e2042	e06fa1932fe8e2c64c1b82c502ec47756eda3a64027322ed205826fa1af53a63
train_clean	train	roboflow_team128_v5	roboflow_team128_v5_IMG_0501_jpg.rf.3e68b0973c0fc5768ba8056f17dec273.jpg	roboflow_team128_v5_IMG_0501_jpg.rf.3e68b0973c0fc5768ba8056f17dec273.txt	1	413	1001	0	1	267	1196.0	1561.0	1132.0	799.0	457367.0	e0697635e1520dac86b8f942a0ad6a19fa6639b00d1f70afe84746cd2fc32eba	18b386d5d7d53107d8257a2a86d76a290bcded654b549497c9761601be128bc4
train_clean	train	roboflow_team128_v5	roboflow_team128_v5_IMG_0501_jpg.rf.3e68b0973c0fc5768ba8056f17dec273.jpg	roboflow_team128_v5_IMG_0501_jpg.rf.3e68b0973c0fc5768ba8056f17dec273.txt	2	413	1002	0	1	12	2068.0	1657.0	34.0	21.0	492.0	f50dc12a575387d8ef7a4c91a401ec117609f48addccfb5bad61edff4fd28987	d78828e73ab9baa8f3c72cf2dc76b15720020fd6b1c929f30717f7d89fc40abd
train_clean	train	roboflow_team128_v5	roboflow_team128_v5_IMG_0502_jpg.rf.1b3482825b57249215013be33fe8113f.jpg	roboflow_team128_v5_IMG_0502_jpg.rf.1b3482825b57249215013be33fe8113f.txt	1	414	1003	0	1	97	1796.0	1709.0	839.0	627.0	233572.0	8d978ebf1e01ace0608c0220c5c0ff18320523a0f0281cddb7687fb074711d71	3cb023c1003d353f6405dc132829460f054ecea591f9efc59e6af2b5d45b01ee
train_clean	train	roboflow_team128_v5	roboflow_team128_v5_IMG_0503_jpg.rf.3f5a856c007e2386da794dfa5ce45f14.jpg	roboflow_team128_v5_IMG_0503_jpg.rf.3f5a856c007e2386da794dfa5ce45f14.txt	1	415	1004	0	1	145	1224.0	916.0	1323.0	726.0	476496.0	80617f262f6f6fb3e271c86b017ff9b3909b6afcd3022f06bcf134851a1e9fe1	f17bde275bcec46340d8f6ef78def598667c82d3b51a97052c1a15837769cd3f
train_clean	train	roboflow_team128_v5	roboflow_team128_v5_IMG_0505_jpg.rf.784dd194d89fa557487e9d831a789f72.jpg	roboflow_team128_v5_IMG_0505_jpg.rf.784dd194d89fa557487e9d831a789f72.txt	1	416	1005	0	1	37	2003.0	1711.0	560.0	325.0	59674.0	dc4399218e208f4fda8cd40c76aa19f3d4fc6142f0a89fa0e43526296b48068d	fd2354343b31accdc2a2c660451be7819aff4bedda882aa5b0e316075c7e2729
train_clean	train	roboflow_team128_v5	roboflow_team128_v5_IMG_0506_jpg.rf.64f397a784cf0727a56c20cb732be10e.jpg	roboflow_team128_v5_IMG_0506_jpg.rf.64f397a784cf0727a56c20cb732be10e.txt	1	417	1006	0	1	74	1160.0	1695.0	547.0	683.0	260010.0	083885e6ef10acda2c60e238a6f27373d61d5e0e1585b2356f24682f8ab3a8a4	3116ce169d875ed1aa993a4e8a27359b1f0a8f292ede51515282a63b2c692232
train_clean	train	roboflow_team128_v5	roboflow_team128_v5_IMG_0509_jpg.rf.eb36b49bbff420ead4bb2f1835bc5c7d.jpg	roboflow_team128_v5_IMG_0509_jpg.rf.eb36b49bbff420ead4bb2f1835bc5c7d.txt	1	418	1007	0	1	80	974.0	1665.0	491.0	455.0	105273.0	2d292cb532f345ea6768b2c1d18ac4359164fae083c3a88b2764ad67a035abd8	f70758b88214dfdb19c14da368175055f24514657d879915cb2359be22eea458
train_clean	train	roboflow_team128_v5	roboflow_team128_v5_IMG_0510_jpg.rf.a8eb64433428896e9fc5a62029e82fec.jpg	roboflow_team128_v5_IMG_0510_jpg.rf.a8eb64433428896e9fc5a62029e82fec.txt	1	419	1008	0	1	86	1060.0	1763.0	969.0	713.0	506456.0	0d888bd8ebc19f74b0a7043ae2d9b472f17b3c7144a437475c752de0eb75a831	697391af80881b2b1f040aa275fbb02f690920f37cc32a662e2b3ec5beaccfee
train_clean	train	roboflow_team128_v5	roboflow_team128_v5_IMG_0511_jpg.rf.0d06adabe8d2e7e8284006237361549f.jpg	roboflow_team128_v5_IMG_0511_jpg.rf.0d06adabe8d2e7e8284006237361549f.txt	1	420	1009	0	1	38	1639.0	1753.0	203.0	286.0	25557.0	41db119bc232fa86fd38ee5f76a02b0b769746907effd14026248e96d7e3bd29	bb7d4ee79149cc2a2af5de96a8a42e90c94fc881b22e9e0d5bdd97c509c628ff
train_clean	train	roboflow_team128_v5	roboflow_team128_v5_IMG_0511_jpg.rf.0d06adabe8d2e7e8284006237361549f.jpg	roboflow_team128_v5_IMG_0511_jpg.rf.0d06adabe8d2e7e8284006237361549f.txt	2	420	1010	0	1	34	1373.0	1578.0	161.0	173.0	18085.0	fd12ec03bfa25ba5f060b7aceb164f7e6ed21c682a703011d9619203441c5af9	fba52cdd693d0f86c999cbb8e9169b0e8be729adc628c42970106416a2311f30
train_clean	train	roboflow_team128_v5	roboflow_team128_v5_IMG_0511_jpg.rf.0d06adabe8d2e7e8284006237361549f.jpg	roboflow_team128_v5_IMG_0511_jpg.rf.0d06adabe8d2e7e8284006237361549f.txt	3	420	1011	0	1	16	1533.0	1662.0	98.0	89.0	4640.0	0f91b70b2c88aa09e50682d1eddd0f4f5dc7a2569a3720aa2871bceb32ed62bc	f5aed73822df992708f3b54c61ba18d7d2bfc06d7bcb4b3ae20464207871e206
train_clean	train	roboflow_team128_v5	roboflow_team128_v5_IMG_0511_jpg.rf.0d06adabe8d2e7e8284006237361549f.jpg	roboflow_team128_v5_IMG_0511_jpg.rf.0d06adabe8d2e7e8284006237361549f.txt	4	420	1012	0	1	21	1535.0	1634.0	148.0	114.0	8748.0	6ab96cee17ffc902b30e224cfe4dba1821dd8ad469372ed7c43e573b83c70f5e	0d8165c8af986cda5ee48687903ac6135d55373e94119c52b58a804116f2fe91
train_clean	train	roboflow_team128_v5	roboflow_team128_v5_IMG_0511_jpg.rf.0d06adabe8d2e7e8284006237361549f.jpg	roboflow_team128_v5_IMG_0511_jpg.rf.0d06adabe8d2e7e8284006237361549f.txt	5	420	1013	0	1	22	1200.0	1535.0	138.0	200.0	15647.0	908bd89eaf1d14e2d10973184277703d07544211dd8a2814e43449fdbd910961	ff3b10a3a3ea90ce6ec7fff4344ab5611ddebffc5fb9f9183a6e4cfe052da129
train_clean	train	roboflow_team128_v5	roboflow_team128_v5_IMG_0513_jpg.rf.59989d21dd13867a34a585b2cbb6844c.jpg	roboflow_team128_v5_IMG_0513_jpg.rf.59989d21dd13867a34a585b2cbb6844c.txt	1	421	1014	0	1	118	934.0	1629.0	975.0	1129.0	847318.0	5c79e7dc860f2ae639d297dadd84765a004f336f256211da999607a2bb5c79bd	f43a3332159e362bd93617fd8c8d977f5927e0395d92e57b39fc95f4045f037a
train_clean	train	roboflow_team128_v5	roboflow_team128_v5_IMG_0514_jpg.rf.f1be7e6ef8fa443d5b81676b84967f0b.jpg	roboflow_team128_v5_IMG_0514_jpg.rf.f1be7e6ef8fa443d5b81676b84967f0b.txt	1	422	1015	0	1	121	1155.0	1619.0	674.0	736.0	315038.0	4ad6a741973e5c904df3c92d7cb12f0d885b188d03b04492f3559c57ff30f3c4	cc8b528a2187ffd8f3ccc6369758283b7abc32182804cb941ea9678da332d675
train_clean	train	roboflow_team128_v5	roboflow_team128_v5_IMG_0514_jpg.rf.f1be7e6ef8fa443d5b81676b84967f0b.jpg	roboflow_team128_v5_IMG_0514_jpg.rf.f1be7e6ef8fa443d5b81676b84967f0b.txt	2	422	1016	0	1	54	120.0	1506.0	391.0	372.0	79480.0	479ead9bd4408776dceded24ce2e4d7b59d7d0e1bba47516588e321c0c2a8842	d96e44250f56ac7953e70162f55e26393d065f872591cfec02755774c4a33afb
train_clean	train	roboflow_team128_v5	roboflow_team128_v5_IMG_0515_jpg.rf.05a57f7ae410c4822868943be2901045.jpg	roboflow_team128_v5_IMG_0515_jpg.rf.05a57f7ae410c4822868943be2901045.txt	1	423	1017	0	1	72	1384.0	1954.0	355.0	398.0	92013.0	abc4e9eff0f40a20cf7cc0d6fdfffdbd260a3f98d394858ca6c132dce6c1e2fa	0b317b119f6cf4336378a33a87e1288c3ad5ebdfef9c32f696864c8088b91ab5
train_clean	train	roboflow_team128_v5	roboflow_team128_v5_IMG_0516_jpg.rf.19133fe687756a8e09b900cbb4edb884.jpg	roboflow_team128_v5_IMG_0516_jpg.rf.19133fe687756a8e09b900cbb4edb884.txt	1	424	1018	0	1	85	991.0	1857.0	515.0	772.0	238982.0	f8fa44cf6cd1162d146c1d86689181fba468b32bcbf361a012cf341e2d9152b8	21475dc70a9812f045f0d58c7cfaae1648aba308a7693888a52c5ce7a7de22c9
train_clean	train	roboflow_team128_v5	roboflow_team128_v5_IMG_0516_jpg.rf.19133fe687756a8e09b900cbb4edb884.jpg	roboflow_team128_v5_IMG_0516_jpg.rf.19133fe687756a8e09b900cbb4edb884.txt	2	424	1019	0	1	15	1093.0	2519.0	167.0	120.0	12738.0	936284a658272aed5a070f54159d2ca02d285409a8fb69982c8e8c3501385c11	779d63c6cdc75ece1c2cdb85b72919ccae28776807c44f351765110ca74d1a2f
train_clean	train	roboflow_team128_v5	roboflow_team128_v5_IMG_0516_jpg.rf.19133fe687756a8e09b900cbb4edb884.jpg	roboflow_team128_v5_IMG_0516_jpg.rf.19133fe687756a8e09b900cbb4edb884.txt	3	424	1020	0	1	17	1418.0	2477.0	97.0	107.0	5756.0	c441e081f321759a3514dec3f67c1a489b7b1046f754f5d64b938f3f25eddd70	f6ca6887af3c82e0c3bf40680b0c8f2233adf0a147151def018d27541380f280
train_clean	train	roboflow_team128_v5	roboflow_team128_v5_IMG_0516_jpg.rf.19133fe687756a8e09b900cbb4edb884.jpg	roboflow_team128_v5_IMG_0516_jpg.rf.19133fe687756a8e09b900cbb4edb884.txt	4	424	1021	0	1	31	991.0	3203.0	317.0	359.0	81731.0	7674c8643cd6131689c3199be56c2fe4b2765f5b1d7de58acde6b5df96bf2e9c	dab69d5d765a12e60a6b71d7a9998547b5187d3c6464cf1afecb4dcbfa318208
train_clean	train	roboflow_team128_v5	roboflow_team128_v5_IMG_0516_jpg.rf.19133fe687756a8e09b900cbb4edb884.jpg	roboflow_team128_v5_IMG_0516_jpg.rf.19133fe687756a8e09b900cbb4edb884.txt	5	424	1022	0	1	19	1924.0	3281.0	158.0	195.0	22707.0	29c089661098b8c80f5f6b87f6c9cdbd7f2c79d4399d7e9e35cd4348ab15449c	6d077319357400614e13dd040aa5bd00c1b526585bcc0fb04d698c79ae6c0438
train_clean	train	roboflow_team128_v5	roboflow_team128_v5_IMG_0518_jpg.rf.3c6dffa12ddca200d8abd00c3022fef0.jpg	roboflow_team128_v5_IMG_0518_jpg.rf.3c6dffa12ddca200d8abd00c3022fef0.txt	1	425	1023	0	1	139	1131.0	1321.0	872.0	1035.0	580251.0	798a98181d811a02d61e06576dbbe5e635e2b3ce7031995de3d3f8960ce1fe6e	958adc7616ff4f582f14304970716425861f3e4b1e756c15d2b45e79637e4630
train_clean	train	roboflow_team128_v5	roboflow_team128_v5_IMG_0519_jpg.rf.10d4bf50b9dbcfb11350e58613bb7669.jpg	roboflow_team128_v5_IMG_0519_jpg.rf.10d4bf50b9dbcfb11350e58613bb7669.txt	1	426	1024	0	1	44	832.0	1268.0	1698.0	1939.0	2598439.0	473cdeae74547c613f4d800347a04d9846428799714701140653589c2aaecba3	f6f86cb5dc4f3ce44016780be79b195fe33bac113998b36ba20a7afc203199a3
train_clean	train	roboflow_team128_v5	roboflow_team128_v5_IMG_0520_jpg.rf.1cfcd172124423c85d09579a6b85dce1.jpg	roboflow_team128_v5_IMG_0520_jpg.rf.1cfcd172124423c85d09579a6b85dce1.txt	1	427	1025	0	1	42	1439.0	1805.0	756.0	838.0	469653.0	24b9c5d3966839bdbb33bb4603299e825a6e31ac73d29fb20614b77583ef423e	7d54f6184709bd083f8dbeed544a88295bd3ead393b433fb0d3c632f41e007e5
train_clean	train	roboflow_team128_v5	roboflow_team128_v5_IMG_0520_jpg.rf.1cfcd172124423c85d09579a6b85dce1.jpg	roboflow_team128_v5_IMG_0520_jpg.rf.1cfcd172124423c85d09579a6b85dce1.txt	2	427	1026	0	1	46	379.0	3201.0	888.0	830.0	567276.0	e57c387a361ac13062da704df5584abb7752ea3bd1572e1f2dac5aa886134d09	1ee931a38becb477212c61355041515599bd3ac1b09a7e15b4dd3e4d17cf9dcb
train_clean	train	roboflow_team128_v5	roboflow_team128_v5_IMG_0521_jpg.rf.750d2407caf1395079eb3689f48caa55.jpg	roboflow_team128_v5_IMG_0521_jpg.rf.750d2407caf1395079eb3689f48caa55.txt	1	428	1027	0	1	97	1020.0	1542.0	817.0	928.0	549509.0	09b5c85e850ca49cca183070c9784ab5557e8c741d616483dc4a6da0f746aeb8	4023aeeb160e2cc7325a9d0f4e4a4ad8a9c77a4e01f06a33be20cefd3d6d81ea
train_clean	train	roboflow_team128_v5	roboflow_team128_v5_IMG_0521_jpg.rf.750d2407caf1395079eb3689f48caa55.jpg	roboflow_team128_v5_IMG_0521_jpg.rf.750d2407caf1395079eb3689f48caa55.txt	2	428	1028	0	1	115	2089.0	423.0	588.0	547.0	177858.0	8ca0c225ff5c75b743533bbf255f869db9238e815ef60019f17389609e2d6cca	c9809e9853ebdf382ccc53e777db54699418c3326fcb5a0033a799748ec3015d
train_clean	train	roboflow_team128_v5	roboflow_team128_v5_IMG_0521_jpg.rf.750d2407caf1395079eb3689f48caa55.jpg	roboflow_team128_v5_IMG_0521_jpg.rf.750d2407caf1395079eb3689f48caa55.txt	3	428	1029	0	1	93	2597.0	123.0	336.0	548.0	102234.0	5f6c5ba37e7329fc286012acd51b0f9ee8b90fa0ffc2f822e7bbfe42ca843dee	df969901fe4ad55452af64337f7ff5f3291955c704d8b15f87cdf0d3c273d9c8
train_clean	train	roboflow_team128_v5	roboflow_team128_v5_IMG_0521_jpg.rf.750d2407caf1395079eb3689f48caa55.jpg	roboflow_team128_v5_IMG_0521_jpg.rf.750d2407caf1395079eb3689f48caa55.txt	4	428	1030	0	1	5	2884.0	368.0	10.0	8.0	47.0	7cfb2ba16e3ceb2ebab9de4122246f9364112be9d2d069671332e1e43b1233e4	e881e0f117fc594da720a3bebb844c3e06c992b27f9a9784a2badc7cbb2e3a31
train_clean	train	roboflow_team128_v5	roboflow_team128_v5_IMG_0524_jpg.rf.25c7fabdf4524430a6201a61018f1575.jpg	roboflow_team128_v5_IMG_0524_jpg.rf.25c7fabdf4524430a6201a61018f1575.txt	1	429	1031	0	1	13	2384.0	3464.0	174.0	119.0	12910.0	8a556d6e605180ba869fcef178978680b54d9488404c742fc920740d5b1656e9	748fc34cf0883e6f2539778720f0023acc884b153c3e8411cb63fb7471531ec8
train_clean	train	roboflow_team128_v5	roboflow_team128_v5_IMG_0524_jpg.rf.25c7fabdf4524430a6201a61018f1575.jpg	roboflow_team128_v5_IMG_0524_jpg.rf.25c7fabdf4524430a6201a61018f1575.txt	2	429	1032	0	1	14	2604.0	3133.0	128.0	119.0	9957.0	12fb4714bcb0ebd25dd7540405aaf0568dea09e59e8f554dc95199551119b747	12d5026782330bff8ee67fa8a91b9f0b89f1abed8111b8269c0ee65d8d98c32d
train_clean	train	roboflow_team128_v5	roboflow_team128_v5_IMG_0524_jpg.rf.25c7fabdf4524430a6201a61018f1575.jpg	roboflow_team128_v5_IMG_0524_jpg.rf.25c7fabdf4524430a6201a61018f1575.txt	3	429	1033	0	1	62	667.0	853.0	693.0	656.0	289832.0	09bd44cc2395d2acd6e656b4ec06e4c60b1414699dee4bd3f3593b2e8538f2b0	82a0a9d8077fcdbe90b3b138c519ba203a7e877a3ed84890c0a98a45e89e8784
train_clean	train	roboflow_team128_v5	roboflow_team128_v5_IMG_0524_jpg.rf.25c7fabdf4524430a6201a61018f1575.jpg	roboflow_team128_v5_IMG_0524_jpg.rf.25c7fabdf4524430a6201a61018f1575.txt	4	429	1034	0	1	45	1917.0	848.0	400.0	495.0	115447.0	253a22719ef7cf6ad9244598ed71f09989c12c39fd0dee1864f0dae9c2c1104e	5d84787e0be1ca755f0c4643278e89adad73fed1ca9fbaedb6b600508afde036
train_clean	train	roboflow_team128_v5	roboflow_team128_v5_IMG_0525_jpg.rf.3f49044d3c0e1faf4ebf83a2d50f5df6.jpg	roboflow_team128_v5_IMG_0525_jpg.rf.3f49044d3c0e1faf4ebf83a2d50f5df6.txt	1	430	1035	0	1	67	1039.0	905.0	801.0	785.0	389609.0	b00a684baed03b1d875152d09de0c51c4d1d369e66511c8188df33d50fdc9df9	e930720fb7d2038252bd76ca33552ac23fb8c8465251775ea6176b07e783dd8e
train_clean	train	roboflow_team128_v5	roboflow_team128_v5_IMG_0526_jpg.rf.31bf045a38ebf33c7656c52b12f96add.jpg	roboflow_team128_v5_IMG_0526_jpg.rf.31bf045a38ebf33c7656c52b12f96add.txt	1	431	1036	0	1	95	1239.0	648.0	708.0	874.0	460135.0	e8ef905bf749d9b404081f166ecfe99063354e5cff51e0716fa1f07b308a76e4	40a74eb8f9e606e2bd80ee19abf3b5ba0691a9c6b413b010162b7cbfdb7eb539
train_clean	train	roboflow_team128_v5	roboflow_team128_v5_IMG_0526_jpg.rf.31bf045a38ebf33c7656c52b12f96add.jpg	roboflow_team128_v5_IMG_0526_jpg.rf.31bf045a38ebf33c7656c52b12f96add.txt	2	431	1037	0	1	134	1190.0	1778.0	1117.0	968.0	605724.0	5c74c43266546ecec5508af29626f032d81be4c5b19a2778961e105e989d8010	8df12a8e1ffde8dc344bea245db5716413928806e87397fd26feb1621f7780bd
train_clean	train	roboflow_team128_v5	roboflow_team128_v5_IMG_0527_jpg.rf.70c87c42648fbd30afe16a25e822cb39.jpg	roboflow_team128_v5_IMG_0527_jpg.rf.70c87c42648fbd30afe16a25e822cb39.txt	1	432	1038	0	1	13	2760.0	1618.0	263.0	461.0	96693.0	a8c7fbf551352bda3ebf887ac02992c315d559c3433f2f66f0a5535f0fda8b2e	89301685ab8cff02b51b906225e128afa164f6aeb76410a64a4a3f0f8ef54a06
train_clean	train	roboflow_team128_v5	roboflow_team128_v5_IMG_0527_jpg.rf.70c87c42648fbd30afe16a25e822cb39.jpg	roboflow_team128_v5_IMG_0527_jpg.rf.70c87c42648fbd30afe16a25e822cb39.txt	2	432	1039	0	1	155	1013.0	1823.0	886.0	613.0	330636.0	fd88a5e9eb3f724d5d1a9ef1a0abe7c80f9bb3c815dd9dbd7f3899f47da6b1cb	7c20897d6c33dab1e18c07d42d1d42713019be2cf7eb1bde0024e59530618c62
train_clean	train	roboflow_team128_v5	roboflow_team128_v5_IMG_0527_jpg.rf.70c87c42648fbd30afe16a25e822cb39.jpg	roboflow_team128_v5_IMG_0527_jpg.rf.70c87c42648fbd30afe16a25e822cb39.txt	3	432	1040	0	1	33	1053.0	2033.0	222.0	137.0	13540.0	229a1a37668c3bac8f96f7fb8f309c38d853f54fd77d2f931a3e5ea688bfa0d1	8d5a9c3fd93cd7071311a697944a6974e7ce6a2acb0e481f540068f04913f05e
train_clean	train	roboflow_team128_v5	roboflow_team128_v5_IMG_0528_jpg.rf.4b6e2496c9c39415f19c1ca289410296.jpg	roboflow_team128_v5_IMG_0528_jpg.rf.4b6e2496c9c39415f19c1ca289410296.txt	1	433	1041	0	1	75	970.0	1592.0	727.0	635.0	308973.0	680f87aad785d78b966dd949cfc372ea983402e5b6ed9368cdde548ad02da25e	18b6dd1afaadac80b4bf83378c3a5523197919cfa8bac0e598a2ed43ade76e8e
train_clean	train	roboflow_team128_v5	roboflow_team128_v5_IMG_0529_jpg.rf.ae9111cd1bf5cd9f46e76683540982e3.jpg	roboflow_team128_v5_IMG_0529_jpg.rf.ae9111cd1bf5cd9f46e76683540982e3.txt	1	434	1042	0	1	72	1130.0	1504.0	804.0	997.0	464789.0	814feb6350952fbf4bc18090de8af43613c1da27f48b137086b4eb062c326f61	d170bb2280e9a3bf3841ce20c3747e146b3fd7c9ceb08aa8dc6d11c3a9c87995
train_clean	train	roboflow_team128_v5	roboflow_team128_v5_IMG_0531_jpg.rf.6693955a4442124793ac508f9766d8d9.jpg	roboflow_team128_v5_IMG_0531_jpg.rf.6693955a4442124793ac508f9766d8d9.txt	1	435	1043	0	1	30	1052.0	1603.0	926.0	864.0	612541.0	90be14afba2533929ee1b0b9be9a4905d627098d6f1d7c927cc1c9c458e7c2e1	1f203f298304e260b27b0f7bb318cbd8eef56c5da9684be91a2edf75930a5528
train_clean	train	roboflow_team128_v5	roboflow_team128_v5_IMG_0533_jpg.rf.0753879b8f0f85c2aaaf7a2a9fd97464.jpg	roboflow_team128_v5_IMG_0533_jpg.rf.0753879b8f0f85c2aaaf7a2a9fd97464.txt	1	436	1044	0	1	158	959.0	1238.0	981.0	951.0	679487.0	310d4876d1f43d352af41703c3d9b46db804771d180b20449b5a1c1bb94c405f	6d0a18366678723d3ddc13618fe6cb574f34af1de4e7a6c74581eaa4a5ffeae6
train_clean	train	roboflow_team128_v5	roboflow_team128_v5_IMG_0533_jpg.rf.0753879b8f0f85c2aaaf7a2a9fd97464.jpg	roboflow_team128_v5_IMG_0533_jpg.rf.0753879b8f0f85c2aaaf7a2a9fd97464.txt	2	436	1045	0	1	133	2166.0	0.0	530.0	627.0	150493.0	8b35c5d68b4639e86864e9e2753d5c959766a7a699b0ca85a1c72784b4dc996b	07826cd22bed66c3cf611273316ac7bd0c07f7021180e03b4bc295419026f194
train_clean	train	roboflow_team128_v5	roboflow_team128_v5_IMG_0534_jpg.rf.f7bcba5934b0e8340519b4745cabf1a0.jpg	roboflow_team128_v5_IMG_0534_jpg.rf.f7bcba5934b0e8340519b4745cabf1a0.txt	1	437	1046	0	1	101	859.0	2798.0	891.0	999.0	647694.0	3a168a755091bbc1ffeb1079c2cb7d7ddd478802d4892a3fcaa316d731c20433	283b4aa41048a479de3ed7d5946c5c580afa6759c775bea91846a76ee38e972e
train_clean	train	roboflow_team128_v5	roboflow_team128_v5_IMG_0534_jpg.rf.f7bcba5934b0e8340519b4745cabf1a0.jpg	roboflow_team128_v5_IMG_0534_jpg.rf.f7bcba5934b0e8340519b4745cabf1a0.txt	2	437	1047	0	1	102	1129.0	726.0	750.0	755.0	302377.0	45bb6f3d4a58aeeeac0f90c820a6c9959fc17661858d08767a82b3b86fc4c575	6757a19e0f3161e5ae9e33c9c2bf11d5d2240e707f3c2846d7e82c041eaef177
train_clean	train	roboflow_team128_v5	roboflow_team128_v5_IMG_0534_jpg.rf.f7bcba5934b0e8340519b4745cabf1a0.jpg	roboflow_team128_v5_IMG_0534_jpg.rf.f7bcba5934b0e8340519b4745cabf1a0.txt	3	437	1048	0	1	56	1806.0	1727.0	363.0	441.0	79401.0	e8f6e09a98dd43db438a1bfb2f7708838191158a1f8ade7037429cc251b4d3f8	27adef776109e14b34bd0c6ad9ab7c0e3b9111546cd26f53dbb424ff9c67557f
train_clean	train	roboflow_team128_v5	roboflow_team128_v5_IMG_0535_jpg.rf.310f07a7c35dfd782cd28814734af3fd.jpg	roboflow_team128_v5_IMG_0535_jpg.rf.310f07a7c35dfd782cd28814734af3fd.txt	1	438	1049	0	1	27	1231.0	991.0	822.0	1025.0	626913.0	7462317dcec655150e9fd72ccb7a6d680443fb49d625204cfab0cc31f4521f23	f97f6f08061f90c076ea0e18444a4eb830f9aa7380fc0781f3b6ee03da111306
train_clean	train	roboflow_team128_v5	roboflow_team128_v5_IMG_0536_jpg.rf.534e995111525fa33a598464a05ee9ae.jpg	roboflow_team128_v5_IMG_0536_jpg.rf.534e995111525fa33a598464a05ee9ae.txt	1	439	1050	0	1	60	1152.0	1579.0	887.0	1047.0	685213.0	1f617662aeaeb596f7c97c3b7f69957556f2d8fbdd0b18a1e2259ab62d8b14fa	a49375f4681dbb7607c71e3c1b0281b438aee3c36a9770704a6de80d17e34900
train_clean	train	roboflow_team128_v5	roboflow_team128_v5_IMG_0537_jpg.rf.6d831690b1c030b1b55b673990d7e361.jpg	roboflow_team128_v5_IMG_0537_jpg.rf.6d831690b1c030b1b55b673990d7e361.txt	1	440	1051	0	1	84	1219.0	1356.0	935.0	759.0	508530.0	d6b8755eb911864bca9332ffd9b17d831d584c2eea36153bfc0e4a29eab7a322	5e8b931b66a79b1ed5028629f8e8fd4faa51d842a622b3f87c4e6c5fcf1202dd
train_clean	train	roboflow_team128_v5	roboflow_team128_v5_IMG_0538_jpg.rf.93849dc0049ac8adce39e2d2951465e9.jpg	roboflow_team128_v5_IMG_0538_jpg.rf.93849dc0049ac8adce39e2d2951465e9.txt	1	441	1052	0	1	146	1341.0	968.0	784.0	509.0	260797.0	95dba40d457d9d3a8aa865884cb997f76b905d31f245e291f62e2a29e84d32a2	bb2caa50ea7f0b38531f71eeea02db13405c177f7f39fba07d1a86df08d16d28
train_clean	train	roboflow_team128_v5	roboflow_team128_v5_IMG_0538_jpg.rf.93849dc0049ac8adce39e2d2951465e9.jpg	roboflow_team128_v5_IMG_0538_jpg.rf.93849dc0049ac8adce39e2d2951465e9.txt	2	441	1053	0	1	66	1036.0	1311.0	355.0	396.0	82005.0	ad7a4e415cf8ab33da35b723b3e89d999bece68f79a8984a48e613ac8adc9fdf	ec5a8aa74e49a086dfab0a7609328c793194edae8d9c0ebc9387e1d8aac297ff
train_clean	train	roboflow_team128_v5	roboflow_team128_v5_IMG_0539_jpg.rf.2dc067d7e41f053887599101197c181d.jpg	roboflow_team128_v5_IMG_0539_jpg.rf.2dc067d7e41f053887599101197c181d.txt	1	442	1054	0	1	84	1290.0	2256.0	329.0	451.0	87171.0	a187e3691832f27e788b30023a55805a585779d6c92786d3783c1cf8e6686c60	697d3872125cbcb4ddfc7508971be73d4b115d917e90f45f895402e1535cac8e
train_clean	train	roboflow_team128_v5	roboflow_team128_v5_IMG_0539_jpg.rf.2dc067d7e41f053887599101197c181d.jpg	roboflow_team128_v5_IMG_0539_jpg.rf.2dc067d7e41f053887599101197c181d.txt	2	442	1055	0	1	54	1978.0	1616.0	371.0	240.0	55123.0	d3cc252fbb4e569f41b97a9544c2fd5e80c53666f1d28ef2eb50ef96da915284	19ff8a1e8e2105679d019ae6d63c239af432ab91bd44e676297ceb3d88cca23b
train_clean	train	roboflow_team128_v5	roboflow_team128_v5_IMG_0540_jpg.rf.70cbf3900c8ef09ebeb4f89caffde888.jpg	roboflow_team128_v5_IMG_0540_jpg.rf.70cbf3900c8ef09ebeb4f89caffde888.txt	1	443	1056	0	1	82	1044.0	2062.0	644.0	744.0	301918.0	0d11f25d26119e538f97f5531444faf9d04d451739a23c755dae6bfbf64cf061	a153b248666a279d668391de638f0cfb37d0ba25b1d7d8c6ff6c2590d20fd024
train_clean	train	roboflow_team128_v5	roboflow_team128_v5_IMG_0540_jpg.rf.70cbf3900c8ef09ebeb4f89caffde888.jpg	roboflow_team128_v5_IMG_0540_jpg.rf.70cbf3900c8ef09ebeb4f89caffde888.txt	2	443	1057	0	1	59	972.0	1247.0	595.0	568.0	225735.0	d5d1507e69743f8bb53d65f244b0adc90d9d754dd1329e294a9fe92621885b44	bb0b418b21798a6cb55ecd759c229d5297438c5e329117a5917047304be60957
train_clean	train	roboflow_team128_v5	roboflow_team128_v5_IMG_0540_jpg.rf.70cbf3900c8ef09ebeb4f89caffde888.jpg	roboflow_team128_v5_IMG_0540_jpg.rf.70cbf3900c8ef09ebeb4f89caffde888.txt	3	443	1058	0	1	56	2053.0	667.0	557.0	607.0	205433.0	2f6243846d92d4a695f55671e90c9ed506de6242b2461ee33f672cdb7ba7ef93	7d9e12f40d369222153987f43d6db464c7e7f1f412f550a5e4036575d7b7bdc8
train_clean	train	roboflow_team128_v5	roboflow_team128_v5_IMG_0541_jpg.rf.34b854cc587390ee5b35b2129035262b.jpg	roboflow_team128_v5_IMG_0541_jpg.rf.34b854cc587390ee5b35b2129035262b.txt	1	444	1059	0	1	60	1485.0	2095.0	661.0	611.0	278571.0	12bc814c2e8cdd95a429be2bd5d2a6f0d1da95e1c699443efc53b6f76d775503	e818be3f979bb4fa42fe581d852314b9051315eae3f7a5bceba3fdf57c94075b
train_clean	train	roboflow_team128_v5	roboflow_team128_v5_IMG_0541_jpg.rf.34b854cc587390ee5b35b2129035262b.jpg	roboflow_team128_v5_IMG_0541_jpg.rf.34b854cc587390ee5b35b2129035262b.txt	2	444	1060	0	1	65	812.0	1572.0	641.0	579.0	191449.0	04bc46e78cc42830699dbc7f546b59518f087fa2fd53bd6c0ab29e9749366289	1314c347edc797087bed8a5c8c04ebe93f432150c67cf79c5592db5e74be9dc3
train_clean	train	roboflow_team128_v5	roboflow_team128_v5_IMG_0542_jpg.rf.484010233cd8cee7463ae522dae6076b.jpg	roboflow_team128_v5_IMG_0542_jpg.rf.484010233cd8cee7463ae522dae6076b.txt	1	445	1061	0	1	50	1212.0	1543.0	622.0	908.0	399700.0	f27c7c84d0ad2fc1ba73c421b5f1062d08d2f43dd66cedca47de6fe4019aa8c4	9c628631cb9291543ce353662210c534d555bcfae8ba9266a718e4145ed5f35a
train_clean	train	roboflow_team128_v5	roboflow_team128_v5_IMG_0542_jpg.rf.484010233cd8cee7463ae522dae6076b.jpg	roboflow_team128_v5_IMG_0542_jpg.rf.484010233cd8cee7463ae522dae6076b.txt	2	445	1062	0	1	63	119.0	1827.0	541.0	620.0	178313.0	953d66f5388d960fbb2d3f07685ba625fef1a7b92bf31f8dbcd22bc5db0a360f	130d471fca18c393a5cf838a4407fcd35540a9cc5a68dcf3326bf2d8ec019d13
train_clean	train	roboflow_team128_v5	roboflow_team128_v5_IMG_0543_jpg.rf.878217af3c1ac83eba85b8dae439b351.jpg	roboflow_team128_v5_IMG_0543_jpg.rf.878217af3c1ac83eba85b8dae439b351.txt	1	446	1063	0	1	50	1212.0	2393.0	832.0	809.0	514292.0	2c069824cfff8043fa9d254bb8ca7e8ece28a6e127aa3fa43a8853e16517c4de	d8a0074a983151bc20f424229d9d07101cef6c42d5723f964e9ad92776f89a79
train_clean	train	roboflow_team128_v5	roboflow_team128_v5_IMG_0544_jpg.rf.272913fa675de9c1849bc99eeb6a2cec.jpg	roboflow_team128_v5_IMG_0544_jpg.rf.272913fa675de9c1849bc99eeb6a2cec.txt	1	447	1064	0	1	131	525.0	856.0	746.0	749.0	334228.0	444ca5d26dfe3e4b9d5f289bb821611ff0eb065fbeca6f34fc7fca075f16e11a	e91aae7ac0b5d9610057f28acf7eee00b5b0055f6ec389058975bfad8a09945f
train_clean	train	roboflow_team128_v5	roboflow_team128_v5_IMG_0544_jpg.rf.272913fa675de9c1849bc99eeb6a2cec.jpg	roboflow_team128_v5_IMG_0544_jpg.rf.272913fa675de9c1849bc99eeb6a2cec.txt	2	447	1065	0	1	31	1442.0	791.0	321.0	310.0	62392.0	2aec8571102e2c69002a1ccdc8e90479b22ece67b0a4d91d616a2d3db2014aac	046b46e7fd414f7dd912fd532492c803a0d44e137902a2693f4c5fca1dd4e108
train_clean	train	roboflow_team128_v5	roboflow_team128_v5_IMG_0545_jpg.rf.f9d920533777c65aac94c8ec84f976ed.jpg	roboflow_team128_v5_IMG_0545_jpg.rf.f9d920533777c65aac94c8ec84f976ed.txt	1	448	1066	0	1	212	344.0	2022.0	797.0	1078.0	548205.0	9cc730b5178dcef0fa049141e4856454d06ef5a0864cac545756d90d90e3b5c4	995b13ea2ae019052c8dea533d1e4ae20097a30ab049b6794195c0b19c44b742
train_clean	train	roboflow_team128_v5	roboflow_team128_v5_IMG_0545_jpg.rf.f9d920533777c65aac94c8ec84f976ed.jpg	roboflow_team128_v5_IMG_0545_jpg.rf.f9d920533777c65aac94c8ec84f976ed.txt	2	448	1067	0	1	107	1323.0	1955.0	687.0	764.0	243098.0	e7f4317f74646c77868910e350b4db7a880b452b339e182c8d0cdb296197a75c	91bdc4c5c1f136d839533cd9e73551b7ab7d0ab764fb08e2bb91d2d96b41d168
train_clean	train	roboflow_team128_v5	roboflow_team128_v5_IMG_0545_jpg.rf.f9d920533777c65aac94c8ec84f976ed.jpg	roboflow_team128_v5_IMG_0545_jpg.rf.f9d920533777c65aac94c8ec84f976ed.txt	3	448	1068	0	1	89	358.0	0.0	798.0	718.0	369901.0	1e13e03fa60f72828e1d999de98a36decb6d6e3d365be6db655c5ba3680727d5	5522d761c034062bad1d7b11befcc6098901abe36fe88bbd6e151f2f26f02903
train_clean	train	roboflow_team128_v5	roboflow_team128_v5_IMG_0547_jpg.rf.8b9a0ad11e0ba7ce6d63c01457ee5137.jpg	roboflow_team128_v5_IMG_0547_jpg.rf.8b9a0ad11e0ba7ce6d63c01457ee5137.txt	1	449	1069	0	1	116	866.0	1467.0	757.0	1165.0	524773.0	69aac5c1ef65e15e46822913cef6c1d55186cae1fa54ddb87a4366006fed1ad8	a27cb20f2890de8f2e34eaf52248a56a94d1c2d145199e350514aa45244bb1d2
train_clean	train	roboflow_team128_v5	roboflow_team128_v5_IMG_0549_jpg.rf.d3cf40bf716d360ab915069c7f011afb.jpg	roboflow_team128_v5_IMG_0549_jpg.rf.d3cf40bf716d360ab915069c7f011afb.txt	1	450	1070	0	1	135	0.0	716.0	571.0	789.0	256687.0	901ea81c4ea11d53c1d26f0f17c46627f519d7ae6c84e1bba01de16128a5f31a	f6e64490f6d4a3af263379ab9c62d1248de42c08dbe7ede3eb1a671e7b07ea73
train_clean	train	roboflow_team128_v5	roboflow_team128_v5_IMG_0549_jpg.rf.d3cf40bf716d360ab915069c7f011afb.jpg	roboflow_team128_v5_IMG_0549_jpg.rf.d3cf40bf716d360ab915069c7f011afb.txt	2	450	1071	0	1	162	1511.0	1019.0	496.0	620.0	162717.0	be66e4467f84bc8dcb2f8d8028378d0cb4afea55268695a6962e88fe0d67c648	a2e151a0e3b1452ab24507c3ff4576044cf0dde0ce079d5ce863d7f303cfa1b4
train_clean	train	roboflow_team128_v5	roboflow_team128_v5_IMG_0550_jpg.rf.77c4df721637c60572cb7c229f6cbc78.jpg	roboflow_team128_v5_IMG_0550_jpg.rf.77c4df721637c60572cb7c229f6cbc78.txt	1	451	1072	0	1	130	0.0	605.0	550.0	1056.0	327286.0	40b56149e894a3e06a084c84dada349ae02cd538d3347ac908d644ba856596b4	09bb52549f4e7442d1a3fa12f8dda1e23ca16818a379348f0eb746db7cea774b
train_clean	train	roboflow_team128_v5	roboflow_team128_v5_IMG_0550_jpg.rf.77c4df721637c60572cb7c229f6cbc78.jpg	roboflow_team128_v5_IMG_0550_jpg.rf.77c4df721637c60572cb7c229f6cbc78.txt	2	451	1073	0	1	19	0.0	1514.0	108.0	139.0	11160.0	05116f7bb77e4a0b0dcb5dee834a9aa34e9b34abb822a3a9ad32a42c5e8b085d	9249d2109a1d8954d1b79b27bbca485a4a051061269fffe9216d690db7a00264
train_clean	train	roboflow_team128_v5	roboflow_team128_v5_IMG_0550_jpg.rf.77c4df721637c60572cb7c229f6cbc78.jpg	roboflow_team128_v5_IMG_0550_jpg.rf.77c4df721637c60572cb7c229f6cbc78.txt	3	451	1074	0	1	9	1858.0	1566.0	146.0	152.0	13855.0	0a3f83043b5050d13914f5f2e4b3aca67a5127691234926777a07505232cc08f	1f264470060591d2aaf41c957e156e31b380a1068d9e1d54649e7f9c346fe1de
train_clean	train	roboflow_team128_v5	roboflow_team128_v5_IMG_0550_jpg.rf.77c4df721637c60572cb7c229f6cbc78.jpg	roboflow_team128_v5_IMG_0550_jpg.rf.77c4df721637c60572cb7c229f6cbc78.txt	4	451	1075	0	1	94	1482.0	1553.0	559.0	694.0	192693.0	4efe3dfcef188903f1c8303e4b7965796955e28674e2001d684c49b3fd12b2e2	7396038a14401422ee939ca9f33f18296c4a2787efbd4a2c4c7806fb28cfa4e3
train_clean	train	roboflow_team128_v5	roboflow_team128_v5_IMG_0550_jpg.rf.77c4df721637c60572cb7c229f6cbc78.jpg	roboflow_team128_v5_IMG_0550_jpg.rf.77c4df721637c60572cb7c229f6cbc78.txt	5	451	1076	0	1	24	1327.0	2037.0	95.0	178.0	10579.0	ef5014e2f77688809c93aa67c679f49f06326628f9d2444c54cfc7f927ff1ae6	6c41295f1c9ef2fd3215f07dfba3d9f4a3a3848fd3cc5ce9a68a9d91e82a3a9d
train_clean	train	roboflow_team128_v5	roboflow_team128_v5_IMG_0552_jpg.rf.fe6679c496d696a34cb2fcdb304fce9c.jpg	roboflow_team128_v5_IMG_0552_jpg.rf.fe6679c496d696a34cb2fcdb304fce9c.txt	1	452	1077	0	1	74	1018.0	1170.0	418.0	349.0	86487.0	efdcca257de2f703f990419a4018123d386e003c29276706461df6886a05f5ba	c9b108dc8ad55b1cb6c788786ebcc5f6771fa006566766bfb7e27dbc64c1d947
train_clean	train	roboflow_team128_v5	roboflow_team128_v5_IMG_0552_jpg.rf.fe6679c496d696a34cb2fcdb304fce9c.jpg	roboflow_team128_v5_IMG_0552_jpg.rf.fe6679c496d696a34cb2fcdb304fce9c.txt	2	452	1078	0	1	45	2063.0	0.0	390.0	321.0	69164.0	07352a6a3600e046feee24ef0016cb80a9005fd7d5395e5dddf727ca240762ae	df4a496b89c46aedcd5952b44d187275773517e2765e79600357af55b427347f
train_clean	train	roboflow_team128_v5	roboflow_team128_v5_IMG_0555_jpg.rf.047bcddb2a28cd2bfb2ffeed7456a0cf.jpg	roboflow_team128_v5_IMG_0555_jpg.rf.047bcddb2a28cd2bfb2ffeed7456a0cf.txt	1	453	1079	0	1	75	1324.0	1890.0	655.0	625.0	222508.0	92ed6eb89031b2db5c0280aa6c6abfbfe436fab0562dcf512ef1587bf73272ea	f2e60a39b22e4648267f7eca08c0b5f79eebc05baea2616ed66b65498547e091
train_clean	train	roboflow_team128_v5	roboflow_team128_v5_IMG_0556_jpg.rf.254ac0b4d9d132738f2d6bf6ae4ccd59.jpg	roboflow_team128_v5_IMG_0556_jpg.rf.254ac0b4d9d132738f2d6bf6ae4ccd59.txt	1	454	1080	0	1	231	864.0	1342.0	777.0	672.0	250223.0	8330fb8f12cabc73a46f164a5cccef0066226ec3a1094744b9d7d2c5c71f691d	660644ed1204ca2294e5431ba65c92c7daace119553485af97ac077890b18f60
train_clean	train	roboflow_team128_v5	roboflow_team128_v5_IMG_0557_jpg.rf.7892b9cbc2ad8b86b5c8847fe38b5690.jpg	roboflow_team128_v5_IMG_0557_jpg.rf.7892b9cbc2ad8b86b5c8847fe38b5690.txt	1	455	1081	0	1	70	2127.0	0.0	721.0	439.0	216239.0	896d10158afb555c9ce0db44cbc71f7285c1ed9d98089363e1001799b1b4caff	22ea0fb981fab0c7be2201c7ae579f9a159474482c50bd14e5d823390ef5e526
train_clean	train	roboflow_team128_v5	roboflow_team128_v5_IMG_0557_jpg.rf.7892b9cbc2ad8b86b5c8847fe38b5690.jpg	roboflow_team128_v5_IMG_0557_jpg.rf.7892b9cbc2ad8b86b5c8847fe38b5690.txt	2	455	1082	0	1	84	1050.0	1544.0	812.0	649.0	353001.0	f32886fb1ea8140b5fa8a772d9bb49f7f0a656f1de81ea09c10aa85f88165f0b	ad4c504296c5323e8aed3f83262c93da7ac657621f0917e5ed2fb80a2940116c
train_clean	train	roboflow_team128_v5	roboflow_team128_v5_IMG_0557_jpg.rf.7892b9cbc2ad8b86b5c8847fe38b5690.jpg	roboflow_team128_v5_IMG_0557_jpg.rf.7892b9cbc2ad8b86b5c8847fe38b5690.txt	3	455	1083	0	1	40	625.0	3391.0	414.0	367.0	105050.0	9368b552d7215f40e70f18e65ff740bb0a7d6570b80b803fdbe0e646f4db2d32	0ccf82dd94b30f348f0651d7d348cef3ebbfe37f4a491c16f8b124addc402b44
train_clean	train	roboflow_team128_v5	roboflow_team128_v5_IMG_0557_jpg.rf.7892b9cbc2ad8b86b5c8847fe38b5690.jpg	roboflow_team128_v5_IMG_0557_jpg.rf.7892b9cbc2ad8b86b5c8847fe38b5690.txt	4	455	1084	0	1	48	2676.0	211.0	336.0	303.0	53754.0	0bdf4739bf1af115a347eed7ce0ec85e5e2166db68bcbc328368cbf1566b1b39	c24034b575137bf8bd68533d85b6c95f06c4542d87d114e7f3411afe23210f37
train_clean	train	roboflow_team128_v5	roboflow_team128_v5_IMG_0560_jpg.rf.8bf9422c75e8321a6224c55a52dad288.jpg	roboflow_team128_v5_IMG_0560_jpg.rf.8bf9422c75e8321a6224c55a52dad288.txt	1	456	1085	0	1	98	1131.0	2331.0	648.0	528.0	151831.0	0a7dd61d966e464a76fce641467305c839eac8a5b6ba7e30f23e2bf8e73af633	25a9f9185b4156331c2204235b0ddaf5057379c1c3a1af163b0c6c7abe60bce2
train_clean	train	roboflow_team128_v5	roboflow_team128_v5_IMG_0560_jpg.rf.8bf9422c75e8321a6224c55a52dad288.jpg	roboflow_team128_v5_IMG_0560_jpg.rf.8bf9422c75e8321a6224c55a52dad288.txt	2	456	1086	0	1	114	850.0	1076.0	496.0	456.0	129084.0	434d896badf92d8a9150deb40e10d42f479d43a2e988e7d2f010c8003ea16efe	4718059eafdacc597c223634ef216423573b802bb74580b1e45ca9955305d6ba
train_clean	train	roboflow_team128_v5	roboflow_team128_v5_IMG_0561_jpg.rf.5912857c1394dd2b3c1367a2bcde0ec2.jpg	roboflow_team128_v5_IMG_0561_jpg.rf.5912857c1394dd2b3c1367a2bcde0ec2.txt	1	457	1087	0	1	89	1226.0	1180.0	760.0	576.0	314792.0	0a0fbf562fdb9439f82530fb40d5ec71a1dd441e3cbac77c9f5ff59b395a6280	5123c1d76493f9d3461caceae32b1489924dc897f3b5fad42e6be5551971ccc4
train_clean	train	roboflow_team128_v5	roboflow_team128_v5_IMG_0563_jpg.rf.d8da1bec0e3511f710cfd3e459dcfb6b.jpg	roboflow_team128_v5_IMG_0563_jpg.rf.d8da1bec0e3511f710cfd3e459dcfb6b.txt	1	458	1088	0	1	82	2436.0	653.0	393.0	598.0	137789.0	32b146cb840cea1484ab9861aff1dd5a5ba7b5c1ffb5cbd939d7855c03be59d6	ab989338d1a40c3e59f9473b4eec70aa5e39ee5d9509dffc2749c2f2266ce3da
train_clean	train	roboflow_team128_v5	roboflow_team128_v5_IMG_0563_jpg.rf.d8da1bec0e3511f710cfd3e459dcfb6b.jpg	roboflow_team128_v5_IMG_0563_jpg.rf.d8da1bec0e3511f710cfd3e459dcfb6b.txt	2	458	1089	0	1	214	1685.0	1687.0	749.0	869.0	258048.0	e6b72e490b23e8f02b03289953af99a4b0a763c757521de6d33915de7467ef86	11f0278e0684bd64e8e26d91fc37748620e249d3389f37c27fdc70a724ec54b6
train_clean	train	roboflow_team128_v5	roboflow_team128_v5_IMG_0564_jpg.rf.e690d7f470edc119ad47c2ced250fa2e.jpg	roboflow_team128_v5_IMG_0564_jpg.rf.e690d7f470edc119ad47c2ced250fa2e.txt	1	459	1090	0	1	158	912.0	2406.0	738.0	654.0	210533.0	c58b3a5ec25a4c018c20c571ee69763ed145b0828d6aa18e040e1da4dc5b4fdf	a2ccc9c6699319dc5ba26cca3a05f2d06926f30993f2ff4541bd54845a5dee01
train_clean	train	roboflow_team128_v5	roboflow_team128_v5_IMG_0564_jpg.rf.e690d7f470edc119ad47c2ced250fa2e.jpg	roboflow_team128_v5_IMG_0564_jpg.rf.e690d7f470edc119ad47c2ced250fa2e.txt	2	459	1091	0	1	84	1730.0	1450.0	532.0	618.0	179584.0	8ef6a412ef3e7cd070b0e04311ae648d87db705a3194fe0c856ac56f9854c148	ef445a2a49c8d05d1b4ec0b8cc121f21093c29565351521018c2e1408d9ba51a
train_clean	train	roboflow_team128_v5	roboflow_team128_v5_IMG_0564_jpg.rf.e690d7f470edc119ad47c2ced250fa2e.jpg	roboflow_team128_v5_IMG_0564_jpg.rf.e690d7f470edc119ad47c2ced250fa2e.txt	3	459	1092	0	1	8	0.0	273.0	70.0	60.0	2513.0	e5726c2b8dedad00122af3e0bbd5b3a4f8f23be5e655e91b979b007e0eaa77be	d8bf43e5ee2241d8be9dee210b1209440c00376af977a4d9164d036c8f9a258e
train_clean	train	roboflow_team128_v5	roboflow_team128_v5_IMG_0564_jpg.rf.e690d7f470edc119ad47c2ced250fa2e.jpg	roboflow_team128_v5_IMG_0564_jpg.rf.e690d7f470edc119ad47c2ced250fa2e.txt	4	459	1093	0	1	26	75.0	355.0	232.0	384.0	34410.0	b4957de8ca5f7de867b3ccb3ca00dbaf53d6550cbbf34385d4b2087f54490b1b	7b42b91f1ad95dfbe6812a4e7716eaad02a1c3dd262f711be3311ad8594b0d4e
train_clean	train	roboflow_team128_v5	roboflow_team128_v5_IMG_0565_jpg.rf.9216a8ead3fc4389bb529ab3ff3a9bb1.jpg	roboflow_team128_v5_IMG_0565_jpg.rf.9216a8ead3fc4389bb529ab3ff3a9bb1.txt	1	460	1094	0	1	164	1146.0	1252.0	1045.0	633.0	443598.0	c37ce30b6834ba894f2f802497487821e12d09afd2e5a86af320aa92b2b00aa8	6c1c99e2cf8cee6463c5573c7413f1c36beb86630e03cc97d40bf2b6d2ee34fa
train_clean	train	roboflow_team128_v5	roboflow_team128_v5_IMG_0565_jpg.rf.9216a8ead3fc4389bb529ab3ff3a9bb1.jpg	roboflow_team128_v5_IMG_0565_jpg.rf.9216a8ead3fc4389bb529ab3ff3a9bb1.txt	2	460	1095	0	1	67	2657.0	2887.0	312.0	349.0	70721.0	344efc9b387995c5b8894380dffe00490a0b6e731418194c624bea6e2de7ee5d	6687f4f358088ec700b291556875345415db5b8da74125135d2a3c7bc3ef65ab
train_clean	train	roboflow_team128_v5	roboflow_team128_v5_IMG_0566_jpg.rf.56272af13b781a386b236147f03e59c4.jpg	roboflow_team128_v5_IMG_0566_jpg.rf.56272af13b781a386b236147f03e59c4.txt	1	461	1096	0	1	60	1017.0	1559.0	835.0	672.0	386094.0	024382ca2dd29cb4ddbcce8b6def6d87399a60225e5c05007434039509629675	a33810ccd0824aee67394776cf6a5cd7536ff1283145c21c57e2075347916537
train_clean	train	roboflow_team128_v5	roboflow_team128_v5_IMG_0568_jpg.rf.2ae4924b91fa55cb0055d6fbb65fe21f.jpg	roboflow_team128_v5_IMG_0568_jpg.rf.2ae4924b91fa55cb0055d6fbb65fe21f.txt	1	462	1097	0	1	180	0.0	1496.0	522.0	873.0	269229.0	020431aff45971b984ee0a44b8507a0042b0f0ee2b016986ed4b25f55581bbb8	e16bda2dc99cc492ab7e68579bd800b3b97760d9102260640394e7589b959591
train_clean	train	roboflow_team128_v5	roboflow_team128_v5_IMG_0569_jpg.rf.7d11f4319c9deaebc25fa5b96c0dddfc.jpg	roboflow_team128_v5_IMG_0569_jpg.rf.7d11f4319c9deaebc25fa5b96c0dddfc.txt	1	463	1098	0	1	46	760.0	2048.0	742.0	790.0	399423.0	203b10b6e902a0bf5d15898ffbb5e4a63b707624d301fa145504b45a55cb9c35	76f06b8bde81587e3637359dc0c477599337d8de122c7372382a46d180bf8013
train_clean	train	roboflow_team128_v5	roboflow_team128_v5_IMG_0569_jpg.rf.7d11f4319c9deaebc25fa5b96c0dddfc.jpg	roboflow_team128_v5_IMG_0569_jpg.rf.7d11f4319c9deaebc25fa5b96c0dddfc.txt	2	463	1099	0	1	49	1567.0	1825.0	318.0	411.0	73322.0	34addfb877f9701a2b5dffd4dce0d08228582b44de015e03744287e1710a6667	db89d77309d828eff5a3ee391ec0daafedfc2504139562ee1976be941aa64093
train_clean	train	roboflow_team128_v5	roboflow_team128_v5_IMG_0569_jpg.rf.7d11f4319c9deaebc25fa5b96c0dddfc.jpg	roboflow_team128_v5_IMG_0569_jpg.rf.7d11f4319c9deaebc25fa5b96c0dddfc.txt	3	463	1100	0	1	36	1522.0	3586.0	1111.0	445.0	357304.0	29cb01cab70b857c56bf9369dde3c469a6914480233fc70505f5909fab0eac4d	b4327c3b8b12c968597ae501dadc50730fa1d8f1b5adcab1e4859a042f9f857a
train_clean	train	roboflow_team128_v5	roboflow_team128_v5_IMG_0569_jpg.rf.7d11f4319c9deaebc25fa5b96c0dddfc.jpg	roboflow_team128_v5_IMG_0569_jpg.rf.7d11f4319c9deaebc25fa5b96c0dddfc.txt	4	463	1101	0	1	28	2747.0	285.0	266.0	372.0	74602.0	e506e394db720e12154950f30b5eb8869fa9a11b44d85fb1e7225204c684b944	9ec89b1558a293c9f1f7509b9a1bfdfecd181e84cea1d432ab066f2199a757f5
train_clean	train	roboflow_team128_v5	roboflow_team128_v5_IMG_0570_jpg.rf.eddb02ab79ba27ba9b68116e86200184.jpg	roboflow_team128_v5_IMG_0570_jpg.rf.eddb02ab79ba27ba9b68116e86200184.txt	1	464	1102	0	1	64	1213.0	1300.0	722.0	759.0	389122.0	0e6edd54d4428c4496ae4f3dbc1fd3fa6dabfbeecb10fc70fb8e3a779b2df755	f7cb31e689c1523bb9b03860090eb42f7101dadf7f5373f31f7ac7aaa1b2675f
train_clean	train	roboflow_team128_v5	roboflow_team128_v5_IMG_0575_jpg.rf.1df256e35f6a9d1e913842df4a164a06.jpg	roboflow_team128_v5_IMG_0575_jpg.rf.1df256e35f6a9d1e913842df4a164a06.txt	1	465	1103	0	1	119	1102.0	3013.0	605.0	559.0	168740.0	762f70a1cab523591f2b4a7e2fbd8dbadeaf2631046cee74e345f88bf65da97b	a42711e4f964c0600a507d4542ab90fd2144412136f38eaad62ef9614fc440fe
train_clean	train	roboflow_team128_v5	roboflow_team128_v5_IMG_0576_jpg.rf.8b2f53d2de5f0b44756ceb6ff16d61d4.jpg	roboflow_team128_v5_IMG_0576_jpg.rf.8b2f53d2de5f0b44756ceb6ff16d61d4.txt	1	466	1104	0	1	69	987.0	2425.0	344.0	407.0	64324.0	312b5df4cf80d1f19218d6e83f46f4df93f1a468c6644ee795e2c1686ef02c20	e95a67e1c7242a7a56947b21e218b00a511d3077ebe77c89b4c9b5717fa70790
train_clean	train	roboflow_team128_v5	roboflow_team128_v5_IMG_0577_jpg.rf.d9f17aa1fd8b702acddd0123c5ee97ad.jpg	roboflow_team128_v5_IMG_0577_jpg.rf.d9f17aa1fd8b702acddd0123c5ee97ad.txt	1	467	1105	0	1	51	547.0	3689.0	412.0	288.0	71706.0	35c15d3ff0134c3bfdc872f20bcf881f485d4f7207e635c03f314602cea55247	5c3c4bc30bc891d8e984e86f27f169ad847a81668602b7b4d5014b0170180d73
train_clean	train	roboflow_team128_v5	roboflow_team128_v5_IMG_0580_jpg.rf.c0a6d2efe6505c4dab10333847f414ba.jpg	roboflow_team128_v5_IMG_0580_jpg.rf.c0a6d2efe6505c4dab10333847f414ba.txt	1	468	1106	0	1	33	1392.0	1181.0	206.0	224.0	27429.0	654c23f2398846a7e98a0bd3f9324673acf85e65b2ce4bc65232a9ef625b87d9	a4025b5b67965c83c6dd7cda484f0fc322fa41f6f7287ece620fac0cc992d4c1
train_clean	train	roboflow_team128_v5	roboflow_team128_v5_IMG_0580_jpg.rf.c0a6d2efe6505c4dab10333847f414ba.jpg	roboflow_team128_v5_IMG_0580_jpg.rf.c0a6d2efe6505c4dab10333847f414ba.txt	2	468	1107	0	1	75	1463.0	1453.0	667.0	465.0	165704.0	092b04075f12bedb9cc34df8b5743cbda89c1d7008a05ded612ba8f9eb591f76	3b4e5cee96e3a246956aff8564c65ecd905c92722149975c9b9b75128d25cef8
train_clean	train	roboflow_team128_v5	roboflow_team128_v5_IMG_0580_jpg.rf.c0a6d2efe6505c4dab10333847f414ba.jpg	roboflow_team128_v5_IMG_0580_jpg.rf.c0a6d2efe6505c4dab10333847f414ba.txt	3	468	1108	0	1	36	0.0	11.0	219.0	610.0	93630.0	b47b37399b354ecff8884dec64714a1cf526a9078eb38b9dcc77772f6526259d	e5e72d9469b1254e2c9b77fcaaa6615d280e1072302c4cea4e0a7853ee25b554
train_clean	train	roboflow_team128_v5	roboflow_team128_v5_IMG_0581_jpg.rf.51afcba2826be9e277f3fcf0ed47f50b.jpg	roboflow_team128_v5_IMG_0581_jpg.rf.51afcba2826be9e277f3fcf0ed47f50b.txt	1	469	1109	0	1	169	1231.0	1430.0	768.0	836.0	273511.0	5dece1fdd489f765b2ad282563ded0cb2ddb46b34775bcac2e32d9691d57ddc5	85ef783e179c156fd67e5a269fc891d8ff83a6030bf4558a1c9777192bc1c222
train_clean	train	roboflow_team128_v5	roboflow_team128_v5_IMG_0581_jpg.rf.51afcba2826be9e277f3fcf0ed47f50b.jpg	roboflow_team128_v5_IMG_0581_jpg.rf.51afcba2826be9e277f3fcf0ed47f50b.txt	2	469	1110	0	1	7	1000.0	911.0	31.0	55.0	1260.0	50a17cb8695fad5ec859dded3adfc5fd749abe73cd3c1cc2fcb060247a42b2c9	3b425548ba0e6aa112656637155fb8d7b21f0c51607065c5f730c7b30ff5aa68
train_clean	train	roboflow_team128_v5	roboflow_team128_v5_IMG_0581_jpg.rf.51afcba2826be9e277f3fcf0ed47f50b.jpg	roboflow_team128_v5_IMG_0581_jpg.rf.51afcba2826be9e277f3fcf0ed47f50b.txt	3	469	1111	0	1	20	870.0	971.0	161.0	142.0	13347.0	de5ee1518688713671ae15c0f8c5280576a1b19a12225349e2943fce02045883	49a2de515b25465d54ed60ba6d411097fde41563e641dafbe35676bbf8b5eb03
train_clean	train	roboflow_team128_v5	roboflow_team128_v5_IMG_0581_jpg.rf.51afcba2826be9e277f3fcf0ed47f50b.jpg	roboflow_team128_v5_IMG_0581_jpg.rf.51afcba2826be9e277f3fcf0ed47f50b.txt	4	469	1112	0	1	24	806.0	600.0	246.0	142.0	23105.0	a031d258cbf094780c5e645a65b2e351886ebed719777f26c3645fefa8203dce	9f7df364716720da045ce02820798838a9663d5eca832d7cb76b4080e352d075
train_clean	train	roboflow_team128_v5	roboflow_team128_v5_IMG_0581_jpg.rf.51afcba2826be9e277f3fcf0ed47f50b.jpg	roboflow_team128_v5_IMG_0581_jpg.rf.51afcba2826be9e277f3fcf0ed47f50b.txt	5	469	1113	0	1	31	674.0	718.0	161.0	247.0	23593.0	f6c6bdf84f415e6013755d0885cbf97a1ec28923c5dfd4763075ce5f34ec8a5a	bb9eb792ddf78a5645b35bd37b42381764422135ba88410352ee0fcbf5cd36ff
train_clean	train	roboflow_team128_v5	roboflow_team128_v5_IMG_0583_jpg.rf.342a2d6867f4efc4624a4236cc4ebdd4.jpg	roboflow_team128_v5_IMG_0583_jpg.rf.342a2d6867f4efc4624a4236cc4ebdd4.txt	1	470	1114	0	1	69	1457.0	1310.0	391.0	459.0	108317.0	d0d7858c2b6fee01e92ede1eba9940b337195e20220e50c5a10a342b54a11083	2f20c6a583a583431c1d5159b43c1326b849bbff5575bdfef9b29a4299ee17fc
train_clean	train	roboflow_team128_v5	roboflow_team128_v5_IMG_0583_jpg.rf.342a2d6867f4efc4624a4236cc4ebdd4.jpg	roboflow_team128_v5_IMG_0583_jpg.rf.342a2d6867f4efc4624a4236cc4ebdd4.txt	2	470	1115	0	1	72	1730.0	1234.0	461.0	391.0	58353.0	f954f1f4b17d0bf651e0b8cf2dd8a26df20b35bd3178306fcc5e90ceb60a0441	c312071023cc8d9f2da3501734e36e36547fcf419aa1bda904126c27bdb8a0d0
train_clean	train	roboflow_team128_v5	roboflow_team128_v5_IMG_0583_jpg.rf.342a2d6867f4efc4624a4236cc4ebdd4.jpg	roboflow_team128_v5_IMG_0583_jpg.rf.342a2d6867f4efc4624a4236cc4ebdd4.txt	3	470	1116	0	1	135	1.0	553.0	721.0	823.0	254030.0	4b61a7662b7258a7f8eeded0458efbdc7b40d2700baec9cc2926518bc0dc40ad	ae792c5783b4697cca51897aef44aeb9cc7cd9f1fc0cc336c6ecf6ce18ffa52b
train_clean	train	roboflow_team128_v5	roboflow_team128_v5_IMG_0583_jpg.rf.342a2d6867f4efc4624a4236cc4ebdd4.jpg	roboflow_team128_v5_IMG_0583_jpg.rf.342a2d6867f4efc4624a4236cc4ebdd4.txt	4	470	1117	0	1	60	0.0	3472.0	335.0	559.0	152746.0	4d486459188701d358ef87354be0fbf56bb112eb6f7a8234af8ea1e53667c000	bea925ae623794e393d848ebee603250561c94260cf3f9bb073f375d3f62ec2a
train_clean	train	roboflow_team128_v5	roboflow_team128_v5_IMG_0583_jpg.rf.342a2d6867f4efc4624a4236cc4ebdd4.jpg	roboflow_team128_v5_IMG_0583_jpg.rf.342a2d6867f4efc4624a4236cc4ebdd4.txt	5	470	1118	0	1	54	2432.0	2470.0	335.0	550.0	102123.0	a45167e382dcb7f1c5288b2d5da2c9bc3a52b30c5ff106aecd2e3bc9a6d224a4	9262f21016278650dae791dd26358b4af92f7057b138ea595880e989029bd21e
train_clean	train	roboflow_team128_v5	roboflow_team128_v5_IMG_0584_jpg.rf.cc1c50266931557a13cf90a934cfab85.jpg	roboflow_team128_v5_IMG_0584_jpg.rf.cc1c50266931557a13cf90a934cfab85.txt	1	471	1119	0	1	80	1063.0	1250.0	597.0	441.0	127695.0	3219537fb796dd90d72136aac856925647577e9ac6ff47044d771e79a192e9a8	ef348cc9f7ecf04ef9626a4e8f8e05fe6400afb9156c0d4636e2dc3cad463b8e
train_clean	train	roboflow_team128_v5	roboflow_team128_v5_IMG_0584_jpg.rf.cc1c50266931557a13cf90a934cfab85.jpg	roboflow_team128_v5_IMG_0584_jpg.rf.cc1c50266931557a13cf90a934cfab85.txt	2	471	1120	0	1	35	642.0	1297.0	147.0	256.0	19483.0	cca119ca80a0c018fd473c7863670c684656500e605d571d355a55366b00ad22	04feb81e9376cb1883ec7224ebd2a182ea3706858c83443e4aa23cff93004268
train_clean	train	roboflow_team128_v5	roboflow_team128_v5_IMG_0584_jpg.rf.cc1c50266931557a13cf90a934cfab85.jpg	roboflow_team128_v5_IMG_0584_jpg.rf.cc1c50266931557a13cf90a934cfab85.txt	3	471	1121	0	1	98	2347.0	1608.0	676.0	639.0	236107.0	00103565249a6ef7c8008be7911ea530fa7e282f5e4d5390eafced73ea06ff58	40c864f1b744992a74449b2a05dfcc365408940bf968fb4e94ea7b0b0900c9ae
train_clean	train	roboflow_team128_v5	roboflow_team128_v5_IMG_0585_jpg.rf.e4e6cd253dc496f80313018cef983c8b.jpg	roboflow_team128_v5_IMG_0585_jpg.rf.e4e6cd253dc496f80313018cef983c8b.txt	1	472	1122	0	1	99	1918.0	3527.0	549.0	504.0	142716.0	4fd79b154da60778e5b8249dd90d63d48bea72bb67e17652f6185e91468eab5d	ddcc26b55497c6a846247fc2acc845adcce8b81e7be4eed287e33c455b1e9f87
train_clean	train	roboflow_team128_v5	roboflow_team128_v5_IMG_0585_jpg.rf.e4e6cd253dc496f80313018cef983c8b.jpg	roboflow_team128_v5_IMG_0585_jpg.rf.e4e6cd253dc496f80313018cef983c8b.txt	2	472	1123	0	1	159	1492.0	1656.0	791.0	546.0	199717.0	0c7cde6cf1abb6f18ff29187a222a6bf56b52e8d95858118a547719d3a25027b	610e9921001e6d3e225a28667012a40753585e52276876fec97dfb44f12ad164
train_clean	train	roboflow_team128_v5	roboflow_team128_v5_IMG_0585_jpg.rf.e4e6cd253dc496f80313018cef983c8b.jpg	roboflow_team128_v5_IMG_0585_jpg.rf.e4e6cd253dc496f80313018cef983c8b.txt	3	472	1124	0	1	17	2906.0	2525.0	117.0	462.0	37680.0	ddc72d31bf7efbd1a328999da53ba0bac69ab901c1223921d1f2778c8331a36a	2e58f9765ba2a7c9a837a8da15f89a542660c3d90214d9f49dfd59b321ac7849
train_clean	train	roboflow_team128_v5	roboflow_team128_v5_IMG_0589_jpg.rf.1007db406c0fa15bd4bef94933d2a7ad.jpg	roboflow_team128_v5_IMG_0589_jpg.rf.1007db406c0fa15bd4bef94933d2a7ad.txt	1	473	1125	0	1	45	1458.0	915.0	618.0	338.0	116224.0	5122fc5526e3da53a3b3dbf4bf8cb9efe7f26dd7a2d35d8a56d8cef996005b52	610739800e4c722d7505f019d43c1326706ba23c8f7d017f7f15ca229c86e6b5
train_clean	train	roboflow_team128_v5	roboflow_team128_v5_IMG_0590_jpg.rf.94f1926da7e71469d057606ad182855e.jpg	roboflow_team128_v5_IMG_0590_jpg.rf.94f1926da7e71469d057606ad182855e.txt	1	474	1126	0	1	63	1186.0	1096.0	529.0	668.0	210835.0	69bc9c4539e668716d99ca1cbb5bd661f51aed2ad549cbfb39c31e04314e41e1	755a253e1e8f2e15efa99f65615aa3e0146cae8212dac23f90fadabb9c71c66c
train_clean	train	roboflow_team128_v5	roboflow_team128_v5_IMG_0590_jpg.rf.94f1926da7e71469d057606ad182855e.jpg	roboflow_team128_v5_IMG_0590_jpg.rf.94f1926da7e71469d057606ad182855e.txt	2	474	1127	0	1	31	1727.0	1461.0	294.0	300.0	52075.0	7a246ecb9efc229901c8f30db5d7d36c1c1c5e28802daf9eff096c6ea3b4d3e1	029c4121592c52f68a96a1a73c2ef21904c8548f02156ffde0754c629b68fe2e
train_clean	train	roboflow_team128_v5	roboflow_team128_v5_IMG_0590_jpg.rf.94f1926da7e71469d057606ad182855e.jpg	roboflow_team128_v5_IMG_0590_jpg.rf.94f1926da7e71469d057606ad182855e.txt	3	474	1128	0	1	28	1676.0	1003.0	300.0	223.0	42358.0	682483e95cab8d7c08c175eb15c5faf77cf51a283a41ca3d2ce0d41332425bcf	13273e955277a29ba1c84a4d20793d71a6188d768fb4516fb6c43fa9f9a3a328
train_clean	train	roboflow_team128_v5	roboflow_team128_v5_IMG_0590_jpg.rf.94f1926da7e71469d057606ad182855e.jpg	roboflow_team128_v5_IMG_0590_jpg.rf.94f1926da7e71469d057606ad182855e.txt	4	474	1129	0	1	21	2092.0	1615.0	175.0	208.0	25810.0	84379779ce2b61d2eecc7f5c7b5356c8abd9dfa32893965110cd76d6623d60ff	0f73958a73c45f4839e31e23fac49dd76e0a3c13210287283ae01691e5777d55
train_clean	train	roboflow_team128_v5	roboflow_team128_v5_IMG_0590_jpg.rf.94f1926da7e71469d057606ad182855e.jpg	roboflow_team128_v5_IMG_0590_jpg.rf.94f1926da7e71469d057606ad182855e.txt	5	474	1130	0	1	12	1417.0	988.0	225.0	112.0	17951.0	0e414d5f2401bca47dfbf708ba01b14ca18742f5397437a70a170983754b97d2	a2dd044de74131318eaee54ad116bfb154b43193e9a41a5c4be536a49f814310
train_clean	train	roboflow_team128_v5	roboflow_team128_v5_IMG_0590_jpg.rf.94f1926da7e71469d057606ad182855e.jpg	roboflow_team128_v5_IMG_0590_jpg.rf.94f1926da7e71469d057606ad182855e.txt	6	474	1131	0	1	168	614.0	1317.0	529.0	681.0	175663.0	dd594b0217d90bc27a8711a9c4ed64760c715db6e9ec8dcb85230a495b1098cf	c64bb6b683845af1f16080c3dad260fd88495b9e7e8cd375f4eb1b569d00d09b
train_clean	train	roboflow_team128_v5	roboflow_team128_v5_IMG_0590_jpg.rf.94f1926da7e71469d057606ad182855e.jpg	roboflow_team128_v5_IMG_0590_jpg.rf.94f1926da7e71469d057606ad182855e.txt	7	474	1132	0	1	22	1002.0	1884.0	170.0	150.0	10519.0	7521c0aaeb32f69eb3d947411ce0f60fbc44bb41abcdd0949f552ba03c7be6d7	577d15555ab54911013014303597ade7d437c6926760eff7a84a8b57fa68d764
train_clean	train	roboflow_team128_v5	roboflow_team128_v5_IMG_0591_jpg.rf.e5b2eee1d85050c8e25f83e4aa8a4898.jpg	roboflow_team128_v5_IMG_0591_jpg.rf.e5b2eee1d85050c8e25f83e4aa8a4898.txt	1	475	1133	0	1	60	1087.0	1307.0	1089.0	834.0	625122.0	7d9dd4e55ac6ed2f91f3420544ea6853cdaec8e644bc5747e6aaeb27e72629a6	4c8aa772ace401ad7e7c25431816aedc2b13a2c528f183390f1ba81ae64fc022
train_clean	train	roboflow_team128_v5	roboflow_team128_v5_IMG_0593_jpg.rf.621b690310e2cd24f21b0ded3e2a64b6.jpg	roboflow_team128_v5_IMG_0593_jpg.rf.621b690310e2cd24f21b0ded3e2a64b6.txt	1	476	1134	0	1	41	821.0	1517.0	742.0	596.0	351663.0	5b358ef1d860003dcb3a3aa3ca483e548c5a0a25b07964ea095b4dd96bf29c8c	23e6889a18a406fd15013cbc82be218de78c83f1ee448cbaf39b6857d3d02961
train_clean	train	roboflow_team128_v5	roboflow_team128_v5_IMG_0593_jpg.rf.621b690310e2cd24f21b0ded3e2a64b6.jpg	roboflow_team128_v5_IMG_0593_jpg.rf.621b690310e2cd24f21b0ded3e2a64b6.txt	2	476	1135	0	1	61	1633.0	1300.0	892.0	1074.0	596343.0	205b1632c0624e73f7bb76d1c91a7b200d02e93879de8fe2c623d8bff042062f	37d5498be0dcaae95e867ab17c0c01c47e99b927f418c0cf9e8e5504f3510bd6
train_clean	train	roboflow_team128_v5	roboflow_team128_v5_IMG_0595_jpg.rf.0676277daf53e51ff6b9e17cf64c808f.jpg	roboflow_team128_v5_IMG_0595_jpg.rf.0676277daf53e51ff6b9e17cf64c808f.txt	1	477	1136	0	1	110	1139.0	1438.0	909.0	573.0	354027.0	57ad0b3c24e3cafe010f01b2566063da86571d924f3ca531738806c4cf78a341	82c3605fe049568fb6568a6a9ca5ec7e822ddca68bd0847db15427a1695a7296
train_clean	train	roboflow_team128_v5	roboflow_team128_v5_IMG_0595_jpg.rf.0676277daf53e51ff6b9e17cf64c808f.jpg	roboflow_team128_v5_IMG_0595_jpg.rf.0676277daf53e51ff6b9e17cf64c808f.txt	2	477	1137	0	1	56	1748.0	0.0	618.0	375.0	154739.0	f45ffeee885045c7824640d5532bbcb6fcaf5bc75ff0eb8c33bd308599f6dbf2	840be520816ccc620e7b17296d7ed8579d3c4f0a296291509a152bdb247e1b29
train_clean	train	roboflow_team128_v5	roboflow_team128_v5_IMG_0597_jpg.rf.fe6ae1ef6354269927bab8bca302aa2a.jpg	roboflow_team128_v5_IMG_0597_jpg.rf.fe6ae1ef6354269927bab8bca302aa2a.txt	1	478	1138	0	1	122	1062.0	1217.0	711.0	669.0	332528.0	eaa6315e28b68d3232b99298f80d8debac40677ec5b9aa42213057804af66134	b5f3ea384ee9891fa49525d54401002622edfbc08ab4cf749900eee8bfe6ed01
train_clean	train	roboflow_team128_v5	roboflow_team128_v5_IMG_0597_jpg.rf.fe6ae1ef6354269927bab8bca302aa2a.jpg	roboflow_team128_v5_IMG_0597_jpg.rf.fe6ae1ef6354269927bab8bca302aa2a.txt	2	478	1139	0	1	92	54.0	3622.0	978.0	409.0	310924.0	cbd0d69ab1d730aeeb8f49008d6ee28b9944f14cfbc5d186ac8483193f18a5ff	dd22a14d943a552044f2085aa13453c45bb710bd7fd60b3d94dc3f00daf8af72
train_clean	train	roboflow_team128_v5	roboflow_team128_v5_IMG_0598_jpg.rf.3d5d481d1b2dbc2ff92d7adabbea37bc.jpg	roboflow_team128_v5_IMG_0598_jpg.rf.3d5d481d1b2dbc2ff92d7adabbea37bc.txt	1	479	1140	0	1	169	936.0	1585.0	1167.0	891.0	655685.0	c8fbb75b5b23772500c60935a689b731bad716e2cb5cfe1f8e020fc56d8e33bc	a92ae248c07d4f8977d55bc1b31718bb7639d9eba9063fef434bb7ca4ad82470
train_clean	train	roboflow_team128_v5	roboflow_team128_v5_IMG_0598_jpg.rf.3d5d481d1b2dbc2ff92d7adabbea37bc.jpg	roboflow_team128_v5_IMG_0598_jpg.rf.3d5d481d1b2dbc2ff92d7adabbea37bc.txt	2	479	1141	0	1	77	1314.0	602.0	374.0	396.0	77344.0	fa76381f9fc8560e6316896afd958a0de0563bfe6d454e73979fbfc1259c182e	a575f0b96aca97afd7a0c00301affb10fb461a9f65e4d603778bb416d31055b3
train_clean	train	roboflow_team128_v5	roboflow_team128_v5_IMG_0601_jpg.rf.61c962aa3ce9dd983ae325cd0a748757.jpg	roboflow_team128_v5_IMG_0601_jpg.rf.61c962aa3ce9dd983ae325cd0a748757.txt	1	480	1142	0	1	17	1500.0	2485.0	108.0	181.0	12508.0	a621d0d6d6647c1dfc041998204f70a85c96970cd085f43dc4e4bffd2effd742	e09a4eec43c08827abdd406cfcd82c7d25e84fd4d295105d6b2e8ade5c5bb9db
train_clean	train	roboflow_team128_v5	roboflow_team128_v5_IMG_0601_jpg.rf.61c962aa3ce9dd983ae325cd0a748757.jpg	roboflow_team128_v5_IMG_0601_jpg.rf.61c962aa3ce9dd983ae325cd0a748757.txt	2	480	1143	0	1	104	1509.0	2121.0	470.0	494.0	117750.0	2e3210883ab12326335170c994091ce4c303e89244b6b9033f6acfff85fae3ff	85a560ef8c4c1350cb084c4b8b2ce39e6487c4ad96ea5317639f72c09918cbee
train_clean	train	roboflow_team128_v5	roboflow_team128_v5_IMG_0602_jpg.rf.2e970aff825cb1df9383537eb570f914.jpg	roboflow_team128_v5_IMG_0602_jpg.rf.2e970aff825cb1df9383537eb570f914.txt	1	481	1144	0	1	126	1672.0	206.0	604.0	779.0	259542.0	09fe2a4aa1a49d418082f8512dd2d08f2bfabf11550865b8116130f9242bb9ef	7faf64a8f0ce957fcfcc4a1ca297b6cecd22edf9eceb9b26d6d4101d5fcb6818
train_clean	train	roboflow_team128_v5	roboflow_team128_v5_IMG_0602_jpg.rf.2e970aff825cb1df9383537eb570f914.jpg	roboflow_team128_v5_IMG_0602_jpg.rf.2e970aff825cb1df9383537eb570f914.txt	2	481	1145	0	1	82	1176.0	877.0	353.0	516.0	91926.0	ec7d85b50adc6af28e640601202e36e2ed96f247fb2ee54b771a992bdd7647a1	5298dc0c6ce801cebc2063df9a099f6be16cec56d8c419c8f9db07257ceb549a
train_clean	train	roboflow_team128_v5	roboflow_team128_v5_IMG_0603_jpg.rf.17311148a1655c314dac6eb8bfb66cdb.jpg	roboflow_team128_v5_IMG_0603_jpg.rf.17311148a1655c314dac6eb8bfb66cdb.txt	1	482	1146	0	1	95	991.0	1803.0	721.0	756.0	287605.0	72241289e9ad953242238c1d47276b78a9988ee59a12f320c1612d180c729ccd	466d0a94c7dd913749a8949e9d9ed21209f943a4d3d85c25bfbd006abe2ae8d0
train_clean	train	roboflow_team128_v5	roboflow_team128_v5_IMG_0603_jpg.rf.17311148a1655c314dac6eb8bfb66cdb.jpg	roboflow_team128_v5_IMG_0603_jpg.rf.17311148a1655c314dac6eb8bfb66cdb.txt	2	482	1147	0	1	55	476.0	2284.0	484.0	677.0	226020.0	279be5ff462921491b00f473ade9455eda9f583176233547d56a5c60d7a02657	773651fed074f517f2bf591b55814abf3d3cdca44c572e557c34654b314a0b65
train_clean	train	roboflow_team128_v5	roboflow_team128_v5_IMG_0605_jpg.rf.3aad68fbcf9d3914cbe3887ec3500407.jpg	roboflow_team128_v5_IMG_0605_jpg.rf.3aad68fbcf9d3914cbe3887ec3500407.txt	1	483	1148	0	1	39	1333.0	1449.0	234.0	359.0	43037.0	c06dda6114f41f1d1cfc16827a18c9d2d7f5a8a9d39a31b434be2a4dd3dfae9e	504d341a66b768274ed30a5920b110ab7400eb1150f251db4eebcb06dde08c8b
train_clean	train	roboflow_team128_v5	roboflow_team128_v5_IMG_0606_jpg.rf.5ee996e9b1028c58e13a8dae82f30432.jpg	roboflow_team128_v5_IMG_0606_jpg.rf.5ee996e9b1028c58e13a8dae82f30432.txt	1	484	1149	0	1	105	1522.0	2119.0	562.0	580.0	128238.0	8516a4e4d96d9a875eb68cd548b72a7b078cf63aaba07c8c5143763af7424227	b73703d993ded6c33be24c632ac02634edaa22fbfdaad311dc0eb538f12e5dec
train_clean	train	roboflow_team128_v5	roboflow_team128_v5_IMG_0606_jpg.rf.5ee996e9b1028c58e13a8dae82f30432.jpg	roboflow_team128_v5_IMG_0606_jpg.rf.5ee996e9b1028c58e13a8dae82f30432.txt	2	484	1150	0	1	46	1268.0	2466.0	207.0	289.0	27214.0	914bf985d0c72b516a22565996d558054469076a36d3616b45170a8c05924ed3	c2126623affc78122ded6e08fc53c0878ee73887f2e2afe158e0a58a9ab64a39
train_clean	train	roboflow_team128_v5	roboflow_team128_v5_IMG_0606_jpg.rf.5ee996e9b1028c58e13a8dae82f30432.jpg	roboflow_team128_v5_IMG_0606_jpg.rf.5ee996e9b1028c58e13a8dae82f30432.txt	3	484	1151	0	1	75	1070.0	1672.0	361.0	376.0	75698.0	573111cb30f49145a3a6fa48b676b1d8b9038c8266c5182b1f019cc06151d713	2f8047c76de651edb82e149e9329e41d268d4a84a2bdb4f718966cd97c677bc9
train_clean	train	roboflow_team128_v5	roboflow_team128_v5_IMG_0607_jpg.rf.7d2e296a6f166189c5ba711004a69236.jpg	roboflow_team128_v5_IMG_0607_jpg.rf.7d2e296a6f166189c5ba711004a69236.txt	1	485	1152	0	1	110	838.0	1674.0	537.0	601.0	177508.0	5937fa81fc86b67b7c7809db08b4e62fecef680701473d6ed2a9caa331c30d66	9e3aead373faeac2a165e3919498de4c192e8144a3c0a5fb374d00cab84c1dea
train_clean	train	roboflow_team128_v5	roboflow_team128_v5_IMG_0607_jpg.rf.7d2e296a6f166189c5ba711004a69236.jpg	roboflow_team128_v5_IMG_0607_jpg.rf.7d2e296a6f166189c5ba711004a69236.txt	2	485	1153	0	1	129	1491.0	2202.0	666.0	726.0	150417.0	7ce2fb024867ba6ff379b0ac67b2f81973b171b8b8903da4faeb347bbc94dcae	01ca9f8dedbd95887870fa0a4255985f0531703abc222eaf76fbb94f7a4293d6
train_clean	train	roboflow_team128_v5	roboflow_team128_v5_IMG_0607_jpg.rf.7d2e296a6f166189c5ba711004a69236.jpg	roboflow_team128_v5_IMG_0607_jpg.rf.7d2e296a6f166189c5ba711004a69236.txt	3	485	1154	0	1	8	1582.0	2488.0	63.0	50.0	1764.0	805a76f28b7b59b68fc802872359eb39665add951c2f2918e30915a7717a3d88	72c54f2010792225817b6a998e16b1c30e3f9caf89a67e327ab7b25ba63bcb44
train_clean	train	roboflow_team128_v5	roboflow_team128_v5_IMG_0607_jpg.rf.7d2e296a6f166189c5ba711004a69236.jpg	roboflow_team128_v5_IMG_0607_jpg.rf.7d2e296a6f166189c5ba711004a69236.txt	4	485	1155	0	1	9	1785.0	2478.0	52.0	57.0	1866.0	f7a3cecb607e8b7052c7a760753379643ff399c6c31968bf7b7c177e80fc1b67	169882c1c624698d3318c55fc3bacc051911ea51723802f2246a52d398a3e8c9
train_clean	train	roboflow_team128_v5	roboflow_team128_v5_IMG_0608_jpg.rf.27f156b1007ac40f9c1302489bed70c9.jpg	roboflow_team128_v5_IMG_0608_jpg.rf.27f156b1007ac40f9c1302489bed70c9.txt	1	486	1156	0	1	48	831.0	1281.0	539.0	642.0	249215.0	cf5df17ddffc5f315cbdba4b406b6da97ae9d4c3ed95c1229ce9df6175de7790	3f44c8d8c3bf4fc0c4890557f8c76553c4fe82c916e50385d55a629507c7abd5
train_clean	train	roboflow_team128_v5	roboflow_team128_v5_IMG_0613_jpg.rf.b15cc795f0cba48427ffd17849d344ef.jpg	roboflow_team128_v5_IMG_0613_jpg.rf.b15cc795f0cba48427ffd17849d344ef.txt	1	487	1157	0	1	46	0.0	2393.0	592.0	643.0	258161.0	e55e8df31c2fe084bc5cbd1d2bee3dda84e570f002e9360fd902fe61870aba37	bb3b983d8a13f49aa53791490690242215aecc5f16ae09313d3e7f8eca668521
train_clean	train	roboflow_team128_v5	roboflow_team128_v5_IMG_0613_jpg.rf.b15cc795f0cba48427ffd17849d344ef.jpg	roboflow_team128_v5_IMG_0613_jpg.rf.b15cc795f0cba48427ffd17849d344ef.txt	2	487	1158	0	1	89	1293.0	884.0	796.0	558.0	219188.0	99a681d08fcb2dda083627d0014343a28fcd84eaebbd4fe2ed3c34bdc52acc85	bd4190c674543bde027edab1170734c9874b20990a82252911dd607337ea61d8
train_clean	train	roboflow_team128_v5	roboflow_team128_v5_IMG_0615_jpg.rf.1408715b8407521b04fe3d25f2f725ed.jpg	roboflow_team128_v5_IMG_0615_jpg.rf.1408715b8407521b04fe3d25f2f725ed.txt	1	488	1159	0	1	66	1434.0	1499.0	493.0	462.0	77899.0	59a002fa222d6b23ca9b926619a8e4511cfbe9039bad8db44282831e259b0fc7	7be70985579083edce52f7b6f42eeccb6c115e55e93e6119e4b0aced825187e7
train_clean	train	roboflow_team128_v5	roboflow_team128_v5_IMG_0616_jpg.rf.483e5652aeb55c9987c2f582e07ca746.jpg	roboflow_team128_v5_IMG_0616_jpg.rf.483e5652aeb55c9987c2f582e07ca746.txt	1	489	1160	0	1	215	737.0	1134.0	651.0	855.0	219063.0	88eccd4e459dcbd9cebab7daa4bf5bca04d0d2f038df1e204540260b028bb7f2	6d8f344e9d88e40c99726a76f8d41c10701e29e6d563e6201f7a3e9abe558895
train_clean	train	roboflow_team128_v5	roboflow_team128_v5_IMG_0616_jpg.rf.483e5652aeb55c9987c2f582e07ca746.jpg	roboflow_team128_v5_IMG_0616_jpg.rf.483e5652aeb55c9987c2f582e07ca746.txt	2	489	1161	0	1	55	1509.0	1189.0	305.0	298.0	45938.0	7cccc7950fcfab66325c6d1f1b27a62fc1f0e580e243dccc256391caa596ec85	2ee71a701fae88f2a455d0283ec0f82b8f28fe1e03dde161460d64e76782fedf
train_clean	train	roboflow_team128_v5	roboflow_team128_v5_IMG_0617_jpg.rf.183b2780eca4dcfc06f4a3e2279d8518.jpg	roboflow_team128_v5_IMG_0617_jpg.rf.183b2780eca4dcfc06f4a3e2279d8518.txt	1	490	1162	0	1	217	1006.0	1796.0	1031.0	862.0	304562.0	f2a64bfc01361cf13b747b26b6c1189eac5dc844f3d99f124e355e58385d2198	5161925df0b3409485a010917a2c6e750048482c4197a465add17bc4db6dd068
train_clean	train	roboflow_team128_v5	roboflow_team128_v5_IMG_0618_jpg.rf.9576466bb0fd3e428e2f65b58af3c5a3.jpg	roboflow_team128_v5_IMG_0618_jpg.rf.9576466bb0fd3e428e2f65b58af3c5a3.txt	1	491	1163	0	1	65	1381.0	1469.0	361.0	415.0	101840.0	9082a96e65ced343e504a6224de4a0ecc00eccb6f6a61c3c3d12374d44efcac5	6fdfc9a123c277acf541bc9a5c658724b50f9f5ac9ee9160fa5954647e7f50db
train_clean	train	roboflow_team128_v5	roboflow_team128_v5_IMG_0618_jpg.rf.9576466bb0fd3e428e2f65b58af3c5a3.jpg	roboflow_team128_v5_IMG_0618_jpg.rf.9576466bb0fd3e428e2f65b58af3c5a3.txt	2	491	1164	0	1	38	380.0	2776.0	259.0	194.0	22844.0	e821e0a9f432ebbbb9c6fa1eb66b296113c56db206e8a6325277c7d0d53cb5de	5b0b040998d88ea129760c085bd1236ed12dd865e7960cd4714a1d7639c3e518
train_clean	train	roboflow_team128_v5	roboflow_team128_v5_IMG_0622_jpg.rf.6fe9c49994efabd33199ad1cccd1ba51.jpg	roboflow_team128_v5_IMG_0622_jpg.rf.6fe9c49994efabd33199ad1cccd1ba51.txt	1	492	1165	0	1	46	1420.0	127.0	674.0	485.0	174178.0	f71a3e111a5523dd9ee1aae5feecb98f716a3e20f8d00428c462ada8db6a9fc8	8dd5a18765000c6f293d9c746b0df0b6077db9897c3edc41858afb2263a3ad54
train_clean	train	roboflow_team128_v5	roboflow_team128_v5_IMG_0622_jpg.rf.6fe9c49994efabd33199ad1cccd1ba51.jpg	roboflow_team128_v5_IMG_0622_jpg.rf.6fe9c49994efabd33199ad1cccd1ba51.txt	2	492	1166	0	1	63	1431.0	1052.0	725.0	708.0	373497.0	6b0cf1c979d27b0dde54103d4a210ec428c5908b75c6167e9488a69de7096a64	425cbd7ef04585e9b547aed6c7c261a245d998875208271ae8934d0cc9983d34
train_clean	train	roboflow_team128_v5	roboflow_team128_v5_IMG_0623_jpg.rf.d842d1d9261848feb3bce3de4e5acea0.jpg	roboflow_team128_v5_IMG_0623_jpg.rf.d842d1d9261848feb3bce3de4e5acea0.txt	1	493	1167	0	1	51	1249.0	1126.0	341.0	570.0	122304.0	f8e75ad12cf6627cc89ceae62d1db7717e53f57d2f30139fdfc88eb151897195	fded671ae8f9678a963030f34a3bfb6e127b41de34b74d4da36e81bee190c93f
train_clean	train	roboflow_team128_v5	roboflow_team128_v5_IMG_0623_jpg.rf.d842d1d9261848feb3bce3de4e5acea0.jpg	roboflow_team128_v5_IMG_0623_jpg.rf.d842d1d9261848feb3bce3de4e5acea0.txt	2	493	1168	0	1	32	1838.0	1185.0	167.0	291.0	23892.0	baeaa0d354bde1e2b64bb4bf5227ee5efb2ff6680849f36beb062a190d4ed499	70d449176a95f220043b8469730b3ac2409b20686ee0b16bdf161b2199e9fd99
train_clean	train	roboflow_team128_v5	roboflow_team128_v5_IMG_0625_jpg.rf.7abc37ac63354fd9ebc4439f1c90d3e2.jpg	roboflow_team128_v5_IMG_0625_jpg.rf.7abc37ac63354fd9ebc4439f1c90d3e2.txt	1	494	1169	0	1	40	2099.0	2817.0	570.0	582.0	196094.0	39b6b882820d5abbcda933bdf732e1b2adb73748abd0ac0e519473613a549ed9	37d8a59ee8708dae815400c6352cc95bb0e42e2f3a31f80b34daf07c8baeaec2
train_clean	train	roboflow_team128_v5	roboflow_team128_v5_IMG_0625_jpg.rf.7abc37ac63354fd9ebc4439f1c90d3e2.jpg	roboflow_team128_v5_IMG_0625_jpg.rf.7abc37ac63354fd9ebc4439f1c90d3e2.txt	2	494	1170	0	1	18	2825.0	914.0	198.0	438.0	68006.0	714193223e66d30e680d3e9d0ec331cd452012ba2ab14d06955c7babd1c460ec	673ff2b3f1992dfa8b43c16462193a620aa0c51231dfd0e5802bad92d74223f4
train_clean	train	roboflow_team128_v5	roboflow_team128_v5_IMG_0625_jpg.rf.7abc37ac63354fd9ebc4439f1c90d3e2.jpg	roboflow_team128_v5_IMG_0625_jpg.rf.7abc37ac63354fd9ebc4439f1c90d3e2.txt	3	494	1171	0	1	47	1775.0	824.0	537.0	763.0	204008.0	be2d4f2fd2874e371c6aee02da2d6ac47ac02c998573810db9a9efed30182036	7fbb9ca23b9150da626a37c4a3892a5201a6dc82648cb2a9050d49abe427996d
train_clean	train	roboflow_team128_v5	roboflow_team128_v5_IMG_0628_jpg.rf.89837bc722f0dc51b19d543fe2fb05ba.jpg	roboflow_team128_v5_IMG_0628_jpg.rf.89837bc722f0dc51b19d543fe2fb05ba.txt	1	495	1172	0	1	73	1087.0	1117.0	687.0	686.0	340087.0	7ef50c2729c5e835b91a2c5c384b9c9ecd7fefc87e30288648fb64aa667e1db1	aa526377cdcf14b257c158a36d0c1b991fd3eedadf542de114e5b47c833d03e1
train_clean	train	roboflow_team128_v5	roboflow_team128_v5_IMG_0628_jpg.rf.89837bc722f0dc51b19d543fe2fb05ba.jpg	roboflow_team128_v5_IMG_0628_jpg.rf.89837bc722f0dc51b19d543fe2fb05ba.txt	2	495	1173	0	1	50	2396.0	2077.0	218.0	517.0	54881.0	4b610e8d72178115d2f08fb16dfe22565a839bdfc03b6c6634d26a580093a214	3dcbc7d27de985f34998b982c15bfc86ec79e7d6bb32bfc03a69e21e7c8fc418
train_clean	train	roboflow_team128_v5	roboflow_team128_v5_IMG_0628_jpg.rf.89837bc722f0dc51b19d543fe2fb05ba.jpg	roboflow_team128_v5_IMG_0628_jpg.rf.89837bc722f0dc51b19d543fe2fb05ba.txt	3	495	1174	0	1	46	2125.0	1955.0	253.0	336.0	34739.0	4dbc777b3250245fd781732623abc15b19ba633a8d086bc1dffc2e8149d1699e	be8d4176d8266c0ed484a21c80bc497784a33c16225d5a083d75f42c8145aa8b
train_clean	train	roboflow_team128_v5	roboflow_team128_v5_IMG_0629_jpg.rf.511ea2913151c8e5e24cb825c82dc82b.jpg	roboflow_team128_v5_IMG_0629_jpg.rf.511ea2913151c8e5e24cb825c82dc82b.txt	1	496	1175	0	1	96	1343.0	1263.0	573.0	430.0	123932.0	4ed2e2072edc919e8e9c27c46dd185795ed74ecb5d7b943b90ca7fbc5d9d1280	bafe8199fe47a5677d2f0f64d306ba3235d2c6997806604c0620b5e07f8bd9f3
train_clean	train	roboflow_team128_v5	roboflow_team128_v5_IMG_0629_jpg.rf.511ea2913151c8e5e24cb825c82dc82b.jpg	roboflow_team128_v5_IMG_0629_jpg.rf.511ea2913151c8e5e24cb825c82dc82b.txt	2	496	1176	0	1	105	596.0	3050.0	378.0	798.0	166712.0	943aedcaa7e8319c287cd2721fe0acffe8c85c13b9ffebd068c271ce777c5079	898273da9d8db7c33719b769434c3b55f17b60206e02bb1d0c80237877516cd7
train_clean	train	roboflow_team128_v5	roboflow_team128_v5_IMG_0630_jpg.rf.f3ecb5e1d20d5ef7b30a7650068a32ee.jpg	roboflow_team128_v5_IMG_0630_jpg.rf.f3ecb5e1d20d5ef7b30a7650068a32ee.txt	1	497	1177	0	1	184	1165.0	567.0	1031.0	1012.0	694980.0	a1f47be249fd7b73acef84b5f05e4a31b675210c66b28f3c764efbf35c799d97	d62ca518efc8dd1ff7f2f81cd365420386b906a8e239d58dd7d44216c8a2eb9c
train_clean	train	roboflow_team128_v5	roboflow_team128_v5_IMG_0630_jpg.rf.f3ecb5e1d20d5ef7b30a7650068a32ee.jpg	roboflow_team128_v5_IMG_0630_jpg.rf.f3ecb5e1d20d5ef7b30a7650068a32ee.txt	2	497	1178	0	1	32	389.0	3675.0	170.0	169.0	15681.0	abaa82fc903f4eb3793579e0153713bde1934b6796b56e223eb313cb059ad192	ff5685585cc35e64b7ae32f2074cc3591983fe0f198bcdf5aa450fc382e344d0
train_clean	train	roboflow_team128_v5	roboflow_team128_v5_IMG_0630_jpg.rf.f3ecb5e1d20d5ef7b30a7650068a32ee.jpg	roboflow_team128_v5_IMG_0630_jpg.rf.f3ecb5e1d20d5ef7b30a7650068a32ee.txt	3	497	1179	0	1	109	290.0	3227.0	704.0	742.0	253435.0	ed7f315697b6bac39870e871eec450f083efefa72b1fcdfdabc77005b3687b0f	f333a75cac8a0f14454c832475427cd60d2dc73ddee3fce4abdaab0de4b26dae
train_clean	train	roboflow_team128_v5	roboflow_team128_v5_IMG_0631_jpg.rf.c6f432141428e515b9129bb8d85675fe.jpg	roboflow_team128_v5_IMG_0631_jpg.rf.c6f432141428e515b9129bb8d85675fe.txt	1	498	1180	0	1	54	1517.0	876.0	502.0	601.0	216488.0	89d96061e2a2e2c4c7760f0426b56f1d21605094fc00f43a537c4b71da49503c	ea05f4e9061ae6fec035e02d48fd1b9e9288e396c265c8b9f407503cab48f46b
train_clean	train	roboflow_team128_v5	roboflow_team128_v5_IMG_0631_jpg.rf.c6f432141428e515b9129bb8d85675fe.jpg	roboflow_team128_v5_IMG_0631_jpg.rf.c6f432141428e515b9129bb8d85675fe.txt	2	498	1181	0	1	35	67.0	1057.0	325.0	406.0	78146.0	5e332e80796e948c1a5dcfd69bf0c5d262a9c4cc81ca3e4494f2d8281778697b	4518a0eec14e22558e1291f0133121a123f0a3debcc81ea569389784d9991801
train_clean	train	roboflow_team128_v5	roboflow_team128_v5_IMG_0632_jpg.rf.7994e8524b74bf5c1c3090eb04dad7bc.jpg	roboflow_team128_v5_IMG_0632_jpg.rf.7994e8524b74bf5c1c3090eb04dad7bc.txt	1	499	1182	0	1	102	260.0	2669.0	584.0	799.0	277686.0	e6450db30fe590a6c0d61f2f12810bdb91bbbe667c6b359e6761ed4f3599cbff	d5ebe1c213e9e1302c5563c9c1b478f4684cc9a9b132435b23eb60024d737563
train_clean	train	roboflow_team128_v5	roboflow_team128_v5_IMG_0632_jpg.rf.7994e8524b74bf5c1c3090eb04dad7bc.jpg	roboflow_team128_v5_IMG_0632_jpg.rf.7994e8524b74bf5c1c3090eb04dad7bc.txt	2	499	1183	0	1	122	1458.0	943.0	395.0	542.0	117100.0	bf6707575603d6fa1f26f70fc4000fa879f130d0d448333c231656bddd0721bf	48d6dc26c1cfa7bd3d7e3d24b07c69eb352c848e8b6b71680a5e1f61524a2c5f
train_clean	train	roboflow_team128_v5	roboflow_team128_v5_IMG_0635_jpg.rf.899e4f2b0594b6a401d557bbc0448c4b.jpg	roboflow_team128_v5_IMG_0635_jpg.rf.899e4f2b0594b6a401d557bbc0448c4b.txt	1	500	1184	0	1	45	51.0	832.0	251.0	270.0	33929.0	0a98eae43bad1dd50a096d8fa0ccb12caa39a31a72502f07c0f9ddf2e101b84e	7a7f7b17a7e0c97c413e4646793a5d39ec3f5a209eb61cd764a8c0f0d188e3d0
train_clean	train	roboflow_team128_v5	roboflow_team128_v5_IMG_0636_jpg.rf.7c79637fc38d767cc788c0db0f948df4.jpg	roboflow_team128_v5_IMG_0636_jpg.rf.7c79637fc38d767cc788c0db0f948df4.txt	1	501	1185	0	1	71	1349.0	2020.0	394.0	481.0	86543.0	cec9f809c73f623fefdc01f455797d510100c6ce75433c0fac515a24b92d6d00	acd84c3cfcd1da61a4e64eab715db6d21a21d9118370b8685fbcc18ec53bfcbb
train_clean	train	roboflow_team128_v5	roboflow_team128_v5_IMG_0636_jpg.rf.7c79637fc38d767cc788c0db0f948df4.jpg	roboflow_team128_v5_IMG_0636_jpg.rf.7c79637fc38d767cc788c0db0f948df4.txt	2	501	1186	0	1	130	0.0	3072.0	612.0	715.0	273975.0	44f68846bf19eabf3ae3da18769c12b491416ee3b155256f3841f9662588a0a9	dc54b732712eae060d51c3e8a13f65e7c8f892afad3070f08895969bebc01e6d
train_clean	train	roboflow_team128_v5	roboflow_team128_v5_IMG_0637_jpg.rf.5a75a8fcce4fe9c1b162fd8d45d84caa.jpg	roboflow_team128_v5_IMG_0637_jpg.rf.5a75a8fcce4fe9c1b162fd8d45d84caa.txt	1	502	1187	0	1	63	707.0	1757.0	678.0	648.0	323611.0	d446965d9b4bf2563099065b785876016636eff96bd87e15c113a86ea2d7098f	67e37c6211102c6686f32d1fcf6d05136dd54c8df2917aa1926ad6b6e01e75d8
train_clean	train	roboflow_team128_v5	roboflow_team128_v5_IMG_0637_jpg.rf.5a75a8fcce4fe9c1b162fd8d45d84caa.jpg	roboflow_team128_v5_IMG_0637_jpg.rf.5a75a8fcce4fe9c1b162fd8d45d84caa.txt	2	502	1188	0	1	51	2249.0	3479.0	746.0	552.0	227382.0	6b463bbd721829c2ef32876938e7047cef6964d8e4f6865c30df82aa3ba34277	b39bc03980889089e77f5119d46b6f91e7d6d250f25d748a650a9d3600b2f19b
train_clean	train	roboflow_team128_v5	roboflow_team128_v5_IMG_0637_jpg.rf.5a75a8fcce4fe9c1b162fd8d45d84caa.jpg	roboflow_team128_v5_IMG_0637_jpg.rf.5a75a8fcce4fe9c1b162fd8d45d84caa.txt	3	502	1189	0	1	100	1586.0	662.0	446.0	689.0	143778.0	da235959059245a3d6b5a9353a81af7ba943256fa39d52e3285104331fa77fb1	705c9b2a339a860a270506181565ee53894ae5e0b582dae20007c2d87d38be76
train_clean	train	roboflow_team128_v5	roboflow_team128_v5_IMG_0638_jpg.rf.b58584313c75c27d39dfc16ce284547b.jpg	roboflow_team128_v5_IMG_0638_jpg.rf.b58584313c75c27d39dfc16ce284547b.txt	1	503	1190	0	1	90	1179.0	1270.0	868.0	720.0	490999.0	e23b9802fa1322a6fe11a3f0616600e15c4fbf6e4f255beb213182d97f712cce	3b63764042e46ebac24e4b4c4261ab96cc514118feab6df3bb70cabad8e765db
train_clean	train	roboflow_team128_v5	roboflow_team128_v5_IMG_0639_jpg.rf.6c31cb18c0792a29cba28996eb0af296.jpg	roboflow_team128_v5_IMG_0639_jpg.rf.6c31cb18c0792a29cba28996eb0af296.txt	1	504	1191	0	1	35	1232.0	1312.0	591.0	686.0	258481.0	1e9985498ef50816ac19441a3871e1ceb2be151b231722726ae9e95b51b74dc3	2194569a2ec81a833c188e653f65c534a96a2861c9f7fe580481ab3fbca9cea4
train_clean	train	roboflow_team128_v5	roboflow_team128_v5_IMG_0641_jpg.rf.7e7c7a26e95fe118fe26dc3a1d3fc9a1.jpg	roboflow_team128_v5_IMG_0641_jpg.rf.7e7c7a26e95fe118fe26dc3a1d3fc9a1.txt	1	505	1192	0	1	64	1392.0	726.0	419.0	357.0	89866.0	5b9d9ba10d19875b25fb6b61674b7b25b4483b98557073a9b64b130878ede72a	ecc929a6f3464adff3e7acf5e7cdfd5e2fadaf6a5fdca8f5b0bd6fb108560c32
train_clean	train	roboflow_team128_v5	roboflow_team128_v5_IMG_0643_jpg.rf.779c71fc8d633901301b685f7292d989.jpg	roboflow_team128_v5_IMG_0643_jpg.rf.779c71fc8d633901301b685f7292d989.txt	1	506	1193	0	1	29	0.0	2228.0	295.0	403.0	68587.0	1de2d25123efc4918ac3cad8b51efadd796ab34f10e6fc0b0e7c6536abd04354	af91ab4a79d85b57e0ed928fccd113993afd6245c013e84ef865ee45134e98d5
train_clean	train	roboflow_team128_v5	roboflow_team128_v5_IMG_0645_jpg.rf.0e845204bef26b524329c9f779da2969.jpg	roboflow_team128_v5_IMG_0645_jpg.rf.0e845204bef26b524329c9f779da2969.txt	1	507	1194	0	1	88	1597.0	1129.0	1118.0	921.0	780483.0	4bdf5c12d39ca12dd20b6ea3095f0846f4c8abcce3c77c0159049f8bc8797daa	1b2dbb680960c264f25844af0ba61b202f7ed27591d81431f62ac05b4cc04f65
train_clean	train	roboflow_team128_v5	roboflow_team128_v5_IMG_0645_jpg.rf.0e845204bef26b524329c9f779da2969.jpg	roboflow_team128_v5_IMG_0645_jpg.rf.0e845204bef26b524329c9f779da2969.txt	2	507	1195	0	1	57	272.0	2793.0	654.0	665.0	308358.0	7955562f91b9d048ae9551ff50647db1d08d07ef31ed5546fdc4c46998871ad5	0a3c9ffefaa05c9b14b66f0849a8b1e849bbc6996b53035fbabca23777a45406
train_clean	train	roboflow_team128_v5	roboflow_team128_v5_IMG_0646_jpg.rf.c1435121b6d49affa581317c41c13c93.jpg	roboflow_team128_v5_IMG_0646_jpg.rf.c1435121b6d49affa581317c41c13c93.txt	1	508	1196	0	1	21	117.0	2729.0	237.0	188.0	26826.0	bea9d707e372c86ef2f3bce2412f9cefeca868b20bed93bb09b724b40087eb77	b551fe2e5a01c8c60f569942c317d47973555efa9c00238b1ad570b9a098073b
train_clean	train	roboflow_team128_v5	roboflow_team128_v5_IMG_0646_jpg.rf.c1435121b6d49affa581317c41c13c93.jpg	roboflow_team128_v5_IMG_0646_jpg.rf.c1435121b6d49affa581317c41c13c93.txt	2	508	1197	0	1	17	470.0	2476.0	213.0	203.0	33049.0	5b47df4feab7289c74e6505f30704b6251f916c6f51de272d4d6f6917b75aab6	74077c18945eda2c60f04f20929bc034a5a5fade498bc5f25e18207476741fbd
train_clean	train	roboflow_team128_v5	roboflow_team128_v5_IMG_0646_jpg.rf.c1435121b6d49affa581317c41c13c93.jpg	roboflow_team128_v5_IMG_0646_jpg.rf.c1435121b6d49affa581317c41c13c93.txt	3	508	1198	0	1	12	1770.0	2245.0	118.0	136.0	8614.0	e8c12db660e94b45a8d8ae64a9a2f3bee10c0da59ab9b27d6628dc1e5a81a4fd	f10ffa16b4b0c89d338d56ec33879b639003b91d2343dbec0e2cd0dd9b7d72fc
train_clean	train	roboflow_team128_v5	roboflow_team128_v5_IMG_0646_jpg.rf.c1435121b6d49affa581317c41c13c93.jpg	roboflow_team128_v5_IMG_0646_jpg.rf.c1435121b6d49affa581317c41c13c93.txt	4	508	1199	0	1	13	1777.0	1836.0	88.0	68.0	3053.0	8198bb9c35f2c410c953bdcde1d78f0c5adaf1b30aa63721c342d89e7c25f168	687b3f0982ef0f9a2e9385d8b6aa093ddf30b496907fd4675f40082a8ae5ad50
train_clean	train	roboflow_team128_v5	roboflow_team128_v5_IMG_0646_jpg.rf.c1435121b6d49affa581317c41c13c93.jpg	roboflow_team128_v5_IMG_0646_jpg.rf.c1435121b6d49affa581317c41c13c93.txt	5	508	1200	0	1	16	1743.0	1862.0	95.0	67.0	4066.0	c0404be670bb029e7c3715877491645f2961263eea94779e3adac2ec2cf5011a	598cb32c6c147b11a25d1ca1f4b6698589900b597f3a9d44f09858879d6e1c2e
train_clean	train	roboflow_team128_v5	roboflow_team128_v5_IMG_0647_jpg.rf.940fdada07b3c9f1d036af35d3e02024.jpg	roboflow_team128_v5_IMG_0647_jpg.rf.940fdada07b3c9f1d036af35d3e02024.txt	1	509	1201	0	1	34	1272.0	1634.0	308.0	141.0	27285.0	3c602e4ce2ac82e5bc25f223c632974fa7186ea44a69a76bf455bd12ac9a87f3	3ecd50ee85488074157959cc5bbb626d2c546ac11b35c93404c604f29085a392
train_clean	train	roboflow_team128_v5	roboflow_team128_v5_IMG_0647_jpg.rf.940fdada07b3c9f1d036af35d3e02024.jpg	roboflow_team128_v5_IMG_0647_jpg.rf.940fdada07b3c9f1d036af35d3e02024.txt	2	509	1202	0	1	34	17.0	3792.0	735.0	239.0	123803.0	336e547aa98ffff8a4bfb477976ad9cdc405945542ba88ff2d986ef509cee6cc	c97562d840db9e05b75c55ca6df3337005f42387d1630fe56483388a318ff0af
train_clean	train	roboflow_team128_v5	roboflow_team128_v5_IMG_0648_jpg.rf.ee4a2aff0c8d39d6db54a30f04b1c520.jpg	roboflow_team128_v5_IMG_0648_jpg.rf.ee4a2aff0c8d39d6db54a30f04b1c520.txt	1	510	1203	0	1	54	1370.0	1171.0	433.0	441.0	117212.0	74910858b5f6d3c79f1e5fbaf95abc0e2a615aa22a14844859fea1f3905c203e	096ff76f18f516cf1e2dd54097fe11b4b9267d5eb2c87735be37c999a678cc9d
train_clean	train	roboflow_team128_v5	roboflow_team128_v5_IMG_0648_jpg.rf.ee4a2aff0c8d39d6db54a30f04b1c520.jpg	roboflow_team128_v5_IMG_0648_jpg.rf.ee4a2aff0c8d39d6db54a30f04b1c520.txt	2	510	1204	0	1	12	2379.0	1040.0	106.0	77.0	6524.0	fdb51a6bef46733886be841f517918185e7f09546cf3920176ca941022ff689d	aa7c3b9e9beab6171241f8c48ea44911073fe97982b332b386902c0ecfbc18bc
train_clean	train	roboflow_team128_v5	roboflow_team128_v5_IMG_0648_jpg.rf.ee4a2aff0c8d39d6db54a30f04b1c520.jpg	roboflow_team128_v5_IMG_0648_jpg.rf.ee4a2aff0c8d39d6db54a30f04b1c520.txt	3	510	1205	0	1	12	0.0	2578.0	92.0	214.0	13482.0	2ad21bec666af247b01a75d0d914324505caeb3b3e3afbada6327de012fd3e6c	c32f0c12740d543c8d31e6f6ff5994d301f440fe4b51a191fe95eff99ac33ab7
train_clean	train	roboflow_team128_v5	roboflow_team128_v5_IMG_0649_jpg.rf.4a5a35bb81e8ffe724cd06daa8a0df76.jpg	roboflow_team128_v5_IMG_0649_jpg.rf.4a5a35bb81e8ffe724cd06daa8a0df76.txt	1	511	1206	0	1	116	1233.0	1230.0	664.0	822.0	245927.0	843bd0ee3cfd33ded676cd60e0d3f1c8156c9ff2a278325d97488e1b6eb70244	a96a63002a74d4b085855491f290d0ef1b83e50485944e62b6a96481d2fba7ce
train_clean	train	roboflow_team128_v5	roboflow_team128_v5_IMG_0650_jpg.rf.f54983e6299d4bfa9745eb591a62ca8b.jpg	roboflow_team128_v5_IMG_0650_jpg.rf.f54983e6299d4bfa9745eb591a62ca8b.txt	1	512	1207	0	1	170	841.0	957.0	1097.0	1194.0	761598.0	20cdb3d3ff6d6190fefcf478d3d5b17fd23e5d4197729e1278ae57fde8c07569	fe1378137bb4095717c83da48f3696005c57280e7913b109b1209a8d3f69ba35
train_clean	train	roboflow_team128_v5	roboflow_team128_v5_IMG_0651_jpg.rf.987ba25c7481c6084d7e6a2a6baf8a50.jpg	roboflow_team128_v5_IMG_0651_jpg.rf.987ba25c7481c6084d7e6a2a6baf8a50.txt	1	513	1208	0	1	125	2116.0	2235.0	907.0	644.0	405639.0	623ae95ab635b7069dc3e862cf140de2cab706d050d9bc2093a6580981de8021	4802f1e19a6a919f98e8b326af5058670fd2b78edb62c1df5655ef52ef12433a
train_clean	train	roboflow_team128_v5	roboflow_team128_v5_IMG_0651_jpg.rf.987ba25c7481c6084d7e6a2a6baf8a50.jpg	roboflow_team128_v5_IMG_0651_jpg.rf.987ba25c7481c6084d7e6a2a6baf8a50.txt	2	513	1209	0	1	96	1342.0	1063.0	517.0	361.0	93478.0	6806820cfcebe65513a1723b219f9118625ff4dd80622c12a99356b5f5fb0228	7d9ef67cd05434581f07757622732929c448fdbe74d5f99f0fc4727d56cb421f
train_clean	train	roboflow_team128_v5	roboflow_team128_v5_IMG_0652_jpg.rf.ac4888f86fe7cd0d5eddf3e2af5efea1.jpg	roboflow_team128_v5_IMG_0652_jpg.rf.ac4888f86fe7cd0d5eddf3e2af5efea1.txt	1	514	1210	0	1	51	1250.0	757.0	634.0	677.0	240025.0	b0e25c2ba43ee44ef3392f2da515273df2eef4b6a7d2168ed5fd4790f646e06c	bd8a45b7b32bafaa661cbaa24462ef825d5f71279a3da6fee1adb08bf8dabb22
train_clean	train	roboflow_team128_v5	roboflow_team128_v5_IMG_0653_jpg.rf.e48a4a4217a480cd2daff9ae70113cff.jpg	roboflow_team128_v5_IMG_0653_jpg.rf.e48a4a4217a480cd2daff9ae70113cff.txt	1	515	1211	0	1	81	1025.0	1169.0	639.0	378.0	125879.0	764d4dfd0fc4a80cdf3eca20a4c4ec9f574094b26b268897b0ed970de0f58825	1e2429da1d4776b3ba9f24837d16db7a33656a7e80ef9301fe0bd9f3e4dbe1cd
train_clean	train	roboflow_team128_v5	roboflow_team128_v5_IMG_0653_jpg.rf.e48a4a4217a480cd2daff9ae70113cff.jpg	roboflow_team128_v5_IMG_0653_jpg.rf.e48a4a4217a480cd2daff9ae70113cff.txt	2	515	1212	0	1	123	2023.0	1471.0	443.0	461.0	83000.0	135735f35ae9eba02cb648d955e7e0443536ba861ad7126b6c28f1c789986344	9fb4a93f23874eb5c0619e3593110495967ac4160cbabdf19fca5e47ba7eaf71
train_clean	train	roboflow_team128_v5	roboflow_team128_v5_IMG_0654_jpg.rf.3b4dcb6a8eb87638e9d15010401985f5.jpg	roboflow_team128_v5_IMG_0654_jpg.rf.3b4dcb6a8eb87638e9d15010401985f5.txt	1	516	1213	0	1	101	1247.0	1304.0	436.0	655.0	132729.0	593a260c96cf92cb1dd23083edd594d18642fb1fa2293482e605c722c3137412	68217a474200469d3bcda813cd834b4aba9ed1d987530d17a6e822531e602184
train_clean	train	roboflow_team128_v5	roboflow_team128_v5_IMG_0654_jpg.rf.3b4dcb6a8eb87638e9d15010401985f5.jpg	roboflow_team128_v5_IMG_0654_jpg.rf.3b4dcb6a8eb87638e9d15010401985f5.txt	2	516	1214	0	1	17	461.0	1303.0	109.0	133.0	9568.0	33d2b3713aadfd6a73bbf799222b5c272799463dbaa093138a37b2972e744b4a	6d0de17ffa0fe076c2bd8fe06fa62985f1e513e65935d64ea5344b029082b55e
train_clean	train	roboflow_team128_v5	roboflow_team128_v5_IMG_0654_jpg.rf.3b4dcb6a8eb87638e9d15010401985f5.jpg	roboflow_team128_v5_IMG_0654_jpg.rf.3b4dcb6a8eb87638e9d15010401985f5.txt	3	516	1215	0	1	62	0.0	922.0	582.0	352.0	136376.0	dbba7e5f50bea45a15cc85c8b9bf724424c009b2d1d219f62e58f3515ea53059	ba353715826d597f87cbcd1bc9627543973092a8b5252bf72d662242eb1478dc
train_clean	train	roboflow_team128_v5	roboflow_team128_v5_IMG_0655_jpg.rf.ab77d05a1aef670b65eaf647bcccaaac.jpg	roboflow_team128_v5_IMG_0655_jpg.rf.ab77d05a1aef670b65eaf647bcccaaac.txt	1	517	1216	0	1	233	2246.0	2720.0	777.0	714.0	228750.0	de4ae802efc61923e77bb5cb06c7a9cecf854c349d3a29d2e32c5301bf3f886a	1fa570db0897e95d3c7261030a83b52b59738ee005925e2b3f53e950a549cd2d
train_clean	train	roboflow_team128_v5	roboflow_team128_v5_IMG_0655_jpg.rf.ab77d05a1aef670b65eaf647bcccaaac.jpg	roboflow_team128_v5_IMG_0655_jpg.rf.ab77d05a1aef670b65eaf647bcccaaac.txt	2	517	1217	0	1	168	1168.0	1618.0	772.0	662.0	178835.0	7332225bb1541663efba035970ea281864bf852b4ab5612a0847b959e0da4a42	e8b8e0fdbf8a26fd4bb44fca2d7f2026a905f0e2ca950e2791c8c6d3c2ed54e1
train_clean	train	roboflow_team128_v5	roboflow_team128_v5_IMG_0656_jpg.rf.97742623977fc6e6a79ae12a8f2769f2.jpg	roboflow_team128_v5_IMG_0656_jpg.rf.97742623977fc6e6a79ae12a8f2769f2.txt	1	518	1218	0	1	16	1005.0	2773.0	126.0	141.0	6854.0	1a6595106c491bea40a886dc2689f1bc8e8f5ab032294c213d39b8f7f7c6b8a2	eb5dbd4448bcaee10b12c9896f8b2c913d9b746f47074ead0786ab04081b3f53
train_clean	train	roboflow_team128_v5	roboflow_team128_v5_IMG_0656_jpg.rf.97742623977fc6e6a79ae12a8f2769f2.jpg	roboflow_team128_v5_IMG_0656_jpg.rf.97742623977fc6e6a79ae12a8f2769f2.txt	2	518	1219	0	1	23	1105.0	2842.0	125.0	149.0	10245.0	b5f5e0836a66f1704e40dae0b8527d4c2f0058eb8f57524b04a24f488f192028	4c1296e0fc9d6ca5c42f979163ad5d81a8e381c154ca8e5fc499e138d6d684de
train_clean	train	roboflow_team128_v5	roboflow_team128_v5_IMG_0656_jpg.rf.97742623977fc6e6a79ae12a8f2769f2.jpg	roboflow_team128_v5_IMG_0656_jpg.rf.97742623977fc6e6a79ae12a8f2769f2.txt	3	518	1220	0	1	86	926.0	3076.0	646.0	493.0	121064.0	0c661c93d4947c49ceb10c7c7d5d72923f2a12b6c3e91cd329bd1e19680e341a	94df6a2f286afdbd1c2c938b3addc937a87c2cd27b8b318750129124091dc880
train_clean	train	roboflow_team128_v5	roboflow_team128_v5_IMG_0660_jpg.rf.9cda13245fe063576aa2125b3349aa1b.jpg	roboflow_team128_v5_IMG_0660_jpg.rf.9cda13245fe063576aa2125b3349aa1b.txt	1	519	1221	0	1	71	1650.0	1314.0	607.0	792.0	321170.0	3ac37dd866acb384f05345b0dfb7e35556b004d2cf3fc48ce6673b7e469ad06d	3e94aba53d0ce16cdcc778b65595ea07ed599ec01b31e095f12c0d349181332a
train_clean	train	roboflow_team128_v5	roboflow_team128_v5_IMG_0661_jpg.rf.759f8f4ab0505eeab76b3acba6281fe5.jpg	roboflow_team128_v5_IMG_0661_jpg.rf.759f8f4ab0505eeab76b3acba6281fe5.txt	1	520	1222	0	1	56	1317.0	864.0	724.0	726.0	330302.0	eafe06daaa27d2c9b144be4a431a20b3bf3ae0635983a7017f8c4ad96eb23bae	3ac8358d5630cdd0c20b67a82ff27c4f7423f70d655fe2a36b4f5c4171328a5c
train_clean	train	roboflow_team128_v5	roboflow_team128_v5_IMG_0661_jpg.rf.759f8f4ab0505eeab76b3acba6281fe5.jpg	roboflow_team128_v5_IMG_0661_jpg.rf.759f8f4ab0505eeab76b3acba6281fe5.txt	2	520	1223	0	1	66	825.0	391.0	671.0	710.0	265878.0	076a1829de7661dd081c2304023826e22799eea3f2a200654a0070592b4f5a5b	26f4dfaa185b62dd0e41c8ed9b431c539450d73112ffd87601a8ebfd5b3ad253
train_clean	train	roboflow_team128_v5	roboflow_team128_v5_IMG_0662_jpg.rf.fbdbc13754fb34cf610193c77100dfae.jpg	roboflow_team128_v5_IMG_0662_jpg.rf.fbdbc13754fb34cf610193c77100dfae.txt	1	521	1224	0	1	56	1088.0	1824.0	614.0	602.0	250930.0	332b8306a4d9669821c8731310a4fa54652f1846ba14e52e5652311390512485	8f9628414bc6ef0060f5a8880203e64c225c8c0c827fda826abeb2410a3db74b
train_clean	train	roboflow_team128_v5	roboflow_team128_v5_IMG_0662_jpg.rf.fbdbc13754fb34cf610193c77100dfae.jpg	roboflow_team128_v5_IMG_0662_jpg.rf.fbdbc13754fb34cf610193c77100dfae.txt	2	521	1225	0	1	64	1416.0	2412.0	653.0	599.0	281477.0	11424a49df84ea283cf8444fa8a0a5f9f28892e23973a46e2a66dabc3313b066	92e28f4970bb349b4501934fec667d10d7462c086132fa4e58f04a3dd4e676dd
train_clean	train	roboflow_team128_v5	roboflow_team128_v5_IMG_0662_jpg.rf.fbdbc13754fb34cf610193c77100dfae.jpg	roboflow_team128_v5_IMG_0662_jpg.rf.fbdbc13754fb34cf610193c77100dfae.txt	3	521	1226	0	1	21	2770.0	831.0	253.0	322.0	46295.0	e8183def9003e2382febe1677ecd005bb22a456a787ec07e9b36b1d7ac003aa9	8108574c5186d580085dc6dc8794cc1d566ded6ab048f8b22eee5f375986542d
train_clean	train	roboflow_team128_v5	roboflow_team128_v5_IMG_0663_jpg.rf.d8dc408ee8d881c7e11afd2310d4442e.jpg	roboflow_team128_v5_IMG_0663_jpg.rf.d8dc408ee8d881c7e11afd2310d4442e.txt	1	522	1227	0	1	183	1604.0	258.0	852.0	913.0	302073.0	4c21ad3d612b41dc10ced09f209eed97463a2bd1545f2b299b3ca9ee1f4a3ac4	25a18ce5efbb6ab668ed9d05f1b3b7a4eb76ff82dcb1af7fbe5cb7d3de926d22
train_clean	train	roboflow_team128_v5	roboflow_team128_v5_IMG_0663_jpg.rf.d8dc408ee8d881c7e11afd2310d4442e.jpg	roboflow_team128_v5_IMG_0663_jpg.rf.d8dc408ee8d881c7e11afd2310d4442e.txt	2	522	1228	0	1	22	2775.0	2588.0	150.0	202.0	9422.0	0d9aee957a25ca9c9d69beb1163d66c1d666e27ba850ac6b0ffb17d87b54cf7d	06f081a11f51a699e63cf524ee6dcbd20aec027ec8e0cb4ef44bf7cb5998d2c9
train_clean	train	roboflow_team128_v5	roboflow_team128_v5_IMG_0663_jpg.rf.d8dc408ee8d881c7e11afd2310d4442e.jpg	roboflow_team128_v5_IMG_0663_jpg.rf.d8dc408ee8d881c7e11afd2310d4442e.txt	3	522	1229	0	1	11	2485.0	2877.0	135.0	88.0	7699.0	6e904f8667391bfead4925677e28e19bf769d6d660d822763402bd7d33bd655a	b49b862b2658a12a10e3d26400437561f4ded007960c50d98538b6b93de6ecb5
train_clean	train	roboflow_team128_v5	roboflow_team128_v5_IMG_0663_jpg.rf.d8dc408ee8d881c7e11afd2310d4442e.jpg	roboflow_team128_v5_IMG_0663_jpg.rf.d8dc408ee8d881c7e11afd2310d4442e.txt	4	522	1230	0	1	18	2503.0	2650.0	104.0	136.0	4580.0	f3bdfd60298496e4742fd6979198a8074db6a7454c3bb5541f0108c45a05f68d	6d21dc973377beaacda51fc04c2ef29b43dd2b34e6743c6d11442dd8617fbd5c
train_clean	train	roboflow_team128_v5	roboflow_team128_v5_IMG_0663_jpg.rf.d8dc408ee8d881c7e11afd2310d4442e.jpg	roboflow_team128_v5_IMG_0663_jpg.rf.d8dc408ee8d881c7e11afd2310d4442e.txt	5	522	1231	0	1	8	2648.0	2501.0	70.0	64.0	2034.0	0294802e03455acaa008ff464615b534b530195f0e8f94218b509b79f5d04c04	064e21908ca441e2a389abe2d907a773e6357704799f0a38131c5b091de67a01
train_clean	train	roboflow_team128_v5	roboflow_team128_v5_IMG_0663_jpg.rf.d8dc408ee8d881c7e11afd2310d4442e.jpg	roboflow_team128_v5_IMG_0663_jpg.rf.d8dc408ee8d881c7e11afd2310d4442e.txt	6	522	1232	0	1	6	2699.0	2912.0	138.0	74.0	2493.0	964b72650a55791b20b1c7c50156324dca1408ee2ec2a66b2d494e36646dd9eb	56ff07e6cd438f38a8fcf94749f304a36c2350b0e9965a1b6a6772e9eda58977
train_clean	train	roboflow_team128_v5	roboflow_team128_v5_IMG_0664_jpg.rf.d60b89c6b75e9e1f973714c34ad7e30d.jpg	roboflow_team128_v5_IMG_0664_jpg.rf.d60b89c6b75e9e1f973714c34ad7e30d.txt	1	523	1233	0	1	109	1310.0	1406.0	574.0	753.0	240585.0	5d29bd61c22a94bf4d39861d5c3cc1a009a4353800799ba4bb5f91056def1085	ca95c38e78e1c2565127f6b01efa87d8127dc4892036879710a68650f0d47531
train_clean	train	roboflow_team128_v5	roboflow_team128_v5_IMG_0665_jpg.rf.1bfe4e56e2433c8ef30f388d78b0c85d.jpg	roboflow_team128_v5_IMG_0665_jpg.rf.1bfe4e56e2433c8ef30f388d78b0c85d.txt	1	524	1234	0	1	27	0.0	2583.0	447.0	579.0	180217.0	678ebf73610fc9f33645dc328e9856b4b4a8a79257c55d514c597822c61043f0	504b2be1b8817bd8532807a61a33fff8c9f215ed94d7f7513041a2d6ebcf104d
train_clean	train	roboflow_team128_v5	roboflow_team128_v5_IMG_0665_jpg.rf.1bfe4e56e2433c8ef30f388d78b0c85d.jpg	roboflow_team128_v5_IMG_0665_jpg.rf.1bfe4e56e2433c8ef30f388d78b0c85d.txt	2	524	1235	0	1	48	1358.0	972.0	677.0	358.0	132119.0	de509faf06bb68fc623e47eee0ca2032792c38f5e43df8220681256919a0f546	d1c4c6521827c9aba5d4088420b003316c12cfabbc9f9fe1b39cfca87e4dec68
train_clean	train	roboflow_team128_v5	roboflow_team128_v5_IMG_0667_jpg.rf.bbe9c4f29d5189975a15f82cf89ee59a.jpg	roboflow_team128_v5_IMG_0667_jpg.rf.bbe9c4f29d5189975a15f82cf89ee59a.txt	1	525	1236	0	1	95	1060.0	2015.0	738.0	511.0	215508.0	05261d70fbac1477505db5c9f8ec6799e10331789a46129e536b73f41ac9e439	ca3853b10880eee4d7b63e3471452e3918b79e0d7cf43e28a241fc58229167c5
train_clean	train	roboflow_team128_v5	roboflow_team128_v5_IMG_0668_jpg.rf.40f7c02c16aed82cb8c396409fb0970e.jpg	roboflow_team128_v5_IMG_0668_jpg.rf.40f7c02c16aed82cb8c396409fb0970e.txt	1	526	1237	0	1	128	1442.0	1801.0	528.0	701.0	131518.0	cbe489d7202c6b00b44d178c06f7b75131e444a6092dbec8bb666477bc6900ca	99285991b1adf45411fc1b79259cc19b0e00c71d8ec72ec562bc0f13071bf6d1
train_clean	train	roboflow_team128_v5	roboflow_team128_v5_IMG_0669_jpg.rf.5ccc04b7d9711abf67420efbfa80c581.jpg	roboflow_team128_v5_IMG_0669_jpg.rf.5ccc04b7d9711abf67420efbfa80c581.txt	1	527	1238	0	1	119	1093.0	1118.0	588.0	509.0	124537.0	a180f1e36d6e42290b274c8057261645504c0ff1dd324b8b3099bca8a2b162c1	abd51527de67a6f58c33dd31fd9633c00f9d77aa455b8c85fc131a362fa1594f
train_clean	train	roboflow_team128_v5	roboflow_team128_v5_IMG_0672_jpg.rf.069a84423e7e25028b6170dd14e8ffd3.jpg	roboflow_team128_v5_IMG_0672_jpg.rf.069a84423e7e25028b6170dd14e8ffd3.txt	1	528	1239	0	1	161	1423.0	1381.0	729.0	781.0	350618.0	44fcfc8791835359a6191df4208bf41b7c491050116eb5928a155063fe230593	775e64541b57740c9f28c14674f1042e4cd352196aec95c9e86ab61fc77c57b7
train_clean	train	roboflow_team128_v5	roboflow_team128_v5_IMG_0672_jpg.rf.069a84423e7e25028b6170dd14e8ffd3.jpg	roboflow_team128_v5_IMG_0672_jpg.rf.069a84423e7e25028b6170dd14e8ffd3.txt	2	528	1240	0	1	76	511.0	96.0	355.0	390.0	63104.0	afd30d5d4c6fa1a560713d21f773e957a006239e732d6a222a965ee31eb5ceeb	1d0ec564c465e34b329a3c67cebecadbfcbe4278a77ea6c0f38d227e012f5454
train_clean	train	roboflow_team128_v5	roboflow_team128_v5_IMG_0673_jpg.rf.e6d01f3289441ff491866dba3a677725.jpg	roboflow_team128_v5_IMG_0673_jpg.rf.e6d01f3289441ff491866dba3a677725.txt	1	529	1241	0	1	74	1807.0	1119.0	572.0	545.0	201061.0	d35604b898247229c2be3e5ada3000b6ef1199dda458876ae590ca11a7c20059	7003e21f7c951b4a7a0e3ca10ccbe5e1d79977411c431cce7a1eba25a43382ed
train_clean	train	roboflow_team128_v5	roboflow_team128_v5_IMG_0673_jpg.rf.e6d01f3289441ff491866dba3a677725.jpg	roboflow_team128_v5_IMG_0673_jpg.rf.e6d01f3289441ff491866dba3a677725.txt	2	529	1242	0	1	54	2170.0	2321.0	315.0	420.0	92312.0	070a8d64377ad23ca33cdce5bbb0154c7669bebd4f4a7b840e56d29c40bc26dc	973f4380662940b671eb486e73d24b1198465a0212af5ccf4a27a8af23cb4c1e
train_clean	train	roboflow_team128_v5	roboflow_team128_v5_IMG_0673_jpg.rf.e6d01f3289441ff491866dba3a677725.jpg	roboflow_team128_v5_IMG_0673_jpg.rf.e6d01f3289441ff491866dba3a677725.txt	3	529	1243	0	1	55	2459.0	2735.0	423.0	385.0	96386.0	36d24ac0a3b802331d5afe94a33371d934b137ed846f2d5750d422d6ed5b4322	acf8779deaf956036abe7854ed693b3f67dd060a7dfd746857dd959bdff9dc74
train_clean	train	roboflow_team128_v5	roboflow_team128_v5_IMG_0674_jpg.rf.9963b24e8de374f613523f711013ca08.jpg	roboflow_team128_v5_IMG_0674_jpg.rf.9963b24e8de374f613523f711013ca08.txt	1	530	1244	0	1	130	1479.0	2649.0	610.0	855.0	364557.0	9680581ae6e06414245884270cf4ebef36289ff8e542c1605141fccfa4c9d457	471826232e29f72fd26c007494bff29e7cd8d4208ae13afa30e1957f9f0014df
train_clean	train	roboflow_team128_v5	roboflow_team128_v5_IMG_0674_jpg.rf.9963b24e8de374f613523f711013ca08.jpg	roboflow_team128_v5_IMG_0674_jpg.rf.9963b24e8de374f613523f711013ca08.txt	2	530	1245	0	1	96	1315.0	2128.0	652.0	493.0	193920.0	ecbc06926301e52791b21d6419603d61bf12229020d708b71d8be04386ac670e	a5ea5f66dc37e8977615deb393085348338733a50131719bd7fa8b4f74838c14
train_clean	train	roboflow_team128_v5	roboflow_team128_v5_IMG_0674_jpg.rf.9963b24e8de374f613523f711013ca08.jpg	roboflow_team128_v5_IMG_0674_jpg.rf.9963b24e8de374f613523f711013ca08.txt	3	530	1246	0	1	116	984.0	873.0	802.0	639.0	331274.0	aeb3d2e41a4a17c5e0bb49838e89aed35012c5c56b8c698e662b2c6ef2950b77	343d6a9f659ae703c7d27f5101f25c0126b94eb4e401f5872f7e7e0d6ad6a3bc
train_clean	train	roboflow_team128_v5	roboflow_team128_v5_IMG_0674_jpg.rf.9963b24e8de374f613523f711013ca08.jpg	roboflow_team128_v5_IMG_0674_jpg.rf.9963b24e8de374f613523f711013ca08.txt	4	530	1247	0	1	56	0.0	18.0	382.0	489.0	109642.0	473501e24c85f10d31549520e3765ec23da7fc013e0fbc4d6a5818f1e14d1e60	46006b67344f2c3f654299208060328fbc7cba10ad72932d20a2f8be04f03d38
train_clean	train	roboflow_team128_v5	roboflow_team128_v5_IMG_0675_jpg.rf.d72cc97964209168e59021d1599a4606.jpg	roboflow_team128_v5_IMG_0675_jpg.rf.d72cc97964209168e59021d1599a4606.txt	1	531	1248	0	1	28	2539.0	3626.0	484.0	405.0	160020.0	d08871c31c00a4550223ae0a93cf93f7ac02b818a3db9c51deab7fc2dbc6af33	2afa9f5ab2950e36d72f1afb28a272f17ef68c268e6d0309ccd0281d04a7ec0c
train_clean	train	roboflow_team128_v5	roboflow_team128_v5_IMG_0675_jpg.rf.d72cc97964209168e59021d1599a4606.jpg	roboflow_team128_v5_IMG_0675_jpg.rf.d72cc97964209168e59021d1599a4606.txt	2	531	1249	0	1	56	2000.0	1262.0	487.0	637.0	170505.0	557f53445a70fa3cd3e4bab34284aaa256006ba07f47b4c727e05efcbbf2ec65	e8aea201bd61ee600ce0299ff7cf1075a7fbf6e0b6fa9385327364dc20eb7186
train_clean	train	roboflow_team128_v5	roboflow_team128_v5_IMG_0675_jpg.rf.d72cc97964209168e59021d1599a4606.jpg	roboflow_team128_v5_IMG_0675_jpg.rf.d72cc97964209168e59021d1599a4606.txt	3	531	1250	0	1	60	2307.0	2345.0	400.0	467.0	67910.0	11ddc057b06c89eb6bed0477e58998175f73411d2da749d79b5e6fb6e191b8a9	5b2010e8ccefc79be38645456c182270a8d61d15d5151e31d426193813ae4d9d
train_clean	train	roboflow_team128_v5	roboflow_team128_v5_IMG_0675_jpg.rf.d72cc97964209168e59021d1599a4606.jpg	roboflow_team128_v5_IMG_0675_jpg.rf.d72cc97964209168e59021d1599a4606.txt	4	531	1251	0	1	45	1466.0	2220.0	409.0	335.0	93393.0	58c98dd7000f0d09a74ca71e9797968b1ec5bade46012e85db6c7caaadd6b5b6	38bcf3012ba05a8a98a87cb50c888e5bede27bc4b49e8d75faa6b9d9309d680f
train_clean	train	roboflow_team128_v5	roboflow_team128_v5_IMG_0675_jpg.rf.d72cc97964209168e59021d1599a4606.jpg	roboflow_team128_v5_IMG_0675_jpg.rf.d72cc97964209168e59021d1599a4606.txt	5	531	1252	0	1	67	1497.0	1806.0	350.0	444.0	65457.0	b3f6c9a91f25c9e322d7484fe412b591e89e68033d13b7918b453a29285325b1	83ea9635396c34c3f955c80529c44e85fb328ca9c8f62ff1fd4b136be249b863
train_clean	train	roboflow_team128_v5	roboflow_team128_v5_IMG_0675_jpg.rf.d72cc97964209168e59021d1599a4606.jpg	roboflow_team128_v5_IMG_0675_jpg.rf.d72cc97964209168e59021d1599a4606.txt	6	531	1253	0	1	63	1185.0	817.0	415.0	395.0	85416.0	de08daf02f0f7748c7f3bd30bcbc1a78f68a4300b7c6c5f126169f355693bfa4	5967d4fef1cf6e7c7c30153e7a0980de80e0fea708fc3095220aca474d1b8551
train_clean	train	roboflow_team128_v5	roboflow_team128_v5_IMG_0676_jpg.rf.feff758f1ef417bb4dcab49a4b647ddf.jpg	roboflow_team128_v5_IMG_0676_jpg.rf.feff758f1ef417bb4dcab49a4b647ddf.txt	1	532	1254	0	1	51	973.0	1933.0	849.0	779.0	428667.0	e5a75920f3f3b6351472618b57c9596cbdfdf850f79a6e59923f9ce40f14113b	62d5318a8450eed933f05922eda41eac37d49f514c5b14d3beefe42275b75b37
train_clean	train	roboflow_team128_v5	roboflow_team128_v5_IMG_0676_jpg.rf.feff758f1ef417bb4dcab49a4b647ddf.jpg	roboflow_team128_v5_IMG_0676_jpg.rf.feff758f1ef417bb4dcab49a4b647ddf.txt	2	532	1255	0	1	32	1006.0	610.0	777.0	535.0	230275.0	bb8a2957ca7acdcabf780e93162feba9eadf508be737a683675f956be7846cd1	6bc7d3e020ad9848e505db2b2ff3cb88fa01ac79a1beece9daaa5d075511ad79
train_clean	train	roboflow_team128_v5	roboflow_team128_v5_IMG_0677_jpg.rf.9d21c9ec8b52722cc2c63cae05de4900.jpg	roboflow_team128_v5_IMG_0677_jpg.rf.9d21c9ec8b52722cc2c63cae05de4900.txt	1	533	1256	0	1	128	1198.0	1447.0	739.0	611.0	190946.0	aa31ccff104c38a47ed2e78b20dcf37102785523c98a54f94fc61dbfb06b3432	403ecd40ad72909d2f17563c3aceb425526ad9c915830bec2e1be8aee8c7adee
train_clean	train	roboflow_team128_v5	roboflow_team128_v5_IMG_0677_jpg.rf.9d21c9ec8b52722cc2c63cae05de4900.jpg	roboflow_team128_v5_IMG_0677_jpg.rf.9d21c9ec8b52722cc2c63cae05de4900.txt	2	533	1257	0	1	40	1740.0	1820.0	208.0	193.0	19999.0	404238786097985772dff754224b1db620ab5dce4e875782573727066335499a	16d5b0875982c913c01ba54f940c66d683b52b0c0665e4f5bcb41629254806ca
train_clean	train	roboflow_team128_v5	roboflow_team128_v5_IMG_0677_jpg.rf.9d21c9ec8b52722cc2c63cae05de4900.jpg	roboflow_team128_v5_IMG_0677_jpg.rf.9d21c9ec8b52722cc2c63cae05de4900.txt	3	533	1258	0	1	33	2792.0	2399.0	231.0	672.0	114313.0	4af3728c5bd66a849b1df88c26b6642042a5012ba589462ac0a2b42bcf0eddce	8a607e8f16e3973f22bcebf14c3f4f997fc9c3cdf5701a57b720f7020e2c59ba
train_clean	train	roboflow_team128_v5	roboflow_team128_v5_IMG_0677_jpg.rf.9d21c9ec8b52722cc2c63cae05de4900.jpg	roboflow_team128_v5_IMG_0677_jpg.rf.9d21c9ec8b52722cc2c63cae05de4900.txt	4	533	1259	0	1	56	423.0	43.0	346.0	358.0	72579.0	c73d609681fa98bed0a7dce5cbcc18a6862cd8a5d2ccb512969d2ff74875377f	c1adf6dd047edd8101636f1247540bf903c5192fc8f6dd1eae7eab0414e5ab5b
train_clean	train	roboflow_team128_v5	roboflow_team128_v5_IMG_0679_jpg.rf.f83872c3f064f1bb1d3fccf49647cc96.jpg	roboflow_team128_v5_IMG_0679_jpg.rf.f83872c3f064f1bb1d3fccf49647cc96.txt	1	534	1260	0	1	84	2140.0	715.0	405.0	332.0	63248.0	ae804eb50601455a359077d749ddb54dab4577039b4bad98c5757916f5091417	43861f893ed26c1d5284de130af9df84a131f63cf1a6992a5cf7c4824330dcd7
train_clean	train	roboflow_team128_v5	roboflow_team128_v5_IMG_0679_jpg.rf.f83872c3f064f1bb1d3fccf49647cc96.jpg	roboflow_team128_v5_IMG_0679_jpg.rf.f83872c3f064f1bb1d3fccf49647cc96.txt	2	534	1261	0	1	54	1712.0	1383.0	304.0	424.0	70761.0	7375a217652b83965f9efa61a71ebb7999735edcb09cabcec0ecbb8d7b6fd79d	f3f7e8982e49326e89f71a8640b7629d86e1e13866775ebab88b73c6ef46bb07
train_clean	train	roboflow_team128_v5	roboflow_team128_v5_IMG_0681_jpg.rf.645153ccebe37c63e8d2638525901c98.jpg	roboflow_team128_v5_IMG_0681_jpg.rf.645153ccebe37c63e8d2638525901c98.txt	1	535	1262	0	1	100	1.0	3058.0	667.0	973.0	475102.0	45d7630a019f3b960f59ce2b2cb4c4bf37095efa1c4dc660a6ee73bc5d7a70ce	19a886848632d6a281be7d4f8b04e8e96379537452f22a9c7aab18b0e62d1601
train_clean	train	roboflow_team128_v5	roboflow_team128_v5_IMG_0681_jpg.rf.645153ccebe37c63e8d2638525901c98.jpg	roboflow_team128_v5_IMG_0681_jpg.rf.645153ccebe37c63e8d2638525901c98.txt	2	535	1263	0	1	146	825.0	1390.0	639.0	628.0	242125.0	87b92767b890b21f24bfae156a652ae8f5afc984f2a8c23a86ce0dfaf4277ce8	42f6c785238dc76297b24474768b8bd5a4acb0c2c61c4b0deffa5bd5002dd1c5
train_clean	train	roboflow_team128_v5	roboflow_team128_v5_IMG_0681_jpg.rf.645153ccebe37c63e8d2638525901c98.jpg	roboflow_team128_v5_IMG_0681_jpg.rf.645153ccebe37c63e8d2638525901c98.txt	3	535	1264	0	1	13	1362.0	1677.0	9.0	20.0	47.0	319812a0b0479ed0032bddf09fc5c96ffea990f8cee6bd516867a6f8ca3b80d5	df3d4e0f9e477c82c0a62196854d600f653329ae3aa002b304f79974f5b3ac90
train_clean	train	roboflow_team128_v5	roboflow_team128_v5_IMG_0682_jpg.rf.a84b4c664230fd0c34a3db333a1106ec.jpg	roboflow_team128_v5_IMG_0682_jpg.rf.a84b4c664230fd0c34a3db333a1106ec.txt	1	536	1265	0	1	105	1410.0	1176.0	587.0	717.0	205566.0	3b80844c99793306f7092fdf839f54f74a36075de9275cf6ad01bdd88abcc0b8	13c6e5b5706da69c72114958572c93d18e2ddccd56775dd2813b1b7f1ac8b48f
train_clean	train	roboflow_team128_v5	roboflow_team128_v5_IMG_0682_jpg.rf.a84b4c664230fd0c34a3db333a1106ec.jpg	roboflow_team128_v5_IMG_0682_jpg.rf.a84b4c664230fd0c34a3db333a1106ec.txt	2	536	1266	0	1	70	1320.0	2158.0	462.0	304.0	72745.0	5efb74fab7d6aa7de96bac4613e426fc1de9350033d8e489b5c0ecaccc01e577	321169a4e42982b1f652a55cd673305a36e33d3bd3e1c7b3abc75ebebcf4e24d
train_clean	train	roboflow_team128_v5	roboflow_team128_v5_IMG_0683_jpg.rf.3fbf16c9a141538d3e4318bc3f2dbf60.jpg	roboflow_team128_v5_IMG_0683_jpg.rf.3fbf16c9a141538d3e4318bc3f2dbf60.txt	1	537	1267	0	1	69	1186.0	1669.0	613.0	481.0	214956.0	c440ef7df5eccbc541ea9bce089d7291a36ca438dbf2e819cb4a145bacb2dd91	05e10b2f73c3b8262d01b440b85b2f2ecfb38023f1ba093f3007088b48cca18d
train_clean	train	roboflow_team128_v5	roboflow_team128_v5_IMG_0684_jpg.rf.fbe08372394c862ba50fcc5a0de67935.jpg	roboflow_team128_v5_IMG_0684_jpg.rf.fbe08372394c862ba50fcc5a0de67935.txt	1	538	1268	0	1	64	1546.0	1384.0	336.0	464.0	84725.0	add3f4113b9e3faca087518e14bd84adf29c9002d2a61a6031596c6fe1a89e25	3cab2516d331b0d371e373c06957d209b96208ed540f4fee4344d128f80a122a
train_clean	train	roboflow_team128_v5	roboflow_team128_v5_IMG_0685_jpg.rf.336a5020e8b91ad2261e5a51b4221fb7.jpg	roboflow_team128_v5_IMG_0685_jpg.rf.336a5020e8b91ad2261e5a51b4221fb7.txt	1	539	1269	0	1	149	1128.0	217.0	704.0	772.0	373442.0	e4cb48ee822bc8b67689c9482265d06cce39cc4a4594b5bbe37a0ace472145d1	1946d752c50525cb8731825b4e2775706dc0ac07f1570145f9c0b61358811441
train_clean	train	roboflow_team128_v5	roboflow_team128_v5_IMG_0686_jpg.rf.3ecc69f9a94c26b30b98010ab7cf4d45.jpg	roboflow_team128_v5_IMG_0686_jpg.rf.3ecc69f9a94c26b30b98010ab7cf4d45.txt	1	540	1270	0	1	56	896.0	1967.0	938.0	859.0	621124.0	fcf66c89e06ef7cf7edbbeac057fd0ff4655c7fd7a83b86842e26dda784f1125	eb26978ef664840e07d37352a28d7a22b266a1b90cf2035b5666851e363fbf2f
train_clean	train	roboflow_team128_v5	roboflow_team128_v5_IMG_0686_jpg.rf.3ecc69f9a94c26b30b98010ab7cf4d45.jpg	roboflow_team128_v5_IMG_0686_jpg.rf.3ecc69f9a94c26b30b98010ab7cf4d45.txt	2	540	1271	0	1	24	1454.0	663.0	388.0	444.0	134456.0	92bc640ad616a40c5ee22da4715bcd462bf6c266acc2494ab47b1123c058ef52	21bfcfc21a65be703b55b6d41fc2831c18c1f7b09640ddbbda776a18a9ac342e
train_clean	train	roboflow_team128_v5	roboflow_team128_v5_IMG_0689_jpg.rf.f12c74152ae7bcf34c17357c4a85c3b7.jpg	roboflow_team128_v5_IMG_0689_jpg.rf.f12c74152ae7bcf34c17357c4a85c3b7.txt	1	541	1272	0	1	138	2212.0	1104.0	811.0	540.0	263176.0	23eea26efb67fdf02da7dc860762afb885161b7ee9fcb18dde66d8639fb4ff45	9b66adfae53d0bd4fc5c26b0f73573cf706c7dc22839f5e73378be9aaa342e76
train_clean	train	roboflow_team128_v5	roboflow_team128_v5_IMG_0689_jpg.rf.f12c74152ae7bcf34c17357c4a85c3b7.jpg	roboflow_team128_v5_IMG_0689_jpg.rf.f12c74152ae7bcf34c17357c4a85c3b7.txt	2	541	1273	0	1	221	572.0	1381.0	710.0	490.0	142319.0	13c1b08bfc2eb35a3b469ae2fc8287009dbfad813076832f5305b1ed1b83e218	8e4ed30b4d484c228851f6b5b04f09ce11600a30188ed194d894a1cc1bac3fcf
train_clean	train	roboflow_team128_v5	roboflow_team128_v5_IMG_0690_jpg.rf.7f374ee61a1e6e39031088d3952f2277.jpg	roboflow_team128_v5_IMG_0690_jpg.rf.7f374ee61a1e6e39031088d3952f2277.txt	1	542	1274	0	1	48	2441.0	1681.0	582.0	412.0	162869.0	78fdb65c19cdf977b2325c0b3c1cdae7d768529346490b4d61a623fae9cd9645	65052195e11ec717f345374f18a835954d216f570fa16b3ca827a989f525465b
train_clean	train	roboflow_team128_v5	roboflow_team128_v5_IMG_0690_jpg.rf.7f374ee61a1e6e39031088d3952f2277.jpg	roboflow_team128_v5_IMG_0690_jpg.rf.7f374ee61a1e6e39031088d3952f2277.txt	2	542	1275	0	1	39	823.0	1753.0	603.0	512.0	231812.0	7fe8d53b88c783fc59aa55762589e282d90eb8569c99880b9ca8135de0720826	d29561d0472fdd6d80a9194342810af2d2129ef650b42da0be145ae786fbd023
train_clean	train	roboflow_team128_v5	roboflow_team128_v5_IMG_0690_jpg.rf.7f374ee61a1e6e39031088d3952f2277.jpg	roboflow_team128_v5_IMG_0690_jpg.rf.7f374ee61a1e6e39031088d3952f2277.txt	3	542	1276	0	1	20	2408.0	758.0	421.0	271.0	75081.0	7067c9f8fc9d46a74a3245ca50ed78b3d0838bb37b2ed8d0b2e21717f9d71a9e	1aa3825b38024247afca34dac6f8cf54e3d64aea82c850ddb0717232eb264051
train_clean	train	roboflow_team128_v5	roboflow_team128_v5_IMG_0690_jpg.rf.7f374ee61a1e6e39031088d3952f2277.jpg	roboflow_team128_v5_IMG_0690_jpg.rf.7f374ee61a1e6e39031088d3952f2277.txt	4	542	1277	0	1	69	1097.0	1208.0	567.0	486.0	171550.0	68c77d4ba544509373c56a697162ce24a90228ef82d4e7f4d0c0f3a4c4a02172	56bb79b47fa775b910079293a2c8cf8e31b2954700a5978b2f5616c78f549c5c
train_clean	train	roboflow_team128_v5	roboflow_team128_v5_IMG_0694_jpg.rf.4d96dd384a707b708b119a719abb9f16.jpg	roboflow_team128_v5_IMG_0694_jpg.rf.4d96dd384a707b708b119a719abb9f16.txt	1	543	1278	0	1	91	1418.0	1828.0	439.0	505.0	122633.0	423ae3ffbb57d524337ca57b5710b78b179d0f7225c729b6187b9debc440c9b6	2dcd86028d87211611a746e836f6ada59f14d8c0090032fb445b5d15d0835b96
train_clean	train	roboflow_team128_v5	roboflow_team128_v5_IMG_0694_jpg.rf.4d96dd384a707b708b119a719abb9f16.jpg	roboflow_team128_v5_IMG_0694_jpg.rf.4d96dd384a707b708b119a719abb9f16.txt	2	543	1279	0	1	51	394.0	1783.0	355.0	342.0	52844.0	062407554111e283d5778bfa808a636514703b72720475dc798b63ab90ce10b8	5ca3afea77065bfce7326335861b11888ef1e1fd8d53e2c1ffb0a062edfee93f
train_clean	train	roboflow_team128_v5	roboflow_team128_v5_IMG_0694_jpg.rf.4d96dd384a707b708b119a719abb9f16.jpg	roboflow_team128_v5_IMG_0694_jpg.rf.4d96dd384a707b708b119a719abb9f16.txt	3	543	1280	0	1	35	2582.0	1880.0	253.0	209.0	28722.0	f5dd7fb311e27315dacd41b7607f320a958463a6f7a1fb9542a7bb6955278db3	598a3803be57c61d5a067f639452c4073277f247b6e35185c2853da47f8d1510
train_clean	train	roboflow_team128_v5	roboflow_team128_v5_IMG_0694_jpg.rf.4d96dd384a707b708b119a719abb9f16.jpg	roboflow_team128_v5_IMG_0694_jpg.rf.4d96dd384a707b708b119a719abb9f16.txt	4	543	1281	0	1	123	2513.0	705.0	510.0	460.0	94762.0	8dc754a8dbedfd8f9a6e58dc18ee5c2d31e5d9bcc381eebcc9cd89b9a4bcf8ef	2cade4eb5b8e075909683403ebb68e9b6bfb38e01ff7c8bcd5e40e36e226b1f9
train_clean	train	roboflow_team128_v5	roboflow_team128_v5_IMG_0694_jpg.rf.4d96dd384a707b708b119a719abb9f16.jpg	roboflow_team128_v5_IMG_0694_jpg.rf.4d96dd384a707b708b119a719abb9f16.txt	5	543	1282	0	1	15	2885.0	590.0	138.0	120.0	11416.0	6d89f21f26218d545825d37e436981ccc3ea0e6c5c90f51c8499cbb9a8ba03de	60c0a62aaf8099648ba30ac390e2cb87f36dba046ae941d763aa23ef99583b71
train_clean	train	roboflow_team128_v5	roboflow_team128_v5_IMG_0696_jpg.rf.d95973b6603c0b837cc1a2a232d5898a.jpg	roboflow_team128_v5_IMG_0696_jpg.rf.d95973b6603c0b837cc1a2a232d5898a.txt	1	544	1283	0	1	35	1269.0	1105.0	375.0	411.0	99870.0	01c0a02e8c3c6eb57d962b6443a88a1d2e29d70529275a672c22653effee4f18	7ef440c129481bee18a371e60168d4d34743bfd922b67871aa30e520410f4a47
train_clean	train	roboflow_team128_v5	roboflow_team128_v5_IMG_0696_jpg.rf.d95973b6603c0b837cc1a2a232d5898a.jpg	roboflow_team128_v5_IMG_0696_jpg.rf.d95973b6603c0b837cc1a2a232d5898a.txt	2	544	1284	0	1	15	201.0	382.0	166.0	101.0	12142.0	4c0e5b3572f96249fc832eace36d747da607c6bf24d04460bc28d45042339c85	ff000e8234df9431925561645f50ead49511aad428c620852b7e78eb6913ac95
train_clean	train	roboflow_team128_v5	roboflow_team128_v5_IMG_0696_jpg.rf.d95973b6603c0b837cc1a2a232d5898a.jpg	roboflow_team128_v5_IMG_0696_jpg.rf.d95973b6603c0b837cc1a2a232d5898a.txt	3	544	1285	0	1	16	1229.0	301.0	253.0	150.0	26346.0	8253b39f5f03dac414da93ae298d624f82f78d96c5b0f0629519cc8ac946c6e8	000e3d1b97fcb2b30caee5dd2853a4da43fc8a489cfd01d725250b9a982bcc76
train_clean	train	roboflow_team128_v5	roboflow_team128_v5_IMG_0696_jpg.rf.d95973b6603c0b837cc1a2a232d5898a.jpg	roboflow_team128_v5_IMG_0696_jpg.rf.d95973b6603c0b837cc1a2a232d5898a.txt	4	544	1286	0	1	87	2012.0	2844.0	508.0	667.0	163927.0	9564f233a729c966e9a97f445283288ff265c110b652f0f04d157fff48d7d75e	f407164ab8097951e8f420da317482e86ae1dec1fa1e9beb33c6a208d063b62c
train_clean	train	roboflow_team128_v5	roboflow_team128_v5_IMG_0697_jpg.rf.2226fb8940ce1315b1acc1e5f5cbd406.jpg	roboflow_team128_v5_IMG_0697_jpg.rf.2226fb8940ce1315b1acc1e5f5cbd406.txt	1	545	1287	0	1	29	1846.0	3220.0	433.0	476.0	157359.0	51f422a606a5c908f7f514043aecbfedcdac306df93460cd1601ebb73cce0a60	1202b18111c3f54b43aab4184c325b83b96aebfd3744aaac75a5e29e1c1d740a
train_clean	train	roboflow_team128_v5	roboflow_team128_v5_IMG_0697_jpg.rf.2226fb8940ce1315b1acc1e5f5cbd406.jpg	roboflow_team128_v5_IMG_0697_jpg.rf.2226fb8940ce1315b1acc1e5f5cbd406.txt	2	545	1288	0	1	34	278.0	3560.0	664.0	471.0	234849.0	fce1222160b13a338989e8bc7e90f5862478a5763c17d1fcff4277ab830bed1d	e104d2b3ef4a32fbefcaa863cd4a606f61f97be23d0e9978b4e186931d17d38e
train_clean	train	roboflow_team128_v5	roboflow_team128_v5_IMG_0697_jpg.rf.2226fb8940ce1315b1acc1e5f5cbd406.jpg	roboflow_team128_v5_IMG_0697_jpg.rf.2226fb8940ce1315b1acc1e5f5cbd406.txt	3	545	1289	0	1	45	1298.0	1508.0	729.0	586.0	292838.0	ec7ce9387b3d6a4148066b2c7582ceab2f17682a0d2a185a23a1d85994363f69	cc1efb9903a4ff8985cf9ae28d5fd444906f194f0dd4139e082796fb3b193482
train_clean	train	roboflow_team128_v5	roboflow_team128_v5_IMG_0697_jpg.rf.2226fb8940ce1315b1acc1e5f5cbd406.jpg	roboflow_team128_v5_IMG_0697_jpg.rf.2226fb8940ce1315b1acc1e5f5cbd406.txt	4	545	1290	0	1	22	1559.0	1159.0	269.0	217.0	38273.0	7e205bb696eab2e75a7cbaa22482326b7711d474aea328c61078c4c7542fd7e4	f4c129007f57297760cc27ac766934e82f785fd87e53cbf7b83a03a915f3c17e
train_clean	train	roboflow_team128_v5	roboflow_team128_v5_IMG_0700_jpg.rf.43df7986f0b3986f1ea06886a6d42d39.jpg	roboflow_team128_v5_IMG_0700_jpg.rf.43df7986f0b3986f1ea06886a6d42d39.txt	1	546	1291	0	1	66	1168.0	1049.0	497.0	527.0	153834.0	52c9ca6cee3ed9ee852b473e32af0308374b468fd420e523bb15b8ece277eb8d	1e378372f5f32e2993f9bc77f5f12efa52f11ab9b09ca3367c51c8a4b1632fdf
train_clean	train	roboflow_team128_v5	roboflow_team128_v5_IMG_0701_jpg.rf.6f6b08f56882573619dbcc733747311c.jpg	roboflow_team128_v5_IMG_0701_jpg.rf.6f6b08f56882573619dbcc733747311c.txt	1	547	1292	0	1	33	2717.0	2524.0	306.0	710.0	135978.0	1579e00e3023b390739db6d0aac95ceb49d4b66eedaf81e60e1752b960720b58	accd5807f9dd57555bc7426fd9c2984fa1d569b1dffcf8453d86b3ba5121bcc7
train_clean	train	roboflow_team128_v5	roboflow_team128_v5_IMG_0701_jpg.rf.6f6b08f56882573619dbcc733747311c.jpg	roboflow_team128_v5_IMG_0701_jpg.rf.6f6b08f56882573619dbcc733747311c.txt	2	547	1293	0	1	42	1021.0	1591.0	615.0	605.0	236545.0	0ba2b129ac4f59920b2c7a83c7f615473b7782aca345c5a23c2c85cc50314e3c	4caeb0c3e1cad9c5c640d0141b67bcb02665356bb12cd1f29445829e13cae70d
train_clean	train	roboflow_team128_v5	roboflow_team128_v5_IMG_0701_jpg.rf.6f6b08f56882573619dbcc733747311c.jpg	roboflow_team128_v5_IMG_0701_jpg.rf.6f6b08f56882573619dbcc733747311c.txt	3	547	1294	0	1	34	1657.0	611.0	538.0	527.0	194306.0	04cf6aa9d24a176cae078eb814f56dad046e04f93462840060198aca351eec91	f2ab6214d70fb288e129786f98b4b4a267eec40769c3f874b4e5fb25c1b9748a
train_clean	train	roboflow_team128_v5	roboflow_team128_v5_IMG_0702_jpg.rf.c491eeeda916683b2c200826c32d9c66.jpg	roboflow_team128_v5_IMG_0702_jpg.rf.c491eeeda916683b2c200826c32d9c66.txt	1	548	1295	0	1	58	1006.0	3403.0	564.0	628.0	260988.0	b16d4d34d5e1008a04460913fabd10fa824707b13fd8ecbc9be701f6f1c90aab	19b7e31f281df90894416a195edbcbc9f2ac7ca547f79ceccac62e34d54921da
train_clean	train	roboflow_team128_v5	roboflow_team128_v5_IMG_0702_jpg.rf.c491eeeda916683b2c200826c32d9c66.jpg	roboflow_team128_v5_IMG_0702_jpg.rf.c491eeeda916683b2c200826c32d9c66.txt	2	548	1296	0	1	52	1183.0	2256.0	431.0	371.0	86261.0	2b084ed7432dedd7de8dff55f102b983c139d6099791cf74462fc5cad23e9a40	5aa68e96eb8b2bc1320badb74bfa5c20a60e0b636786d81022e5be5c65afdd5e
train_clean	train	roboflow_team128_v5	roboflow_team128_v5_IMG_0703_jpg.rf.c0dc0f1bc373b41e72b2aae3c03e869b.jpg	roboflow_team128_v5_IMG_0703_jpg.rf.c0dc0f1bc373b41e72b2aae3c03e869b.txt	1	549	1297	0	1	41	1402.0	1459.0	292.0	314.0	40202.0	1e97ba5e638c7fcc851f84a834909bd41a1d341ea53c175b80c16ccf554e9010	efec094e307cae3f1a3d377dddab7eb91f64c504d3dc11fdc44059804cc21123
train_clean	train	roboflow_team128_v5	roboflow_team128_v5_IMG_0704_jpg.rf.ffdc22e319de0dc826fa8d89b405b787.jpg	roboflow_team128_v5_IMG_0704_jpg.rf.ffdc22e319de0dc826fa8d89b405b787.txt	1	550	1298	0	1	64	1403.0	1743.0	404.0	485.0	114665.0	b7aa78f114c8b9d7e1ad122ecaaaff9f588f4df7fdbbbfce7fd2459ed9a521fc	0c268cd1a51c5b8bd5a8ae4541bb31cf1b5e206ad378762faa7f29365008a768
train_clean	train	roboflow_team128_v5	roboflow_team128_v5_IMG_0705_jpg.rf.fe4169b811ebff8d2d89102d6466b678.jpg	roboflow_team128_v5_IMG_0705_jpg.rf.fe4169b811ebff8d2d89102d6466b678.txt	1	551	1299	0	1	45	1384.0	1171.0	264.0	371.0	57025.0	ed914b3c06e3d86eeff20064995f859c2f40a900c3d62bba353475b32ab353e5	a01a516de1098f6a269b43faca9159e3af6dbe48540d720c89ce6320378e0422
train_clean	train	roboflow_team128_v5	roboflow_team128_v5_IMG_0705_jpg.rf.fe4169b811ebff8d2d89102d6466b678.jpg	roboflow_team128_v5_IMG_0705_jpg.rf.fe4169b811ebff8d2d89102d6466b678.txt	2	551	1300	0	1	9	1397.0	1093.0	44.0	54.0	1552.0	180f6bea556a5cf3ed87ed2722add01836b6118d1f89bfe8ca87c2003617a97a	470a45777813290241a316e58e2e945c70e67474261d87f5220083e9fff6f1b9
train_clean	train	roboflow_team128_v5	roboflow_team128_v5_IMG_0705_jpg.rf.fe4169b811ebff8d2d89102d6466b678.jpg	roboflow_team128_v5_IMG_0705_jpg.rf.fe4169b811ebff8d2d89102d6466b678.txt	3	551	1301	0	1	15	1325.0	1086.0	79.0	123.0	6208.0	32d8e0ba6774138c07a5f381b2652f3c528cd9910f60380bea04e082f510880f	d8bb2be818d1f4bad8597074aa6c81bbe0b1e30ae98ff84dd277523120b1c355
train_clean	train	roboflow_team128_v5	roboflow_team128_v5_IMG_0705_jpg.rf.fe4169b811ebff8d2d89102d6466b678.jpg	roboflow_team128_v5_IMG_0705_jpg.rf.fe4169b811ebff8d2d89102d6466b678.txt	4	551	1302	0	1	23	1238.0	1465.0	181.0	156.0	16673.0	e79bdacb56f3a85b4314bd48023bc360c480f56df04c58476bcdfac4eeb22c71	bfd0b00c15d8e04a9ed317882f96c95adfdda7b5042c5707a038c9950386e27d
train_clean	train	roboflow_team128_v5	roboflow_team128_v5_IMG_0706_jpg.rf.655061599ab1784a59fe4151c5e10681.jpg	roboflow_team128_v5_IMG_0706_jpg.rf.655061599ab1784a59fe4151c5e10681.txt	1	552	1303	0	1	55	1574.0	1627.0	452.0	387.0	107070.0	970a1673ed64e96fa287a6ce34232b2850156d22073f1b6555f2f1ccef8e397c	117a2ea1701e1d7bc9265135adc61a5700ca6cbb59ebd450ab05d896e33bbcd7
train_clean	train	roboflow_team128_v5	roboflow_team128_v5_IMG_0706_jpg.rf.655061599ab1784a59fe4151c5e10681.jpg	roboflow_team128_v5_IMG_0706_jpg.rf.655061599ab1784a59fe4151c5e10681.txt	2	552	1304	0	1	32	1795.0	913.0	357.0	380.0	99308.0	f29dc1f0ab9f18f6b3de57951a036cb6d04dadd492fca0ffee47ea1f06f185d0	44dd972d68e843806fabc92b17ddfeec1de7d59c1d560de4f75b1c527c347836
train_clean	train	roboflow_team128_v5	roboflow_team128_v5_IMG_0706_jpg.rf.655061599ab1784a59fe4151c5e10681.jpg	roboflow_team128_v5_IMG_0706_jpg.rf.655061599ab1784a59fe4151c5e10681.txt	3	552	1305	0	1	18	214.0	898.0	139.0	156.0	16722.0	804e93ea46e71af43e5a89645153006dfcc1d2ba13284089849e320130e5545e	791550a6e3fc834da929755e4ec0b0211c5f7d5b9599410d7193f2177b7093d9
train_clean	train	roboflow_team128_v5	roboflow_team128_v5_IMG_0706_jpg.rf.655061599ab1784a59fe4151c5e10681.jpg	roboflow_team128_v5_IMG_0706_jpg.rf.655061599ab1784a59fe4151c5e10681.txt	4	552	1306	0	1	65	1938.0	2963.0	270.0	419.0	66301.0	27c8ab14ef83383723630a81dfc4e9ba639a3c3b056a2fffb017b1fdc5d4e703	d7c5d53153f6240cb9d56056f27d34a7188ff6deddbfb50846f44e703db759c8
train_clean	train	roboflow_team128_v5	roboflow_team128_v5_IMG_0708_jpg.rf.b7bfff9fcc83206511014450e3c60200.jpg	roboflow_team128_v5_IMG_0708_jpg.rf.b7bfff9fcc83206511014450e3c60200.txt	1	553	1307	0	1	94	998.0	1911.0	823.0	801.0	467238.0	3e7dd8d6db56493acaaef211c2e95d325ff451b66b15736471f4c848f793f67c	6816385ac4ca710cda78827e29e201ce3afedf99aed08b85bff0e08af856bcaf
train_clean	train	roboflow_team128_v5	roboflow_team128_v5_IMG_0708_jpg.rf.b7bfff9fcc83206511014450e3c60200.jpg	roboflow_team128_v5_IMG_0708_jpg.rf.b7bfff9fcc83206511014450e3c60200.txt	2	553	1308	0	1	41	1303.0	385.0	162.0	234.0	21221.0	948501e5726011fe96d517fc02faeca687d48bb29282ab563af1a83c9c5d4582	13d7cb894a39b1b5c486a959620330c9827e545efcd7d44f5c2358ef3cb37bb7
train_clean	train	roboflow_team128_v5	roboflow_team128_v5_IMG_0708_jpg.rf.b7bfff9fcc83206511014450e3c60200.jpg	roboflow_team128_v5_IMG_0708_jpg.rf.b7bfff9fcc83206511014450e3c60200.txt	3	553	1309	0	1	26	1163.0	481.0	173.0	133.0	13739.0	29fdc11a94595f806addcaa567c7fab59853c16591da6b69da37578dd2710aef	0d46ffa736978e2968d7faeabec6eb7c3a871a323ff7da09328110c52cdd67d8
train_clean	train	roboflow_team128_v5	roboflow_team128_v5_IMG_0709_jpg.rf.6a58bdcabb2eb68dfab33a91891d4db3.jpg	roboflow_team128_v5_IMG_0709_jpg.rf.6a58bdcabb2eb68dfab33a91891d4db3.txt	1	554	1310	0	1	83	2057.0	0.0	640.0	673.0	281078.0	f4a34c8324546a8f0753e02575435193bc4cc6ad1a8c39db9c921ed86649324c	217607e37df41ad9a5a7544d8a8500c5212209d65a7206c7e528408b7dad492f
train_clean	train	roboflow_team128_v5	roboflow_team128_v5_IMG_0709_jpg.rf.6a58bdcabb2eb68dfab33a91891d4db3.jpg	roboflow_team128_v5_IMG_0709_jpg.rf.6a58bdcabb2eb68dfab33a91891d4db3.txt	2	554	1311	0	1	153	2380.0	1231.0	643.0	779.0	252242.0	22ef3f564ab3b9201b105fd185a25f81cc7b9d34d15e2084c18ebcba04631c5a	9086c1ec2a05cd04235d763d41905c1031d257ddfd4154d9e43c2351de766f3d
train_clean	train	roboflow_team128_v5	roboflow_team128_v5_IMG_0710_jpg.rf.bbb08dd84521dae12b2e006010f972aa.jpg	roboflow_team128_v5_IMG_0710_jpg.rf.bbb08dd84521dae12b2e006010f972aa.txt	1	555	1312	0	1	30	1561.0	1752.0	304.0	350.0	70601.0	4ec4f1ac5f85856af848b8163b8a361123f2efdc484cdcf4e8b2adc04ea8a9d7	2b064287c3252abe1e4e8c7417d746fc1ce82b21e7e440743529341d2258c195
train_clean	train	roboflow_team128_v5	roboflow_team128_v5_IMG_0710_jpg.rf.bbb08dd84521dae12b2e006010f972aa.jpg	roboflow_team128_v5_IMG_0710_jpg.rf.bbb08dd84521dae12b2e006010f972aa.txt	2	555	1313	0	1	52	1620.0	2346.0	348.0	376.0	82949.0	142b1156812b64da285261ba8cf1c5cdd1505bfdaf8e4279d17789e2712e585d	1106393737ef89a67baef9391081a251f88996413b209dadd9b79623b6fd2817
train_clean	train	roboflow_team128_v5	roboflow_team128_v5_IMG_0710_jpg.rf.bbb08dd84521dae12b2e006010f972aa.jpg	roboflow_team128_v5_IMG_0710_jpg.rf.bbb08dd84521dae12b2e006010f972aa.txt	3	555	1314	0	1	61	1208.0	2797.0	532.0	467.0	144302.0	ca81abe676169cca46c6639c041563cb6f6177cd7c54ac0dbc320e5e6bbb86f5	1e9158be5c74d4910d3b585941d40b78e065f6afa8edf2ab1f747353944bc7b0
train_clean	train	roboflow_team128_v5	roboflow_team128_v5_IMG_0710_jpg.rf.bbb08dd84521dae12b2e006010f972aa.jpg	roboflow_team128_v5_IMG_0710_jpg.rf.bbb08dd84521dae12b2e006010f972aa.txt	4	555	1315	0	1	20	512.0	567.0	171.0	120.0	15091.0	ee52fdc2cc6b3282e4fcf3243618fccfea6c0caeb00afd16f56099ae729f6a6e	f1222a29e36520d28a2ad453b2db2df1de371df3abf54e5d5c3a1ea540fcda01
train_clean	train	roboflow_team128_v5	roboflow_team128_v5_IMG_0710_jpg.rf.bbb08dd84521dae12b2e006010f972aa.jpg	roboflow_team128_v5_IMG_0710_jpg.rf.bbb08dd84521dae12b2e006010f972aa.txt	5	555	1316	0	1	10	2173.0	169.0	95.0	55.0	3769.0	f03e1e18d48cfc865804220f48612bebe3fddbfd75cc1efd0369034af531bbdf	bc71bf93fc39d12fc2f6eab2ba26beb9c196653ebfbc18d1990119475b10b194
train_clean	train	roboflow_team128_v5	roboflow_team128_v5_IMG_0712_jpg.rf.6b0e56a40c24900b491c4f2ce55e74a2.jpg	roboflow_team128_v5_IMG_0712_jpg.rf.6b0e56a40c24900b491c4f2ce55e74a2.txt	1	556	1317	0	1	34	1662.0	1406.0	198.0	205.0	11235.0	f417a5a73636f06dcdb0e19398a9ab5527b065bca23c9c493bdcefd251f1ce77	d6fa2c2c1e210de9c8549c9f79134f021fd2fdb380c0e05a955d90446a1822dd
train_clean	train	roboflow_team128_v5	roboflow_team128_v5_IMG_0712_jpg.rf.6b0e56a40c24900b491c4f2ce55e74a2.jpg	roboflow_team128_v5_IMG_0712_jpg.rf.6b0e56a40c24900b491c4f2ce55e74a2.txt	2	556	1318	0	1	13	1463.0	1300.0	96.0	91.0	4714.0	ef95273c23e0dacc74753e12656c5169dbe4bc50493815fce34570dc919344ce	37afcc946199f39af3243b94ded2123aa794abaa447beb2857260c70dffd75c5
train_clean	train	roboflow_team128_v5	roboflow_team128_v5_IMG_0712_jpg.rf.6b0e56a40c24900b491c4f2ce55e74a2.jpg	roboflow_team128_v5_IMG_0712_jpg.rf.6b0e56a40c24900b491c4f2ce55e74a2.txt	3	556	1319	0	1	11	1501.0	1051.0	59.0	93.0	1795.0	321bea622f9c299a21625836f365cbb36b3633383569db12acf47ab9fa0e959b	d867461232b4e711b6b820bbd3e805a509b86866daa3fb9997c855af8ffdec1e
train_clean	train	roboflow_team128_v5	roboflow_team128_v5_IMG_0718_jpg.rf.194c858799b61b740dd0bdb9c1383924.jpg	roboflow_team128_v5_IMG_0718_jpg.rf.194c858799b61b740dd0bdb9c1383924.txt	1	557	1320	0	1	45	1231.0	1391.0	483.0	634.0	212194.0	7e71fc32b08b6aa760ec86d052ee406413d1349acac43cc2f3ebc9877d4e8bf3	d5f7f4f50c8e7371aa5997d857c33b1b7e92e8ad9e61f67ea1c26502937ded73
train_clean	train	roboflow_team128_v5	roboflow_team128_v5_IMG_0718_jpg.rf.194c858799b61b740dd0bdb9c1383924.jpg	roboflow_team128_v5_IMG_0718_jpg.rf.194c858799b61b740dd0bdb9c1383924.txt	2	557	1321	0	1	39	102.0	2711.0	360.0	424.0	99361.0	dbe5064b6dc661542660e10cb94fefb790e9d52e8ef8bb2ccb6c0e463d9402af	da394ac31f1e957f39a38c95474ca41732ae855517857188425697ab830f5910
train_clean	train	roboflow_team128_v5	roboflow_team128_v5_IMG_0718_jpg.rf.194c858799b61b740dd0bdb9c1383924.jpg	roboflow_team128_v5_IMG_0718_jpg.rf.194c858799b61b740dd0bdb9c1383924.txt	3	557	1322	0	1	42	137.0	71.0	201.0	296.0	36726.0	c78388195573eea1a79c2346ef7e3250c7caf0be925def92a92080825fd57668	3c5e6ad4e47132f808deb4eb75b479b18ed74568b9cb125f1455ab5860e250f3
train_clean	train	roboflow_team128_v5	roboflow_team128_v5_IMG_0718_jpg.rf.194c858799b61b740dd0bdb9c1383924.jpg	roboflow_team128_v5_IMG_0718_jpg.rf.194c858799b61b740dd0bdb9c1383924.txt	4	557	1323	0	1	32	2264.0	2697.0	407.0	282.0	50284.0	74326f67a1d3b0ba3c181f3ccb72d4e5ce7974b82c782fdbe4b23177f0e818e8	5ecbab68b8a765b3b3b0a59abc845fccb87f08704d1a66a02b38756851f45234
train_clean	train	roboflow_team128_v5	roboflow_team128_v5_IMG_0719_jpg.rf.dfcf018b95cd357a42473c79bbad5dc3.jpg	roboflow_team128_v5_IMG_0719_jpg.rf.dfcf018b95cd357a42473c79bbad5dc3.txt	1	558	1324	0	1	34	583.0	2622.0	282.0	350.0	67235.0	133e4d08d9d8ce63b0d6798486bc96279309461d3dc86f6d4503e30cd500147f	a5feb109c09d1bd34bba6b793f42a1a4c4c57143352fa5688864e3177ede9535
train_clean	train	roboflow_team128_v5	roboflow_team128_v5_IMG_0719_jpg.rf.dfcf018b95cd357a42473c79bbad5dc3.jpg	roboflow_team128_v5_IMG_0719_jpg.rf.dfcf018b95cd357a42473c79bbad5dc3.txt	2	558	1325	0	1	51	867.0	1360.0	491.0	434.0	101490.0	e055e956542ad4b6d95cb7e66b37501927db865d4702b8b71b4bc068bcaf752f	4f810909d37459af1bcd6ea04abf8031587ce80f1275fbf403b6108781c56517
train_clean	train	roboflow_team128_v5	roboflow_team128_v5_IMG_0719_jpg.rf.dfcf018b95cd357a42473c79bbad5dc3.jpg	roboflow_team128_v5_IMG_0719_jpg.rf.dfcf018b95cd357a42473c79bbad5dc3.txt	3	558	1326	0	1	20	2386.0	294.0	282.0	239.0	46526.0	73f64a61a6c10ab2446263d9163cb3105298b2c88b285d539a86db21a44a1232	75b0fefc692f16eca2410dbfca4d9efe95cbb60f24c41a209a96fbf9e9f1c64b
train_clean	train	roboflow_team128_v5	roboflow_team128_v5_IMG_0719_jpg.rf.dfcf018b95cd357a42473c79bbad5dc3.jpg	roboflow_team128_v5_IMG_0719_jpg.rf.dfcf018b95cd357a42473c79bbad5dc3.txt	4	558	1327	0	1	28	2541.0	445.0	266.0	181.0	29208.0	c1e6adfddb449a112a4307a46c16ac5c2bf86eaec562a651179d7d088f97d80a	1a112d638a80b74a68787dd8bf4bbebbb42e0e69206c782ca0bd99628718c587
train_clean	train	roboflow_team128_v5	roboflow_team128_v5_IMG_0720_jpg.rf.98c6a9eaa035f1b7d46078a8846c1003.jpg	roboflow_team128_v5_IMG_0720_jpg.rf.98c6a9eaa035f1b7d46078a8846c1003.txt	1	559	1328	0	1	47	892.0	1686.0	350.0	406.0	76689.0	75bb8dedeb72acf2ebf1f799f806491cd23444227457ca6218ef682c4d25f323	c3802c83406f13caae906fbb9c2a434341016c920fcf4d595e5034b222f21209
train_clean	train	roboflow_team128_v5	roboflow_team128_v5_IMG_0720_jpg.rf.98c6a9eaa035f1b7d46078a8846c1003.jpg	roboflow_team128_v5_IMG_0720_jpg.rf.98c6a9eaa035f1b7d46078a8846c1003.txt	2	559	1329	0	1	36	1662.0	3715.0	371.0	316.0	73719.0	af84aa99d9dd63ed777ebfc2215ee5cec52bb53a4c52462c969b49f3aef94f65	6941742645f1830641dea325c81544f642517831da09af8aedd6cb55ce4be200
train_clean	train	roboflow_team128_v5	roboflow_team128_v5_IMG_0720_jpg.rf.98c6a9eaa035f1b7d46078a8846c1003.jpg	roboflow_team128_v5_IMG_0720_jpg.rf.98c6a9eaa035f1b7d46078a8846c1003.txt	3	559	1330	0	1	44	2703.0	2640.0	320.0	447.0	105343.0	017c60455b9c12259330f11ef92266e145caeb403b5ac8e7813b1b72fb9bf67c	db29f66952bd6ca378a616d03afc5fc592e685e9e6728edf7fb3252f45191b53
train_clean	train	roboflow_team128_v5	roboflow_team128_v5_IMG_0720_jpg.rf.98c6a9eaa035f1b7d46078a8846c1003.jpg	roboflow_team128_v5_IMG_0720_jpg.rf.98c6a9eaa035f1b7d46078a8846c1003.txt	4	559	1331	0	1	53	2032.0	311.0	291.0	185.0	26500.0	a74acca0eeebe9016e08d96ada9dd8b8174ee0abe80c0ab6dbf3298ff14d0f0d	e2d34c9a80bae8a6b9a0c06db90052e63323596ee51c4ec342ae4762505d61b9
train_clean	train	roboflow_team128_v5	roboflow_team128_v5_IMG_0721_jpg.rf.9eaf871c5ea9359c63dc4481989a4b3c.jpg	roboflow_team128_v5_IMG_0721_jpg.rf.9eaf871c5ea9359c63dc4481989a4b3c.txt	1	560	1332	0	1	50	598.0	1511.0	679.0	678.0	343523.0	846c0f2cab80bfb6aef95284461cf7dab17f02e1526639761759cc32603399b2	1adb3eebc098e885110def3c227ac26d495e00140c0ad8edf46bb723627d43aa
train_clean	train	roboflow_team128_v5	roboflow_team128_v5_IMG_0721_jpg.rf.9eaf871c5ea9359c63dc4481989a4b3c.jpg	roboflow_team128_v5_IMG_0721_jpg.rf.9eaf871c5ea9359c63dc4481989a4b3c.txt	2	560	1333	0	1	30	0.0	1176.0	284.0	768.0	140840.0	8a9fbb510c38727eaeb8b1420bf994255ad06aaad1ba89213cb6416559e4d61b	4ca96a7fa0654addcbee49e36d3c09aeed012e7e2ec1170ea4c59f3c8bdf5c97
train_clean	train	roboflow_team128_v5	roboflow_team128_v5_IMG_0722_jpg.rf.6d212a3564c1d2ea8c1c70516cf92baa.jpg	roboflow_team128_v5_IMG_0722_jpg.rf.6d212a3564c1d2ea8c1c70516cf92baa.txt	1	561	1334	0	1	41	649.0	1396.0	817.0	728.0	429723.0	3b7bbe64cf026ef419085c46c30c03e3710efddac23fd6d320558bc530ebb759	7acb8685972fc79bdd3d67c75408267c1610048cb0411bc828c312de82e15e07
train_clean	train	roboflow_team128_v5	roboflow_team128_v5_IMG_0722_jpg.rf.6d212a3564c1d2ea8c1c70516cf92baa.jpg	roboflow_team128_v5_IMG_0722_jpg.rf.6d212a3564c1d2ea8c1c70516cf92baa.txt	2	561	1335	0	1	43	1475.0	2048.0	578.0	746.0	332099.0	4db1c9809734a83191596148604ee9d8e93f790524bbfb501164be3de3c093ca	effeecb0d48d03c9cda78df82e152d7bdb143d60820b3cfd4f89bb5b1f11fb99
train_clean	train	roboflow_team128_v5	roboflow_team128_v5_IMG_0723_jpg.rf.9ea89289f28084ee7c9107befa3806ba.jpg	roboflow_team128_v5_IMG_0723_jpg.rf.9ea89289f28084ee7c9107befa3806ba.txt	1	562	1336	0	1	177	1356.0	1214.0	424.0	490.0	98419.0	c6d51ebc1cd215a7a56e51553d149a0e950609508c4b8ac1cc3f2184dfb3c1f5	3c49221cb247ab03f3cf335bd40c7f38fb84c47cc5730534eb296c392be6fc57
train_clean	train	roboflow_team128_v5	roboflow_team128_v5_IMG_0723_jpg.rf.9ea89289f28084ee7c9107befa3806ba.jpg	roboflow_team128_v5_IMG_0723_jpg.rf.9ea89289f28084ee7c9107befa3806ba.txt	2	562	1337	0	1	44	1532.0	254.0	259.0	305.0	48433.0	4a78184c9578cff75ac5ffed62b0984489bcc4c92b70ab225fc05dec68781449	4969978586a55ac6037186902807848d38dbe1a23b676e9d4e19e66e64839969
train_clean	train	roboflow_team128_v5	roboflow_team128_v5_IMG_0723_jpg.rf.9ea89289f28084ee7c9107befa3806ba.jpg	roboflow_team128_v5_IMG_0723_jpg.rf.9ea89289f28084ee7c9107befa3806ba.txt	3	562	1338	0	1	21	2249.0	197.0	169.0	146.0	13167.0	ab0f2e44e37cedc0a4567aad61e17a6d2866829f48173f42ccc3ed74b66e2704	42b5dc952836f10fdf126e2c4c36288ede38f5032df1450f1127fa5a79d15127
train_clean	train	roboflow_team128_v5	roboflow_team128_v5_IMG_0723_jpg.rf.9ea89289f28084ee7c9107befa3806ba.jpg	roboflow_team128_v5_IMG_0723_jpg.rf.9ea89289f28084ee7c9107befa3806ba.txt	4	562	1339	0	1	43	2858.0	290.0	165.0	381.0	24397.0	48433a01041152e1767be3680a194d80d5209616b3634a6b8cea45e58f130b95	5f7b0ae398a3bd3798120e120656e95895bc5895c8ae665937ea1192282e19f5
train_clean	train	roboflow_team128_v5	roboflow_team128_v5_IMG_0723_jpg.rf.9ea89289f28084ee7c9107befa3806ba.jpg	roboflow_team128_v5_IMG_0723_jpg.rf.9ea89289f28084ee7c9107befa3806ba.txt	5	562	1340	0	1	12	2194.0	0.0	189.0	67.0	9711.0	ec2d582c7ee77fea8a4b251fe8740bf7bbaf8aed9f41bf2cc7d9996a50946b73	eb17f7454a37501c7d56cb1b779ab505f90638dffc8096f2796d0b36efef8415
train_clean	train	roboflow_team128_v5	roboflow_team128_v5_IMG_0724_jpg.rf.506abfe9cd2090f42d7888220a6db817.jpg	roboflow_team128_v5_IMG_0724_jpg.rf.506abfe9cd2090f42d7888220a6db817.txt	1	563	1341	0	1	32	1438.0	1812.0	410.0	341.0	97619.0	c3cd206c733ad6b607d64eb5db8d2e4a317994e2cd209e42deb8974173dc3188	fcdfdd5171f975616c51156d4576852660b0ba6affb4162316827c2eb40a07ce
train_clean	train	roboflow_team128_v5	roboflow_team128_v5_IMG_0724_jpg.rf.506abfe9cd2090f42d7888220a6db817.jpg	roboflow_team128_v5_IMG_0724_jpg.rf.506abfe9cd2090f42d7888220a6db817.txt	2	563	1342	0	1	37	1136.0	1458.0	445.0	437.0	130519.0	ce29bdcc1e2b2f7b2cc01269ecf942328f253d31af2aa6c3c2d4b246300d5d09	df0e030f8d37a7bc33590acb346d8527a1a11c54bb1462e47c694520dec11a6f
train_clean	train	roboflow_team128_v5	roboflow_team128_v5_IMG_0724_jpg.rf.506abfe9cd2090f42d7888220a6db817.jpg	roboflow_team128_v5_IMG_0724_jpg.rf.506abfe9cd2090f42d7888220a6db817.txt	3	563	1343	0	1	21	417.0	1411.0	270.0	160.0	26259.0	0acb5efb607f94763d50892216c84fa8a7de4dc3354d98ef80bc97714edcd0f7	f3af7093dffb11e97e655e9acfcfcc48015f20cd335b578be9f93b52cd30ad16
train_clean	train	roboflow_team128_v5	roboflow_team128_v5_IMG_0724_jpg.rf.506abfe9cd2090f42d7888220a6db817.jpg	roboflow_team128_v5_IMG_0724_jpg.rf.506abfe9cd2090f42d7888220a6db817.txt	4	563	1344	0	1	21	471.0	949.0	244.0	281.0	52892.0	7ee7b45cb186a554314deaa2a3cb7a2ff78270df5ad0e2a85b797f4ad635107b	5e1dfa246da92c8cc6c08a9c31db59b448712b9a9c2dedb7087d5d747491c907
train_clean	train	roboflow_team128_v5	roboflow_team128_v5_IMG_0724_jpg.rf.506abfe9cd2090f42d7888220a6db817.jpg	roboflow_team128_v5_IMG_0724_jpg.rf.506abfe9cd2090f42d7888220a6db817.txt	5	563	1345	0	1	15	1480.0	101.0	142.0	134.0	13300.0	6d786022ea24112aa891a8f7ec1864d33721a6354f1a9e76dbb46ef22f7e3855	23f09447226fb7c130ac19d42509c8f13802fe1316bddd16a74dfd6fd8baca28
train_clean	train	roboflow_team128_v5	roboflow_team128_v5_IMG_0724_jpg.rf.506abfe9cd2090f42d7888220a6db817.jpg	roboflow_team128_v5_IMG_0724_jpg.rf.506abfe9cd2090f42d7888220a6db817.txt	6	563	1346	0	1	13	980.0	196.0	120.0	80.0	7041.0	21e1766a9c962a06ae4447b33553c5b5d3367cba4534a581d0562c7c6ac123e2	afaf20321e885a49575384f047646efa086de63fc1d0c8384a74f6492dc0801b
train_clean	train	roboflow_team128_v5	roboflow_team128_v5_IMG_0724_jpg.rf.506abfe9cd2090f42d7888220a6db817.jpg	roboflow_team128_v5_IMG_0724_jpg.rf.506abfe9cd2090f42d7888220a6db817.txt	7	563	1347	0	1	19	1254.0	747.0	215.0	125.0	18285.0	7c92635426beef742c307e52e351f9c61e10a62ce3a54990257b9ab2f907decb	bc4154671edaa0b6852cc26f3fd00d08ea7d3d0be27e349c69982969847f80dd
train_clean	train	roboflow_team128_v5	roboflow_team128_v5_IMG_0726_jpg.rf.0050de1060fca13d4d9e13575ce79410.jpg	roboflow_team128_v5_IMG_0726_jpg.rf.0050de1060fca13d4d9e13575ce79410.txt	1	564	1348	0	1	32	1093.0	3314.0	428.0	442.0	132725.0	43ea0897a5324729bf302ba89b07ff79ff5f9ce6ffff0af0fb33f584e77fb4bd	2003d6e34c29fe9970a1e8c46c5b37ef5ce3eca9a5b25fe35e94053d4626274c
train_clean	train	roboflow_team128_v5	roboflow_team128_v5_IMG_0726_jpg.rf.0050de1060fca13d4d9e13575ce79410.jpg	roboflow_team128_v5_IMG_0726_jpg.rf.0050de1060fca13d4d9e13575ce79410.txt	2	564	1349	0	1	44	1269.0	1529.0	596.0	412.0	148362.0	c252e0fed57b7b7f80b4e025b859e6c4618db31609d73a763131dc7e6d8076be	971c6f21343c611881639f39ffb52b5b89cd62dcb4479e2475dc79aacdd0ea17
train_clean	train	roboflow_team128_v5	roboflow_team128_v5_IMG_0727_jpg.rf.1d4205c5ad385afb65ca1e3487c12c0c.jpg	roboflow_team128_v5_IMG_0727_jpg.rf.1d4205c5ad385afb65ca1e3487c12c0c.txt	1	565	1350	0	1	57	1991.0	3182.0	919.0	849.0	565050.0	f7f649c862b99fa82ceb3bf7d0fa5ac397f7a88c5ebdc2f71069c9460f6d26e1	be00a1e7cdd300c41a8cd2b3236e4a49d35f34e5e0430a15602035f303fb20b7
train_clean	train	roboflow_team128_v5	roboflow_team128_v5_IMG_0727_jpg.rf.1d4205c5ad385afb65ca1e3487c12c0c.jpg	roboflow_team128_v5_IMG_0727_jpg.rf.1d4205c5ad385afb65ca1e3487c12c0c.txt	2	565	1351	0	1	11	1364.0	3898.0	486.0	133.0	46002.0	435cc5eba235affa0a01a2f566782855e20dd736e6525b343fb72110d109d249	1d574f959272577359ea2e9a459dfbe3e508edf52efea61dc928b8f3dedc783a
train_clean	train	roboflow_team128_v5	roboflow_team128_v5_IMG_0727_jpg.rf.1d4205c5ad385afb65ca1e3487c12c0c.jpg	roboflow_team128_v5_IMG_0727_jpg.rf.1d4205c5ad385afb65ca1e3487c12c0c.txt	3	565	1352	0	1	61	2019.0	1582.0	673.0	753.0	338724.0	ff0355a9098553270f03bba75c09fc63c56b103161eba6b775613b3c06f20320	de48eff809d276eb2f80fda8211647b11507258d105bb213b68246f3e31f2ddd
train_clean	train	roboflow_team128_v5	roboflow_team128_v5_IMG_0727_jpg.rf.1d4205c5ad385afb65ca1e3487c12c0c.jpg	roboflow_team128_v5_IMG_0727_jpg.rf.1d4205c5ad385afb65ca1e3487c12c0c.txt	4	565	1353	0	1	41	1352.0	1033.0	619.0	459.0	148814.0	b022f18b6d7e1ac5ce6cb22de90a57714c637e2244a2a3c192fda3cfe73718a6	3f6b635d7d04186ad58a853b5d85fc70f6ef9cc6dbb923604255f29b624435ef
train_clean	train	roboflow_team128_v5	roboflow_team128_v5_IMG_0728_jpg.rf.e90070eaba11e46ae0d36b9d761fa34a.jpg	roboflow_team128_v5_IMG_0728_jpg.rf.e90070eaba11e46ae0d36b9d761fa34a.txt	1	566	1354	0	1	104	1661.0	3120.0	545.0	613.0	197386.0	0204efd8629bba1485e705af8cc2b22d7604dea1d5eecf0d8864d0faa2310626	6c849407667f63f6f334c32b3cc3f79226798247bf39e299cfed0fc6d679f0cb
train_clean	train	roboflow_team128_v5	roboflow_team128_v5_IMG_0728_jpg.rf.e90070eaba11e46ae0d36b9d761fa34a.jpg	roboflow_team128_v5_IMG_0728_jpg.rf.e90070eaba11e46ae0d36b9d761fa34a.txt	2	566	1355	0	1	81	1497.0	752.0	536.0	556.0	206478.0	04a9b8ec66e23c314dad8e2bf3749795866e2911e0945e505eaefc5e2d845fb0	d414fc529daf81447e1c7296a707a8852f6b6f94e93f5511ca719f36b76cb958
train_clean	train	roboflow_team128_v5	roboflow_team128_v5_IMG_0728_jpg.rf.e90070eaba11e46ae0d36b9d761fa34a.jpg	roboflow_team128_v5_IMG_0728_jpg.rf.e90070eaba11e46ae0d36b9d761fa34a.txt	3	566	1356	0	1	114	0.0	1255.0	337.0	550.0	84171.0	d35e2f8b90906cb7f0e6c9f76b639137e65fea467b379df9ad587798242abbdc	24067a60c82aa78ec866f4e1a57a6b76dce6a19f10ed5141d9b972620bcfa9ea
train_clean	train	roboflow_team128_v5	roboflow_team128_v5_IMG_0729_jpg.rf.ab3159c332681b6346c533ec4c05a1f0.jpg	roboflow_team128_v5_IMG_0729_jpg.rf.ab3159c332681b6346c533ec4c05a1f0.txt	1	567	1357	0	1	119	2345.0	1611.0	678.0	610.0	256468.0	08d08060cbee9eac3338661d5ed0fb9b45aaf1217402ecb0bb3dfb9a5956d004	706f892426df259f3d0733b18c161870e17514929184c15fe641e11167a25ab0
train_clean	train	roboflow_team128_v5	roboflow_team128_v5_IMG_0729_jpg.rf.ab3159c332681b6346c533ec4c05a1f0.jpg	roboflow_team128_v5_IMG_0729_jpg.rf.ab3159c332681b6346c533ec4c05a1f0.txt	2	567	1358	0	1	129	488.0	1502.0	673.0	590.0	157815.0	bbc87a3769f6c9963bb6d57a2e1ebb5433c629989b0a14d57619eeb5dcecec3e	c8a987b50462bfc706273c8a02cf7d244cb42e1222b00a6b2a89238ca68c0bd4
train_clean	train	roboflow_team128_v5	roboflow_team128_v5_IMG_0730_jpg.rf.de580129c912414ba4323f6eb634b0e6.jpg	roboflow_team128_v5_IMG_0730_jpg.rf.de580129c912414ba4323f6eb634b0e6.txt	1	568	1359	0	1	37	1184.0	784.0	523.0	623.0	204959.0	dfe4ce9f90e4eb84ca88e847a7ba06640258f264e7c22000f8370871f5af0e58	1990c50032f9829c257bfade1c29c5b2bb145dcd1e71a0e1d4baa08278a230a9
train_clean	train	roboflow_team128_v5	roboflow_team128_v5_IMG_0731_jpg.rf.f72f041010b3a505070c552fc4438ac4.jpg	roboflow_team128_v5_IMG_0731_jpg.rf.f72f041010b3a505070c552fc4438ac4.txt	1	569	1360	0	1	105	1112.0	2035.0	515.0	462.0	151310.0	3e2595dd77318e0ec2f457883d8e27b89ad96fa1f67396116370c82cb8fa453c	b670ae4c7083312e2658f197b774448ec7aea4a2f6ce12325ed325f9d7e1a95d
train_clean	train	roboflow_team128_v5	roboflow_team128_v5_IMG_0732_jpg.rf.a566ae222150b4237607e9d5d3b08fb0.jpg	roboflow_team128_v5_IMG_0732_jpg.rf.a566ae222150b4237607e9d5d3b08fb0.txt	1	570	1361	0	1	67	1986.0	0.0	455.0	266.0	60152.0	4648ebf0ee2ab6490240e6e709a9e2143a3c3d6a759479bb8098b915cb484196	541a725e3c050986b108157d460ec25d51c4851c01a37d2c7f1db894adea17c1
train_clean	train	roboflow_team128_v5	roboflow_team128_v5_IMG_0732_jpg.rf.a566ae222150b4237607e9d5d3b08fb0.jpg	roboflow_team128_v5_IMG_0732_jpg.rf.a566ae222150b4237607e9d5d3b08fb0.txt	2	570	1362	0	1	338	1445.0	2639.0	816.0	686.0	306415.0	c7dd0795bf500d4d935458cb5945514d232b598837173660feb28f5226326642	c5cae312e58f5a3d5e6a4e16834bbce192a64902ad4a9a55582642c31db9cd65
train_clean	train	roboflow_team128_v5	roboflow_team128_v5_IMG_0733_jpg.rf.a98745ff225da3bdd904323093122998.jpg	roboflow_team128_v5_IMG_0733_jpg.rf.a98745ff225da3bdd904323093122998.txt	1	571	1363	0	1	69	2762.0	2665.0	261.0	781.0	98339.0	884048844a4237fdf420cec13faf05169ce27a52b3aab1e9666a6b27d20662c1	6b54fd2ca616b4a911061aad27806083a0f7d3ea46049d1ebf7d00cdbb2088b3
train_clean	train	roboflow_team128_v5	roboflow_team128_v5_IMG_0733_jpg.rf.a98745ff225da3bdd904323093122998.jpg	roboflow_team128_v5_IMG_0733_jpg.rf.a98745ff225da3bdd904323093122998.txt	2	571	1364	0	1	58	1253.0	1149.0	384.0	364.0	64993.0	2e6e8c85fe2c0517d44f267916e853ab76257493163441893030b570f12709c6	b2133630d4b9e5df940a354d5c0fcc4b3aa0d845e6a829b07513892ba27762e5
train_clean	train	roboflow_team128_v5	roboflow_team128_v5_IMG_0734_jpg.rf.e4aaec5a9d8f632df5ae4e0eb15b7c71.jpg	roboflow_team128_v5_IMG_0734_jpg.rf.e4aaec5a9d8f632df5ae4e0eb15b7c71.txt	1	572	1365	0	1	97	1104.0	1398.0	603.0	607.0	149887.0	fc212723fde38ac7c7154d9645815899563bb1338447fc51a8028571820b9abf	4115a9d79cb6214c7bab1247a42ca8f2388bd70f050391514b8e997ad3a04957
train_clean	train	roboflow_team128_v5	roboflow_team128_v5_IMG_0735_jpg.rf.30eea7c6730f9659f62b49297ac4cd76.jpg	roboflow_team128_v5_IMG_0735_jpg.rf.30eea7c6730f9659f62b49297ac4cd76.txt	1	573	1366	0	1	33	1507.0	2653.0	337.0	368.0	75176.0	24faaa9c6e365562b7da20f264d5e3e8f13d0226b70f5f75a1622efe3d7e9121	4f6f5f5181fd11188ec91118c3a7bac9291f0a6bc6cb568a74457d01b3b5d616
train_clean	train	roboflow_team128_v5	roboflow_team128_v5_IMG_0735_jpg.rf.30eea7c6730f9659f62b49297ac4cd76.jpg	roboflow_team128_v5_IMG_0735_jpg.rf.30eea7c6730f9659f62b49297ac4cd76.txt	2	573	1367	0	1	28	1591.0	1160.0	461.0	565.0	144546.0	0be2d041131ff4a4ade4e73c0892994ade7d3cbc9135bb77551c88535b30d7fd	a051629332eaf5a8544d9532803f0482dea089ecb07b826ec4e9994641ede062
train_clean	train	roboflow_team128_v5	roboflow_team128_v5_IMG_0736_jpg.rf.7ae581489d2a48ab7aee193c8e18a525.jpg	roboflow_team128_v5_IMG_0736_jpg.rf.7ae581489d2a48ab7aee193c8e18a525.txt	1	574	1368	0	1	118	1135.0	459.0	692.0	576.0	188157.0	035d9bd07eb34f44bda718dccdd99e9565f83b5502e55adf70e45ac7826a3e6f	285a63299a5884090c75d8c077e96934a4921e2c17c2f644f51fb32562c689b7
train_clean	train	roboflow_team128_v5	roboflow_team128_v5_IMG_0736_jpg.rf.7ae581489d2a48ab7aee193c8e18a525.jpg	roboflow_team128_v5_IMG_0736_jpg.rf.7ae581489d2a48ab7aee193c8e18a525.txt	2	574	1369	0	1	83	342.0	1646.0	411.0	429.0	82086.0	30054af9c085276812577418ab1afcb1e8e8a76599803d06e567c19c4dc28a67	6bb72fa194e6d20eb0df692a792c6664a60624d74557b9c928b6df316c43d068
train_clean	train	roboflow_team128_v5	roboflow_team128_v5_IMG_0737_jpg.rf.9f3a6950233274324fe05405e0f1ecc2.jpg	roboflow_team128_v5_IMG_0737_jpg.rf.9f3a6950233274324fe05405e0f1ecc2.txt	1	575	1370	0	1	36	1825.0	533.0	522.0	307.0	101692.0	32f4b0f0e734ce4a2bb33d716a3737be96ec880a57f8cf5a4e17247d700c94b4	fd0c2bc93246fd5aa71e5688bfb22f1fb1abd6ffd080ce28c76fffdb8086556d
train_clean	train	roboflow_team128_v5	roboflow_team128_v5_IMG_0737_jpg.rf.9f3a6950233274324fe05405e0f1ecc2.jpg	roboflow_team128_v5_IMG_0737_jpg.rf.9f3a6950233274324fe05405e0f1ecc2.txt	2	575	1371	0	1	17	1023.0	1783.0	224.0	283.0	38304.0	06094421ea900fcab414baf5e0617f697c31746bce2543d4167bc767125efdc6	8842192ee433c58a45c191e7d4259ada8f20434cf69ed5770e7ccdaa1a64b864
train_clean	train	roboflow_team128_v5	roboflow_team128_v5_IMG_0737_jpg.rf.9f3a6950233274324fe05405e0f1ecc2.jpg	roboflow_team128_v5_IMG_0737_jpg.rf.9f3a6950233274324fe05405e0f1ecc2.txt	3	575	1372	0	1	33	2036.0	1759.0	270.0	272.0	34163.0	4628232d72ef1fe6b2118d3c21d5ab4d490921915ba5ea44395e85a424f1b1ee	39a2fc927417416d7dc2964bb5968fefbdd165980fc6b0af1f76cd8eecffc3f9
train_clean	train	roboflow_team128_v5	roboflow_team128_v5_IMG_0737_jpg.rf.9f3a6950233274324fe05405e0f1ecc2.jpg	roboflow_team128_v5_IMG_0737_jpg.rf.9f3a6950233274324fe05405e0f1ecc2.txt	4	575	1373	0	1	19	2384.0	1954.0	321.0	211.0	44531.0	aede0d18d8ee32f7c0e74180764b9bd6f7dc7a1e0bff1eb082d86fad5a0eb50d	b0c0001e6b02a6cdd89b4c681dcce2ab34a394f1109c97f2232b8b8cf77a2fe4
train_clean	train	roboflow_team128_v5	roboflow_team128_v5_IMG_0737_jpg.rf.9f3a6950233274324fe05405e0f1ecc2.jpg	roboflow_team128_v5_IMG_0737_jpg.rf.9f3a6950233274324fe05405e0f1ecc2.txt	5	575	1374	0	1	33	1567.0	2704.0	278.0	356.0	66571.0	10ff0d26df3fcd052fbb631df5100f8fa529fc3613e54b7906e060854817b713	b72561d5f830d86f9dda1e741d1cba759c4ff17a3232e2ed95f35dab6c971d64
train_clean	train	roboflow_team128_v5	roboflow_team128_v5_IMG_0738_jpg.rf.0f618952a7eb46e7b6803571b9038f40.jpg	roboflow_team128_v5_IMG_0738_jpg.rf.0f618952a7eb46e7b6803571b9038f40.txt	1	576	1375	0	1	53	1301.0	1375.0	490.0	260.0	85125.0	c475738b59f649da09df314d31f477e7a7c2b0a7a8ec32cec2952ca4c6757b3e	4758b35208fddbbef8b412030ff79ae1d86e482cb14e495906f01a009984b57d
train_clean	train	roboflow_team128_v5	roboflow_team128_v5_IMG_0738_jpg.rf.0f618952a7eb46e7b6803571b9038f40.jpg	roboflow_team128_v5_IMG_0738_jpg.rf.0f618952a7eb46e7b6803571b9038f40.txt	2	576	1376	0	1	28	1720.0	2595.0	190.0	272.0	36113.0	a234e6ee4c7d50257a653d5911ff4d3834fc82fab1d5377ea7cf730f951a2df8	5a6f6a721e39aee389d47bbf4494bfb77fe85b9962e6e3a4547d00da2c371669
train_clean	train	roboflow_team128_v5	roboflow_team128_v5_IMG_0738_jpg.rf.0f618952a7eb46e7b6803571b9038f40.jpg	roboflow_team128_v5_IMG_0738_jpg.rf.0f618952a7eb46e7b6803571b9038f40.txt	3	576	1377	0	1	30	1990.0	2743.0	290.0	152.0	17146.0	1f9fb197df1051e55152bdd93bcb8e8f89ff2c1c4d8d9cbcaa4cd45fbca6131b	31a90666e291bad7521462399167272a4e3a88ff11453f7d42735bd324cb0347
train_clean	train	roboflow_team128_v5	roboflow_team128_v5_IMG_0738_jpg.rf.0f618952a7eb46e7b6803571b9038f40.jpg	roboflow_team128_v5_IMG_0738_jpg.rf.0f618952a7eb46e7b6803571b9038f40.txt	4	576	1378	0	1	8	697.0	2917.0	75.0	67.0	3168.0	af04225041743e12c188c6cdf801d8176e757c2000a5a47c55cbfffb23dc4bc2	9b5cd530e90eb10bc3eb8d2e7b3203b31cb0db50d21d09df1e9933b53ee9e8fd
train_clean	train	roboflow_team128_v5	roboflow_team128_v5_IMG_0738_jpg.rf.0f618952a7eb46e7b6803571b9038f40.jpg	roboflow_team128_v5_IMG_0738_jpg.rf.0f618952a7eb46e7b6803571b9038f40.txt	5	576	1379	0	1	7	795.0	2923.0	37.0	41.0	1111.0	de9111a9b365411e6e83be4be98a93c2892269e7a24a9a863f182eedeaad7455	39cf928770722448e684a82962f56a8a14987387fb5abae3ca6fc3bb04898180
train_clean	train	roboflow_team128_v5	roboflow_team128_v5_IMG_0738_jpg.rf.0f618952a7eb46e7b6803571b9038f40.jpg	roboflow_team128_v5_IMG_0738_jpg.rf.0f618952a7eb46e7b6803571b9038f40.txt	6	576	1380	0	1	24	683.0	2820.0	141.0	120.0	8884.0	34fe75d2f3dc9f147346820960f02a51e2d42a5e2997933e9087d2b514c4dfa6	253f5e69361fac56e9490f87cbc63d551d6094af8b552b26af80e7a4b043b54e
train_clean	train	roboflow_team128_v5	roboflow_team128_v5_IMG_0738_jpg.rf.0f618952a7eb46e7b6803571b9038f40.jpg	roboflow_team128_v5_IMG_0738_jpg.rf.0f618952a7eb46e7b6803571b9038f40.txt	7	576	1381	0	1	11	691.0	2781.0	127.0	38.0	1990.0	f26be5a345e56e0f8abfaecfb13a5ce02c33a2507cf5709f8b97c90004eb5f0d	1e6d77313a8f8375b5d4375f32f9a544135d4e14f75a497b55653e2f5d589570
train_clean	train	roboflow_team128_v5	roboflow_team128_v5_IMG_0738_jpg.rf.0f618952a7eb46e7b6803571b9038f40.jpg	roboflow_team128_v5_IMG_0738_jpg.rf.0f618952a7eb46e7b6803571b9038f40.txt	8	576	1382	0	1	17	1351.0	3876.0	186.0	155.0	13866.0	71a0bc358a3ec16ce21334ba3c3df86136cc1383bf699fa0da8e95abddc3f9fb	45d7592a263a97b9d5c5b6a6596347bea69b08f7d0d906b1b064b617a96a2541
train_clean	train	roboflow_team128_v5	roboflow_team128_v5_IMG_0739_jpg.rf.96deb8b0a41ac8be4823223328355629.jpg	roboflow_team128_v5_IMG_0739_jpg.rf.96deb8b0a41ac8be4823223328355629.txt	1	577	1383	0	1	31	1135.0	2053.0	515.0	609.0	238579.0	e39e3984200d68b2af035ded123f0c2071a8fe5ff5eda298938a9dd6fdbd2ab9	c96c3bab37fcefeb2ee43df3fd412dcacbf6a8d4e6f91e2386fdc6492eaee89c
train_clean	train	roboflow_team128_v5	roboflow_team128_v5_IMG_0739_jpg.rf.96deb8b0a41ac8be4823223328355629.jpg	roboflow_team128_v5_IMG_0739_jpg.rf.96deb8b0a41ac8be4823223328355629.txt	2	577	1384	0	1	13	1218.0	1218.0	130.0	71.0	4666.0	0854b8fa5a8897c0b2deb347ef5082a2ae0f6b38dd51b000eb346456cf3ceb11	f1205bfdb4a72dbaeb16ca8c83fe96d9e9292e3767c25f9ec724a94b9f4022f7
train_clean	train	roboflow_team128_v5	roboflow_team128_v5_IMG_0739_jpg.rf.96deb8b0a41ac8be4823223328355629.jpg	roboflow_team128_v5_IMG_0739_jpg.rf.96deb8b0a41ac8be4823223328355629.txt	3	577	1385	0	1	13	2018.0	699.0	233.0	147.0	19709.0	1249c89cbc55b6798d9371a302d9cc0db5cf2ec76a50630127c1e98a55a23afb	ed87b00450bdbc6d16919e3cb2409191d1fd8f08da8b2435171ba62903c507d6
train_clean	train	roboflow_team128_v5	roboflow_team128_v5_IMG_0739_jpg.rf.96deb8b0a41ac8be4823223328355629.jpg	roboflow_team128_v5_IMG_0739_jpg.rf.96deb8b0a41ac8be4823223328355629.txt	4	577	1386	0	1	14	2446.0	632.0	131.0	46.0	4513.0	8a469a1aa5b4e4ee87bfbeee26a5a5c00e4860481ed805dca6c99efda28cdfbd	4894ed4a1e5790340dca1d6e3e7286f799cb477201e80eb0deb3a3ead2f79df0
train_clean	train	roboflow_team128_v5	roboflow_team128_v5_IMG_0739_jpg.rf.96deb8b0a41ac8be4823223328355629.jpg	roboflow_team128_v5_IMG_0739_jpg.rf.96deb8b0a41ac8be4823223328355629.txt	5	577	1387	0	1	11	1371.0	463.0	102.0	77.0	5134.0	25eacfa5713d1ae603f6c916d6685ba19b527c703d211d328bc7a4ab57ac0eae	87fbec92cf67cffb73c8f6fb9ab9c56e03f8d48eecde544126a1d6acaebd7cf2
train_clean	train	roboflow_team128_v5	roboflow_team128_v5_IMG_0739_jpg.rf.96deb8b0a41ac8be4823223328355629.jpg	roboflow_team128_v5_IMG_0739_jpg.rf.96deb8b0a41ac8be4823223328355629.txt	6	577	1388	0	1	18	0.0	1653.0	317.0	184.0	35884.0	e0367edd3216945f2ea9d84a5375ff38675a9c42b3ef06ad55cde956ad4a6e53	75aebaf8e86967337e15022eaf59bb8c01c982f775c21a023185011dd0df7f63
train_clean	train	roboflow_team128_v5	roboflow_team128_v5_IMG_0739_jpg.rf.96deb8b0a41ac8be4823223328355629.jpg	roboflow_team128_v5_IMG_0739_jpg.rf.96deb8b0a41ac8be4823223328355629.txt	7	577	1389	0	1	9	418.0	952.0	132.0	57.0	5282.0	306544fcee4a7fb94bf123992b5e0a560f732d680f647b8891d4e6c067deebab	81f8f779dcfd2b52fb811ca53f4801872db2503eedefbc69fbe0292b850f2cc4
train_clean	train	roboflow_team128_v5	roboflow_team128_v5_IMG_0739_jpg.rf.96deb8b0a41ac8be4823223328355629.jpg	roboflow_team128_v5_IMG_0739_jpg.rf.96deb8b0a41ac8be4823223328355629.txt	8	577	1390	0	1	8	416.0	221.0	54.0	51.0	1864.0	f49eb0bdf35c21fc6c8e330863cb787fe50f51af1061e6478a0befc0a4f46415	6d3ba5df6261c6b60852b8536c956319eb66780aa7b4c8b88afcad21e11615a0
train_clean	train	roboflow_team128_v5	roboflow_team128_v5_IMG_0740_jpg.rf.b8919e26d257e5a1a36fa8ea4f146450.jpg	roboflow_team128_v5_IMG_0740_jpg.rf.b8919e26d257e5a1a36fa8ea4f146450.txt	1	578	1391	0	1	57	1510.0	3172.0	986.0	859.0	664609.0	bf671c9747ef04a6b677e55bf2efdd8071e0ee9ef8cf61f6371a50249b6573a7	06957a5210d57c30944075331a5ecca3acad7d864600a5ccf912e4cf18b6c75d
train_clean	train	roboflow_team128_v5	roboflow_team128_v5_IMG_0740_jpg.rf.b8919e26d257e5a1a36fa8ea4f146450.jpg	roboflow_team128_v5_IMG_0740_jpg.rf.b8919e26d257e5a1a36fa8ea4f146450.txt	2	578	1392	0	1	28	1346.0	938.0	287.0	171.0	30617.0	08966729f0e3c9a1a57fc036be03161c8afb83a0762c7d7fb0fb98f2b029215c	6f86d46c9957df82e02e574d30dd0c56e25ceb93ee5505782e28a767f0f6ac70
train_clean	train	roboflow_team128_v5	roboflow_team128_v5_IMG_0741_jpg.rf.2445970cf530539d79937b903ed2d8ad.jpg	roboflow_team128_v5_IMG_0741_jpg.rf.2445970cf530539d79937b903ed2d8ad.txt	1	579	1393	0	1	79	954.0	1694.0	532.0	603.0	184380.0	2c6622b4517c91502c7d707f4a53368574497abba7abd08dce150d8815f73791	50fa1580c7c233f22820796d20e34c20896ed98d82cabc709837121f793562eb
train_clean	train	roboflow_team128_v5	roboflow_team128_v5_IMG_0741_jpg.rf.2445970cf530539d79937b903ed2d8ad.jpg	roboflow_team128_v5_IMG_0741_jpg.rf.2445970cf530539d79937b903ed2d8ad.txt	2	579	1394	0	1	47	749.0	1369.0	468.0	420.0	134218.0	78b6091717cfb924703b647cac161340c8a8e46d00b6aa94682eea3b2376cf7b	038cff52bc10de082ad06679afce5060c43bbf998dc5cb85f286466528587a79
train_clean	train	roboflow_team128_v5	roboflow_team128_v5_IMG_0741_jpg.rf.2445970cf530539d79937b903ed2d8ad.jpg	roboflow_team128_v5_IMG_0741_jpg.rf.2445970cf530539d79937b903ed2d8ad.txt	3	579	1395	0	1	43	633.0	235.0	249.0	336.0	64024.0	bcf3c0eca42b8a2f5a056f41e39174ef2a42b8f290db7c5a121697f1e7658ee3	3fe0d3a38ea7a7d9138f047fcb013e4f9a38e06a2343a4e8ac8f6ca58e5f5ade
train_clean	train	roboflow_team128_v5	roboflow_team128_v5_IMG_0743_jpg.rf.d3e0f98a6e5d0e9ebf5aa79bed82124a.jpg	roboflow_team128_v5_IMG_0743_jpg.rf.d3e0f98a6e5d0e9ebf5aa79bed82124a.txt	1	580	1396	0	1	61	1291.0	1588.0	435.0	278.0	61906.0	5aa04bce9c5a84c788563fbcdb8a71e3b4b257bc6e19964faadf7c54fc1291fa	c8f23deaf4cba245280b2bc31f21af938ab2efd778f33372d278dd9686fc5e31
train_clean	train	roboflow_team128_v5	roboflow_team128_v5_IMG_0743_jpg.rf.d3e0f98a6e5d0e9ebf5aa79bed82124a.jpg	roboflow_team128_v5_IMG_0743_jpg.rf.d3e0f98a6e5d0e9ebf5aa79bed82124a.txt	2	580	1397	0	1	31	1471.0	1887.0	232.0	196.0	15757.0	29f514dbbdafb74ea11b43cfb36939c082a15170811ea8174784780d90d2815a	dd6389b63692ea4f20c4c07cf530737a7dbba8aac4520e78e781c75aaff5e8ed
train_clean	train	roboflow_team128_v5	roboflow_team128_v5_IMG_0744_jpg.rf.5a711d6ddfb2f210b47070523e17f109.jpg	roboflow_team128_v5_IMG_0744_jpg.rf.5a711d6ddfb2f210b47070523e17f109.txt	1	581	1398	0	1	46	1094.0	1526.0	658.0	438.0	182213.0	5c794e11b580c6160abee1f3b821b87e74efe171775ca1780d9c4b35775fb539	51b94be0271a3a3ef7a3cb041ba29bd5ba18a9ab38d705a9a55547c2b5beea20
train_clean	train	roboflow_team128_v5	roboflow_team128_v5_IMG_0744_jpg.rf.5a711d6ddfb2f210b47070523e17f109.jpg	roboflow_team128_v5_IMG_0744_jpg.rf.5a711d6ddfb2f210b47070523e17f109.txt	2	581	1399	0	1	20	2718.0	1052.0	305.0	213.0	48905.0	106384e8338b9cc6c1c05c31dbab63f00b008db9c3cd7a4ad56d1c118ad68d6e	5a09f56fc9f699c5fe94748dd2e73be54454adadb96d3ee100c3acee9a7a4e48
train_clean	train	roboflow_team128_v5	roboflow_team128_v5_IMG_0744_jpg.rf.5a711d6ddfb2f210b47070523e17f109.jpg	roboflow_team128_v5_IMG_0744_jpg.rf.5a711d6ddfb2f210b47070523e17f109.txt	3	581	1400	0	1	18	1267.0	345.0	131.0	120.0	12885.0	41a9f225dbcee40252a463614a1d7e0f884239438b6c73bed7d239ef6fc8a7e8	0d2ebf83421b5fb8009a8567d32be4f5712189e73066a81ad0841ee59dc30498
train_clean	train	roboflow_team128_v5	roboflow_team128_v5_IMG_0744_jpg.rf.5a711d6ddfb2f210b47070523e17f109.jpg	roboflow_team128_v5_IMG_0744_jpg.rf.5a711d6ddfb2f210b47070523e17f109.txt	4	581	1401	0	1	14	1228.0	173.0	147.0	143.0	15916.0	e8bcbd2feaedd36f976cb04f825cb307c307863c3c5c32255eb46115ab6d463a	3b2ed6950eba460e7a8b657db2700cd99a4bc2edc2e49a2dbfa385eb21e323af
train_clean	train	roboflow_team128_v5	roboflow_team128_v5_IMG_0744_jpg.rf.5a711d6ddfb2f210b47070523e17f109.jpg	roboflow_team128_v5_IMG_0744_jpg.rf.5a711d6ddfb2f210b47070523e17f109.txt	5	581	1402	0	1	11	1357.0	3457.0	103.0	117.0	8806.0	4f7f909368a1ab0b1b6fe39c92fec6153972a2c7c38110a01f540efdcaa8d11a	71816f585eff440ad862e065c7db1f95c5b408f6788d6b999559a6fb3712d1a4
train_clean	train	roboflow_team128_v5	roboflow_team128_v5_IMG_0745_jpg.rf.6604260de9c3d5a1560b1888c9234c4b.jpg	roboflow_team128_v5_IMG_0745_jpg.rf.6604260de9c3d5a1560b1888c9234c4b.txt	1	582	1403	0	1	52	2617.0	2123.0	351.0	278.0	60447.0	98f91ca54cf0cbc2d276525456618db98fc3b7775729c814097848de80ae7dda	9dc80bc5dd864129271fb5e4270f70e61e0037af11ce0ae2f9cf3526723b36f9
train_clean	train	roboflow_team128_v5	roboflow_team128_v5_IMG_0746_jpg.rf.27c84b2b61ca52529b798881d2637d51.jpg	roboflow_team128_v5_IMG_0746_jpg.rf.27c84b2b61ca52529b798881d2637d51.txt	1	583	1404	0	1	63	1318.0	919.0	471.0	412.0	139238.0	c1ed87ea7119eac6bbfa4f304a1697e0507fb741f9619b7e9694b831e9f47eab	cf0fb50447ff9fc85e6c5a9fbc363e8b13dbce92bfa8be4ab62ecac681cce3d5
train_clean	train	roboflow_team128_v5	roboflow_team128_v5_IMG_0746_jpg.rf.27c84b2b61ca52529b798881d2637d51.jpg	roboflow_team128_v5_IMG_0746_jpg.rf.27c84b2b61ca52529b798881d2637d51.txt	2	583	1405	0	1	56	2318.0	2170.0	383.0	296.0	42839.0	8979e2f71f1b2599b39558bba0669e6d9b11edd754a8ccbea9e5f3ad2eb45fae	ff8e0a99e564cb1c87e34a5257337a5e4d12d05fbb946235b3604bbd05448ce5
train_clean	train	roboflow_team128_v5	roboflow_team128_v5_IMG_0747_jpg.rf.7d1c778f093e7f12eb3ca5b95330749c.jpg	roboflow_team128_v5_IMG_0747_jpg.rf.7d1c778f093e7f12eb3ca5b95330749c.txt	1	584	1406	0	1	62	1700.0	1408.0	541.0	472.0	193375.0	5d3927a58287b7da4901875c0346af1bf336dbcc054b7f4caf26d53d4b7b8e1a	3893cdc1d996ed8d000206ae26fc0b81349bcfa0b88acd05b5e75f538e433d16
train_clean	train	roboflow_team128_v5	roboflow_team128_v5_IMG_0747_jpg.rf.7d1c778f093e7f12eb3ca5b95330749c.jpg	roboflow_team128_v5_IMG_0747_jpg.rf.7d1c778f093e7f12eb3ca5b95330749c.txt	2	584	1407	0	1	16	1884.0	70.0	133.0	73.0	6204.0	a2813206c99d0783fe72f8efaf2209ae0cbb99a89561e4089a671c76e5cae15b	04753002f168a366b441d08647095bb7c5af56464c512627c3ca04494ed188a9
train_clean	train	roboflow_team128_v5	roboflow_team128_v5_IMG_0747_jpg.rf.7d1c778f093e7f12eb3ca5b95330749c.jpg	roboflow_team128_v5_IMG_0747_jpg.rf.7d1c778f093e7f12eb3ca5b95330749c.txt	3	584	1408	0	1	69	2673.0	3216.0	350.0	668.0	124961.0	7b04a9dae250e371b84b0f4bf2b3596416b9a0a3d151c10d63696c98cef02bf9	466f8727e7df4eb3cc32f832c3360aced9b401062ec6ee022c1d075a8e338252
train_clean	train	roboflow_team128_v5	roboflow_team128_v5_IMG_0748_jpg.rf.f92beb6618ec98bc33b10e387a8cba9d.jpg	roboflow_team128_v5_IMG_0748_jpg.rf.f92beb6618ec98bc33b10e387a8cba9d.txt	1	585	1409	0	1	103	820.0	1198.0	556.0	891.0	270829.0	4054a08209e9a2156d5576aaf96397f662a6e6535d9dd920698fc549fec08f54	f87ce889958b584b3835528d3a800f3ebce9f00676604796431c00dabbd2629b
train_clean	train	roboflow_team128_v5	roboflow_team128_v5_IMG_0749_jpg.rf.c8275cbcdb4ffaac374f1e20a0abb63c.jpg	roboflow_team128_v5_IMG_0749_jpg.rf.c8275cbcdb4ffaac374f1e20a0abb63c.txt	1	586	1410	0	1	80	754.0	2355.0	691.0	609.0	238426.0	1edbffd17d9c214bd69f1001d159cdd84bb2effb90db0c41fd1a90d706386ede	85ba7d97f92e6bbc37aff0e02c483e6a224d303598580464606cb76d24d3d479
train_clean	train	roboflow_team128_v5	roboflow_team128_v5_IMG_0749_jpg.rf.c8275cbcdb4ffaac374f1e20a0abb63c.jpg	roboflow_team128_v5_IMG_0749_jpg.rf.c8275cbcdb4ffaac374f1e20a0abb63c.txt	2	586	1411	0	1	70	1629.0	1812.0	374.0	366.0	45546.0	2574009ccd3b1b722b4e6e4669f12cc48c5dd2bbe4e554b4cb00fcbafe6d2af2	ddd2cb07af4e2fe3fc7789ecd1eebdcf16401d02c433179b02df3d73a617b1ff
train_clean	train	roboflow_team128_v5	roboflow_team128_v5_IMG_0749_jpg.rf.c8275cbcdb4ffaac374f1e20a0abb63c.jpg	roboflow_team128_v5_IMG_0749_jpg.rf.c8275cbcdb4ffaac374f1e20a0abb63c.txt	3	586	1412	0	1	60	956.0	56.0	572.0	533.0	167237.0	cf53d23499e9440426839096f072374bf949fb3f39b2b58bd6c36515cb3640ca	17c219bb6cfa28cbff4c010215ed1faf3ad780a8189363ac5bbf7cb9ae68eb4f
train_clean	train	roboflow_team128_v5	roboflow_team128_v5_IMG_0751_jpg.rf.bae4c5aeffe0ea613ce4d56089766607.jpg	roboflow_team128_v5_IMG_0751_jpg.rf.bae4c5aeffe0ea613ce4d56089766607.txt	1	587	1413	0	1	39	1698.0	3163.0	529.0	568.0	193293.0	323d92b25bc2d454f30d00f4b39370dd47b189ef4a799e038581313aea0fff8e	a893cf4f4e74e5dea54a4bac731f67e0b120f4ab8b90299bc2a50668f254cc22
train_clean	train	roboflow_team128_v5	roboflow_team128_v5_IMG_0751_jpg.rf.bae4c5aeffe0ea613ce4d56089766607.jpg	roboflow_team128_v5_IMG_0751_jpg.rf.bae4c5aeffe0ea613ce4d56089766607.txt	2	587	1414	0	1	25	523.0	818.0	224.0	352.0	58727.0	fe8be66b358b34011b2b8619d1b931b7f7a94d6b972edec6141177bfd266652d	761a2bcea3aea2a7a8286a1970a92280cbc9e75521458d81f91a8b059f300907
train_clean	train	roboflow_team128_v5	roboflow_team128_v5_IMG_0751_jpg.rf.bae4c5aeffe0ea613ce4d56089766607.jpg	roboflow_team128_v5_IMG_0751_jpg.rf.bae4c5aeffe0ea613ce4d56089766607.txt	3	587	1415	0	1	36	1314.0	1152.0	424.0	274.0	68250.0	15e45eb8f08303a54983f13b6bf7f2c854b647f85fc1de9df7083e452fb9b28a	4328d336971e54e0fdd0e8392eee3c775d3b3826bca6948638c5cfde9c8f52df
train_clean	train	roboflow_team128_v5	roboflow_team128_v5_IMG_0751_jpg.rf.bae4c5aeffe0ea613ce4d56089766607.jpg	roboflow_team128_v5_IMG_0751_jpg.rf.bae4c5aeffe0ea613ce4d56089766607.txt	4	587	1416	0	1	28	523.0	817.0	238.0	358.0	60950.0	6e98af79d2b70ee0042130455133f460e501bc8542b51c4a6603402d49254d43	0fefac1627acee7eccbc3aa813079554fb022c716648a3d49e3c52a3ab749d96
train_clean	train	roboflow_team128_v5	roboflow_team128_v5_IMG_0751_jpg.rf.bae4c5aeffe0ea613ce4d56089766607.jpg	roboflow_team128_v5_IMG_0751_jpg.rf.bae4c5aeffe0ea613ce4d56089766607.txt	5	587	1417	0	1	17	359.0	217.0	205.0	177.0	25805.0	05af5ca7cbcbd1fae9019336bded1f63fec1a7b7e24010cf5cd330506b3321ca	0198c7130759835386797e650f9874b603b98346703938099f8f74b9c98184f3
train_clean	train	roboflow_team128_v5	roboflow_team128_v5_IMG_0751_jpg.rf.bae4c5aeffe0ea613ce4d56089766607.jpg	roboflow_team128_v5_IMG_0751_jpg.rf.bae4c5aeffe0ea613ce4d56089766607.txt	6	587	1418	0	1	11	0.0	34.0	119.0	131.0	11939.0	f7b1c48dea94b5fdb910daa509139691e5c44c91bd9f232789fae4e00b97c17d	742a856989fa03dca9659d1a6d092ae3bead85d365d69c4a12107ed3b76b2256
train_clean	train	roboflow_team128_v5	roboflow_team128_v5_IMG_0751_jpg.rf.bae4c5aeffe0ea613ce4d56089766607.jpg	roboflow_team128_v5_IMG_0751_jpg.rf.bae4c5aeffe0ea613ce4d56089766607.txt	7	587	1419	0	1	10	781.0	82.0	135.0	66.0	6258.0	e2cbf9897e2d138fb51a46186b2bde031292dc799e373357a35b9d4b94bbc660	c16dcebc5ae429042da0bdf9ae89b489fa3a427e17a4a7eee2b2a04e82bc9afd
train_clean	train	roboflow_team128_v5	roboflow_team128_v5_IMG_0751_jpg.rf.bae4c5aeffe0ea613ce4d56089766607.jpg	roboflow_team128_v5_IMG_0751_jpg.rf.bae4c5aeffe0ea613ce4d56089766607.txt	8	587	1420	0	1	31	1825.0	1635.0	288.0	171.0	22657.0	961221bc314cfb2d84b336de2f86038fdf051d92be761b8452d48b5a731d0643	e221e470cfb28af03e30792f8e935f7934d600290a60882236612e688c63c4dc
train_clean	train	roboflow_team128_v5	roboflow_team128_v5_IMG_0752_jpg.rf.323e9eaaca7fadd5756845d378633bdc.jpg	roboflow_team128_v5_IMG_0752_jpg.rf.323e9eaaca7fadd5756845d378633bdc.txt	1	588	1421	0	1	82	1453.0	1397.0	517.0	538.0	159588.0	624250b670f965c13e706ea4892b695949444a3e260e7e4a929b395c89bbcfdc	b9121e9478a9fb082b12238c5a85c291e96d299c839905e245cb951f36e1d39e
train_clean	train	roboflow_team128_v5	roboflow_team128_v5_IMG_0752_jpg.rf.323e9eaaca7fadd5756845d378633bdc.jpg	roboflow_team128_v5_IMG_0752_jpg.rf.323e9eaaca7fadd5756845d378633bdc.txt	2	588	1422	0	1	29	0.0	43.0	301.0	192.0	27247.0	3bc3131ef7890d1ffb5d8eb1a4d0d6aa3774113f2282ddc7e7daf87456aaad17	8f0796fa9b21080e0d1a1976d4477337e672737374e184dfcaf01a4305512ec7
train_clean	train	roboflow_team128_v5	roboflow_team128_v5_IMG_0752_jpg.rf.323e9eaaca7fadd5756845d378633bdc.jpg	roboflow_team128_v5_IMG_0752_jpg.rf.323e9eaaca7fadd5756845d378633bdc.txt	3	588	1423	0	1	23	2640.0	32.0	109.0	151.0	10759.0	14129c7e6ff71daea9aa9cd59db5fa76d7da36a4e49bab3d4fe2af06d563369c	ea49949bdb7861c6f56289c7e64dd948dd08478dba8a4762ed581fa1f2624a8b
train_clean	train	roboflow_team128_v5	roboflow_team128_v5_IMG_0753_jpg.rf.e6a224ac9e9227f44a6e1b2e8eeb89a9.jpg	roboflow_team128_v5_IMG_0753_jpg.rf.e6a224ac9e9227f44a6e1b2e8eeb89a9.txt	1	589	1424	0	1	111	617.0	1050.0	672.0	415.0	133515.0	c7c9caddacd7872a9864132f4a1768a97b79bbc52609508922ddf387b038bd68	935244fcdc27826cc23f261d33095a0729f8dbe9e62588a29d3878d9aa5cdc4e
train_clean	train	roboflow_team128_v5	roboflow_team128_v5_IMG_0753_jpg.rf.e6a224ac9e9227f44a6e1b2e8eeb89a9.jpg	roboflow_team128_v5_IMG_0753_jpg.rf.e6a224ac9e9227f44a6e1b2e8eeb89a9.txt	2	589	1425	0	1	58	1814.0	1454.0	418.0	422.0	85819.0	c9069fc31234e854b0ccc065cb67b4e6801fb19c2c89fd4175e4d4ab81c45c42	45763fda7241b954b6a7b7406c719fc56c6bd2c1691090618d58934603038dd0
train_clean	train	roboflow_team128_v5	roboflow_team128_v5_IMG_0753_jpg.rf.e6a224ac9e9227f44a6e1b2e8eeb89a9.jpg	roboflow_team128_v5_IMG_0753_jpg.rf.e6a224ac9e9227f44a6e1b2e8eeb89a9.txt	3	589	1426	0	1	51	0.0	3652.0	579.0	375.0	77294.0	e81b64d6655e83df165a43b52b11696a7e9823c58a4d9092bf786c84071b0602	74768c55d1326595cab39c13ea11f027924701c12bb7b6adba1f8c2941a64169
train_clean	train	roboflow_team128_v5	roboflow_team128_v5_IMG_0754_jpg.rf.979a12d17eebc02bb3195e6f9ee934b0.jpg	roboflow_team128_v5_IMG_0754_jpg.rf.979a12d17eebc02bb3195e6f9ee934b0.txt	1	590	1427	0	1	44	1891.0	1394.0	470.0	336.0	113923.0	2afab04f09e89d963ce6e8810c9ae8b401d22e98eb3b875e1d44a5a0020809b2	5bc0a76ebc282dae6b7b734bf4b1a5fd0a7a8c6313e7ac9790bb96c7d285c332
train_clean	train	roboflow_team128_v5	roboflow_team128_v5_IMG_0754_jpg.rf.979a12d17eebc02bb3195e6f9ee934b0.jpg	roboflow_team128_v5_IMG_0754_jpg.rf.979a12d17eebc02bb3195e6f9ee934b0.txt	2	590	1428	0	1	31	2126.0	1735.0	199.0	148.0	20119.0	98c0f82eff69157ee2a16d05dd9429b224ce9f5e7f040053a79332e887ad89fd	e72a1b3867c567d94e3e295106c4aa8346298830b35d35455656ee3b7645d9f5
train_clean	train	roboflow_team128_v5	roboflow_team128_v5_IMG_0754_jpg.rf.979a12d17eebc02bb3195e6f9ee934b0.jpg	roboflow_team128_v5_IMG_0754_jpg.rf.979a12d17eebc02bb3195e6f9ee934b0.txt	3	590	1429	0	1	87	592.0	778.0	743.0	490.0	214118.0	792d0f315847b12708e665fff6d252cd688aaf9fe462d10c948ca057a6e3bc4f	e7679842fd03a1fea4e7ea479a3cfc2f2495c6dccc0064a2a2afc769cf5f9f68
train_clean	train	roboflow_team128_v5	roboflow_team128_v5_IMG_0755_jpg.rf.192e72841cc1290890aa17f7d15dc69d.jpg	roboflow_team128_v5_IMG_0755_jpg.rf.192e72841cc1290890aa17f7d15dc69d.txt	1	591	1430	0	1	63	1580.0	665.0	210.0	333.0	26715.0	6669cbc9ec71c0fe0cac00528b66f0568ff861471b903a48a3f7118d807908ca	39ed03195725f65f2423c8845e1e57721a2d43bc0f9b170813da64c4fe85d4b8
train_clean	train	roboflow_team128_v5	roboflow_team128_v5_IMG_0756_jpg.rf.ed8d59d8ba709c9286842c6692188867.jpg	roboflow_team128_v5_IMG_0756_jpg.rf.ed8d59d8ba709c9286842c6692188867.txt	1	592	1431	0	1	50	2108.0	221.0	376.0	520.0	83555.0	04e941adc1f99e39654040f89c7ef3a78084e159be019a925bbcb32366021275	22a6708df5597963818ae027936fceb2ab831d30294f31e4fb2d1b7d25b23688
train_clean	train	roboflow_team128_v5	roboflow_team128_v5_IMG_0756_jpg.rf.ed8d59d8ba709c9286842c6692188867.jpg	roboflow_team128_v5_IMG_0756_jpg.rf.ed8d59d8ba709c9286842c6692188867.txt	2	592	1432	0	1	16	2316.0	5.0	170.0	211.0	20213.0	429b25dc547048c0d04b7fee6455bb9e689bcc855bf0c92d883a60449fd3a1ef	32259dc3fe026fe67c19dbf10660265a263db5e0bc54f28c74869ba6d54f8733
train_clean	train	roboflow_team128_v5	roboflow_team128_v5_IMG_0756_jpg.rf.ed8d59d8ba709c9286842c6692188867.jpg	roboflow_team128_v5_IMG_0756_jpg.rf.ed8d59d8ba709c9286842c6692188867.txt	3	592	1433	0	1	36	1441.0	1574.0	179.0	267.0	17698.0	0e60a33dd3f37db603e61822a6bf5bdd417a2b5ce33108930af8be2e106aed81	5c8dfa33323cf6c8be91928cc5b294009f62a8168b4c13c1dad0263c62738153
train_clean	train	roboflow_team128_v5	roboflow_team128_v5_IMG_0757_jpg.rf.07cb19044152b2f376a6768491d8568e.jpg	roboflow_team128_v5_IMG_0757_jpg.rf.07cb19044152b2f376a6768491d8568e.txt	1	593	1434	0	1	42	1482.0	661.0	490.0	296.0	87274.0	894a2a4e91af38a459b81777571544d51b6d9b916b27f9c685d74f9af8cd2ad1	3d67d2b6447c374615b19435209d59ed5ee8de593743e08fa88812c71e888f40
train_clean	train	roboflow_team128_v5	roboflow_team128_v5_IMG_0757_jpg.rf.07cb19044152b2f376a6768491d8568e.jpg	roboflow_team128_v5_IMG_0757_jpg.rf.07cb19044152b2f376a6768491d8568e.txt	2	593	1435	0	1	15	1722.0	1572.0	99.0	100.0	5780.0	18c354dc1e8ad931a24b9c943cc49111fb27e8b390dd231370ef755d2db4cd17	c7df2788d54cc6f57072e93badb039748b4893cd126ab20e1153f7042aa97e3a
train_clean	train	roboflow_team128_v5	roboflow_team128_v5_IMG_0757_jpg.rf.07cb19044152b2f376a6768491d8568e.jpg	roboflow_team128_v5_IMG_0757_jpg.rf.07cb19044152b2f376a6768491d8568e.txt	3	593	1436	0	1	10	1734.0	1753.0	31.0	38.0	361.0	264fb636d40ed5d6e3c3d3e6b03b2d999103e9c50158658a42f75c61f652cd9b	460d7763f04d87a09ebecc769642fdde71877b6a7ec2e29461a6172ab39c8830
train_clean	train	roboflow_team128_v5	roboflow_team128_v5_IMG_0757_jpg.rf.07cb19044152b2f376a6768491d8568e.jpg	roboflow_team128_v5_IMG_0757_jpg.rf.07cb19044152b2f376a6768491d8568e.txt	4	593	1437	0	1	20	1763.0	1376.0	168.0	138.0	11098.0	18d99d09d52c23d411217a1d1b01e0a29cf4384c8fce7ce9d5bd10ca8246d1ad	b83fe1cee7e7d9d6f34ecd25c967664200421dbebc15aa527e5b5726f2ac4d18
train_clean	train	roboflow_team128_v5	roboflow_team128_v5_IMG_0757_jpg.rf.07cb19044152b2f376a6768491d8568e.jpg	roboflow_team128_v5_IMG_0757_jpg.rf.07cb19044152b2f376a6768491d8568e.txt	5	593	1438	0	1	17	463.0	855.0	157.0	130.0	10603.0	a486390937edf0b171cf79daaa498a905ffa6b0df0f815721f52ca43c301990e	a72347ba7163ddff44f782ac16113b51be7511b359bd567465c539142b4dd638
train_clean	train	roboflow_team128_v5	roboflow_team128_v5_IMG_0758_jpg.rf.59fc8bb4a2d8366b0e3132b4faad09bc.jpg	roboflow_team128_v5_IMG_0758_jpg.rf.59fc8bb4a2d8366b0e3132b4faad09bc.txt	1	594	1439	0	1	45	1103.0	1328.0	404.0	257.0	51675.0	db8a797a958442f4470fedcadd360e69b8585672169f5b252ea0f81469d84af2	f24b69b7e3f0524e253f2fbb87570fd005411a5259905b1bb317040742fd598d
train_clean	train	roboflow_team128_v5	roboflow_team128_v5_IMG_0758_jpg.rf.59fc8bb4a2d8366b0e3132b4faad09bc.jpg	roboflow_team128_v5_IMG_0758_jpg.rf.59fc8bb4a2d8366b0e3132b4faad09bc.txt	2	594	1440	0	1	13	0.0	2357.0	137.0	404.0	31850.0	e152318e6f90e099038fac49cf19911254dfc6148829916d938c70caf8af5082	ffc871fb7fe895edace7e704d33a1b70728adcd200435fe516ffbefe0df5eefa
train_clean	train	roboflow_team128_v5	roboflow_team128_v5_IMG_0758_jpg.rf.59fc8bb4a2d8366b0e3132b4faad09bc.jpg	roboflow_team128_v5_IMG_0758_jpg.rf.59fc8bb4a2d8366b0e3132b4faad09bc.txt	3	594	1441	0	1	35	0.0	1393.0	187.0	181.0	11611.0	52e6115323010734852e582b8a82ab1af3197f533267a157abf84c62d7f0af86	f3bd4f1bc9e3a75f3536807644c38da17d33e0b00f64a642edfec8aefd777c28
train_clean	train	roboflow_team128_v5	roboflow_team128_v5_IMG_0758_jpg.rf.59fc8bb4a2d8366b0e3132b4faad09bc.jpg	roboflow_team128_v5_IMG_0758_jpg.rf.59fc8bb4a2d8366b0e3132b4faad09bc.txt	4	594	1442	0	1	35	1819.0	337.0	180.0	281.0	18598.0	b89a091f02a23441092d5cf77f37138655d48c606f306c54b938da4e073a16a0	be380c689a21903c817df32c4b18f359e7d3514bd8f30976f891ab2ec5965c34
train_clean	train	roboflow_team128_v5	roboflow_team128_v5_IMG_0758_jpg.rf.59fc8bb4a2d8366b0e3132b4faad09bc.jpg	roboflow_team128_v5_IMG_0758_jpg.rf.59fc8bb4a2d8366b0e3132b4faad09bc.txt	5	594	1443	0	1	45	1992.0	347.0	128.0	121.0	8763.0	1cf46ae41f9f6de5efc20f76f94f726577171328ce8530f3f8ea98f25115bd03	4070d18a41ef64ea4290933b0d3e5c9c4c655aad0992aa3f7d43c7c2eed9925f
train_clean	train	roboflow_team128_v5	roboflow_team128_v5_IMG_0758_jpg.rf.59fc8bb4a2d8366b0e3132b4faad09bc.jpg	roboflow_team128_v5_IMG_0758_jpg.rf.59fc8bb4a2d8366b0e3132b4faad09bc.txt	6	594	1444	0	1	29	1798.0	313.0	78.0	77.0	3088.0	9f7c78462dedad43b5227d8c18915c347a9983f85908f3b80e6ae902aefd63f3	1b66a1bdd24b8e56a262b58f483f50070834aded77246b2a4144a5f6e8f7a76f
train_clean	train	roboflow_team128_v5	roboflow_team128_v5_IMG_0758_jpg.rf.59fc8bb4a2d8366b0e3132b4faad09bc.jpg	roboflow_team128_v5_IMG_0758_jpg.rf.59fc8bb4a2d8366b0e3132b4faad09bc.txt	7	594	1445	0	1	43	2403.0	99.0	123.0	197.0	9330.0	a5a1b0f37ad7b9d43ea4f7fbadfbeed0344f51e753c99c7580c70b91618f3113	2c0c0f522c9c8b86bfbdc673a9e2ac01b26cedbcd049969e5bb8152ee7630f26
train_clean	train	roboflow_team128_v5	roboflow_team128_v5_IMG_0758_jpg.rf.59fc8bb4a2d8366b0e3132b4faad09bc.jpg	roboflow_team128_v5_IMG_0758_jpg.rf.59fc8bb4a2d8366b0e3132b4faad09bc.txt	8	594	1446	0	1	18	1360.0	1947.0	163.0	113.0	7152.0	c0431564c750fa325b02b3f7e1b8d62be656f59568c9e6b659c32b6b9725eb4f	5ceee816b7df259660a023bd744f6cd7af2d5a16efa2f05bf065523efe4989e3
train_clean	train	roboflow_team128_v5	roboflow_team128_v5_IMG_0759_jpg.rf.d66a5f9749f6b6a3437428c484fafea5.jpg	roboflow_team128_v5_IMG_0759_jpg.rf.d66a5f9749f6b6a3437428c484fafea5.txt	1	595	1447	0	1	53	1576.0	315.0	404.0	289.0	58007.0	b66bac837e18d26973725c28fe5e8c268896787a094780d580793e27c8c7c598	69358d42206b8c8d8d75fab1f3aee5cd63829714cdbbbf007d93fe2f9d6dce57
train_clean	train	roboflow_team128_v5	roboflow_team128_v5_IMG_0759_jpg.rf.d66a5f9749f6b6a3437428c484fafea5.jpg	roboflow_team128_v5_IMG_0759_jpg.rf.d66a5f9749f6b6a3437428c484fafea5.txt	2	595	1448	0	1	96	1583.0	1483.0	682.0	336.0	85424.0	c105da91cce93cf5ab9ca69ea16be02153ee5b192cb56258c876aecb3aa902a7	47a9e1accca4971155b990de473f50ca9e3d1b0eec4f1fc65c2ecf1484150820
train_clean	train	roboflow_team128_v5	roboflow_team128_v5_IMG_0759_jpg.rf.d66a5f9749f6b6a3437428c484fafea5.jpg	roboflow_team128_v5_IMG_0759_jpg.rf.d66a5f9749f6b6a3437428c484fafea5.txt	3	595	1449	0	1	29	1159.0	2913.0	225.0	239.0	38171.0	7a1db14fee609552431f9da7e6bde96ef376010f3be1f92d2dd3a899a75e50d9	c1b3da1c8125132878773e53de894c393e9124e5761c4bb47b43d663c7d7f3cb
train_clean	train	roboflow_team128_v5	roboflow_team128_v5_IMG_0759_jpg.rf.d66a5f9749f6b6a3437428c484fafea5.jpg	roboflow_team128_v5_IMG_0759_jpg.rf.d66a5f9749f6b6a3437428c484fafea5.txt	4	595	1450	0	1	56	1538.0	1747.0	352.0	219.0	31858.0	aad8e4c610a5985ec88c8e5318ac625246307e7926e04d0fabf1c6b97af6a1e4	9b56c73be4fd5dd91184caeeecf3baa5be83f03c50b48c5ddd0227a76edbf9e7
train_clean	train	roboflow_team128_v5	roboflow_team128_v5_IMG_0759_jpg.rf.d66a5f9749f6b6a3437428c484fafea5.jpg	roboflow_team128_v5_IMG_0759_jpg.rf.d66a5f9749f6b6a3437428c484fafea5.txt	5	595	1451	0	1	21	1888.0	1851.0	111.0	131.0	8208.0	32d5494f71b2fe42193409fc8b92bc028a9e9f28e06dff50c28d66f63648390f	1a619eef4cfebc6007209ef8bba07601e72d8821792b7799c51e1ff9c12b91bb
train_clean	train	roboflow_team128_v5	roboflow_team128_v5_IMG_0759_jpg.rf.d66a5f9749f6b6a3437428c484fafea5.jpg	roboflow_team128_v5_IMG_0759_jpg.rf.d66a5f9749f6b6a3437428c484fafea5.txt	6	595	1452	0	1	75	1916.0	1516.0	346.0	365.0	65156.0	fd8758f0f587838fecb31feb825951601b6d258327abffb26a15128772de49af	a0addb6b69d64f514bcfd57aaa53b924c9cc4747be8ea6183b37d5b7780d7b08
train_clean	train	roboflow_team128_v5	roboflow_team128_v5_IMG_0759_jpg.rf.d66a5f9749f6b6a3437428c484fafea5.jpg	roboflow_team128_v5_IMG_0759_jpg.rf.d66a5f9749f6b6a3437428c484fafea5.txt	7	595	1453	0	1	20	2620.0	181.0	138.0	134.0	9848.0	3113a9bb83da9309e92e01e37caeac0774b3b72301b882a9728cdcfda6d2895b	48cf9d96396dd7bf705d10cdc4864bc7792df2da44a36bfccdd2fb2b7327a659
train_clean	train	roboflow_team128_v5	roboflow_team128_v5_IMG_0759_jpg.rf.d66a5f9749f6b6a3437428c484fafea5.jpg	roboflow_team128_v5_IMG_0759_jpg.rf.d66a5f9749f6b6a3437428c484fafea5.txt	8	595	1454	0	1	32	2485.0	350.0	246.0	151.0	14412.0	f9c547dc843004f006e6d9e1d6698d15c124a8ffeee2114e8984d9551cad56e6	2fe1744322c0083c572fb8f19204295af94022a8f08b96ae062202e4241bf821
train_clean	train	roboflow_team128_v5	roboflow_team128_v5_IMG_0759_jpg.rf.d66a5f9749f6b6a3437428c484fafea5.jpg	roboflow_team128_v5_IMG_0759_jpg.rf.d66a5f9749f6b6a3437428c484fafea5.txt	9	595	1455	0	1	30	2469.0	159.0	131.0	75.0	6058.0	e88b69126a2142570af2d2afc6d82b99af5ded3ef67c456436a4f93ee42abb54	984175a9cbc6e6bc0b899f882c5e98af128422eb882636772fd05b52586d4e91
train_clean	train	roboflow_team128_v5	roboflow_team128_v5_IMG_0760_jpg.rf.f3ebfd299a71d33b548c56367889aaf6.jpg	roboflow_team128_v5_IMG_0760_jpg.rf.f3ebfd299a71d33b548c56367889aaf6.txt	1	596	1456	0	1	135	1514.0	2250.0	613.0	531.0	118620.0	05416eac55a3e162555f1da187bb6eefafc26620532845442810411df7ea0428	3784159bd7c7761ffc51b3757ce9cbacb3ed9785edecbdc5a4ecaf781c8da7aa
train_clean	train	roboflow_team128_v5	roboflow_team128_v5_IMG_0760_jpg.rf.f3ebfd299a71d33b548c56367889aaf6.jpg	roboflow_team128_v5_IMG_0760_jpg.rf.f3ebfd299a71d33b548c56367889aaf6.txt	2	596	1457	0	1	18	1140.0	3903.0	234.0	128.0	19268.0	506a3b42e07f7c22582796eda231a74a1b307146d8848fdec0d42152f99489ac	61bae3e627c693898f069cce31248a9e3bccb39dfa3bb23e335924cd87c96531
train_clean	train	roboflow_team128_v5	roboflow_team128_v5_IMG_0761_jpg.rf.20acb6a8d93cded9797b3129baa045d5.jpg	roboflow_team128_v5_IMG_0761_jpg.rf.20acb6a8d93cded9797b3129baa045d5.txt	1	597	1458	0	1	123	1033.0	3141.0	786.0	479.0	213155.0	827fdda6909c621c3114878acbfa7112ae3f0376b3b8958156629838003e8bdd	a6b43c316ff61949ca53fdf655d6a6f7d136be31a4f5734380e58f2c01869040
train_clean	train	roboflow_team128_v5	roboflow_team128_v5_IMG_0761_jpg.rf.20acb6a8d93cded9797b3129baa045d5.jpg	roboflow_team128_v5_IMG_0761_jpg.rf.20acb6a8d93cded9797b3129baa045d5.txt	2	597	1459	0	1	81	643.0	1459.0	431.0	541.0	116377.0	8b3d89f625f794c2118ab7d060fdd432dffb68902c2de80c9ebc0db48b464b59	4dae6020ad149e530fe4b1fb31bb6e8a2f82201efe0f638cfc56a6b228b269e9
train_clean	train	roboflow_team128_v5	roboflow_team128_v5_IMG_0762_jpg.rf.12bbc9d95080971413347b84296b1b09.jpg	roboflow_team128_v5_IMG_0762_jpg.rf.12bbc9d95080971413347b84296b1b09.txt	1	598	1460	0	1	10	627.0	1591.0	74.0	81.0	3838.0	53942f5217ca2cdd19d58a93c1877720dbf77200ea33345a2b18c2f3f41e45f9	b8976127d8a7dd8c8c23684b64200a85e4e66f1238b14fdf64c622f07036b03d
train_clean	train	roboflow_team128_v5	roboflow_team128_v5_IMG_0762_jpg.rf.12bbc9d95080971413347b84296b1b09.jpg	roboflow_team128_v5_IMG_0762_jpg.rf.12bbc9d95080971413347b84296b1b09.txt	2	598	1461	0	1	52	531.0	1234.0	248.0	346.0	47985.0	8d107656218632e6f9a1cb717b94f6363b474b011ef3b79374305d6c5f5b561c	0daf66b6944d2fde79e1cf6d6dd4c8ad235fe5a9349e564b59f346b203d8f612
train_clean	train	roboflow_team128_v5	roboflow_team128_v5_IMG_0762_jpg.rf.12bbc9d95080971413347b84296b1b09.jpg	roboflow_team128_v5_IMG_0762_jpg.rf.12bbc9d95080971413347b84296b1b09.txt	3	598	1462	0	1	17	603.0	1153.0	113.0	49.0	3532.0	aba73a24ec661f73f42348acf46e4d1414194e0378b7dd7fd20a7adbc0fd52fd	7ec93c4714a681c63955109947b5e9950467dd1ba1baf2361fb33859ccec890b
train_clean	train	roboflow_team128_v5	roboflow_team128_v5_IMG_0762_jpg.rf.12bbc9d95080971413347b84296b1b09.jpg	roboflow_team128_v5_IMG_0762_jpg.rf.12bbc9d95080971413347b84296b1b09.txt	4	598	1463	0	1	39	526.0	1151.0	247.0	252.0	44499.0	e32bc774700bc528d3811838149ed9beed96ee0020469188e6c4f0a9d7ef0aba	60e8d32f6e777fd1e26b41746203f2bed774fe0f7778c54902eed3bce337e59b
train_clean	train	roboflow_team128_v5	roboflow_team128_v5_IMG_0762_jpg.rf.12bbc9d95080971413347b84296b1b09.jpg	roboflow_team128_v5_IMG_0762_jpg.rf.12bbc9d95080971413347b84296b1b09.txt	5	598	1464	0	1	30	6.0	473.0	206.0	195.0	21877.0	95ac65a4b7216bb55fd05219d2ca7e68d00418baf78bfbbf63e1ac152a71b036	eedbcf7e49357d3f2d6e817df2374385f6208ad4ee7b6b2c12d92f664edff939
train_clean	train	roboflow_team128_v5	roboflow_team128_v5_IMG_0763_jpg.rf.cb245ad0a641c49b7f40727282c273c4.jpg	roboflow_team128_v5_IMG_0763_jpg.rf.cb245ad0a641c49b7f40727282c273c4.txt	1	599	1465	0	1	20	9.0	102.0	313.0	179.0	42032.0	a4838ddcbb10927b2240a607e4a6d26196f6dbccf1a3738374755784f52fb26c	5c004923cb88004e7abcfe30df2b26de1e98bf51b1c9f97553e574defd36e3c6
train_clean	train	roboflow_team128_v5	roboflow_team128_v5_IMG_0763_jpg.rf.cb245ad0a641c49b7f40727282c273c4.jpg	roboflow_team128_v5_IMG_0763_jpg.rf.cb245ad0a641c49b7f40727282c273c4.txt	2	599	1466	0	1	18	171.0	1094.0	201.0	121.0	15156.0	abafd834420bc48a361955edda62ccd9cc61095c63c88dba57e5f7bc1d636259	278f9f566161e5df484aaa4fa179349f37fcc9501a70aaf0fd9f589fd519c2ee
train_clean	train	roboflow_team128_v5	roboflow_team128_v5_IMG_0763_jpg.rf.cb245ad0a641c49b7f40727282c273c4.jpg	roboflow_team128_v5_IMG_0763_jpg.rf.cb245ad0a641c49b7f40727282c273c4.txt	3	599	1467	0	1	41	1106.0	1853.0	408.0	414.0	96624.0	b9a83a25aaa17b73d5031317a8ef0827df3980e3854d54d51025bccdb6c02a3d	f737bceed4bb7b42476e4fee2bda0867d4c4575a34c9ea7adfdf58ebb5cd47ee
train_clean	train	roboflow_team128_v5	roboflow_team128_v5_IMG_0763_jpg.rf.cb245ad0a641c49b7f40727282c273c4.jpg	roboflow_team128_v5_IMG_0763_jpg.rf.cb245ad0a641c49b7f40727282c273c4.txt	4	599	1468	0	1	40	1528.0	1625.0	251.0	461.0	83172.0	7ef7dbff0e59bc640e8dde18db7219fc77278775fe9a66de6f27105241976d43	9c3874d9395cf52a9386ca0c7dd13078d3be7c8a44694eb8fc8c84e862cf0572
train_clean	train	roboflow_team128_v5	roboflow_team128_v5_IMG_0763_jpg.rf.cb245ad0a641c49b7f40727282c273c4.jpg	roboflow_team128_v5_IMG_0763_jpg.rf.cb245ad0a641c49b7f40727282c273c4.txt	5	599	1469	0	1	36	1472.0	2825.0	426.0	227.0	57698.0	8636d8d66448073bb007d9edd50a3d16602cfa897ebad2ae8eb4a8dc038c469e	05353e1c1f2f75496272cdf03593dda43633cb8ff8f8049a03cbc4d08715b05c
train_clean	train	roboflow_team128_v5	roboflow_team128_v5_IMG_0764_jpg.rf.bbf552208e14af07bb0a3a999843765e.jpg	roboflow_team128_v5_IMG_0764_jpg.rf.bbf552208e14af07bb0a3a999843765e.txt	1	600	1470	0	1	76	1641.0	1631.0	486.0	795.0	222110.0	137abf422accb6007c445ab7412bb3851a77c1087e69caf724687abe49618a20	1da5af423508ef245557c18922b351311e9568151214a7164f6cbca6f525b871
train_clean	train	roboflow_team128_v5	roboflow_team128_v5_IMG_0764_jpg.rf.bbf552208e14af07bb0a3a999843765e.jpg	roboflow_team128_v5_IMG_0764_jpg.rf.bbf552208e14af07bb0a3a999843765e.txt	2	600	1471	0	1	16	2316.0	2135.0	160.0	229.0	13133.0	fd6e6790923dc90ebf5e4135129e7bdcf44c6de3e86b5a98ddab3a91606ed2cd	76630c8978c4665a2d15714ef0beddb11a6eeb546ea8710e056b9c81bc932e67
train_clean	train	roboflow_team128_v5	roboflow_team128_v5_IMG_0764_jpg.rf.bbf552208e14af07bb0a3a999843765e.jpg	roboflow_team128_v5_IMG_0764_jpg.rf.bbf552208e14af07bb0a3a999843765e.txt	3	600	1472	0	1	111	816.0	2095.0	757.0	716.0	210009.0	ecb792e90bffa86c152e4cf1ccf4649a3d8c778a4558a0eb88ab15a37f62893d	bdfec77f1bc53f58bab6faa7873545055d93a8b7af2916730c654d7bc836dbd0
train_clean	train	roboflow_team128_v5	roboflow_team128_v5_IMG_0765_jpg.rf.28286a7fb81f51832ce6ff9df7bde128.jpg	roboflow_team128_v5_IMG_0765_jpg.rf.28286a7fb81f51832ce6ff9df7bde128.txt	1	601	1473	0	1	67	1260.0	1447.0	502.0	467.0	131672.0	6dc171772f57ac856745b1eac5ed45037455736020bfdc0d176f90b48bfa2f3d	b324ef2bd6a93fe97b00743f602575767e1b3e5dd0be5f89b875dc11ddeb9f17
train_clean	train	roboflow_team128_v5	roboflow_team128_v5_IMG_0765_jpg.rf.28286a7fb81f51832ce6ff9df7bde128.jpg	roboflow_team128_v5_IMG_0765_jpg.rf.28286a7fb81f51832ce6ff9df7bde128.txt	2	601	1474	0	1	57	417.0	837.0	386.0	363.0	65672.0	c0bccea991cacaad6c5c1d601276c1c5c0530f7ccff9a6c492a096e8511e059a	436899b402f5c6514df1d8ccdf83d9d4886d7854e62ee3d421f9c5e259ef33c6
train_clean	train	roboflow_team128_v5	roboflow_team128_v5_IMG_0765_jpg.rf.28286a7fb81f51832ce6ff9df7bde128.jpg	roboflow_team128_v5_IMG_0765_jpg.rf.28286a7fb81f51832ce6ff9df7bde128.txt	3	601	1475	0	1	134	1828.0	2296.0	629.0	562.0	106222.0	9b309c0a40927a6859ce5d90f9ebd5dcd680f1dea42afbe6344fbb9d980c5647	489fa92715beb2229225e7b5fb5e66cf50919be5cb30fa8d3f41a294c7262c27
train_clean	train	roboflow_team128_v5	roboflow_team128_v5_IMG_0766_jpg.rf.4546ed645b27eb3ccd49661cecbfe582.jpg	roboflow_team128_v5_IMG_0766_jpg.rf.4546ed645b27eb3ccd49661cecbfe582.txt	1	602	1476	0	1	25	847.0	2726.0	258.0	304.0	46459.0	93fbb66f2137fdd73c9d4941199502564073db6ad4ff617f127964dc1761d1f0	c6ce73ed7ecbfd4ba21c3c15efaaeb84924d0fbe9be2b5d35ff575f517ad3542
train_clean	train	roboflow_team128_v5	roboflow_team128_v5_IMG_0766_jpg.rf.4546ed645b27eb3ccd49661cecbfe582.jpg	roboflow_team128_v5_IMG_0766_jpg.rf.4546ed645b27eb3ccd49661cecbfe582.txt	2	602	1477	0	1	39	1038.0	1323.0	610.0	594.0	264259.0	2b5c7e3457de14610976c949dbba85bd91181745471329dd7f5d617e71ab03ea	73f9f16f43217066dd5e5bccfa53e4b3a6096e850a71b179fe8c1e054eea6ed8
train_clean	train	roboflow_team128_v5	roboflow_team128_v5_IMG_0766_jpg.rf.4546ed645b27eb3ccd49661cecbfe582.jpg	roboflow_team128_v5_IMG_0766_jpg.rf.4546ed645b27eb3ccd49661cecbfe582.txt	3	602	1478	0	1	29	672.0	977.0	245.0	397.0	68723.0	4a34b35f981bce13c4002d19acae170475a477626de0635dea845e9774d84edf	8d7d67c66b452d8bd256a8f9dccb85e49d33e5bb03186bf40de01d9e8923fc50
train_clean	train	roboflow_team128_v5	roboflow_team128_v5_IMG_0767_jpg.rf.2e13cc081a846595b0033bb60c1f0d09.jpg	roboflow_team128_v5_IMG_0767_jpg.rf.2e13cc081a846595b0033bb60c1f0d09.txt	1	603	1479	0	1	27	1872.0	332.0	170.0	170.0	10329.0	3ed882b430d74a8aaeaec4e59725e84f380729ca53d3a6b4b4762bc25c08e21e	45bde39d03f651b74424f0d2bb3573b100c17c6ba815fe3f3aa73643ea98173d
train_clean	train	roboflow_team128_v5	roboflow_team128_v5_IMG_0767_jpg.rf.2e13cc081a846595b0033bb60c1f0d09.jpg	roboflow_team128_v5_IMG_0767_jpg.rf.2e13cc081a846595b0033bb60c1f0d09.txt	2	603	1480	0	1	58	1577.0	1068.0	480.0	249.0	59062.0	0893ac6f76af3aa62e2e447e89d983360abc59fa68658b418aade99733e9c6a1	9e80c81ea70be560e9b42adceb0dc4f39cf477cba33f9df69ae8f469a8d6a4e6
train_clean	train	roboflow_team128_v5	roboflow_team128_v5_IMG_0768_jpg.rf.80de8504953a28f1674531be59e1f45f.jpg	roboflow_team128_v5_IMG_0768_jpg.rf.80de8504953a28f1674531be59e1f45f.txt	1	604	1481	0	1	22	1114.0	3430.0	284.0	236.0	47515.0	271b415891344c19970bdb1044bf13d03d1fa6bbf3da2e4d72d5df38420867af	1bd61dc7c7823914e989f2d1d964904e0f34b90bb1e13cd7fdf3947e5024f6e5
train_clean	train	roboflow_team128_v5	roboflow_team128_v5_IMG_0768_jpg.rf.80de8504953a28f1674531be59e1f45f.jpg	roboflow_team128_v5_IMG_0768_jpg.rf.80de8504953a28f1674531be59e1f45f.txt	2	604	1482	0	1	38	1215.0	2530.0	586.0	408.0	172023.0	b01adbfb14d9559fd0a5802eafb2b1878a4abecc89b0537506afcb7bffa69eb2	d5cb4e2b6c02164d7a68d03ce7e3e7886c3fc68445714fe8004e3e2bf59c1456
train_clean	train	roboflow_team128_v5	roboflow_team128_v5_IMG_0768_jpg.rf.80de8504953a28f1674531be59e1f45f.jpg	roboflow_team128_v5_IMG_0768_jpg.rf.80de8504953a28f1674531be59e1f45f.txt	3	604	1483	0	1	7	665.0	2429.0	68.0	51.0	1837.0	28e6565d110e48b5aed32bab9087c71da7734eaeb26d4227224156b5ab14d754	bd2af8e8ef054f01e0a3b2cbd64ee1538c905c2a0c2a1b15874aa3b8627d851f
train_clean	train	roboflow_team128_v5	roboflow_team128_v5_IMG_0768_jpg.rf.80de8504953a28f1674531be59e1f45f.jpg	roboflow_team128_v5_IMG_0768_jpg.rf.80de8504953a28f1674531be59e1f45f.txt	4	604	1484	0	1	27	198.0	1670.0	306.0	310.0	63620.0	8a75b60e0596c0e9a0ec5192cc19bf6e46825db05a4746eb9dd0338b9b6cd0c8	cb3e1dfbec9d5f1d9e6f0ea62bd48843db20d26274057869d59dc965ad91c99a
train_clean	train	roboflow_team128_v5	roboflow_team128_v5_IMG_0768_jpg.rf.80de8504953a28f1674531be59e1f45f.jpg	roboflow_team128_v5_IMG_0768_jpg.rf.80de8504953a28f1674531be59e1f45f.txt	5	604	1485	0	1	22	1857.0	1512.0	310.0	259.0	58937.0	8a95690f5f4e55a8b20bce48a4c3eff61e3775b82a5dadcdd9476a297af60058	bda4d70514f666bfa056f1666793f966120c0d11dc4c7e89ef27303906ff9da7
train_clean	train	roboflow_team128_v5	roboflow_team128_v5_IMG_0768_jpg.rf.80de8504953a28f1674531be59e1f45f.jpg	roboflow_team128_v5_IMG_0768_jpg.rf.80de8504953a28f1674531be59e1f45f.txt	6	604	1486	0	1	15	1811.0	1015.0	163.0	256.0	27820.0	b9e2bdd04b843a47cae41763cc62dd3b789f6a4e4ccda5d578ea60c67dae7231	a45d74c2339980c4304ce753796a2c3457939a12e652fc5b41b6bd461085e71d
train_clean	train	roboflow_team128_v5	roboflow_team128_v5_IMG_0768_jpg.rf.80de8504953a28f1674531be59e1f45f.jpg	roboflow_team128_v5_IMG_0768_jpg.rf.80de8504953a28f1674531be59e1f45f.txt	7	604	1487	0	1	22	1302.0	750.0	209.0	232.0	31802.0	b068baf3c8f70ed8439dee92e4cfa3fedb92c841a0b1191ff3d4fee39c6e10a0	aa4ccd74c32e391eb57f581fa38e75c2293aed555e360b19fe3a68382b29fb8c
train_clean	train	roboflow_team128_v5	roboflow_team128_v5_IMG_0768_jpg.rf.80de8504953a28f1674531be59e1f45f.jpg	roboflow_team128_v5_IMG_0768_jpg.rf.80de8504953a28f1674531be59e1f45f.txt	8	604	1488	0	1	9	1695.0	291.0	148.0	86.0	7665.0	ace73add79a83c4bd743f8a349366c074c68689545aafb35bee0f44a31acd5df	91da9ec27ec69a8f88ed486f6e751adf8aabfd18fbe9384d11a652c6751c9d39
train_clean	train	roboflow_team128_v5	roboflow_team128_v5_IMG_0768_jpg.rf.80de8504953a28f1674531be59e1f45f.jpg	roboflow_team128_v5_IMG_0768_jpg.rf.80de8504953a28f1674531be59e1f45f.txt	9	604	1489	0	1	16	140.0	677.0	202.0	139.0	20343.0	347b6b7287c6517599d459093be0d6e563dff3777ddc63aebf4290830953b975	cab6979a3479dcf21340c8019ad7bc86be681a5378c865e0fe729b2e7f91d088
train_clean	train	roboflow_team128_v5	roboflow_team128_v5_IMG_0769_jpg.rf.4201007fa71658500d6fae3955651f92.jpg	roboflow_team128_v5_IMG_0769_jpg.rf.4201007fa71658500d6fae3955651f92.txt	1	605	1490	0	1	16	0.0	2464.0	142.0	347.0	38853.0	556876b231034cbde1465408bcb2289f97aa1e691a558d4f0bd2129c916510e9	a53c5aa1f26a7692ac83350604142939dedd6cd1a464ea9a4aa97d115858d82c
train_clean	train	roboflow_team128_v5	roboflow_team128_v5_IMG_0769_jpg.rf.4201007fa71658500d6fae3955651f92.jpg	roboflow_team128_v5_IMG_0769_jpg.rf.4201007fa71658500d6fae3955651f92.txt	2	605	1491	0	1	37	2244.0	2007.0	215.0	183.0	26406.0	9a5dd6158def991cd0b987762da96068152ff3e8615661499e5f21037cc3cc1a	ec6d38252f4281049b63f0eb83ffa0221f05e91af259db7904e45cc204591dd5
train_clean	train	roboflow_team128_v5	roboflow_team128_v5_IMG_0769_jpg.rf.4201007fa71658500d6fae3955651f92.jpg	roboflow_team128_v5_IMG_0769_jpg.rf.4201007fa71658500d6fae3955651f92.txt	3	605	1492	0	1	23	834.0	475.0	169.0	133.0	15788.0	75e0b4bc93068b2c8d3d2cbbaaf8f8cb6374d0cdfc593a84fa62f24605311847	bd3ad1f99c8cdcee09b70431f1652b45478976801ccfabb8e4f51eec622ed70b
train_clean	train	roboflow_team128_v5	roboflow_team128_v5_IMG_0769_jpg.rf.4201007fa71658500d6fae3955651f92.jpg	roboflow_team128_v5_IMG_0769_jpg.rf.4201007fa71658500d6fae3955651f92.txt	4	605	1493	0	1	15	2745.0	973.0	78.0	60.0	2963.0	a48c1b89f4fa906ae4fdf55a825e483c88e5e7a9bc5f640cb922aae092c5ed20	5ef0c2929b7f3af879df1898d88eb5b4b3464bc6034f09a42d8490762ebc570e
train_clean	train	roboflow_team128_v5	roboflow_team128_v5_IMG_0769_jpg.rf.4201007fa71658500d6fae3955651f92.jpg	roboflow_team128_v5_IMG_0769_jpg.rf.4201007fa71658500d6fae3955651f92.txt	5	605	1494	0	1	16	772.0	1538.0	126.0	57.0	3277.0	bd24ef13033f21b32a1343c4a40f3deb8b68b486f16a63d3eb8411f19ec3d0f8	99706e23bafe5f039c27144de5f72e3f150ed08de88b3e0b7db7a3445ef33873
train_clean	train	roboflow_team128_v5	roboflow_team128_v5_IMG_0769_jpg.rf.4201007fa71658500d6fae3955651f92.jpg	roboflow_team128_v5_IMG_0769_jpg.rf.4201007fa71658500d6fae3955651f92.txt	6	605	1495	0	1	17	899.0	1536.0	85.0	91.0	4474.0	d8a3205dc131278d0ba2a153b97de2f4229a37e708a1e901a0c5ef452e348a81	b9768f7d556497ab42b47d0c9fe33bb2a23ac200f129d928db35ac683c9526fb
train_clean	train	roboflow_team128_v5	roboflow_team128_v5_IMG_0769_jpg.rf.4201007fa71658500d6fae3955651f92.jpg	roboflow_team128_v5_IMG_0769_jpg.rf.4201007fa71658500d6fae3955651f92.txt	7	605	1496	0	1	29	927.0	1548.0	176.0	147.0	9630.0	148c85784fbbd036fd723a0196c14e5df20c7d3924f1e16ffe0bcd428fb43d20	2bca47068e24608e97cfcf07286e75d11738fad4b7d34f0d19f47161f2934bec
train_clean	train	roboflow_team128_v5	roboflow_team128_v5_IMG_0769_jpg.rf.4201007fa71658500d6fae3955651f92.jpg	roboflow_team128_v5_IMG_0769_jpg.rf.4201007fa71658500d6fae3955651f92.txt	8	605	1497	0	1	13	742.0	1647.0	42.0	127.0	3051.0	6e2fd8366dc2265b84cee93359521bd44af59855bf5f481a0adf27c3d67b9743	6654a0d3eb9d3bfe7e83eeeba7b728872d50784e82e83a12d0a556150a574d31
train_clean	train	roboflow_team128_v5	roboflow_team128_v5_IMG_0769_jpg.rf.4201007fa71658500d6fae3955651f92.jpg	roboflow_team128_v5_IMG_0769_jpg.rf.4201007fa71658500d6fae3955651f92.txt	9	605	1498	0	1	38	1393.0	1139.0	176.0	114.0	8941.0	6b2863877d099d284d934b11a5f2e487544905cc44d98f5ce33660b7390dac5a	43293157f438bd6a7807a66601f9d00d6eb08af3d8b86d4984b2ac7f405c5351
train_clean	train	roboflow_team128_v5	roboflow_team128_v5_IMG_0769_jpg.rf.4201007fa71658500d6fae3955651f92.jpg	roboflow_team128_v5_IMG_0769_jpg.rf.4201007fa71658500d6fae3955651f92.txt	10	605	1499	0	1	6	1592.0	1154.0	20.0	55.0	750.0	5619b382e2c790baf9c43b0ece62f38b59b1fd82fa59b340fa1c36142ea9b9a6	af4d911211c1995d9efc7d2641af30af225692a61f166563c8a6557a9e928f04
train_clean	train	roboflow_team128_v5	roboflow_team128_v5_IMG_0769_jpg.rf.4201007fa71658500d6fae3955651f92.jpg	roboflow_team128_v5_IMG_0769_jpg.rf.4201007fa71658500d6fae3955651f92.txt	11	605	1500	0	1	13	1457.0	1272.0	106.0	78.0	3693.0	2cb9279c7cc5b751ed67f5a2662d2535f7ebe559eb2bf12908d399640b5e9c76	911966d422adcdf556d08bc79a6a5f96d35a8ce29bd5ed0f858a71b40a91d681
train_clean	train	roboflow_team128_v5	roboflow_team128_v5_IMG_0769_jpg.rf.4201007fa71658500d6fae3955651f92.jpg	roboflow_team128_v5_IMG_0769_jpg.rf.4201007fa71658500d6fae3955651f92.txt	12	605	1501	0	1	19	2603.0	1202.0	161.0	131.0	8549.0	cd9c0e919f085d64f3750382754b45850d4d73a0a9e20739c15d88a09578e8d3	5a4537519c7064f40c52f5f8de30c9a52de20d4aafd6373f1988331f41eab0a4
train_clean	train	roboflow_team128_v5	roboflow_team128_v5_IMG_0771_jpg.rf.a0457dcc823e7f726342c4b955d20701.jpg	roboflow_team128_v5_IMG_0771_jpg.rf.a0457dcc823e7f726342c4b955d20701.txt	1	606	1502	0	1	38	1343.0	1187.0	244.0	221.0	34430.0	fbf198aaab78b9b7219d2ac5ad06806a7ead6f026828d0690899a4492547d5db	a1265270b1d234d92288ba81c17d0ac2b20adf4ee7c95aa3c3faf4dcdb3e80a0
train_clean	train	roboflow_team128_v5	roboflow_team128_v5_IMG_0771_jpg.rf.a0457dcc823e7f726342c4b955d20701.jpg	roboflow_team128_v5_IMG_0771_jpg.rf.a0457dcc823e7f726342c4b955d20701.txt	2	606	1503	0	1	45	1182.0	458.0	277.0	184.0	23087.0	15a6922521f51566ed48476e147741b68ce146858b7a1e5f740083ce7c7a16eb	cb6e3a0371970ca29ac01ac49f4bc5c58a3a1a7927d9bb9571fa658d0aa2b24a
train_clean	train	roboflow_team128_v5	roboflow_team128_v5_IMG_0771_jpg.rf.a0457dcc823e7f726342c4b955d20701.jpg	roboflow_team128_v5_IMG_0771_jpg.rf.a0457dcc823e7f726342c4b955d20701.txt	3	606	1504	0	1	28	1480.0	751.0	172.0	209.0	14258.0	b94e368480f13089e12ad63130019bb4c90986bde6d497ce933fd155aa5ad703	efebb237cd84139d5d943b8e41897f641eb84b591530e74b59b3307ae69e9f15
train_clean	train	roboflow_team128_v5	roboflow_team128_v5_IMG_0771_jpg.rf.a0457dcc823e7f726342c4b955d20701.jpg	roboflow_team128_v5_IMG_0771_jpg.rf.a0457dcc823e7f726342c4b955d20701.txt	4	606	1505	0	1	17	1396.0	908.0	80.0	98.0	5048.0	2a8d345b3cc0043a4803b8af638f07b7514a8810c2742ea45146742421d4f67d	0db0a421de395b9213423c0b500fa0be18a1e07080589aedd1b0d9364ec712ca
train_clean	train	roboflow_team128_v5	roboflow_team128_v5_IMG_0771_jpg.rf.a0457dcc823e7f726342c4b955d20701.jpg	roboflow_team128_v5_IMG_0771_jpg.rf.a0457dcc823e7f726342c4b955d20701.txt	5	606	1506	0	1	32	1433.0	575.0	129.0	259.0	13538.0	470a249d88de7675108c648e2d4848e69d06cfa65847dde4c04e16106a30b8f8	6da3d5405c893dbe679ec47daae42c4f38097985064b9d83e3f6b2ea00149f94
train_clean	train	roboflow_team128_v5	roboflow_team128_v5_IMG_0771_jpg.rf.a0457dcc823e7f726342c4b955d20701.jpg	roboflow_team128_v5_IMG_0771_jpg.rf.a0457dcc823e7f726342c4b955d20701.txt	6	606	1507	0	1	16	1646.0	1227.0	78.0	112.0	3511.0	1a8f4ef4d365f56d9955ce4bb99b8df434dbc46955b823dedb7ad8cdb4c5b1e7	a304357fadcbf122ab4c5840b092a4d65cfc73fecba998cc4d8133b1b49465b8
train_clean	train	roboflow_team128_v5	roboflow_team128_v5_IMG_0771_jpg.rf.a0457dcc823e7f726342c4b955d20701.jpg	roboflow_team128_v5_IMG_0771_jpg.rf.a0457dcc823e7f726342c4b955d20701.txt	7	606	1508	0	1	13	1673.0	1306.0	111.0	56.0	2930.0	3fd3c363f35b3454d1dd2affcba4c4173e6ac4991ce6f9bea2bf3b657cc149db	d9f73f0d68536f54af65940264657b4d9b3a48ff2d02bd7952ef42434fafc1e6
train_clean	train	roboflow_team128_v5	roboflow_team128_v5_IMG_0771_jpg.rf.a0457dcc823e7f726342c4b955d20701.jpg	roboflow_team128_v5_IMG_0771_jpg.rf.a0457dcc823e7f726342c4b955d20701.txt	8	606	1509	0	1	11	1714.0	1393.0	93.0	105.0	5665.0	bf4fc4f2f91ab68ac85b6acfd00efe564f112fe11b2762d9d3013f2d78357ba4	478b70c1ad6d6cdd0c6c4040f25b4e61355133e011ca4c2f08de7feac3cb9dc3
train_clean	train	roboflow_team128_v5	roboflow_team128_v5_IMG_0771_jpg.rf.a0457dcc823e7f726342c4b955d20701.jpg	roboflow_team128_v5_IMG_0771_jpg.rf.a0457dcc823e7f726342c4b955d20701.txt	9	606	1510	0	1	28	2784.0	715.0	160.0	131.0	11131.0	f08eea691ff4780ad539e427448e1e10fc3d14e2a6a585f65f46a82763c575c1	b5949d97ba19d597bc4ddf701dbbb06e8fa74aa290355121c1223a5bb170cb3b
train_clean	train	roboflow_team128_v5	roboflow_team128_v5_IMG_0771_jpg.rf.a0457dcc823e7f726342c4b955d20701.jpg	roboflow_team128_v5_IMG_0771_jpg.rf.a0457dcc823e7f726342c4b955d20701.txt	10	606	1511	0	1	16	2927.0	689.0	95.0	89.0	5805.0	2e1abe1b0236f959c669dca3c0a8e9779ebe1225c1d81887c744ec05775ed1cc	3af17ebb2e07888050ffcb6f4df0c0027b96eec45e2b192d05feb2d9ccba7c2a
train_clean	train	roboflow_team128_v5	roboflow_team128_v5_IMG_0771_jpg.rf.a0457dcc823e7f726342c4b955d20701.jpg	roboflow_team128_v5_IMG_0771_jpg.rf.a0457dcc823e7f726342c4b955d20701.txt	11	606	1512	0	1	8	2971.0	784.0	36.0	57.0	1174.0	fe93f5edb715420017fe0f7686ca0a7789a9792e72926f0465cba71b53ba689d	f5e55b584a277112aad6bd7dd01485f75f04d87033f6098e43086f2aa86b8748
train_clean	train	roboflow_team128_v5	roboflow_team128_v5_IMG_0771_jpg.rf.a0457dcc823e7f726342c4b955d20701.jpg	roboflow_team128_v5_IMG_0771_jpg.rf.a0457dcc823e7f726342c4b955d20701.txt	12	606	1513	0	1	7	2975.0	844.0	27.0	32.0	570.0	23ffaab431339cdc4fda72c268f6581a24540ffa8051369ba4c1e07508dc823e	f65f8ad4b7a10cdc01cc0fe71b81c0a73444037bc90cdad3cd4ddb0a77e224d5
train_clean	train	roboflow_team128_v5	roboflow_team128_v5_IMG_0774_jpg.rf.050925a991754fdb33949fa91422dcf4.jpg	roboflow_team128_v5_IMG_0774_jpg.rf.050925a991754fdb33949fa91422dcf4.txt	1	607	1514	0	1	98	737.0	3628.0	667.0	403.0	166125.0	a6436552f612917c69b638f7a0562908e2b50644167fbcfae105e3016072e1a8	7e21c8fbc363ddfe6456fa817ff334d3ef88c40e261fd93754d3e8b4c8765ea5
train_clean	train	roboflow_team128_v5	roboflow_team128_v5_IMG_0774_jpg.rf.050925a991754fdb33949fa91422dcf4.jpg	roboflow_team128_v5_IMG_0774_jpg.rf.050925a991754fdb33949fa91422dcf4.txt	2	607	1515	0	1	54	1440.0	1019.0	358.0	209.0	44990.0	a59128ab358f9612277e8005701e43408a4a55e075f3bb7f64b0868fba98f96f	bfe946447d6f2c9da992dcea75386ea960b184d552299107fd7b7967a92f1f1d
train_clean	train	roboflow_team128_v5	roboflow_team128_v5_IMG_0775_jpg.rf.46c91d16443325774a7e8c6c0fc74539.jpg	roboflow_team128_v5_IMG_0775_jpg.rf.46c91d16443325774a7e8c6c0fc74539.txt	1	608	1516	0	1	54	1876.0	2743.0	925.0	752.0	386982.0	ecbb873aea86a78d037e5e6cc737c00f4be75afbb0740e42722bdd1aca9c5581	bdfae8d1c5757e30e134a71d9fa87b8ed3f50e610a261c1d244b90f4d251a701
train_clean	train	roboflow_team128_v5	roboflow_team128_v5_IMG_0775_jpg.rf.46c91d16443325774a7e8c6c0fc74539.jpg	roboflow_team128_v5_IMG_0775_jpg.rf.46c91d16443325774a7e8c6c0fc74539.txt	2	608	1517	0	1	69	1488.0	1375.0	722.0	553.0	201153.0	7cae9ce482ae1973f4ee6c28fcdc3b12d136a8aca40c57915b3f295ec8e0e053	0ecb8af3b084163b7f931895368cbec049ad769a65facd1d8a40d730b2247031
train_clean	train	roboflow_team128_v5	roboflow_team128_v5_IMG_0776_jpg.rf.0998c17e77d4567e205f30500d464197.jpg	roboflow_team128_v5_IMG_0776_jpg.rf.0998c17e77d4567e205f30500d464197.txt	1	609	1518	0	1	177	1223.0	1280.0	786.0	933.0	414690.0	8d85b09151264da677d96a8ce452f2da51a79a9b7129e8f2edab01fd725f5240	34a9b7db9fb1432f9ae35bae6bf5e8102432eb90c23dbeb9bf76ac85f3a5b0f5
train_clean	train	roboflow_team128_v5	roboflow_team128_v5_IMG_0776_jpg.rf.0998c17e77d4567e205f30500d464197.jpg	roboflow_team128_v5_IMG_0776_jpg.rf.0998c17e77d4567e205f30500d464197.txt	2	609	1519	0	1	65	1044.0	344.0	347.0	443.0	91914.0	e88b075e03afa7112eee2979fc542d9caa94b204c231da7089962e62c5709a12	05360bef22b29c9916944209f5faba6e942f8c8d1cd8af9342cb7eea8d3f89d0
train_clean	train	roboflow_team128_v5	roboflow_team128_v5_IMG_0777_jpg.rf.4b551d554d5292f1604a500858e23753.jpg	roboflow_team128_v5_IMG_0777_jpg.rf.4b551d554d5292f1604a500858e23753.txt	1	610	1520	0	1	50	1827.0	3104.0	505.0	496.0	135676.0	c59514dc0882c26be7bab372f7bc53c74a8bb697bff248f86c3801278a2c1f71	fc0707125a45c6510fd9ce484677c6776c0d64747103213567e46203d316b0e6
train_clean	train	roboflow_team128_v5	roboflow_team128_v5_IMG_0777_jpg.rf.4b551d554d5292f1604a500858e23753.jpg	roboflow_team128_v5_IMG_0777_jpg.rf.4b551d554d5292f1604a500858e23753.txt	2	610	1521	0	1	46	1533.0	1359.0	291.0	252.0	33529.0	47a19c23c5a2712a913cd53762f0076c3eeb7711dcbcf3612177769dab786d2d	010859e6a7392e2ba293e1317b3686672f3498f88f9b972aee53598ef9bbe43d
train_clean	train	roboflow_team128_v5	roboflow_team128_v5_IMG_0777_jpg.rf.4b551d554d5292f1604a500858e23753.jpg	roboflow_team128_v5_IMG_0777_jpg.rf.4b551d554d5292f1604a500858e23753.txt	3	610	1522	0	1	15	1560.0	1208.0	169.0	151.0	16422.0	d91be0f2c4f663f6bf1f3f501e2a32045721c08a96f4ee2d44393d5b91d8c5ec	cdcba7dee40bcb369a5b35387ab93f6d8b659d056131b096f112493ce33f5ee7
train_clean	train	roboflow_team128_v5	roboflow_team128_v5_IMG_0777_jpg.rf.4b551d554d5292f1604a500858e23753.jpg	roboflow_team128_v5_IMG_0777_jpg.rf.4b551d554d5292f1604a500858e23753.txt	4	610	1523	0	1	39	1699.0	819.0	275.0	362.0	28509.0	52ba38b1982465372a880d3e1c7e3feb3f0aa42c924c3be7e2d304fb9cbda079	c88df03134c999980d4d8af55313c89266accbf8f21da87a302204378655090a
train_clean	train	roboflow_team128_v5	roboflow_team128_v5_IMG_0777_jpg.rf.4b551d554d5292f1604a500858e23753.jpg	roboflow_team128_v5_IMG_0777_jpg.rf.4b551d554d5292f1604a500858e23753.txt	5	610	1524	0	1	43	1484.0	752.0	325.0	228.0	32659.0	6d755a1ef93a4fabb5c93a1087bd74a0e53b56dfbfa759418edabb4b84b278b6	7789307b245b29efd003af1fbe9373ef6e97ff65303fcc8e54088d2bda74b74d
train_clean	train	roboflow_team128_v5	roboflow_team128_v5_IMG_0777_jpg.rf.4b551d554d5292f1604a500858e23753.jpg	roboflow_team128_v5_IMG_0777_jpg.rf.4b551d554d5292f1604a500858e23753.txt	6	610	1525	0	1	43	697.0	406.0	145.0	359.0	21702.0	9191d8f0173ee543b16ba733c93e52b327f433dab58f3b9afb47b1208e6609e0	2ae0ba6d275481bf1981bbb804df819ae95e07747842b2597dc733280fb0811f
train_clean	train	roboflow_team128_v5	roboflow_team128_v5_IMG_0777_jpg.rf.4b551d554d5292f1604a500858e23753.jpg	roboflow_team128_v5_IMG_0777_jpg.rf.4b551d554d5292f1604a500858e23753.txt	7	610	1526	0	1	71	157.0	255.0	537.0	250.0	66562.0	e0f498e4b7374ea291052ee0b3048808ab92403f2c6de410823fc884a292e6b4	f663313bb51a25486cf46e83a5e825b59dc9f4cfc6ddeb14fe13b8834042542d
train_clean	train	roboflow_team128_v5	roboflow_team128_v5_IMG_0778_jpg.rf.f0ff174e2432e395b8feb3036c4077bd.jpg	roboflow_team128_v5_IMG_0778_jpg.rf.f0ff174e2432e395b8feb3036c4077bd.txt	1	611	1527	0	1	76	1279.0	1949.0	664.0	766.0	379150.0	cf36c87dc0f422ec9dd486de82eb3bf5ad4e2f2b2d55f2e0c52f2577ce1cbedc	ef1f9a0e6c589a598b04bed7c2a869794298b5a1a4f0da6ad8af4432e1795995
train_clean	train	roboflow_team128_v5	roboflow_team128_v5_IMG_0779_jpg.rf.80f0f6461ec5d7e5aadc63d06243a241.jpg	roboflow_team128_v5_IMG_0779_jpg.rf.80f0f6461ec5d7e5aadc63d06243a241.txt	1	612	1528	0	1	83	2072.0	431.0	469.0	546.0	166506.0	293d73208c05174c509ef57cbbb0ecec41a1729238fc1a462fafe9e1b3b35452	3e8453a80521ef216193c1c8816307a360dfb7b25b1b48036f1b6656f052ad1e
train_clean	train	roboflow_team128_v5	roboflow_team128_v5_IMG_0779_jpg.rf.80f0f6461ec5d7e5aadc63d06243a241.jpg	roboflow_team128_v5_IMG_0779_jpg.rf.80f0f6461ec5d7e5aadc63d06243a241.txt	2	612	1529	0	1	81	1682.0	1505.0	677.0	767.0	375995.0	d0a549634ea346bb89e4772371eebc194982cb31be94ab1a0842517314018cb7	c7719af9326ddb8598fb64b489f3a1e3462a66b1448b7b6c891fcd70724097f7
train_clean	train	roboflow_team128_v5	roboflow_team128_v5_IMG_0779_jpg.rf.80f0f6461ec5d7e5aadc63d06243a241.jpg	roboflow_team128_v5_IMG_0779_jpg.rf.80f0f6461ec5d7e5aadc63d06243a241.txt	3	612	1530	0	1	79	0.0	3360.0	754.0	671.0	383006.0	aab39604c330f1cde16b7c11f4b7115cf5f1a405e9cfb054ecb98f1eea1d34d4	14ff26978ad7382c252517eefbc496e420053a407287b5bd2ca1bc93c7209af2
train_clean	train	roboflow_team128_v5	roboflow_team128_v5_IMG_0780_jpg.rf.0a3ebd62cee3d8f43dd7eb46928e7aeb.jpg	roboflow_team128_v5_IMG_0780_jpg.rf.0a3ebd62cee3d8f43dd7eb46928e7aeb.txt	1	613	1531	0	1	52	1159.0	1720.0	731.0	750.0	383457.0	1df9896af85c68cf8ebd8c2627d52c6e96967695a361ed81fedd5a8ff3ffbf26	1a81aa435ba02fd6efe9c7bb7e77f4714db0d8daef8ff0c2c5a7cd53c48741c7
train_clean	train	roboflow_team128_v5	roboflow_team128_v5_IMG_0780_jpg.rf.0a3ebd62cee3d8f43dd7eb46928e7aeb.jpg	roboflow_team128_v5_IMG_0780_jpg.rf.0a3ebd62cee3d8f43dd7eb46928e7aeb.txt	2	613	1532	0	1	43	1315.0	405.0	544.0	627.0	231595.0	524f972212fe9e85d450d91fca15fc5f91309a3a757daba0bcc735d5920df710	d4afd2dc3170c906b4274120927c1dc1236c8910114b35b2ce9df2477ab2b14d
train_clean	train	roboflow_team128_v5	roboflow_team128_v5_IMG_0780_jpg.rf.0a3ebd62cee3d8f43dd7eb46928e7aeb.jpg	roboflow_team128_v5_IMG_0780_jpg.rf.0a3ebd62cee3d8f43dd7eb46928e7aeb.txt	3	613	1533	0	1	31	20.0	2978.0	616.0	574.0	220952.0	9021a901b224bbbea3e919fedef5f8d535924df249902c3d654a311fab25f3c0	8406a2a38799879adead69b07a22eb8e23dae98b0a0c2e1e3abf9c7818a3aac4
train_clean	train	roboflow_team128_v5	roboflow_team128_v5_IMG_0781_jpg.rf.0aa25dee0b9fb0420d8c2294a5163308.jpg	roboflow_team128_v5_IMG_0781_jpg.rf.0aa25dee0b9fb0420d8c2294a5163308.txt	1	614	1534	0	1	21	0.0	2872.0	324.0	710.0	169192.0	bbf0ae634b99f9e28cda469303d14d4350b57d82a3eefb9d985d1334f7581d5f	2391ab1598f8ed1031bb680702b85a2f40b75e9e4b412cb937ecad7a425322a6
train_clean	train	roboflow_team128_v5	roboflow_team128_v5_IMG_0781_jpg.rf.0aa25dee0b9fb0420d8c2294a5163308.jpg	roboflow_team128_v5_IMG_0781_jpg.rf.0aa25dee0b9fb0420d8c2294a5163308.txt	2	614	1535	0	1	39	1695.0	918.0	527.0	550.0	159777.0	28e626333a2ef1d022edb7d642fb7253a57c0e1eb4d5bc8c32f05bcb6594b2ab	95ce2ad96cdec6bae0f9e592b08f8b917caceca8e2c44d2d313a3596064f034d
train_clean	train	roboflow_team128_v5	roboflow_team128_v5_IMG_0781_jpg.rf.0aa25dee0b9fb0420d8c2294a5163308.jpg	roboflow_team128_v5_IMG_0781_jpg.rf.0aa25dee0b9fb0420d8c2294a5163308.txt	3	614	1536	0	1	25	1231.0	0.0	218.0	332.0	42905.0	e7c5741389d854bba0f52666698f2209e0c3f00674506491427939f597d7bc06	bebf84956146c94afa00ecfdd9a7d1c03fd19baf32eb9a4d77f68fc7174f43e4
train_clean	train	roboflow_team128_v5	roboflow_team128_v5_IMG_0781_jpg.rf.0aa25dee0b9fb0420d8c2294a5163308.jpg	roboflow_team128_v5_IMG_0781_jpg.rf.0aa25dee0b9fb0420d8c2294a5163308.txt	4	614	1537	0	1	40	2148.0	1554.0	556.0	505.0	196925.0	60f41be68276b7abc5a363036097d1ea255965e97c5ff7a48d6872727c001491	7efe06894e82da812e4440ca92456d6efb18e1c1366bc424d265cfebb9b25cd0
train_clean	train	roboflow_team128_v5	roboflow_team128_v5_IMG_0782_jpg.rf.0ab023eff99bc125f4eb8198618a1c7c.jpg	roboflow_team128_v5_IMG_0782_jpg.rf.0ab023eff99bc125f4eb8198618a1c7c.txt	1	615	1538	0	1	37	2231.0	2349.0	636.0	851.0	351411.0	2027d8ac49fc924dd4b6d69dd367e150bac2ead7d3a0a5279ce7b933206f1d3f	8f2110b535ad69279f54d49f027712c5691f9ae6376a9f7452b1215d8d322627
train_clean	train	roboflow_team128_v5	roboflow_team128_v5_IMG_0782_jpg.rf.0ab023eff99bc125f4eb8198618a1c7c.jpg	roboflow_team128_v5_IMG_0782_jpg.rf.0ab023eff99bc125f4eb8198618a1c7c.txt	2	615	1539	0	1	14	2812.0	3535.0	211.0	496.0	66215.0	91ba3f384a8b9cc40ea87eee008ed027363748d33a7f240383123e1ffe6df850	d78ebefb999c1fac3a9de005524b94b9cfcd1f857f72e3bfddd8c067204ae90d
train_clean	train	roboflow_team128_v5	roboflow_team128_v5_IMG_0782_jpg.rf.0ab023eff99bc125f4eb8198618a1c7c.jpg	roboflow_team128_v5_IMG_0782_jpg.rf.0ab023eff99bc125f4eb8198618a1c7c.txt	3	615	1540	0	1	24	1430.0	1090.0	473.0	337.0	92124.0	2d64281082beb8a9644c3592059fbf007cb226c695a8d8f49f6dcbb2a95f36da	0deb727b03ab6801b314543da00378704546ccc063b403e79b55387dfc729cbc
train_clean	train	roboflow_team128_v5	roboflow_team128_v5_IMG_0784_jpg.rf.d7637595c84a75c8b46e46487c682aa7.jpg	roboflow_team128_v5_IMG_0784_jpg.rf.d7637595c84a75c8b46e46487c682aa7.txt	1	616	1541	0	1	252	466.0	2676.0	857.0	784.0	268478.0	970dfee96e50b817cfaa5ea9f5e4fbf127e57f38cd37868566779fed68870a26	be039834c28d2dcd374e54d0645d318213d04b5224ab2e13f8e25a75ca0a202d
train_clean	train	roboflow_team128_v5	roboflow_team128_v5_IMG_0784_jpg.rf.d7637595c84a75c8b46e46487c682aa7.jpg	roboflow_team128_v5_IMG_0784_jpg.rf.d7637595c84a75c8b46e46487c682aa7.txt	2	616	1542	0	1	98	1747.0	3477.0	529.0	447.0	150992.0	43c26e25e5763d0cb68d7eb24ffabb45c7a0ba82287a6339253ab2efd10a7fe6	a15e94dfab202f7fcb5c7051a478f61d2a12b425db96a13a5b060de1621fff00
train_clean	train	roboflow_team128_v5	roboflow_team128_v5_IMG_0785_jpg.rf.e45fc5315006a9c7e62c68e2980f87c7.jpg	roboflow_team128_v5_IMG_0785_jpg.rf.e45fc5315006a9c7e62c68e2980f87c7.txt	1	617	1543	0	1	37	1170.0	879.0	557.0	362.0	124524.0	45e08bcf9b02f7d5d3e90ff0cb80fda4bd21c8579e14f0aeb91ab313dce72945	c5e03f14da98fa111d0c8844e8ca7421427889d2bf5d8c1df054c93a3e689b6e
train_clean	train	roboflow_team128_v5	roboflow_team128_v5_IMG_0785_jpg.rf.e45fc5315006a9c7e62c68e2980f87c7.jpg	roboflow_team128_v5_IMG_0785_jpg.rf.e45fc5315006a9c7e62c68e2980f87c7.txt	2	617	1544	0	1	88	681.0	2832.0	975.0	813.0	464540.0	41fe1edaa101790bccd49847dc0409f6a9243a5e337d446e8f3669607678a58a	40bd28093b7856be004f0880b96c21a77b9a611efbe321ef7bfdcf85aec448dc
train_clean	train	roboflow_team128_v5	roboflow_team128_v5_IMG_0785_jpg.rf.e45fc5315006a9c7e62c68e2980f87c7.jpg	roboflow_team128_v5_IMG_0785_jpg.rf.e45fc5315006a9c7e62c68e2980f87c7.txt	3	617	1545	0	1	59	1934.0	2871.0	656.0	838.0	199307.0	57aca8be4bb71488fbff9a38f52f924f185a7c1237ed459c6a97c2e2b004b85c	b0cfc2832a4b3c9cf30186898f61298ed997e8cba8ca1c8eb08d5c89d73ea0d0
train_clean	train	roboflow_team128_v5	roboflow_team128_v5_IMG_0786_jpg.rf.77a31a3bbf13fbc1f4fc7a2abf14016a.jpg	roboflow_team128_v5_IMG_0786_jpg.rf.77a31a3bbf13fbc1f4fc7a2abf14016a.txt	1	618	1546	0	1	69	1137.0	1355.0	787.0	1041.0	479862.0	6ee6a926d2705f4ad98535684934c027dc9750c46f9395a1be397e2d1d00067a	fddb912d1c8bc8f64cf2a7a905b64d8d5f12f78fa130ce1fac258c5f8623009c
train_clean	train	roboflow_team128_v5	roboflow_team128_v5_IMG_0786_jpg.rf.77a31a3bbf13fbc1f4fc7a2abf14016a.jpg	roboflow_team128_v5_IMG_0786_jpg.rf.77a31a3bbf13fbc1f4fc7a2abf14016a.txt	2	618	1547	0	1	38	2672.0	1470.0	351.0	534.0	89448.0	7c3d5c716957ce6c2ddaeb582732e54214093ff299d689e050635d9ab77c8a79	1c291f06fcdf94fda9728b94f74a33d9646465461dc5b030295b7957b4d6ad66
train_clean	train	roboflow_team128_v5	roboflow_team128_v5_IMG_0787_jpg.rf.d0f316d2881f8794004ca91f5d101741.jpg	roboflow_team128_v5_IMG_0787_jpg.rf.d0f316d2881f8794004ca91f5d101741.txt	1	619	1548	0	1	84	7.0	0.0	478.0	627.0	219624.0	a52014535af866874e90ff848c771777c04351d3875cd56da92f477c8ebed55d	d16a43d56f802d42870c4f824a1325c000225d7aedb06a67d296bb60ba07ab40
train_clean	train	roboflow_team128_v5	roboflow_team128_v5_IMG_0787_jpg.rf.d0f316d2881f8794004ca91f5d101741.jpg	roboflow_team128_v5_IMG_0787_jpg.rf.d0f316d2881f8794004ca91f5d101741.txt	2	619	1549	0	1	43	449.0	3592.0	511.0	439.0	141970.0	26861822272fedfb5304f0b2223b1c2b8b16de188e827aff2570aa673dccc0c0	5fbea415c6cdc737a396fa4c4125d891ac8a6a5b9c02552dcc3a4960e314980a
train_clean	train	roboflow_team128_v5	roboflow_team128_v5_IMG_0787_jpg.rf.d0f316d2881f8794004ca91f5d101741.jpg	roboflow_team128_v5_IMG_0787_jpg.rf.d0f316d2881f8794004ca91f5d101741.txt	3	619	1550	0	1	90	1138.0	910.0	588.0	480.0	93848.0	33cbde3954dc72a6a4cff5ebb3db4dc4f0a3bb5d6198080e1691a60f48cf47f4	395dc68e3ce5f07bfed6ac1e5340336f1341cfa792c40e46c5942bb5e63fedce
train_clean	train	roboflow_team128_v5	roboflow_team128_v5_IMG_0788_jpg.rf.e3ea38a4d762ea77f501821e6f9dadd1.jpg	roboflow_team128_v5_IMG_0788_jpg.rf.e3ea38a4d762ea77f501821e6f9dadd1.txt	1	620	1551	0	1	96	1265.0	1468.0	637.0	682.0	283458.0	62a3e1af6b102978adda0f5d8f64b0eef9952e702e2be38bd62d5ab22c01342e	dfe152d68940569f67527f60accc9b749c03893e01f3c496927e03252600b7e1
train_clean	train	roboflow_team128_v5	roboflow_team128_v5_IMG_0788_jpg.rf.e3ea38a4d762ea77f501821e6f9dadd1.jpg	roboflow_team128_v5_IMG_0788_jpg.rf.e3ea38a4d762ea77f501821e6f9dadd1.txt	2	620	1552	0	1	75	1988.0	2950.0	667.0	768.0	261079.0	a7dde53f623a1865bd8da98f9d05a4c70ecff2a80d0bf6e1d3ae26ab8b0efa89	93ed3cb1b0443881d4c12253553a05536e44d2bc882bccc50b949cccc9e34cb0
train_clean	train	roboflow_team128_v5	roboflow_team128_v5_IMG_0789_jpg.rf.7902c866d88b72d3b03f4dfd0ac99fb2.jpg	roboflow_team128_v5_IMG_0789_jpg.rf.7902c866d88b72d3b03f4dfd0ac99fb2.txt	1	621	1553	0	1	39	1928.0	182.0	401.0	405.0	104287.0	8b17321db3145cec39f4ccf635d40530f646fe875e25d33c5a40c3ffcd6a2d08	36c4eab84e8d176c8099c59b2853a3c255ba702525e3e9019c9e8698b8870b1d
train_clean	train	roboflow_team128_v5	roboflow_team128_v5_IMG_0789_jpg.rf.7902c866d88b72d3b03f4dfd0ac99fb2.jpg	roboflow_team128_v5_IMG_0789_jpg.rf.7902c866d88b72d3b03f4dfd0ac99fb2.txt	2	621	1554	0	1	57	1044.0	934.0	827.0	631.0	336562.0	68073269f993bb54519ef463b66d33c49993a22cadb427871143558ae5624aa8	7cb358f3e0bafe153d2c7355d24449b0b165fdf5c45085d7b495bd1dd29948ac
train_clean	train	roboflow_team128_v5	roboflow_team128_v5_IMG_0789_jpg.rf.7902c866d88b72d3b03f4dfd0ac99fb2.jpg	roboflow_team128_v5_IMG_0789_jpg.rf.7902c866d88b72d3b03f4dfd0ac99fb2.txt	3	621	1555	0	1	45	2293.0	0.0	730.0	759.0	371654.0	1716dbe65680e366b893eadb1464e523a1f3b422f078d73fdb3f1da605654b02	b5bb1d4c7a86254c2a134f15142b04385ebe3240ee87204543eadbd7db17ee95
train_clean	train	roboflow_team128_v5	roboflow_team128_v5_IMG_0790_jpg.rf.cab732489061af7481d607881aa4bf67.jpg	roboflow_team128_v5_IMG_0790_jpg.rf.cab732489061af7481d607881aa4bf67.txt	1	622	1556	0	1	48	1057.0	1666.0	200.0	337.0	40632.0	41955a23344623ff4ee34733f0642480f4f8af09c928497a149056bcdadcedaf	0af70f4e83910c8f5a9f83b187b65eb6eb5a6df11385b0bfd0835faecb7aa53a
train_clean	train	roboflow_team128_v5	roboflow_team128_v5_IMG_0790_jpg.rf.cab732489061af7481d607881aa4bf67.jpg	roboflow_team128_v5_IMG_0790_jpg.rf.cab732489061af7481d607881aa4bf67.txt	2	622	1557	0	1	40	1581.0	1503.0	224.0	295.0	44364.0	61b9d4361daa923d8c05ae312dc2c85731f267168b08ea2b815f83891d9f87e8	e639fdb8582577f95060cdf9292853748b97f701e107f9eee4ee80abac530e25
train_clean	train	roboflow_team128_v5	roboflow_team128_v5_IMG_0790_jpg.rf.cab732489061af7481d607881aa4bf67.jpg	roboflow_team128_v5_IMG_0790_jpg.rf.cab732489061af7481d607881aa4bf67.txt	3	622	1558	0	1	18	1278.0	1766.0	100.0	201.0	11928.0	d5fbc761e5a45b7d0e1a5029636b488699c2c0b5b299b5bffbd5391f7be80ae7	727e254094db4fbfe32cc4b3b0e6b2252e79d80a2126a37d6cd3608bd876ee80
train_clean	train	roboflow_team128_v5	roboflow_team128_v5_IMG_0790_jpg.rf.cab732489061af7481d607881aa4bf67.jpg	roboflow_team128_v5_IMG_0790_jpg.rf.cab732489061af7481d607881aa4bf67.txt	4	622	1559	0	1	26	1390.0	1890.0	101.0	209.0	13955.0	2c0bb968b3295b1bc6c68256155b819547276551048ab0a4f3b83b7f95d28598	dce2a5ccf77a311056f2cd42c1262977f79bf0bba06c33ee6992f24f9cf0620c
train_clean	train	roboflow_team128_v5	roboflow_team128_v5_IMG_0790_jpg.rf.cab732489061af7481d607881aa4bf67.jpg	roboflow_team128_v5_IMG_0790_jpg.rf.cab732489061af7481d607881aa4bf67.txt	5	622	1560	0	1	18	1282.0	1807.0	93.0	153.0	9208.0	8708ee4191240ed31b42156356f84537eda26212d8bbeac5646874927cc8931f	add84e453875c1ba7d1a98ab15028a3b40dc9ad7ccc9fcef149f092d98fdb16d
train_clean	train	roboflow_team128_v5	roboflow_team128_v5_IMG_0790_jpg.rf.cab732489061af7481d607881aa4bf67.jpg	roboflow_team128_v5_IMG_0790_jpg.rf.cab732489061af7481d607881aa4bf67.txt	6	622	1561	0	1	27	1912.0	1783.0	115.0	262.0	20183.0	a1020a586f282344d74791baca6514f2f3da6f097eb4803c38699cff889b7814	6e2fbf7cbc38b2e9e5b5da0df59a531ed2d9c996ab6476557e838d8c79aafa3e
train_clean	train	roboflow_team128_v5	roboflow_team128_v5_IMG_0790_jpg.rf.cab732489061af7481d607881aa4bf67.jpg	roboflow_team128_v5_IMG_0790_jpg.rf.cab732489061af7481d607881aa4bf67.txt	7	622	1562	0	1	19	1877.0	2053.0	119.0	117.0	7061.0	2cd7f6c8643e951bfcf3aac1beb9689e4865fd9f2af00fc2f22a7e5aabda75df	a5b73a9d4217bd7db11eb7ad36081a52ec8cdd8163987bcaf52b4e46ae5acfcb
train_clean	train	roboflow_team128_v5	roboflow_team128_v5_IMG_0790_jpg.rf.cab732489061af7481d607881aa4bf67.jpg	roboflow_team128_v5_IMG_0790_jpg.rf.cab732489061af7481d607881aa4bf67.txt	8	622	1563	0	1	11	1414.0	2077.0	41.0	77.0	2080.0	419b4551e202f3ff7cf4db7edac93946cac40073cfd39d139f5d59c2a9e71b9d	987b070f39847b72bccb89471eb9718ae65d429a844227c4d6901215249badb1
train_clean	train	roboflow_team128_v5	roboflow_team128_v5_IMG_0790_jpg.rf.cab732489061af7481d607881aa4bf67.jpg	roboflow_team128_v5_IMG_0790_jpg.rf.cab732489061af7481d607881aa4bf67.txt	9	622	1564	0	1	114	426.0	2766.0	525.0	492.0	135117.0	16de34327589cd1b9b949a71448f400bd24fbf40950720fc644e04d5ee74c5c6	32f05562064f6ede8a263098ab66ecf6fe379a327bd064c8961a0c5f8df93b0c
train_clean	train	roboflow_team128_v5	roboflow_team128_v5_IMG_0790_jpg.rf.cab732489061af7481d607881aa4bf67.jpg	roboflow_team128_v5_IMG_0790_jpg.rf.cab732489061af7481d607881aa4bf67.txt	10	622	1565	0	1	25	2791.0	774.0	176.0	145.0	16471.0	13f4b2fd30c846101848c3099218facd4524acd09986f3ec2b36ad2a1aaeca1f	982073757a75c8d059660b68095038888a2577ca7dfd7f837b2438a06e43ea28
train_clean	train	roboflow_team128_v5	roboflow_team128_v5_IMG_0790_jpg.rf.cab732489061af7481d607881aa4bf67.jpg	roboflow_team128_v5_IMG_0790_jpg.rf.cab732489061af7481d607881aa4bf67.txt	11	622	1566	0	1	81	47.0	594.0	586.0	577.0	243017.0	2bf3134998072aff8d0981fe9840b11e47914c3e7e8459dac5e59d2c3219fc18	0d0773f6ea7011138311215b5a9c18fcea732fa3bbeb776aa33b1b50813faa1d
train_clean	train	roboflow_team128_v5	roboflow_team128_v5_IMG_0790_jpg.rf.cab732489061af7481d607881aa4bf67.jpg	roboflow_team128_v5_IMG_0790_jpg.rf.cab732489061af7481d607881aa4bf67.txt	12	622	1567	0	1	125	50.0	598.0	648.0	655.0	293356.0	09b6c9ba5842da194634ece00abbee6624f37bef9fdb2e9a650b49daad3bb0f8	fad0de11504d2e27f38e64d36c49da2b25fdadbf416188029c6a6516156821d1
train_clean	train	roboflow_team128_v5	roboflow_team128_v5_IMG_0790_jpg.rf.cab732489061af7481d607881aa4bf67.jpg	roboflow_team128_v5_IMG_0790_jpg.rf.cab732489061af7481d607881aa4bf67.txt	13	622	1568	0	1	28	279.0	1244.0	203.0	119.0	14174.0	a4fae5184d06466cf985e507b569b6981fe1e078eb93d1fe7d7277810c323b14	eb563f9aa9ef913b5e17a48333f73637094285a172496a15ef8450801907d29c
train_clean	train	roboflow_team128_v5	roboflow_team128_v5_IMG_0792_jpg.rf.5c8198dfb9667570199f797c362fba1f.jpg	roboflow_team128_v5_IMG_0792_jpg.rf.5c8198dfb9667570199f797c362fba1f.txt	1	623	1569	0	1	22	532.0	3399.0	295.0	343.0	69747.0	f5cf5b313032079b27930f4ab89bb344092f0c197307b2c5aa57c255c6868ed4	47ef0947eed88009ace220e31865316c2a92f5237611d9be882c8fedff48e116
train_clean	train	roboflow_team128_v5	roboflow_team128_v5_IMG_0792_jpg.rf.5c8198dfb9667570199f797c362fba1f.jpg	roboflow_team128_v5_IMG_0792_jpg.rf.5c8198dfb9667570199f797c362fba1f.txt	2	623	1570	0	1	37	721.0	0.0	420.0	504.0	108486.0	b02b91a9c82df17438a674fa755a1f0588242574c7f3a29e03f5f899a3a5ec1a	d54dbda460046f7eebef317911e2161752411e8ab8d34f14b67007a59b3c9140
train_clean	train	roboflow_team128_v5	roboflow_team128_v5_IMG_0792_jpg.rf.5c8198dfb9667570199f797c362fba1f.jpg	roboflow_team128_v5_IMG_0792_jpg.rf.5c8198dfb9667570199f797c362fba1f.txt	3	623	1571	0	1	77	1558.0	608.0	609.0	901.0	337716.0	52c99a4414802dcd457d136b2d699b580674e0043bcdd3fc0a5d1854aa987a3f	f886e673031307edf8c9a3b80bcc7fcee1da4bbed09e35b7cd9db458257ef75f
train_clean	train	roboflow_team128_v5	roboflow_team128_v5_IMG_0792_jpg.rf.5c8198dfb9667570199f797c362fba1f.jpg	roboflow_team128_v5_IMG_0792_jpg.rf.5c8198dfb9667570199f797c362fba1f.txt	4	623	1572	0	1	23	1844.0	3242.0	236.0	188.0	24426.0	63d4fd831a364ad0197fbe49dcc10c9d191f59eabb410034c3c542e1152a0741	e32bda48ffb17ff8876879a54bc80794a196368cad940f3f7d9dfd626ba6ea0a
train_clean	train	roboflow_team128_v5	roboflow_team128_v5_IMG_0794_jpg.rf.1b7c6f31ede4331cde29b5d20921c33d.jpg	roboflow_team128_v5_IMG_0794_jpg.rf.1b7c6f31ede4331cde29b5d20921c33d.txt	1	624	1573	0	1	30	1483.0	3619.0	435.0	310.0	72056.0	1389a2043621787deecc0940ee7e0955b11be51d29d6eec43b6387238031e2e9	a968425ee1f1fcc5a247cfac69d224bb56cc5a097635253c4bd2ecd6a25d199f
train_clean	train	roboflow_team128_v5	roboflow_team128_v5_IMG_0795_jpg.rf.19036d8784fa5c4b3403418e5b74eb0c.jpg	roboflow_team128_v5_IMG_0795_jpg.rf.19036d8784fa5c4b3403418e5b74eb0c.txt	1	625	1574	0	1	98	866.0	2097.0	886.0	863.0	307204.0	e27ad1cc4970b51a9fae892978728127b593d94ebd475d408a798e7250aa1973	cf4a093cea0fb6718d5bbb1e54c49147c00b8f22da7abc5dd219aa35754aadbb
train_clean	train	roboflow_team128_v5	roboflow_team128_v5_IMG_0796_jpg.rf.20d9e5d4b9e99650602b22c4dff2f512.jpg	roboflow_team128_v5_IMG_0796_jpg.rf.20d9e5d4b9e99650602b22c4dff2f512.txt	1	626	1575	0	1	120	1078.0	2114.0	680.0	806.0	286605.0	807906617eea7ea5bd80508d0e322829cba0e9ecdea7f40fd8765ff2a106afaa	b1553466c1cc7996487f2ea161450d116aa82e3714b35209e60987351eb8afe3
train_clean	train	roboflow_team128_v5	roboflow_team128_v5_IMG_0797_jpg.rf.3c25ba5dffd0cec2f074345d2d34c6ab.jpg	roboflow_team128_v5_IMG_0797_jpg.rf.3c25ba5dffd0cec2f074345d2d34c6ab.txt	1	627	1576	0	1	23	1324.0	3618.0	438.0	242.0	75654.0	8f5e31aab7622c5747eaefbe4944dddc7534bc661cc7544c2e7174284324ead0	ced258c386893465548e7e1ab8e22113e9b1971548bba594b7223e92a7508f78
train_clean	train	roboflow_team128_v5	roboflow_team128_v5_IMG_0797_jpg.rf.3c25ba5dffd0cec2f074345d2d34c6ab.jpg	roboflow_team128_v5_IMG_0797_jpg.rf.3c25ba5dffd0cec2f074345d2d34c6ab.txt	2	627	1577	0	1	91	814.0	0.0	751.0	868.0	422397.0	06ab736f3eed7903684c1be3eb9ac8edc634d05a0070ed6b3868593d8d895d31	378ab6e772af4e54b77d0e84e0c5ed76c41b92fa3e1d9581d1ae2d2290767e24
train_clean	train	roboflow_team128_v5	roboflow_team128_v5_IMG_0798_jpg.rf.7ee18c056195eeb55f0808ad62be9fe6.jpg	roboflow_team128_v5_IMG_0798_jpg.rf.7ee18c056195eeb55f0808ad62be9fe6.txt	1	628	1578	0	1	34	2524.0	3821.0	273.0	210.0	16399.0	9d27e335ecc8fc2b0bd46aefbc2c432d7afb93dda3e208cb5c18fdb7aaa7da76	13b3a42afb09f1e2ddf657ee19003f40d687f8509616b11c4017e5642542dd9c
train_clean	train	roboflow_team128_v5	roboflow_team128_v5_IMG_0799_jpg.rf.6d3d2a9cb085506a124d7f2ff5e9e370.jpg	roboflow_team128_v5_IMG_0799_jpg.rf.6d3d2a9cb085506a124d7f2ff5e9e370.txt	1	629	1579	0	1	74	1948.0	319.0	812.0	552.0	227456.0	bf5e76d55f0f057f4e2016756885eef28ea66bee8d8c850d931fe03cfc53139e	abafcd465e5b003496b02d7c164873b6baecf28c208400a4008114e4b5c1309c
train_clean	train	roboflow_team128_v5	roboflow_team128_v5_IMG_0799_jpg.rf.6d3d2a9cb085506a124d7f2ff5e9e370.jpg	roboflow_team128_v5_IMG_0799_jpg.rf.6d3d2a9cb085506a124d7f2ff5e9e370.txt	2	629	1580	0	1	49	1296.0	1186.0	407.0	433.0	97203.0	4d6ea14f68ff7471c20da6f01ccfc7c0f5a28579ceee106c52eb1f77466de0a2	b6e7e9cbde236a220cfcf92049c6adbceda8564732a560e148423641a9feeda2
train_clean	train	roboflow_team128_v5	roboflow_team128_v5_IMG_0800_jpg.rf.cbdba2d02ac6dbc0356dad58bb2cd2ca.jpg	roboflow_team128_v5_IMG_0800_jpg.rf.cbdba2d02ac6dbc0356dad58bb2cd2ca.txt	1	630	1581	0	1	75	976.0	1228.0	663.0	442.0	205175.0	33ad14f9c467c538a395898c4e4765b68a6cd05e5208387403a347d0d91a8d6c	05ba53ad9f4481e034fb96a0a246663d5f4d811ee2e8fe19d72230c6c6238393
train_clean	train	roboflow_team128_v5	roboflow_team128_v5_IMG_0800_jpg.rf.cbdba2d02ac6dbc0356dad58bb2cd2ca.jpg	roboflow_team128_v5_IMG_0800_jpg.rf.cbdba2d02ac6dbc0356dad58bb2cd2ca.txt	2	630	1582	0	1	65	575.0	2304.0	352.0	483.0	121149.0	1b29286fba8f3bea135eebca8c7bbb2256b3a72e15291dc9770b86305b9c77bd	9499689e132800f157d1508fd17a51d94580c8fad9d1e52f6586994166cc779d
train_clean	train	roboflow_team128_v5	roboflow_team128_v5_IMG_0800_jpg.rf.cbdba2d02ac6dbc0356dad58bb2cd2ca.jpg	roboflow_team128_v5_IMG_0800_jpg.rf.cbdba2d02ac6dbc0356dad58bb2cd2ca.txt	3	630	1583	0	1	30	460.0	2573.0	108.0	230.0	15117.0	33a635b5456188ece3ac392e7f65d99bc894f9bdb6b863a59b5c35eaec225ec5	29ba6b94c929f6c44da19e3dbed3bc27b01a7d58cc8184bfcd7de9b6665537c4
train_clean	train	roboflow_team128_v5	roboflow_team128_v5_IMG_0800_jpg.rf.cbdba2d02ac6dbc0356dad58bb2cd2ca.jpg	roboflow_team128_v5_IMG_0800_jpg.rf.cbdba2d02ac6dbc0356dad58bb2cd2ca.txt	4	630	1584	0	1	27	2771.0	1340.0	158.0	154.0	16009.0	32826b3aaf3ef615d42beb2eca02d82138dce8b2b8ebee206bb6edc62edc94d6	7992687513b7a2a7a5749b612f3becd5701ab6256025012e2d641c985b81537b
train_clean	train	roboflow_team128_v5	roboflow_team128_v5_IMG_0801_jpg.rf.e01c1cfa9c69be726a8e99bc5c3944a9.jpg	roboflow_team128_v5_IMG_0801_jpg.rf.e01c1cfa9c69be726a8e99bc5c3944a9.txt	1	631	1585	0	1	67	1910.0	859.0	416.0	570.0	114242.0	e6a633c2e50d80e1c4636f16c32cdab879e77ea8a55e901825f763af317a337b	dea93a10d252babd57efed4c442911b9b507762e3bf7309f0a473a3f1962b233
train_clean	train	roboflow_team128_v5	roboflow_team128_v5_IMG_0802_jpg.rf.1541b116db9c5ee62ba95856703df672.jpg	roboflow_team128_v5_IMG_0802_jpg.rf.1541b116db9c5ee62ba95856703df672.txt	1	632	1586	0	1	32	168.0	58.0	329.0	556.0	119283.0	8ffed4574dfda8f43a5b18042b2d782b68121f29697e72cbb9746ff3a6b5f442	fc00dbcce95623ace8b06698d9e509c033440d7b0c09a36bae6658fde84445dd
train_clean	train	roboflow_team128_v5	roboflow_team128_v5_IMG_0802_jpg.rf.1541b116db9c5ee62ba95856703df672.jpg	roboflow_team128_v5_IMG_0802_jpg.rf.1541b116db9c5ee62ba95856703df672.txt	2	632	1587	0	1	57	911.0	1041.0	377.0	617.0	150504.0	3d8f091029f935de41f9beb2fc388dcd6e8ce74c2420a26281c76b054370b04b	4a1eba7078dd3085c495bd6ece7ca830b537c7be0a10637320b58611ce66ed46
train_clean	train	roboflow_team128_v5	roboflow_team128_v5_IMG_0803_jpg.rf.8cf2bbbf068feca5345e666d31fe3e45.jpg	roboflow_team128_v5_IMG_0803_jpg.rf.8cf2bbbf068feca5345e666d31fe3e45.txt	1	633	1588	0	1	133	291.0	178.0	413.0	440.0	83312.0	39e5cf14b5b82acfbc3b7a264c6759df7337c3fe6ca1eb0b977a1df2d0a84619	0d473f14d0128f7a35378ac14ca04ef6446b4ec4aab3d8c1604b56737580ad6d
train_clean	train	roboflow_team128_v5	roboflow_team128_v5_IMG_0803_jpg.rf.8cf2bbbf068feca5345e666d31fe3e45.jpg	roboflow_team128_v5_IMG_0803_jpg.rf.8cf2bbbf068feca5345e666d31fe3e45.txt	2	633	1589	0	1	133	762.0	2.0	449.0	526.0	122783.0	1ab91318b510094850e72aa7463de95bcfe23cf67f1d7af27e6c7088c988d940	5bda0a4f708855a2968112284a672eae1c33dbf65dff2f6a8c89e38de7fcdcfa
train_clean	train	roboflow_team128_v5	roboflow_team128_v5_IMG_0803_jpg.rf.8cf2bbbf068feca5345e666d31fe3e45.jpg	roboflow_team128_v5_IMG_0803_jpg.rf.8cf2bbbf068feca5345e666d31fe3e45.txt	3	633	1590	0	1	55	1317.0	909.0	429.0	401.0	91449.0	d451bbc0074b47c102adc95fb8aeb8c4e23b828b4ea61da5774b32b8a60ec9ed	d4fe7faeaa1298d58f09b821171f6bf782e0cdf61cdde00c38c5c5c7e20c6712
train_clean	train	roboflow_team128_v5	roboflow_team128_v5_IMG_0803_jpg.rf.8cf2bbbf068feca5345e666d31fe3e45.jpg	roboflow_team128_v5_IMG_0803_jpg.rf.8cf2bbbf068feca5345e666d31fe3e45.txt	4	633	1591	0	1	28	1334.0	1435.0	174.0	167.0	15616.0	807a29e89768d55d11d73a18469b569b056ae14cde731840973a4100684d47b3	554b207def5057b9416e0d1a03d684192aa3583260d50bfbe4583dc07aaf326a
train_clean	train	roboflow_team128_v5	roboflow_team128_v5_IMG_0803_jpg.rf.8cf2bbbf068feca5345e666d31fe3e45.jpg	roboflow_team128_v5_IMG_0803_jpg.rf.8cf2bbbf068feca5345e666d31fe3e45.txt	5	633	1592	0	1	40	2075.0	1132.0	357.0	245.0	46895.0	6986518ada7ae5ff73c2015581affb92f8c84db0a7ebf9bcb7b7f3d59bb0c3e8	c0de152907e58f80faf000170c042c9155ea446dfdafcd4039d49103c7b004a8
train_clean	train	roboflow_team128_v5	roboflow_team128_v5_IMG_0803_jpg.rf.8cf2bbbf068feca5345e666d31fe3e45.jpg	roboflow_team128_v5_IMG_0803_jpg.rf.8cf2bbbf068feca5345e666d31fe3e45.txt	6	633	1593	0	1	13	2295.0	997.0	101.0	111.0	4059.0	6be34d28a9493ff1a4915aa15c28e9bc03d236e6a04817196f35d31f31d9dd8d	b3d9df75a9170a098bfa04c5edb9f1d792d294230b4b9af80cd1ce1714758da2
train_clean	train	roboflow_team128_v5	roboflow_team128_v5_IMG_0804_jpg.rf.95a5a20873e445cc7bacc01e89221c53.jpg	roboflow_team128_v5_IMG_0804_jpg.rf.95a5a20873e445cc7bacc01e89221c53.txt	1	634	1594	0	1	154	2226.0	473.0	752.0	1038.0	529880.0	d7084895f192acd8e3525188b269a8374b9793c53b2fb32d3418186a5676374a	da1d71d1c246dbabfce09482c4b6623722ec4b2af6ed98af47b9471f3519fce5
train_clean	train	roboflow_team128_v5	roboflow_team128_v5_IMG_0804_jpg.rf.95a5a20873e445cc7bacc01e89221c53.jpg	roboflow_team128_v5_IMG_0804_jpg.rf.95a5a20873e445cc7bacc01e89221c53.txt	2	634	1595	0	1	116	1491.0	807.0	508.0	704.0	217280.0	dd9e694f019a7c0c5c38938eb45854ca63a5deb4654c0a5074ce71f1e0f0d4e5	08b9dfe07f3cda5db0ad11d8b6edcee9297907a5a39aee3f45d8a50c4a2f46ed
train_clean	train	roboflow_team128_v5	roboflow_team128_v5_IMG_0804_jpg.rf.95a5a20873e445cc7bacc01e89221c53.jpg	roboflow_team128_v5_IMG_0804_jpg.rf.95a5a20873e445cc7bacc01e89221c53.txt	3	634	1596	0	1	157	2205.0	2693.0	818.0	945.0	527514.0	afed3fcc7eb92e567ec72db948837e90ab0ba9b1a828a08e7ed9ed05499822c1	45bc9ffcf9ad8789546294255960cbed2a337e352c93c511a8ec6691cc7d6974
train_clean	train	roboflow_team128_v5	roboflow_team128_v5_IMG_0805_jpg.rf.cd920cc70e9c25bc5f838f846c9b7dad.jpg	roboflow_team128_v5_IMG_0805_jpg.rf.cd920cc70e9c25bc5f838f846c9b7dad.txt	1	635	1597	0	1	154	1301.0	626.0	825.0	1068.0	588491.0	64225ad263bba59c3fcb5a139b42d3a31238a8c66e1ce7115e451c03195dad2d	b94becaaca0f6d859bbcda93c0a6ac0513c9247efc40963e611c37eec32a40ae
train_clean	train	roboflow_team128_v5	roboflow_team128_v5_IMG_0805_jpg.rf.cd920cc70e9c25bc5f838f846c9b7dad.jpg	roboflow_team128_v5_IMG_0805_jpg.rf.cd920cc70e9c25bc5f838f846c9b7dad.txt	2	635	1598	0	1	81	547.0	1414.0	593.0	509.0	181628.0	7bb2fe18b8cfbde452f8b076ebe44d28906b8221be84c8149d64b55e46a3f41f	734d5b6706896974ce78c903e4f34d831831c6f7d4a9c5e72fa7019d64ff2fdb
train_clean	train	roboflow_team128_v5	roboflow_team128_v5_IMG_0805_jpg.rf.cd920cc70e9c25bc5f838f846c9b7dad.jpg	roboflow_team128_v5_IMG_0805_jpg.rf.cd920cc70e9c25bc5f838f846c9b7dad.txt	3	635	1599	0	1	72	2331.0	2830.0	514.0	729.0	217694.0	486dedf5934182f81df4ba7ff08888aa97a554e21fcd5975129bff00aa86a9a6	f2edb1d05cb71431aaf6bd43415dfe6742ef58f8d2b05bdbb47711df8ba74fa4
train_clean	train	roboflow_team128_v5	roboflow_team128_v5_IMG_0806_jpg.rf.52b2c5c8185de6fb55a986b272ba5fdd.jpg	roboflow_team128_v5_IMG_0806_jpg.rf.52b2c5c8185de6fb55a986b272ba5fdd.txt	1	636	1600	0	1	83	942.0	2210.0	648.0	664.0	229293.0	8c54d17ed4faf410603a88ce247ec8228bf5ff80f1a6bf76303e3207f8fe0c6e	fd1843251f51a512163f83d6f1b76f6f32e03f0b97c91306f45f9db7f421ae7d
train_clean	train	roboflow_team128_v5	roboflow_team128_v5_IMG_0807_jpg.rf.2f55402297319e8346bf9ced4a6ee51b.jpg	roboflow_team128_v5_IMG_0807_jpg.rf.2f55402297319e8346bf9ced4a6ee51b.txt	1	637	1601	0	1	44	1321.0	435.0	557.0	511.0	162703.0	5a37de263bac2a139eb834eab5b2fd0d95972a4931a58fa3e86e466d496cf88a	93d382bb7eecfa73c095d2e0d9fdd7e01a5ff808de6626840e88b39537aa08dc
train_clean	train	roboflow_team128_v5	roboflow_team128_v5_IMG_0807_jpg.rf.2f55402297319e8346bf9ced4a6ee51b.jpg	roboflow_team128_v5_IMG_0807_jpg.rf.2f55402297319e8346bf9ced4a6ee51b.txt	2	637	1602	0	1	29	347.0	3555.0	518.0	456.0	169919.0	61b7d0ac589972c8df42c228b8accae46cf2628d44457c773bbed2b4631f7ec2	a4e9612db5d42ec790a227d0de3a74afffddb8e9b71d7b187fe50bf0601ae2c0
train_clean	train	roboflow_team128_v5	roboflow_team128_v5_IMG_0808_jpg.rf.a73668913c9c2fad9def927745c45c95.jpg	roboflow_team128_v5_IMG_0808_jpg.rf.a73668913c9c2fad9def927745c45c95.txt	1	638	1603	0	1	114	1215.0	170.0	878.0	884.0	593878.0	a476128345a0eec177c4744c46476bf567632da3f4366e5ca6b1abaa1e32f56a	0c66c5d23d93dcdc3a029c1282f0e1924d65e2f7595d22bc5df85a748ad3538c
train_clean	train	roboflow_team128_v5	roboflow_team128_v5_IMG_1961_jpg.rf.7e24fd065e53c34962cf78db225f8b3a.jpg	roboflow_team128_v5_IMG_1961_jpg.rf.7e24fd065e53c34962cf78db225f8b3a.txt	1	639	1604	0	1	39	2021.0	1976.0	783.0	781.0	477922.0	a5a26b85fe2834921cab56251d5fa0fad5d1de2deba23e90c5dbe5d6d10a65d5	f5b1440b5fc3eb8ab538cb91ccd03eb512b2307c5f44fb71a9cd289d44610dd2
train_clean	train	roboflow_team128_v5	roboflow_team128_v5_IMG_1962_jpg.rf.828d8997d74c4a367a8468081bfbe600.jpg	roboflow_team128_v5_IMG_1962_jpg.rf.828d8997d74c4a367a8468081bfbe600.txt	1	640	1605	0	1	29	1853.0	1883.0	416.0	533.0	177391.0	a642e909be31e87e4d9438214302f311dd9679059806f7d28448e09fced053af	3be227812af621a6c3c39033fe19efca5f5c7323c19cf1dfe6078c34b43d70ce
train_clean	train	roboflow_team128_v5	roboflow_team128_v5_IMG_1963_jpg.rf.3016df3cf3487378b6b192560cb0bac6.jpg	roboflow_team128_v5_IMG_1963_jpg.rf.3016df3cf3487378b6b192560cb0bac6.txt	1	641	1606	0	1	31	1817.0	2109.0	536.0	481.0	194880.0	856bee05dc0b2aa25420d7513024d7593d46b5ade9217f041fce78fc52a1f85e	4359d7602223c8f5890a021d0a93f713b17857321e8a86504ce7c2c70c6e2556
train_clean	train	roboflow_team128_v5	roboflow_team128_v5_IMG_1964_jpg.rf.3e0372f645932bbfe55d12fd4e3bb8f1.jpg	roboflow_team128_v5_IMG_1964_jpg.rf.3e0372f645932bbfe55d12fd4e3bb8f1.txt	1	642	1607	0	1	32	1839.0	555.0	517.0	445.0	177794.0	c4103ed080f11df837b6609007130539924585a8c7d6f4a33ff9332c99b3f085	ef71a330fdc14c689328d68c07945c5dd01d0a3243722c3dc71352ae99593efa
val_clean	val	local_test_images_20260707	local_test_images_20260707_0010.jpg	local_test_images_20260707_0010.txt	1	1	1	0	1	50	611.0	482.0	189.0	177.0	26199.0	d6672b42e76f131b507001735bbb44981e995ff1e191ace5d4299f66ebcbbb6f	299e95b2be64affad59174ed5a9702960e0c479f39ef4019b053415461dbd7bc
val_clean	val	local_test_images_20260707	local_test_images_20260707_0010.jpg	local_test_images_20260707_0010.txt	2	1	2	0	1	61	832.0	517.0	150.0	121.0	13997.0	f50710b213e20b1f000fa8a22293b313f46572f1245a62c8f4e5d487655ff743	1dc1bdc597e1bb4edef5d390be61ef07e37e5a5b1e4c9086b18b1c4a169601c2
val_clean	val	local_test_images_20260707	local_test_images_20260707_0010.jpg	local_test_images_20260707_0010.txt	3	1	3	0	1	43	1071.0	579.0	154.0	264.0	33110.0	89237090044cf886371a96cfe51695cfc17b3a7747ee832ba5246aafe9cd9ce1	cffb0e38d81b22199e395cf3a961b91fad4db9b444b9261507742ef842097ef3
val_clean	val	local_test_images_20260707	local_test_images_20260707_0010.jpg	local_test_images_20260707_0010.txt	4	1	4	0	1	56	969.0	554.0	152.0	185.0	17234.0	80a412b40d85a936f74df5c4085ddf61ddb0217b114b20ca90bd85816a541edc	d97d12fe9f73905a7c2f04e76abb1047a340687d66ca8e24896daa8132c4f39c
val_clean	val	local_test_images_20260707	local_test_images_20260707_0010.jpg	local_test_images_20260707_0010.txt	5	1	5	0	1	25	972.0	524.0	65.0	64.0	2344.0	17da1e518764928a42499d9501d4177295d8343c6d320b837b294fe904b6d3bb	0a7983e662b97433974ef196705006a7233229d8487f7710bf5f80803d5786b3
val_clean	val	local_test_images_20260707	local_test_images_20260707_0010.jpg	local_test_images_20260707_0010.txt	6	1	6	0	1	31	914.0	710.0	232.0	177.0	24457.0	d65807a0ba4d18357c72f62e03969fc0834ccc1f40e70c92adb8d5aadb5cd57d	2c5e8a5aef1918779a6ed93770c659e7a4f04b9cc6cdbb35807685987f968871
val_clean	val	local_test_images_20260707	local_test_images_20260707_0010.jpg	local_test_images_20260707_0010.txt	7	1	7	0	1	46	862.0	778.0	197.0	125.0	11681.0	c308804bbbd19c03b5c4a0fbb061b15944ec286d131caf5d5d7de85cfbd39be1	3ba46b2f372c4a763d854d31837b5bbead16fc943f39ea4292a185f5eca146f0
val_clean	val	local_test_images_20260707	local_test_images_20260707_0010.jpg	local_test_images_20260707_0010.txt	8	1	8	0	1	98	798.0	827.0	65.0	70.0	3525.0	650bdad83d82cf951033053299a24dff21f12e984c3c0b09c5472650d342a0ec	1921e4e9a33fa11acff9c3b3221b92aeaf146c870b8c94bad7d5620303616c9b
val_clean	val	local_test_images_20260707	local_test_images_20260707_0010.jpg	local_test_images_20260707_0010.txt	9	1	9	0	1	55	704.0	589.0	181.0	202.0	25742.0	e3ffe45aa3d44efd16578c78f4a6c9c4e29b84fb7bca8d56ff3e4e9e64af2fe3	5460ef1b89b2894f99463573940479c8d834d0ebf4c897a725b13d12ca47c70e
val_clean	val	local_test_images_20260707	local_test_images_20260707_0010.jpg	local_test_images_20260707_0010.txt	10	1	10	0	1	53	567.0	626.0	135.0	169.0	15115.0	706245542875d2cca2930d03c3fd8230bb0f8d70293619304c680590fd1be634	584c8317cadd10adbd0fab63f4c7ade7ca1b245f7260abd0fa8c8a6050b5b223
val_clean	val	local_test_images_20260707	local_test_images_20260707_0010.jpg	local_test_images_20260707_0010.txt	11	1	11	0	1	74	596.0	559.0	31.0	71.0	1194.0	647b4e21cc6aaa6ba6adb6832bef6c5fa7899a257c58df892887a1dc9fd66713	5481381529985c4022b3741e21aa64334e5e53e9b27e778cb2578a5ed5c1cb26
val_clean	val	local_test_images_20260707	local_test_images_20260707_0010.jpg	local_test_images_20260707_0010.txt	12	1	12	0	1	71	607.0	809.0	163.0	115.0	9599.0	57101e21ca4bc503688d37dbb9e187ec0503de9fca8e4aa33650b1f315fb45eb	5d814a68c3c0023c6b765021f214ec34825f9b6e5c701fc1255cd716ebd90d09
val_clean	val	local_test_images_20260707	local_test_images_20260707_0010.jpg	local_test_images_20260707_0010.txt	13	1	13	0	1	14	703.0	793.0	25.0	29.0	489.0	1d56d33a18ad5db54709a1ffba6fc29fb15e3291bd5dce50837f3f4067744577	dfe138dd673c76727e38725364ecb2aadd042456d592419ac0043d843fbd9725
val_clean	val	my_labelme	my_labelme_color_000001.png	my_labelme_color_000001.txt	1	2	14	0	1	31	569.0	235.0	104.0	70.0	4493.0	74f165ed2c6ce93ea75222da179025cd8d5551586277e4c4fa125fa3a26ad5b8	cd7f56fb051e763a1168f5645570e0db0d427424db5b1bbfb45bff37ac1c23a9
val_clean	val	my_labelme	my_labelme_color_000001.png	my_labelme_color_000001.txt	2	2	15	0	1	28	643.0	219.0	71.0	66.0	3721.0	e603e670d05d0d1f88ed7ef54345222a88cfa7192d33a972c49d3462f3bb6b8f	18d09967ee8e2103b9c62154a4e85454807fee400d45061d04c2e70041111f44
val_clean	val	my_labelme	my_labelme_color_000001.png	my_labelme_color_000001.txt	3	2	16	0	1	34	688.0	239.0	59.0	97.0	2643.0	6a7883f559ada78aff39c5e354a24584121cbe1d973f655af027edee61fc3a0a	78158bd3d22d8519f0a3c171fa561f1dd88beea0f5c3ec9b2e389b95e125e9d1
val_clean	val	my_labelme	my_labelme_color_000001.png	my_labelme_color_000001.txt	4	2	17	0	1	43	634.0	290.0	102.0	99.0	7902.0	2fa391bb83fc439ab980a8693cf33098e14539b935d22cb652a6d8ee3dfa7bb0	69c5ac2501f586909db4d3f314a022d53c385864aac954586723b780b1721446
val_clean	val	my_labelme	my_labelme_color_000001.png	my_labelme_color_000001.txt	5	2	18	0	1	25	562.0	291.0	72.0	58.0	3191.0	6f6f8a405f63db918870de2ed952f59331adec941759aa16f83e8333c02faf2e	1780cca3c31faf1cb112e0af8867d163431ca06787fe1e399dbda55856193df9
val_clean	val	my_labelme	my_labelme_color_000001.png	my_labelme_color_000001.txt	6	2	19	0	1	31	553.0	348.0	84.0	77.0	5100.0	fd5eab98531e6d20765dde1116f7593e36f0940518056eee9690192ad05c08b3	0138ac4cb582933b258eba5b42cf82f24ba3f39d08b96e4590c202daa1c74f1e
val_clean	val	my_labelme	my_labelme_color_000001.png	my_labelme_color_000001.txt	7	2	20	0	1	23	625.0	377.0	50.0	66.0	1987.0	0b99d951764c8a33d2aa9d8109efdf790c146900e77070d5f4da16b1bdf19dfe	1223dc8a3d664bdb7f81e36936862aaa78fccc6f10e26a335b7f3b1e3ed71d9b
val_clean	val	my_labelme	my_labelme_color_000001.png	my_labelme_color_000001.txt	8	2	21	0	1	25	677.0	375.0	76.0	72.0	3460.0	0341e532241a54dfa80705ac2c47a0b72a68147bbe0f3ba60900ae94105edd7b	05e1b0d86d9cb4b10ab0888b96499bd7e8c96bc3afe50d8ccbac966c1d949c62
val_clean	val	my_labelme	my_labelme_color_000001.png	my_labelme_color_000001.txt	9	2	22	0	1	26	558.0	433.0	98.0	87.0	6738.0	c7abfd73a5af7171b04ed55fad8d0f3094511e5b95e9d525f29094815d2ae97f	fa01bde213eb73161641c2edc6abb56f912f36a68ee0cac2e7ee8a756627c1f4
val_clean	val	my_labelme	my_labelme_color_000001.png	my_labelme_color_000001.txt	10	2	23	0	1	18	656.0	419.0	60.0	98.0	4541.0	c9102ea10d86f347919659dda629d17172c157e17d7b78dacf76028ae60f394a	c3bd8e7ba3342bb10b8298cf6b91bfda03ad259439bc9b263397fec3c782aa6f
val_clean	val	my_labelme	my_labelme_color_000001.png	my_labelme_color_000001.txt	11	2	24	0	1	12	717.0	475.0	28.0	29.0	665.0	d9ef64486a14e8af593ab8a72e74d2c35e3b15a6b9cd65e5f531052a61e3a712	cf997d7d1631b160c048e25b82dc7a572bf9b069725689af3fbfbb9e4abeb35b
val_clean	val	my_labelme	my_labelme_color_000034.png	my_labelme_color_000034.txt	1	3	25	0	1	100	705.0	217.0	70.0	68.0	3380.0	83821809d7281da4420adb731d165817ccfb76e014eec6f64b32e4a67764e612	7cf0960bf854070e66381b3a277f83b9eba9b81855468872ef329070a8368124
val_clean	val	my_labelme	my_labelme_color_000034.png	my_labelme_color_000034.txt	2	3	26	0	1	96	591.0	357.0	82.0	79.0	4631.0	a050bf5a520a34ca6857af8c8bf0deda30b03b5f4d63e2b9f3bfe1f5ff79bcea	9e96b151b76c3b2e4c3141692d0e5532574f338142911e33dac58bb99124c5f3
val_clean	val	my_labelme	my_labelme_color_000034.png	my_labelme_color_000034.txt	3	3	27	0	1	90	613.0	437.0	104.0	103.0	8161.0	7d92be28e6773323304f1f25e0cc50dcbce39093634782971a59f4658929b63a	20cc11b0e7375edd0f7f21b0bc2f634db743901f16bd64885a7d28f251f29ba2
val_clean	val	my_labelme	my_labelme_color_000034.png	my_labelme_color_000034.txt	4	3	28	0	1	86	693.0	419.0	53.0	75.0	2348.0	88abebe4a12ca47c2525e2fbe23ac0e78d38aa3c1db77ac52b9912a239b96bfd	40861c375832f684af6a0a646726c55c8799924f20a1a606825adf25c258f7f8
val_clean	val	my_labelme	my_labelme_color_000034.png	my_labelme_color_000034.txt	5	3	29	0	1	38	707.0	392.0	35.0	28.0	755.0	b208e13941a42080983af5f83f285969e5f2fe2fc1fb4f86dcf639fcb2a6ef93	15359687a23ed60a5fd8dae870e59e8dd1f28cf838d9e400d70d1bac15a463c2
val_clean	val	my_labelme	my_labelme_color_000034.png	my_labelme_color_000034.txt	6	3	30	0	1	100	563.0	437.0	78.0	78.0	3247.0	5faa65e4f5eb72f3e031af6ed2c03651e57a2c9266032e8a6d8ba965f1630d46	d24b718a4b2af878e72e4c0946bd2e513af0910458a91c4d1c83bd74950744cc
val_clean	val	my_labelme	my_labelme_color_000034.png	my_labelme_color_000034.txt	7	3	31	0	1	46	570.0	419.0	36.0	33.0	901.0	65c80de288879820524ce80cd2992288d3d493478bb5e483d9dd6bbea09eeb7b	f750c422c7a19a32fedcf34f0097d135c7d62c8f994efdefce6258c978786600
val_clean	val	my_labelme	my_labelme_color_000034.png	my_labelme_color_000034.txt	8	3	32	0	1	95	564.0	221.0	77.0	54.0	2942.0	89333d683f3d425e4a4578ee6a62eb0069d7bd6d87d1f1df5fb5e33ec6237565	50bbc3f94efcce8b9d4044940a3e1796550f63eec21542b7ee0726b58882b72e
val_clean	val	my_labelme	my_labelme_color_000034.png	my_labelme_color_000034.txt	9	3	33	0	1	35	632.0	295.0	85.0	79.0	3912.0	a02e65ed69503ff5aa4d007eefab49b497fa6d612f4e5b4ec2cdee278e8f4043	ee79d7663d65e932698a4a2b51e0161e691abbbf8d73a179e2830c1daebb57e2
val_clean	val	my_labelme	my_labelme_color_000034.png	my_labelme_color_000034.txt	10	3	34	0	1	43	548.0	267.0	72.0	84.0	3384.0	7ee908bd88bdee54b0b5ec154a8e289070eadb1c3fb466e023cb2263774cc987	37537c8ab71fb03a54b9d75c01e4d7b6fec08c3ea937aaef5bf02dafd4ff1b45
val_clean	val	my_labelme	my_labelme_color_000034.png	my_labelme_color_000034.txt	11	3	35	0	1	32	713.0	285.0	33.0	63.0	790.0	a26dcd10d4d5f040ea2209094042c78b20492bb85cdcbf352bdfbfb18a919977	c5e5e7e7ec72c6956ab02c06865a6f169c850b0ed9e882e7ffc6ea940cc567c2
val_clean	val	my_labelme	my_labelme_color_000045.png	my_labelme_color_000045.txt	1	4	36	0	1	77	678.0	266.0	60.0	85.0	3501.0	05ffb42cbed7a4c02d750a53483d2ea60d8201cc9b5603d72ecc9702fdac4b18	81d42fc30abe587fd2ce37b9e116a9350c32b6345abdc350aee065156b3f24e1
val_clean	val	my_labelme	my_labelme_color_000045.png	my_labelme_color_000045.txt	2	4	37	0	1	93	686.0	222.0	68.0	70.0	3403.0	6ffbbbc9f503a817d38d5a0f0c6ac05ae071d95e923ae294e0f65a0c4bd7c67c	7a1b4e72ba2f0715b9f8853b7355fd9259a80247371d32ee1a2373870192fe48
val_clean	val	my_labelme	my_labelme_color_000045.png	my_labelme_color_000045.txt	3	4	38	0	1	96	636.0	378.0	84.0	78.0	5168.0	3cd47303124a6a95c099fa8ba647d228ad35b51871affbbd48fc3334bad8e137	fc6696bc7e2fa2f87142420364289a4e6fb8f7a20ab7d5fd8415bef1005234ae
val_clean	val	my_labelme	my_labelme_color_000045.png	my_labelme_color_000045.txt	4	4	39	0	1	97	539.0	463.0	92.0	87.0	6364.0	862f751c665b032a2823716fba8c4cf371c3925209c40c3be5520a3326a239ed	66b76ee3c9d5e48369f5f047e120f1fe4e46602ff6b7f0660f65d380c6075653
val_clean	val	my_labelme	my_labelme_color_000045.png	my_labelme_color_000045.txt	5	4	40	0	1	16	561.0	325.0	34.0	32.0	842.0	4de0105ab16cac4115690eecd40248f4cdde3c4cfc19d055fe69d68c8d75e517	be4b138b2f7d8734248aa9310eb28d3597d35a15268dc30a20ef5325ae3c6e62
val_clean	val	my_labelme	my_labelme_color_000045.png	my_labelme_color_000045.txt	6	4	41	0	1	54	552.0	393.0	89.0	76.0	5238.0	c45695fbbd6305ab2b2e8e5e50081fdecd04afef09a0ae857cec4fb5f26f7d2f	5049b69c424a152c015dadcabb5873e452836f175b222a2679d04d1677181896
val_clean	val	my_labelme	my_labelme_color_000045.png	my_labelme_color_000045.txt	7	4	42	0	1	62	661.0	446.0	109.0	103.0	7213.0	379c631ddc9acae0500be4f73bd0795c1b24ccd7d778986e9a3542c5d6ae1f05	71e45b84c167887f0283e88b14dfcf88c965000cceb3a51bde538bd419e63ed1
val_clean	val	my_labelme	my_labelme_color_000045.png	my_labelme_color_000045.txt	8	4	43	0	1	36	612.0	313.0	92.0	71.0	4196.0	253344eef32aa58dfd3bb09234b504569f358d261aacb7ae583f933741caeeee	4f35e4975bf44c32f8f7aa3b0a9d094ee81ecbc133d5ae4b0e87a31d6b0ca2f6
val_clean	val	my_labelme	my_labelme_color_000045.png	my_labelme_color_000045.txt	9	4	44	0	1	64	551.0	228.0	83.0	79.0	4502.0	24a60cb98b4bf1ce59f61e646bb466bd728d0227c7743fed15a65085d6932c01	c18a0125a24dcbc0a1cff9284951885f7716e4b323aef8f90e49146b999a7ce8
val_clean	val	my_labelme	my_labelme_color_000045.png	my_labelme_color_000045.txt	10	4	45	0	1	49	622.0	241.0	61.0	60.0	2397.0	2c5dc503b63ea43d2404fd3334e404261d50c0d671d1ec75361bd2118e59f260	51c2de8f945236164f732ff2d5a5cb082c09c1e36728982f1b10c8c822c0d1fd
val_clean	val	my_labelme	my_labelme_color_000045.png	my_labelme_color_000045.txt	11	4	46	0	1	16	634.0	246.0	8.0	12.0	73.0	d025411ea8bbf750e587686f5ee1fd496f9993638b36a5616601d2df3b01b946	9fafbdc5937f316421f4ba0c2b322df355993a6e5422aea6c603e9a5a845f582
val_clean	val	my_labelme	my_labelme_color_000045.png	my_labelme_color_000045.txt	12	4	47	0	1	10	640.0	240.0	13.0	4.0	36.0	a1673db46bb13eb755bdfba79610c007bb1d50f31c3b4a0003ad4e19c3616b61	0851a8c4b8b6e1186ad6ed0a279f315cb6ef3863942c6af894be49b235d27882
val_clean	val	my_labelme	my_labelme_color_000045.png	my_labelme_color_000045.txt	13	4	48	0	1	29	711.0	424.0	28.0	24.0	402.0	750f2821d7359a003e5d21421bad8ebc9c0791e773ec1a0aae7db1fa05de2b80	460f5f30c07d4910612f01b70e292169c5190787d4d2b6e2297840f8a6ec1be8
val_clean	val	my_labelme	my_labelme_color_000068.png	my_labelme_color_000068.txt	1	5	49	0	1	76	526.0	207.0	75.0	129.0	7491.0	849b0181770b60f2092319df9d027ca91b319163f6fd4f082dbdd265c4d14959	d7a3a62fdfe1bb23b7502ed4795d705e16d106b53428dcd0ce3a7b0d7a0a857f
val_clean	val	my_labelme	my_labelme_color_000068.png	my_labelme_color_000068.txt	2	5	50	0	1	87	583.0	240.0	54.0	96.0	3324.0	1b81fec83bcabbd732e2004b4a636c769887ea47152202422204c7c3e506cf0d	151a75291ab55606c8e6f7c290864efccf61204ed1a37e47c6429990c2fbfd09
val_clean	val	my_labelme	my_labelme_color_000068.png	my_labelme_color_000068.txt	3	5	51	0	1	87	614.0	300.0	81.0	90.0	4587.0	f929b2944d9640b400afef88595d0d105ffab9301c60dbbcebd53ba2fed041ad	216a972bf128feaa52abbda5d6315312fcf7662e550f9ed3f10f0df8b1978926
val_clean	val	my_labelme	my_labelme_color_000068.png	my_labelme_color_000068.txt	4	5	52	0	1	94	653.0	424.0	85.0	94.0	5295.0	330e5e3f3b51281454c372a806c96218e5b6b61d828b256dd3aa53052c32c3f2	66f520adfdd67be5fb79ae69a95f6adb6cc466b7f14e050f51f949b24a4cb8d1
val_clean	val	my_labelme	my_labelme_color_000068.png	my_labelme_color_000068.txt	5	5	53	0	1	52	702.0	390.0	32.0	33.0	814.0	5df4053c6dec0b775fc8d98c4f90c6fbc22ad74054bfb1acf6e00a0d88cc5950	2e352dbb185966c96ea52cb9e9ca72ccb3d0b9d2838a1c3d127aef42b207ab11
val_clean	val	my_labelme	my_labelme_color_000068.png	my_labelme_color_000068.txt	6	5	54	0	1	30	532.0	327.0	92.0	88.0	6157.0	45d4affe91ce8ea9e755fe80d099681417e35a033dcdc6fb04d221c06399470d	55500f7381fed7b63784025e3eda50401def98d70df83cb802217e19ade19df2
val_clean	val	my_labelme	my_labelme_color_000068.png	my_labelme_color_000068.txt	7	5	55	0	1	37	626.0	237.0	56.0	62.0	2388.0	05a5fa35b3f67cd3f03a37d07859a2e6c38f496253c7bf9b8ea147b8745547cb	c7c8c0b9e47fcedc21fe3f15a5f0af595fcdbea059a1f13ab5175405c89c2c00
val_clean	val	my_labelme	my_labelme_color_000068.png	my_labelme_color_000068.txt	8	5	56	0	1	10	669.0	241.0	15.0	17.0	79.0	8b369d40757c0eaddf61db3556569bc3f69afea6bb137cc92ff25032ba1a8a38	613a8bbcd9ee40a3a485edbe9662b87cd4fffed6f6dc2e7337d0e9f862eb0e44
val_clean	val	my_labelme	my_labelme_color_000068.png	my_labelme_color_000068.txt	9	5	57	0	1	49	678.0	242.0	60.0	107.0	5208.0	718e0f278993ef041bd6d07507a76c94b194d03908dd526f29e7d759995fe968	153dc62f3bd092aca7044aa92eb68d4d577032626670055c27b4576ea1c63c03
val_clean	val	my_labelme	my_labelme_color_000068.png	my_labelme_color_000068.txt	10	5	58	0	1	25	544.0	435.0	79.0	81.0	4085.0	2d9a13ef41fe549c2a470807449fb47e37f890b44084fa50735b55843d7e7c65	d5e171433e2cf812c99dcfcae8a99a7602a294681a17d3ca5e3754f9e917b069
val_clean	val	my_labelme	my_labelme_color_000070.png	my_labelme_color_000070.txt	1	6	59	0	1	80	582.0	239.0	53.0	97.0	3464.0	2c491dba2872277668a9907f2d1951f6b9ff822ab35ae59602d41c7dda008d99	1c1c3c2036601a0a7f21b31bd55ba5e128268c9fb6a4c60a3a42b278a844682c
val_clean	val	my_labelme	my_labelme_color_000070.png	my_labelme_color_000070.txt	2	6	60	0	1	92	530.0	332.0	96.0	85.0	6549.0	53a7e9a5840ab2f7cf8be4279406c11c4b09ceccd16b84fd6e917f48355e166f	6cd5d4bac56693438f09c27abbb856a46327f2ee6f8fa7e7a49c52511a13c8fa
val_clean	val	my_labelme	my_labelme_color_000070.png	my_labelme_color_000070.txt	3	6	61	0	1	64	525.0	208.0	72.0	130.0	7497.0	d6df536f43df638f68c3ccc5eea1f47a8a821e203e9a60f5e8eef25149a0a676	30875fd82329f6e96387cf409714788f37cc03a6b8ca16e1e1d9cf2bd38cff94
val_clean	val	my_labelme	my_labelme_color_000070.png	my_labelme_color_000070.txt	4	6	62	0	1	29	558.0	397.0	91.0	54.0	2315.0	ae43bcb820464f5af0efa5cc5a419dba51a98159979ac0fbd842b7b6d322b1b1	3db52ff8481c72bdc660d7d81c7b498e87c6fc2e3d1991ae4f920f74bd8ed347
val_clean	val	my_labelme	my_labelme_color_000070.png	my_labelme_color_000070.txt	5	6	63	0	1	35	567.0	449.0	63.0	59.0	2241.0	4c09461312cfca0c93e0c7fd06b0008c1ebaaaeaf40772e2f47231d188089a99	2cb6d644fda77f6b82dc2b597a7169bd8cfb8e3389dcdc858966ecfcad25988f
val_clean	val	my_labelme	my_labelme_color_000070.png	my_labelme_color_000070.txt	6	6	64	0	1	37	651.0	446.0	85.0	73.0	3786.0	113c10527c429c2e159561c37d3c9ba1096081ada0d5db8b59b7ef7492250d68	2235edd8e514ebbabed9d359c9a93617193b1c8617c747767a2f6464444af602
val_clean	val	my_labelme	my_labelme_color_000070.png	my_labelme_color_000070.txt	7	6	65	0	1	40	647.0	373.0	87.0	79.0	5073.0	4280e65cdbb88c5c4d25d0572bf6c7be180cbff97e51fa317c7b9bcdd82f4aa7	ccfb7d37ec5b2c0719106d7380ee94086252e7f8864f9861c4051cc6a758e7b5
val_clean	val	my_labelme	my_labelme_color_000070.png	my_labelme_color_000070.txt	8	6	66	0	1	47	613.0	298.0	73.0	64.0	2424.0	9d1ccb12f145f584171d8333de3974507540fb8e79d915729261853595784d52	e724a9b04f0e65d372371191b7b9b8b17bb1d628604dfda30fc94ca15f7e86dc
val_clean	val	my_labelme	my_labelme_color_000070.png	my_labelme_color_000070.txt	9	6	67	0	1	33	648.0	361.0	40.0	17.0	174.0	692214f09826af838e8101bc5fe33215aa0519c5861504acc23bbd07bb925f05	a2102295066f436f70d873cbf95af0d0b6306522f79cfe5e6d89107400c47a98
val_clean	val	my_labelme	my_labelme_color_000070.png	my_labelme_color_000070.txt	10	6	68	0	1	49	677.0	242.0	60.0	106.0	4857.0	1fd72e8b113aa57375b8856824cf7c6b026ea35070dea4d2ebdc01f83d0bb9b8	d9143316c2c744e4c210fe324062ccbad15e7e4466de502fcd23bbf112ae4114
val_clean	val	my_labelme	my_labelme_color_000070.png	my_labelme_color_000070.txt	11	6	69	0	1	39	624.0	238.0	58.0	60.0	2417.0	fc5a9013a8b2378c3d893144e516a133ca1bcefa4e1c36d6116bf30459372c50	3b6da5695a2c38d3b913abb9e34e2b117093c3d86ddfbcea1e1764593aa7ff17
val_clean	val	my_labelme	my_labelme_color_000070.png	my_labelme_color_000070.txt	12	6	70	0	1	13	668.0	239.0	15.0	19.0	90.0	948679c1ea71540315d78ba82dec1bcea77117da4c7464b0b2b93bfd0cf8b13e	ad827c6505776adf4eb5beff7b066c92ab33efcfb02108291279ff8587a59cd6
val_clean	val	roboflow_drago_v1	roboflow_drago_v1_102_jpg.rf.335300f2a14298135e6d25d88d958567.jpg	roboflow_drago_v1_102_jpg.rf.335300f2a14298135e6d25d88d958567.txt	1	7	71	0	1	5	134.0	159.0	506.0	325.0	164450.0	da86c9f30634e58fa0f9501c5a31d55a55ed025e76953509278f89c91d756ce1	1ef1df5ca6296ac12da507606ef8472f721bb4d4eda4ff8e6e2396d1b5f4016c
val_clean	val	roboflow_drago_v1	roboflow_drago_v1_122_jpg.rf.15a0773b516816b3d33dfb100207a524.jpg	roboflow_drago_v1_122_jpg.rf.15a0773b516816b3d33dfb100207a524.txt	1	8	72	0	1	17	78.0	155.0	451.0	316.0	111458.0	d409a26c06251491ace44096d639b7d0d3423ef3b64627ecb979dd73f9be6082	1ab7309108b404a60209d9536987f5a1d66da1c1bbe595a304aea14f4c244d95
val_clean	val	roboflow_drago_v1	roboflow_drago_v1_139_jpg.rf.ea8fcaa725f59fc91f0c79a4e92d1cf2.jpg	roboflow_drago_v1_139_jpg.rf.ea8fcaa725f59fc91f0c79a4e92d1cf2.txt	1	9	73	0	1	16	142.0	184.0	367.0	284.0	83105.0	a6ff5593beeedbc43cde281f9ef192e5bef5d7cdea89714323faf8b41668c794	1421dd38c9d2906415adb3ea050bd9717f09432bf72863a425905ac14c8efb62
val_clean	val	roboflow_drago_v1	roboflow_drago_v1_157_jpg.rf.2aa2ef027f84e148d25ae2e7695d1da0.jpg	roboflow_drago_v1_157_jpg.rf.2aa2ef027f84e148d25ae2e7695d1da0.txt	1	10	74	0	1	17	97.0	180.0	445.0	273.0	96883.0	e14511214f73718b17002c5cfa2a596b86cd64c2adc35d59e1de3bd5eb7b3511	3aeacce3cd9c33c3a5a907d8797a511e28335111719e16927a5bd0f17575bad1
val_clean	val	roboflow_drago_v1	roboflow_drago_v1_172_jpg.rf.11c06eb42a75712b1ba0b992af40bb4e.jpg	roboflow_drago_v1_172_jpg.rf.11c06eb42a75712b1ba0b992af40bb4e.txt	1	11	75	0	1	19	180.0	31.0	272.0	321.0	67417.0	0b593227205f25ba2d2ed6e3647aa05a129a681b4508d8cb28212c8e0098a032	1939cd1bfbc011033c794ec1f45e86ab42fd52648920cdec473fd0f1c26c90b5
val_clean	val	roboflow_drago_v1	roboflow_drago_v1_179_jpg.rf.db77f25c8ff621a9fbeca3836548b48a.jpg	roboflow_drago_v1_179_jpg.rf.db77f25c8ff621a9fbeca3836548b48a.txt	1	12	76	0	1	17	38.0	155.0	542.0	357.0	160617.0	8006f80e31065ef05b3c5e2dc2918ed5a0dc761de6e67392a9512d93e655025f	5908b25fc34b898b46cd62c285792e63a9d6c21d6ed82d0b5b3ceb4dbd726b10
val_clean	val	roboflow_drago_v1	roboflow_drago_v1_179_jpg.rf.db77f25c8ff621a9fbeca3836548b48a.jpg	roboflow_drago_v1_179_jpg.rf.db77f25c8ff621a9fbeca3836548b48a.txt	2	12	77	0	1	9	0.0	128.0	143.0	140.0	12773.0	3a493117e23c1a9183d4ce6df922df439929026a42cec6126b0e406b49c277e5	72185e9a2837358c5c6f40de360c9450691042a4640f56712647fa68a5c75c01
val_clean	val	roboflow_drago_v1	roboflow_drago_v1_184_jpg.rf.93b4ac59f66ad8e4b348735c190b2c35.jpg	roboflow_drago_v1_184_jpg.rf.93b4ac59f66ad8e4b348735c190b2c35.txt	1	13	78	0	1	16	245.0	223.0	192.0	268.0	37889.0	0b3cc24afb9598188b968bcc1fcd271c4a06a53a39df2cedf05687bc067ce9e8	ca23051022f5fca3d02827952427cad102e9d683eac7a08c20c212e68954d677
val_clean	val	roboflow_drago_v1	roboflow_drago_v1_186_jpg.rf.fa676c403c7e1ea765de774c0312754d.jpg	roboflow_drago_v1_186_jpg.rf.fa676c403c7e1ea765de774c0312754d.txt	1	14	79	0	1	15	255.0	269.0	247.0	196.0	36724.0	30627bdc6f8c4daa250befd856b0d3fb6ffd16559efe940d1896613e44de9047	1d300e035a8b98215e558365adca7c8a7cb6f08b2e80022d0676570f7bd6f6c3
val_clean	val	roboflow_drago_v1	roboflow_drago_v1_212_jpg.rf.a3fae81bc7ff2d6c9982107ce8ce5f49.jpg	roboflow_drago_v1_212_jpg.rf.a3fae81bc7ff2d6c9982107ce8ce5f49.txt	1	15	80	0	1	17	71.0	135.0	506.0	362.0	143983.0	565901a90b877ce2784e2170695b97cff26dca85a75a9d6dec077228df0c338a	cabdfda9f6b6c7ef7cc139682978d6755a95b7ac42e9cb676767a0402b6d757c
val_clean	val	roboflow_drago_v1	roboflow_drago_v1_218_jpg.rf.0ae8fc7743958724f539b6e0caabc6a3.jpg	roboflow_drago_v1_218_jpg.rf.0ae8fc7743958724f539b6e0caabc6a3.txt	1	16	81	0	1	10	169.0	353.0	135.0	136.0	11757.0	1fbf068313cb7af9bc410ae3e53bec541ea199319d13ca5c55f63e853986bd40	8e2d99e95b5473b0eb7c5758f9b87c4c240a8218dd6231305104bb231a5b353e
val_clean	val	roboflow_drago_v1	roboflow_drago_v1_218_jpg.rf.0ae8fc7743958724f539b6e0caabc6a3.jpg	roboflow_drago_v1_218_jpg.rf.0ae8fc7743958724f539b6e0caabc6a3.txt	2	16	82	0	1	13	310.0	223.0	121.0	186.0	16228.0	a65ac430a0464718cd66f2393edb630a85150a199228a6f64ad07c944d5a7624	feb877ff91645d548cb71a5a77957396bbb7e737677d550b115c75d78d84864d
val_clean	val	roboflow_drago_v1	roboflow_drago_v1_218_jpg.rf.0ae8fc7743958724f539b6e0caabc6a3.jpg	roboflow_drago_v1_218_jpg.rf.0ae8fc7743958724f539b6e0caabc6a3.txt	3	16	83	0	1	9	308.0	262.0	123.0	147.0	14298.0	123f26396094bcd1be3a9ab4e70b1cb20ee27d11b0424745dbc2593d5c392578	b696c8163a0bf6d57846f5bbc712102b1f6c31e64a9cb846184237eab2a0754c
val_clean	val	roboflow_drago_v1	roboflow_drago_v1_218_jpg.rf.0ae8fc7743958724f539b6e0caabc6a3.jpg	roboflow_drago_v1_218_jpg.rf.0ae8fc7743958724f539b6e0caabc6a3.txt	4	16	84	0	1	9	198.0	108.0	113.0	138.0	10479.0	6aa5efffde8753c97b5dea20537183707a7b0034064abda5bb0ef0ec86751726	1b5154d0fd422ade61a3f6f040b1146cb8461e3d1921dea89a031333aaa064bc
val_clean	val	roboflow_drago_v1	roboflow_drago_v1_222_jpg.rf.14537528471e9c96b6c6a8fff28cef1e.jpg	roboflow_drago_v1_222_jpg.rf.14537528471e9c96b6c6a8fff28cef1e.txt	1	17	85	0	1	14	256.0	22.0	222.0	252.0	41983.0	460919c1f47bbc777084835467f2aafd654dba2b1d533104be09e280d6eaf779	7e800f3c723d995c8d78a6ce27a49be532c616652710dd8f402f28f2b698ceb3
val_clean	val	roboflow_drago_v1	roboflow_drago_v1_232_jpg.rf.93d402802a53dc622213a7d846630637.jpg	roboflow_drago_v1_232_jpg.rf.93d402802a53dc622213a7d846630637.txt	1	18	86	0	1	9	138.0	216.0	353.0	238.0	48212.0	cdc47a9685f2ee1ba2a325e1885f3a8487e7717b06b5d79bb681e423fa26de92	00f1f8b2cb01676fd582c0582da058eeb478ffac68c62e7726b3ac57b3d1b8d8
val_clean	val	roboflow_drago_v1	roboflow_drago_v1_281_jpg.rf.9dc7d5c2874917cac768a4182030e944.jpg	roboflow_drago_v1_281_jpg.rf.9dc7d5c2874917cac768a4182030e944.txt	1	19	87	0	1	17	168.0	52.0	306.0	385.0	91095.0	4a86260844f79f8d886fc8297eb429166ff6f9fc5421fcdab5537606fe2ae150	3aad32291a521fe7650a72483ba1de4a299950a1c08144c8aa352b27bfa207ed
val_clean	val	roboflow_drago_v1	roboflow_drago_v1_326_jpg.rf.64e4a316c3eb59f105533211c8d822c7.jpg	roboflow_drago_v1_326_jpg.rf.64e4a316c3eb59f105533211c8d822c7.txt	1	20	88	0	1	17	80.0	85.0	457.0	424.0	148134.0	5abd77a5a86d3b67dfd744b7b8ee951dcc1655ba3c076cd856b5bba1e29b7c2e	0f451ea90646e99198b4a34bc1138adcf3bfc1c32d17d0999a6c5c8a64d21e1e
val_clean	val	roboflow_drago_v1	roboflow_drago_v1_339_jpg.rf.5b3937653389b16477481695a9ce151a.jpg	roboflow_drago_v1_339_jpg.rf.5b3937653389b16477481695a9ce151a.txt	1	21	89	0	1	17	132.0	285.0	277.0	266.0	52353.0	f314f27b14fbc6ea15ff57c2c499c1ff5fee935a597a118e10d6c621f9f6d8e9	57c8c28af34074593caa9261a073303bbec5c21d493f77d8bd58b13dca083f74
val_clean	val	roboflow_drago_v1	roboflow_drago_v1_339_jpg.rf.5b3937653389b16477481695a9ce151a.jpg	roboflow_drago_v1_339_jpg.rf.5b3937653389b16477481695a9ce151a.txt	2	21	90	0	1	10	314.0	95.0	184.0	271.0	29985.0	b9f37f20af6d7596d4350fba4f926e8914303fd441b78975bd6b079cb306212c	7d69d782356e878a357be23b15f49e482abb7d6d979a60307943109677609ab5
val_clean	val	roboflow_drago_v1	roboflow_drago_v1_339_jpg.rf.aa6371b430e9c68076d8749a479be8e1.jpg	roboflow_drago_v1_339_jpg.rf.aa6371b430e9c68076d8749a479be8e1.txt	1	22	91	0	1	17	89.0	132.0	266.0	277.0	52360.0	5dcbdc9fbb51fd80287dc1e6dbf3a29c72820271684df70701fc4a6a48edda35	8bde8ad92a05cdac88a17471a431c19ad66922238f566f9bf0e07a178a156dc6
val_clean	val	roboflow_drago_v1	roboflow_drago_v1_339_jpg.rf.aa6371b430e9c68076d8749a479be8e1.jpg	roboflow_drago_v1_339_jpg.rf.aa6371b430e9c68076d8749a479be8e1.txt	2	22	92	0	1	10	274.0	314.0	271.0	184.0	30002.0	34aeb5f349b35cd33f5a991565a232fa09956613b0a15e8d184ab138417ec537	9b35d71318c97fd19c8bd5041a63e52e585711ae56897727138dba0f9d4703d2
val_clean	val	roboflow_drago_v1	roboflow_drago_v1_349_jpg.rf.2fb66e2a93ed621f622a58981e73e75a.jpg	roboflow_drago_v1_349_jpg.rf.2fb66e2a93ed621f622a58981e73e75a.txt	1	23	93	0	1	10	193.0	53.0	276.0	534.0	85777.0	75be6a9425d8fd7c1d38f57abc7400ec0b9929a90f6d69ed226a3d907241c97e	0d2b5c334a82d78b644da94a7cc517e1c2229a43f336acd1ff4a5c8c49b555c9
val_clean	val	roboflow_drago_v1	roboflow_drago_v1_356_jpg.rf.67651798d7cd24e703032632b3f5c4fb.jpg	roboflow_drago_v1_356_jpg.rf.67651798d7cd24e703032632b3f5c4fb.txt	1	24	94	0	1	18	98.0	145.0	454.0	359.0	125157.0	db3082a7ba68c4b7a4c18c2e03b5290b7443e27fd5bfefca2e7ef5f2da951b8d	e1d208ee532e2698fb102820de1741df5a3dee00c31d57c9411164a7d9890462
val_clean	val	roboflow_drago_v1	roboflow_drago_v1_364_jpg.rf.205e69ab53891010e8ad39bf1db49376.jpg	roboflow_drago_v1_364_jpg.rf.205e69ab53891010e8ad39bf1db49376.txt	1	25	95	0	1	17	131.0	171.0	403.0	297.0	94213.0	d21773aa0d067e6bc466ad0864a31b35b24206316cabaf151f9228faca4bc37d	970ff9a6e00eb25cc36ec3d366693a58c67ca5abfdca9616bf1d195283597373
val_clean	val	roboflow_drago_v1	roboflow_drago_v1_379_jpg.rf.0b8563f9ebcbdaceeb4ac37c9a37c6c7.jpg	roboflow_drago_v1_379_jpg.rf.0b8563f9ebcbdaceeb4ac37c9a37c6c7.txt	1	26	96	0	1	18	23.0	98.0	592.0	436.0	197243.0	0d08d410856aaa838a4ef17b5114aa60822b29d086a3dabbb6fb477ded9cf1db	48780f898c18ef0f117b0b460b11c4b92964d532a213b43aad2b30157ac645fd
val_clean	val	roboflow_drago_v1	roboflow_drago_v1_413-Copy_jpg.rf.4b8bb25aed89ad35ac02fab3db2abf73.jpg	roboflow_drago_v1_413-Copy_jpg.rf.4b8bb25aed89ad35ac02fab3db2abf73.txt	1	27	97	0	1	20	63.0	114.0	520.0	424.0	177952.0	e7123f24d46250f48bd0a3db89ff126b3c2ab65619f0827dfb52d574cf4195b8	e03448ddf4debe6292a4d2aeba9189f55be1ccf1741ab46b557d3876e71fbb27
val_clean	val	roboflow_drago_v1	roboflow_drago_v1_413-Copy_jpg.rf.7aa6e3c1171e4e8bd9c5e88d43fdddfc.jpg	roboflow_drago_v1_413-Copy_jpg.rf.7aa6e3c1171e4e8bd9c5e88d43fdddfc.txt	1	28	98	0	1	20	114.0	57.0	424.0	520.0	177955.0	127e4b210d56d2a2496ced176aedd818e354d06a58d6c6f4d1bfe068aab6117b	58de939de75eebff65cba4b9c5668ad2cdbe7bb7d5a4cd1f1a7865d23410dc65
val_clean	val	roboflow_drago_v1	roboflow_drago_v1_431-Copy_jpg.rf.7109ee4da7b2f79696f637bbb5904d25.jpg	roboflow_drago_v1_431-Copy_jpg.rf.7109ee4da7b2f79696f637bbb5904d25.txt	1	29	99	0	1	18	18.0	160.0	404.0	312.0	97860.0	5ea6dd522e24cf9f85774428e452b69a7a272c3f18152f22352c2954f40d818e	471cb4ea31416bb40e70fedffb95882cd715bcdf21b91da77741ec16e0312911
val_clean	val	roboflow_drago_v1	roboflow_drago_v1_433-Copy_jpg.rf.065aea2f1e3934d57edea16268d8e5ae.jpg	roboflow_drago_v1_433-Copy_jpg.rf.065aea2f1e3934d57edea16268d8e5ae.txt	1	30	100	0	1	25	31.0	209.0	361.0	260.0	69925.0	a25ebdf3134a3c1dd7865e88ad58578265f676cbd012800832379f82ce309b2e	e5d967286de2e978305a96ac60dd1d645c1e2408efd1b777a72f0810266af60b
val_clean	val	roboflow_drago_v1	roboflow_drago_v1_464-Copy_jpg.rf.958d393aaedfbb6ebfc2594c2e94ed8e.jpg	roboflow_drago_v1_464-Copy_jpg.rf.958d393aaedfbb6ebfc2594c2e94ed8e.txt	1	31	101	0	1	14	25.0	221.0	267.0	178.0	37019.0	6875b74c7a6618e09fc30059ce26cff6cac498dbe58fa5af8b21f23d1d135cf0	4611201795972c34369e23d29e26948cd111b573b8feb31e1ff343ab84b000ae
val_clean	val	roboflow_drago_v1	roboflow_drago_v1_464-Copy_jpg.rf.958d393aaedfbb6ebfc2594c2e94ed8e.jpg	roboflow_drago_v1_464-Copy_jpg.rf.958d393aaedfbb6ebfc2594c2e94ed8e.txt	2	31	102	0	1	16	308.0	241.0	287.0	183.0	41623.0	a6b40cb9e696ea4a5bb7286dd89afda164e4e4a9d27379c2db5ae613de0fb5e2	23e03af886bacc6c583e01c6522f42c5908ae448e450e317ef6f57d1bd669af0
val_clean	val	roboflow_drago_v1	roboflow_drago_v1_479-Copy_jpg.rf.e828f11cd8bf7440767397dff8b71e60.jpg	roboflow_drago_v1_479-Copy_jpg.rf.e828f11cd8bf7440767397dff8b71e60.txt	1	32	103	0	1	17	193.0	52.0	265.0	389.0	80152.0	33572496a28e0eaf6553a3383765fea0ff221377387179fafd6853f14ebba330	a605d2526d3fcfe1e39ccdc3927ccfff24586a253fa5289ddca19e8cdaaea609
val_clean	val	roboflow_drago_v1	roboflow_drago_v1_523-Copy_jpg.rf.4140de792276c0e9a04eeca69d30d745.jpg	roboflow_drago_v1_523-Copy_jpg.rf.4140de792276c0e9a04eeca69d30d745.txt	1	34	104	0	1	15	163.0	75.0	238.0	265.0	50001.0	3b162ec9ff673bebfd55a3b26d02cf3e87efe4af0092c79a98f9fdb11d591733	991c52a239ec4c1bec1d221e16fc9ee987e5e53833d8dda098e955a82fa097bc
val_clean	val	roboflow_drago_v1	roboflow_drago_v1_523-Copy_jpg.rf.4140de792276c0e9a04eeca69d30d745.jpg	roboflow_drago_v1_523-Copy_jpg.rf.4140de792276c0e9a04eeca69d30d745.txt	2	34	105	0	1	17	256.0	300.0	216.0	271.0	45192.0	cb40c2171d071e87aba6eb071660bf071286273c7ff1b7d3ec13722f67b3c901	bb257fe2b50e746fd9dcb4e2297ac74c640a2c101c21f317ad4c5e83d4d5eaac
val_clean	val	roboflow_drago_v1	roboflow_drago_v1_555-Copy_jpg.rf.a8603921babb80d734bfae7054094ab3.jpg	roboflow_drago_v1_555-Copy_jpg.rf.a8603921babb80d734bfae7054094ab3.txt	1	35	106	0	1	13	3.0	149.0	634.0	341.0	196476.0	dcce3d14183d50a787707f1b90e4338f55280ffd8d0e92ebb40ec14ce902bdfb	aad03d2b0727f1323548602444988fd3ea26a2d99ca8515a758721ce2723e1e5
val_clean	val	roboflow_drago_v1	roboflow_drago_v1_556-Copy_jpg.rf.90cf33d2c8ca1da36b30a8d07759d55f.jpg	roboflow_drago_v1_556-Copy_jpg.rf.90cf33d2c8ca1da36b30a8d07759d55f.txt	1	36	107	0	1	17	131.0	170.0	414.0	318.0	103157.0	83bfd8813266f9298d75507801554f76b215ba9a631e3d3137555adc3b85d4f9	be6527dcde75e1e12ce550dfd696147846fab3f807f50d6b815b93f4ed61bf5e
val_clean	val	roboflow_drago_v1	roboflow_drago_v1_616_jpg.rf.8c08435f7d3766496de7f37fe16b7912.jpg	roboflow_drago_v1_616_jpg.rf.8c08435f7d3766496de7f37fe16b7912.txt	1	37	108	0	1	15	186.0	210.0	271.0	209.0	41609.0	ebf924e7d72a4d8502ace4e7ab73209a03b9c05b676ea86750382006fd6a7b4e	9d00992216b4b9dda1998e13ee8b7fff8495d780231c1724f35adf1b551390d6
val_clean	val	roboflow_drago_v1	roboflow_drago_v1_63_jpg.rf.ee90112407b018927a857670f21dda02.jpg	roboflow_drago_v1_63_jpg.rf.ee90112407b018927a857670f21dda02.txt	1	38	109	0	1	17	18.0	205.0	496.0	336.0	128090.0	22cf23a0d1e8fecac0e8774314cb981989661b88f140c24da84de0e44dd902c6	ff0d87ea0de6c65e37c136853b44e447a923b92bfa55fff0c0fe3d256f1ab781
val_clean	val	roboflow_drago_v1	roboflow_drago_v1_663_jpg.rf.7b8695f84242b3f04b639463ff91971a.jpg	roboflow_drago_v1_663_jpg.rf.7b8695f84242b3f04b639463ff91971a.txt	1	39	110	0	1	15	3.0	158.0	502.0	333.0	142262.0	4147db3eb1c7372fdab5009c0ef65fcdbb47f506402c23a3a8808d224042bc3a	0af837df9e3ebe6f5d7100b34ce9c8517173eb76a0f1512707b31cdd6c18f381
val_clean	val	roboflow_drago_v1	roboflow_drago_v1_663_jpg.rf.7b8695f84242b3f04b639463ff91971a.jpg	roboflow_drago_v1_663_jpg.rf.7b8695f84242b3f04b639463ff91971a.txt	2	39	111	0	1	8	423.0	148.0	215.0	161.0	28932.0	33bf7c16b505293d0fae8639fe36554f6d9bf084b1c975dab8f46f9f48c42ab0	da4f3d189fc23c30b8009fbf72a3c76e36c46fbb010f8039db9a7d7951279a95
val_clean	val	roboflow_drago_v1	roboflow_drago_v1_664_jpg.rf.2575bbe565ee3dceaff6fec276f5bc0b.jpg	roboflow_drago_v1_664_jpg.rf.2575bbe565ee3dceaff6fec276f5bc0b.txt	1	40	112	0	1	17	172.0	305.0	286.0	234.0	52775.0	ed8aa90217ccc99d85d201fe997e7d4ae64d1a7094a56e64fd250f001ad6dafc	f9fff2137cc1c83da43783fdae96c5d21b84e2218961565f43b1e7f99b610ea5
val_clean	val	roboflow_drago_v1	roboflow_drago_v1_665_jpg.rf.a0027db04b4cafd76d4ff1109c93a94a.jpg	roboflow_drago_v1_665_jpg.rf.a0027db04b4cafd76d4ff1109c93a94a.txt	1	41	113	0	1	13	245.0	229.0	192.0	263.0	38001.0	6bc55227afab7ab02525b356f7c2ffcaa23b3949620ff8c6e83d5e34d8bb5f74	fecc436aed82b43a016e5c998c8b912651c87cd0b20f33294a2f1e14120ca59d
val_clean	val	roboflow_drago_v1	roboflow_drago_v1_683_jpg.rf.9a4806cd8375b3976e06af8365895d5c.jpg	roboflow_drago_v1_683_jpg.rf.9a4806cd8375b3976e06af8365895d5c.txt	1	42	114	0	1	19	114.0	171.0	408.0	298.0	92967.0	7d8d4c9c9346ee469fd7c38fcde3906bf1c2dd6b239c9c4ed632d55eab28a4f6	e84e9f675697b4c7539fdcb6eb9dd1001b470b51733419c36e1b3f51a30d123b
val_clean	val	roboflow_drago_v1	roboflow_drago_v1_95_jpg.rf.417aecf8e9ce31d8f171c1975d64dce5.jpg	roboflow_drago_v1_95_jpg.rf.417aecf8e9ce31d8f171c1975d64dce5.txt	1	43	115	0	1	21	229.0	289.0	185.0	329.0	43378.0	352be5388a19eff1c9d7f123a29e458ef7846e3d5ffe70bf8ee46101a885548f	da1d523981f4d47eb555380710c74693c719ef1c68ae4760964556160c3a9f0c
val_clean	val	roboflow_drago_v1	roboflow_drago_v1_95_jpg.rf.417aecf8e9ce31d8f171c1975d64dce5.jpg	roboflow_drago_v1_95_jpg.rf.417aecf8e9ce31d8f171c1975d64dce5.txt	2	43	116	0	1	16	210.0	2.0	187.0	256.0	37809.0	7209195bab4344bcd21a21f202307b9eed704d075c619af419e69b3bb524b155	cf6312280e5e38bf9647edd53b99f6296d1485ba7cd7a2360d37ed987a58ef46
val_clean	val	roboflow_team128_v5	roboflow_team128_v5_IMG_0336_jpg.rf.dca59f6e142f72c3673d97616da9d3f5.jpg	roboflow_team128_v5_IMG_0336_jpg.rf.dca59f6e142f72c3673d97616da9d3f5.txt	1	44	117	0	1	26	1348.0	1450.0	86.0	228.0	3519.0	0fcbb087bb1d6d4fe4357e18254f4b99b57227b7d39eaa681f190e385c2b4e27	fb244f83fce532b187d8226bdf6036e6785fbe13d7324c4fd1f7d3fe3f88fc3a
val_clean	val	roboflow_team128_v5	roboflow_team128_v5_IMG_0336_jpg.rf.dca59f6e142f72c3673d97616da9d3f5.jpg	roboflow_team128_v5_IMG_0336_jpg.rf.dca59f6e142f72c3673d97616da9d3f5.txt	2	44	118	0	1	173	765.0	530.0	1436.0	1988.0	2321346.0	6bdc1021a16558cad6858ad9ddbbc32acd84f4dc09f59c1b3c1039055cedd4b6	289fe8d8d01116810d7d6c79d96d8578be58aa966ed540f5edb3aea21754bc56
val_clean	val	roboflow_team128_v5	roboflow_team128_v5_IMG_0357_jpg.rf.19028946bdbd76a19ce4669273a656fd.jpg	roboflow_team128_v5_IMG_0357_jpg.rf.19028946bdbd76a19ce4669273a656fd.txt	1	45	119	0	1	24	1223.0	1119.0	941.0	1025.0	742479.0	3cc0d335841a2984f693a07a1de6fae0a14077c8a79657bae18eeb9aba66cd04	2cf3a9494bc7767b62aa8d6a509af481a22a26d3b910f1c6dcaede04ca63f9a5
val_clean	val	roboflow_team128_v5	roboflow_team128_v5_IMG_0374_jpg.rf.530e61bfe3c08d70a2925717211eba8f.jpg	roboflow_team128_v5_IMG_0374_jpg.rf.530e61bfe3c08d70a2925717211eba8f.txt	1	46	120	0	1	57	1180.0	1593.0	738.0	736.0	421112.0	ebf396766476b0b4001df7a87d4a477b4111c5373720fc1edd637738030be73a	77f557fa66ffca48f7830cbc605e949ecc88103b3d7c60d4489b8d2e76883387
val_clean	val	roboflow_team128_v5	roboflow_team128_v5_IMG_0374_jpg.rf.530e61bfe3c08d70a2925717211eba8f.jpg	roboflow_team128_v5_IMG_0374_jpg.rf.530e61bfe3c08d70a2925717211eba8f.txt	2	46	121	0	1	162	0.0	2095.0	679.0	952.0	324503.0	e7a3e852040f04420ae763742e10e57ab9bd0e4a83c6bb6ecc5d7c1033ad6c0a	881e0449d65c2f393bbf341dd3caa9d8ff0e6af7633cc9a34914e47ab3c03e0e
val_clean	val	roboflow_team128_v5	roboflow_team128_v5_IMG_0374_jpg.rf.530e61bfe3c08d70a2925717211eba8f.jpg	roboflow_team128_v5_IMG_0374_jpg.rf.530e61bfe3c08d70a2925717211eba8f.txt	3	46	122	0	1	20	632.0	2499.0	107.0	148.0	12031.0	3ad33c3ca2b601aed4e1afa21213975dbbd8d025e4869be240102c2dfda92cf0	40a50e5512bad7a0d6a906ba35d3b5bf4149e7f3c770bee1b8a1663a36d938cb
val_clean	val	roboflow_team128_v5	roboflow_team128_v5_IMG_0378_jpg.rf.fb79ed4d9b3f12385fbedad447b16cb7.jpg	roboflow_team128_v5_IMG_0378_jpg.rf.fb79ed4d9b3f12385fbedad447b16cb7.txt	1	47	123	0	1	80	1102.0	1135.0	1026.0	803.0	572327.0	d275e3ede585ae0277082dd9f56e3bcad0c79ef6546550228e38c19dc94e8b27	e0aaa61a8ef549feac749090923d4c78d1f585e222d0daa88c3d86b75418dd05
val_clean	val	roboflow_team128_v5	roboflow_team128_v5_IMG_0393_jpg.rf.93481bebb07ef77e433bd38c6ee95659.jpg	roboflow_team128_v5_IMG_0393_jpg.rf.93481bebb07ef77e433bd38c6ee95659.txt	1	48	124	0	1	70	1057.0	2080.0	342.0	607.0	123485.0	b42050586f81f9bf96c52d7f1f222ad905dd77db42958b6af9c8bee5a76777b4	a9997eced10c3dd1613cdb1aaa976dcb2ae91ccb3e9f1da2c63ecde220f67497
val_clean	val	roboflow_team128_v5	roboflow_team128_v5_IMG_0393_jpg.rf.93481bebb07ef77e433bd38c6ee95659.jpg	roboflow_team128_v5_IMG_0393_jpg.rf.93481bebb07ef77e433bd38c6ee95659.txt	2	48	125	0	1	66	495.0	1108.0	347.0	296.0	68678.0	ca58b10b504806a0cf61a7de29ef920f1475983ebec60f136184881a50793e16	eefa1eb4d5af8c1eec00128f654ef92abbd2a16b4e1ebaca2830e2b2874f97b5
val_clean	val	roboflow_team128_v5	roboflow_team128_v5_IMG_0393_jpg.rf.93481bebb07ef77e433bd38c6ee95659.jpg	roboflow_team128_v5_IMG_0393_jpg.rf.93481bebb07ef77e433bd38c6ee95659.txt	3	48	126	0	1	54	843.0	1168.0	138.0	333.0	27570.0	9660d8c2acfb622c2573e7aae91fa4ec0785ffffae3d2a5bdfc572180818aa3b	9a56316b9582bd0c1ad38c1ec04dc025f8d76e3a4fccc116d43f270e9d9bc56e
val_clean	val	roboflow_team128_v5	roboflow_team128_v5_IMG_0396_jpg.rf.00569b78c27c0a8af2ee09fa843caafa.jpg	roboflow_team128_v5_IMG_0396_jpg.rf.00569b78c27c0a8af2ee09fa843caafa.txt	1	49	127	0	1	53	1263.0	1204.0	759.0	907.0	459708.0	3a2dc83d9995d3a692b39a0b73d4949067457910d7280c7b9cc609c011b833a4	2fdf79c866b3372e6435d848bc55a91e9f3af101dbfc1f16b1b7860799f07133
val_clean	val	roboflow_team128_v5	roboflow_team128_v5_IMG_0396_jpg.rf.00569b78c27c0a8af2ee09fa843caafa.jpg	roboflow_team128_v5_IMG_0396_jpg.rf.00569b78c27c0a8af2ee09fa843caafa.txt	2	49	128	0	1	36	1997.0	1232.0	539.0	639.0	235908.0	2aaef34fedf50af30b6a1b0339e94f770f8d7a9aab5f7b8e4b839239fa87b5bc	269c89590bec8508c21ed541daf73fc8ea407b2379deac27f88c951dcaa04493
val_clean	val	roboflow_team128_v5	roboflow_team128_v5_IMG_0400_jpg.rf.f1c8063b744dfbdfa4733b33bde2a0a8.jpg	roboflow_team128_v5_IMG_0400_jpg.rf.f1c8063b744dfbdfa4733b33bde2a0a8.txt	1	50	129	0	1	18	3590.0	2470.0	188.0	84.0	6142.0	85d437f56040ec86a7aec9a50c90a619631066003aaabfd952a016ad0a9d0040	b519abb9f966cddf5892a151e38505c8d690deb08d0d003a51b6caf3b1a863bf
val_clean	val	roboflow_team128_v5	roboflow_team128_v5_IMG_0400_jpg.rf.f1c8063b744dfbdfa4733b33bde2a0a8.jpg	roboflow_team128_v5_IMG_0400_jpg.rf.f1c8063b744dfbdfa4733b33bde2a0a8.txt	2	50	130	0	1	17	3409.0	1606.0	99.0	27.0	1709.0	413185c44401af9c1d989b1e3834fa74ac8ce07456406d782977bcf383b2f0ca	705c108ee9b7f4c2b0be83002e7b277c4abace1a4be49fbc5c0e6d7f56ea1b26
val_clean	val	roboflow_team128_v5	roboflow_team128_v5_IMG_0400_jpg.rf.f1c8063b744dfbdfa4733b33bde2a0a8.jpg	roboflow_team128_v5_IMG_0400_jpg.rf.f1c8063b744dfbdfa4733b33bde2a0a8.txt	3	50	131	0	1	10	3993.0	1901.0	38.0	38.0	1003.0	0925e824bff78a2f6e6829fc399db6ee3591275e774085ff7328c89afa20294e	7d2315c447c62db2021288b4fe0f34bc25e78b731c70a2914f58faa935205b07
val_clean	val	roboflow_team128_v5	roboflow_team128_v5_IMG_0400_jpg.rf.f1c8063b744dfbdfa4733b33bde2a0a8.jpg	roboflow_team128_v5_IMG_0400_jpg.rf.f1c8063b744dfbdfa4733b33bde2a0a8.txt	4	50	132	0	1	9	1928.0	1763.0	35.0	32.0	695.0	bfb61fcca42222409d54c5a8f3b25f3f7a1a54da744d18d62ddd6ac56d4df162	15de11a592a6550b68bd841bc3f2d5df55627d601535735f41bba93126f06db4
val_clean	val	roboflow_team128_v5	roboflow_team128_v5_IMG_0400_jpg.rf.f1c8063b744dfbdfa4733b33bde2a0a8.jpg	roboflow_team128_v5_IMG_0400_jpg.rf.f1c8063b744dfbdfa4733b33bde2a0a8.txt	5	50	133	0	1	9	2449.0	1915.0	52.0	34.0	1025.0	39e90ee340f2d5ed3b0c89f4e7b052fa26495ad17638560e73a6eae0f92a1992	c2a909637c9987fed528f64e541c33dfd0ec9447e925ab3029c09f6c21c67eeb
val_clean	val	roboflow_team128_v5	roboflow_team128_v5_IMG_0400_jpg.rf.f1c8063b744dfbdfa4733b33bde2a0a8.jpg	roboflow_team128_v5_IMG_0400_jpg.rf.f1c8063b744dfbdfa4733b33bde2a0a8.txt	6	50	134	0	1	6	2132.0	1585.0	26.0	14.0	269.0	67a6c3afc93906b2cff4615dc92b81b1d9fd55ae948c055afa6fe467ff9f6156	36c1d17cd6b68a9c018e33ab1e9833577da0c52c62c5cb2cf14d025e5945164d
val_clean	val	roboflow_team128_v5	roboflow_team128_v5_IMG_0402_jpg.rf.815d64736730ccf8d8284b4426e4db4b.jpg	roboflow_team128_v5_IMG_0402_jpg.rf.815d64736730ccf8d8284b4426e4db4b.txt	1	51	135	0	1	67	2497.0	1013.0	458.0	481.0	145549.0	42a6364504cc7e0a47b552d25a195bc61880c33ebd837e65310e93764cc8c2be	7dcc3dc6dea42712511a36a5bcbdee1a8e4edf4c0c2f17697c35e18145da9ff2
val_clean	val	roboflow_team128_v5	roboflow_team128_v5_IMG_0402_jpg.rf.815d64736730ccf8d8284b4426e4db4b.jpg	roboflow_team128_v5_IMG_0402_jpg.rf.815d64736730ccf8d8284b4426e4db4b.txt	2	51	136	0	1	36	775.0	861.0	329.0	369.0	83952.0	5d82203cf642ee208e84cbf12c8a0433ba839741ae16b5f271680a1015e3603c	06f606555bd022ae721f7343fcb5a825f017d583ee11bd6a8b7530be022a9d9b
val_clean	val	roboflow_team128_v5	roboflow_team128_v5_IMG_0402_jpg.rf.815d64736730ccf8d8284b4426e4db4b.jpg	roboflow_team128_v5_IMG_0402_jpg.rf.815d64736730ccf8d8284b4426e4db4b.txt	3	51	137	0	1	18	1065.0	1052.0	104.0	90.0	6182.0	3dc2d0e4d94a8d0a9843a531711c81b4d2a0df9c728a3b08bf683e11a81f5a7c	027a2237349f288cef7145b943293c78b250282b897afff09918015dce91c792
val_clean	val	roboflow_team128_v5	roboflow_team128_v5_IMG_0402_jpg.rf.815d64736730ccf8d8284b4426e4db4b.jpg	roboflow_team128_v5_IMG_0402_jpg.rf.815d64736730ccf8d8284b4426e4db4b.txt	4	51	138	0	1	93	11.0	281.0	746.0	707.0	289261.0	ddbc72c251f6c461fe3878c16a9552ccd249f5d0de5ae3c30f4cbacc1257cba2	fd54a460606b604a247c90993ea2d4e03ea30742417f804436df46b054867921
val_clean	val	roboflow_team128_v5	roboflow_team128_v5_IMG_0402_jpg.rf.815d64736730ccf8d8284b4426e4db4b.jpg	roboflow_team128_v5_IMG_0402_jpg.rf.815d64736730ccf8d8284b4426e4db4b.txt	5	51	139	0	1	102	1252.0	2175.0	901.0	737.0	411460.0	2dfd95cdb739487db23a4d223d9e912c678f3cedaba7447e06c8ffb4c63da6ce	ff63a89b32c8f203c2442045c811ad9772ce83824e883d7b9737548b25ef4cf1
val_clean	val	roboflow_team128_v5	roboflow_team128_v5_IMG_0404_jpg.rf.b3cf9579cb5bc70e66c9831c076519d3.jpg	roboflow_team128_v5_IMG_0404_jpg.rf.b3cf9579cb5bc70e66c9831c076519d3.txt	1	52	140	0	1	215	1019.0	1652.0	1136.0	1012.0	680242.0	91e662addafb4ff4cc2b7dac2d6b67a6527df558e8a9a8524a9d232ac7acebc4	2826bbe9173edd29ec471df0b7df1b36d43f39f22a11722531916279df9a93dd
val_clean	val	roboflow_team128_v5	roboflow_team128_v5_IMG_0405_jpg.rf.69f5649abe63ff474ce6c469826bb7a6.jpg	roboflow_team128_v5_IMG_0405_jpg.rf.69f5649abe63ff474ce6c469826bb7a6.txt	1	53	141	0	1	71	1166.0	1999.0	668.0	769.0	389596.0	57d7e050f8080e9e79e0edce2d7f46302d1ce62fbf748901b71cbdda03bf292d	2d3f74d3adb32a91f2af5e1afd79f25ab3f5be0e32ffce31e8b2af609bf3fe8a
val_clean	val	roboflow_team128_v5	roboflow_team128_v5_IMG_0410_jpg.rf.784d6b4c333f45c86d8c70f091e2621b.jpg	roboflow_team128_v5_IMG_0410_jpg.rf.784d6b4c333f45c86d8c70f091e2621b.txt	1	54	142	0	1	62	628.0	1744.0	477.0	437.0	147710.0	2f67760be2032e00bd829e524f4bdc7eaf3f996550997dc62ae70b6cf5775923	cd12c6844fbc19943474c16147f8b50be06184f32cfb1b19953a6271f23c6d48
val_clean	val	roboflow_team128_v5	roboflow_team128_v5_IMG_0410_jpg.rf.784d6b4c333f45c86d8c70f091e2621b.jpg	roboflow_team128_v5_IMG_0410_jpg.rf.784d6b4c333f45c86d8c70f091e2621b.txt	2	54	143	0	1	75	1205.0	1548.0	661.0	833.0	410741.0	8a5a959b6b1ab60bac8f793be3b822732cf26288483be6889ab07143388dfd22	ea7a6dbbde7673000adc5232dfd30a7f6b6dae5ce6822709502ec00f70581a31
val_clean	val	roboflow_team128_v5	roboflow_team128_v5_IMG_0410_jpg.rf.784d6b4c333f45c86d8c70f091e2621b.jpg	roboflow_team128_v5_IMG_0410_jpg.rf.784d6b4c333f45c86d8c70f091e2621b.txt	3	54	144	0	1	53	960.0	3557.0	420.0	474.0	151418.0	b5f8e1b16d9373d5c686f82d0203c00c37c4bac684266e08424a51039508b5e2	a41a5d3353a04c880f876a926dd86119025b702de3c5eb5a99e6cd47d1557647
val_clean	val	roboflow_team128_v5	roboflow_team128_v5_IMG_0410_jpg.rf.784d6b4c333f45c86d8c70f091e2621b.jpg	roboflow_team128_v5_IMG_0410_jpg.rf.784d6b4c333f45c86d8c70f091e2621b.txt	4	54	145	0	1	41	2824.0	2082.0	199.0	180.0	21017.0	da9d708350c51fe440ce815ca220f178485b67e197a64b3dfab9e1625baecc6c	b0db6c76feea28bd4d0c23dcb361d57784a93704eef4047c6f488e5d0a195864
val_clean	val	roboflow_team128_v5	roboflow_team128_v5_IMG_0410_jpg.rf.784d6b4c333f45c86d8c70f091e2621b.jpg	roboflow_team128_v5_IMG_0410_jpg.rf.784d6b4c333f45c86d8c70f091e2621b.txt	5	54	146	0	1	82	1870.0	3164.0	332.0	456.0	86915.0	487cf707234491b1a432e0df6f1a5c11d80c686fe716ab623d8c42a5f2aba012	d331bc35f17d567417388085a0d2f4ea5ce6137dc2ea6850bb0969fb3c578eb4
val_clean	val	roboflow_team128_v5	roboflow_team128_v5_IMG_0418_jpg.rf.f8f4f354c83030d016a29f9f314a5c7d.jpg	roboflow_team128_v5_IMG_0418_jpg.rf.f8f4f354c83030d016a29f9f314a5c7d.txt	1	55	147	0	1	33	1667.0	1572.0	260.0	149.0	15183.0	6b04741315aad02caae0fa8efb5b688ac6cb1a4112e774308029f9d2c8afda76	b133c479de4e2f697af58da76438a9ea9e827dee649d40581b20d358a778eeb9
val_clean	val	roboflow_team128_v5	roboflow_team128_v5_IMG_0418_jpg.rf.f8f4f354c83030d016a29f9f314a5c7d.jpg	roboflow_team128_v5_IMG_0418_jpg.rf.f8f4f354c83030d016a29f9f314a5c7d.txt	2	55	148	0	1	71	1529.0	1696.0	408.0	409.0	64048.0	004090688b891c839d7f8be5ab0a144f18149dc3c8d8eb67230cf603c17736f8	53bce677a6f5af1f96f1d8188f8948fe5469a1ae2d7f31917937f5145b62eed1
val_clean	val	roboflow_team128_v5	roboflow_team128_v5_IMG_0427_jpg.rf.e0f477428ad7c915df351c4cebd7195f.jpg	roboflow_team128_v5_IMG_0427_jpg.rf.e0f477428ad7c915df351c4cebd7195f.txt	1	56	149	0	1	74	1445.0	1615.0	415.0	531.0	116689.0	e427f82c0d358a1e380b0c6e6745f3f581ff178396a11baceb8bfbbf6fa5f52f	76507d0bdcb92bd45e77aaf9fdde19636ca355b2f6df55906e548ef00e6e92b2
val_clean	val	roboflow_team128_v5	roboflow_team128_v5_IMG_0438_jpg.rf.34340ce707d0a253382447af22c3b9a2.jpg	roboflow_team128_v5_IMG_0438_jpg.rf.34340ce707d0a253382447af22c3b9a2.txt	1	57	150	0	1	92	1218.0	1847.0	778.0	623.0	337874.0	5edea538884fad7076bd68af4c67a9ab8b639efebca8937130f59650350e1109	b92eb978800da5c8162ce1328925ef1e5e1dd6a346b30505f06b4d22e091491d
val_clean	val	roboflow_team128_v5	roboflow_team128_v5_IMG_0438_jpg.rf.34340ce707d0a253382447af22c3b9a2.jpg	roboflow_team128_v5_IMG_0438_jpg.rf.34340ce707d0a253382447af22c3b9a2.txt	2	57	151	0	1	10	1644.0	1836.0	52.0	54.0	2014.0	8160fe59cc0d2be59f6039bff289c4f04f7513c31ef0a602e0f91708afc5a257	85b6448d8abe821cf5748b8b80bba852c68d873de20404917bdc0769f31d535d
val_clean	val	roboflow_team128_v5	roboflow_team128_v5_IMG_0439_jpg.rf.f7d38698618bc6fb9594dcfaf8ed7e92.jpg	roboflow_team128_v5_IMG_0439_jpg.rf.f7d38698618bc6fb9594dcfaf8ed7e92.txt	1	58	152	0	1	164	564.0	1779.0	907.0	808.0	466735.0	25e1992c17f6ad405837abb39906b866b9cfb6cbf9bdd39d3251db7735d1494e	da5a7b4d3f1632770b008ee09fa049f459786431a449ebf352d76bcd88550c6d
val_clean	val	roboflow_team128_v5	roboflow_team128_v5_IMG_0443_jpg.rf.0d613e28b269e7dedb8d5c56c3ca9f92.jpg	roboflow_team128_v5_IMG_0443_jpg.rf.0d613e28b269e7dedb8d5c56c3ca9f92.txt	1	59	153	0	1	17	1351.0	1213.0	196.0	137.0	16750.0	0d5daceb73762dbcb18457a00f7c8bb017482cbd914d3db833316477596a8e99	22ea6dd9d0af3ea43e0f12743a5ad6f80c2afbb2ea08ec8d27f2bd802cb130a4
val_clean	val	roboflow_team128_v5	roboflow_team128_v5_IMG_0443_jpg.rf.0d613e28b269e7dedb8d5c56c3ca9f92.jpg	roboflow_team128_v5_IMG_0443_jpg.rf.0d613e28b269e7dedb8d5c56c3ca9f92.txt	2	59	154	0	1	15	1949.0	1778.0	150.0	169.0	17541.0	073647f7ed2d8cb6ed0f9a46b95029adfdf67f43b51b9720bd3927c7b8cc58b0	db3528ecf0a404b7cf3beaf06d249aaf2cdece4b3b8c8e8ecddcdfc92ec18d7f
val_clean	val	roboflow_team128_v5	roboflow_team128_v5_IMG_0443_jpg.rf.0d613e28b269e7dedb8d5c56c3ca9f92.jpg	roboflow_team128_v5_IMG_0443_jpg.rf.0d613e28b269e7dedb8d5c56c3ca9f92.txt	3	59	155	0	1	43	1218.0	2144.0	275.0	184.0	25620.0	0c21fdba31bbca0242c6980c1ee011f31e552632aa6e5212d2abcf7886e863dc	100cc93b4753598d1f5e9e60b4e597b0f8e416acc61bb664c5f315bfe3ba4201
val_clean	val	roboflow_team128_v5	roboflow_team128_v5_IMG_0443_jpg.rf.0d613e28b269e7dedb8d5c56c3ca9f92.jpg	roboflow_team128_v5_IMG_0443_jpg.rf.0d613e28b269e7dedb8d5c56c3ca9f92.txt	4	59	156	0	1	23	1844.0	1918.0	210.0	337.0	42046.0	9778e07acc9a6bc3db33775d0e71508dee144630f01ad7424cb6841842b2ba83	9c7e02a0c2fc65c8cc6f3b1cc28b212e7e16719d73207e6fb19be3fe3a1f67e4
val_clean	val	roboflow_team128_v5	roboflow_team128_v5_IMG_0443_jpg.rf.0d613e28b269e7dedb8d5c56c3ca9f92.jpg	roboflow_team128_v5_IMG_0443_jpg.rf.0d613e28b269e7dedb8d5c56c3ca9f92.txt	5	59	157	0	1	57	1442.0	1897.0	436.0	435.0	105980.0	9e4f37492f3cec1bf42390a61be5b2db68c990679b76bd6bf29e62ed65c9d0e2	591f99e730526d44948823850bada4e0836e41a9d31fd1356d3d755abddf73ba
val_clean	val	roboflow_team128_v5	roboflow_team128_v5_IMG_0443_jpg.rf.0d613e28b269e7dedb8d5c56c3ca9f92.jpg	roboflow_team128_v5_IMG_0443_jpg.rf.0d613e28b269e7dedb8d5c56c3ca9f92.txt	6	59	158	0	1	36	592.0	1335.0	412.0	575.0	137393.0	8611522f0db6532242a08dfa7404933894ed7cfad4b1a9c3cf2d568271268010	fb28dc5b3f63acb46f502cba0e4c83903cd225a42375042078b98ea7a7ab9888
val_clean	val	roboflow_team128_v5	roboflow_team128_v5_IMG_0443_jpg.rf.0d613e28b269e7dedb8d5c56c3ca9f92.jpg	roboflow_team128_v5_IMG_0443_jpg.rf.0d613e28b269e7dedb8d5c56c3ca9f92.txt	7	59	159	0	1	63	1252.0	1360.0	677.0	533.0	205041.0	665bd1a1a433143c3bdd0cd7b366aba098f8f3e78cd99e07a4bbff8dd93d17b0	a07d672ffdc8aa4908663351c0763e2fa542f588cbb05c833e8bfbfb245c76f7
val_clean	val	roboflow_team128_v5	roboflow_team128_v5_IMG_0443_jpg.rf.0d613e28b269e7dedb8d5c56c3ca9f92.jpg	roboflow_team128_v5_IMG_0443_jpg.rf.0d613e28b269e7dedb8d5c56c3ca9f92.txt	8	59	160	0	1	49	708.0	1504.0	609.0	691.0	262058.0	0844145c8d6eb09cea9d4931d556d930862a35d3c672fdf5672118aa0f2426d4	9102541cf15dbc09f43783e119e9bc0ad68f99f1cd4780c9689a35b9980854bc
val_clean	val	roboflow_team128_v5	roboflow_team128_v5_IMG_0447_jpg.rf.7798a39c6626118742e66d31979630ca.jpg	roboflow_team128_v5_IMG_0447_jpg.rf.7798a39c6626118742e66d31979630ca.txt	1	60	161	0	1	107	960.0	1888.0	855.0	800.0	419861.0	839c297c6bcaaef461d8ac1c4c15718b1a7f0c12ef52be6be51070479be49dcb	50eed0733101a29a3fe58f112ffcee1fd3f8dc0c699d339268921b9702277563
val_clean	val	roboflow_team128_v5	roboflow_team128_v5_IMG_0447_jpg.rf.7798a39c6626118742e66d31979630ca.jpg	roboflow_team128_v5_IMG_0447_jpg.rf.7798a39c6626118742e66d31979630ca.txt	2	60	162	0	1	7	1650.0	2597.0	33.0	32.0	800.0	4f00ee6da3d9567d37783351ffe0d009a069cd7ed275cfeec8cfc99f0c00061e	c5df70c87b1e57a2b46b5ee27653d746deaed527bb4c95808558292c610a966c
val_clean	val	roboflow_team128_v5	roboflow_team128_v5_IMG_0447_jpg.rf.7798a39c6626118742e66d31979630ca.jpg	roboflow_team128_v5_IMG_0447_jpg.rf.7798a39c6626118742e66d31979630ca.txt	3	60	163	0	1	50	1331.0	1402.0	616.0	579.0	234353.0	a4e917dad1a74327dcfd6f435af1c97f414dc97debc586f7715051d27c89993b	2a8a397816963d75d683840da112b93a7500f9c465ce04352b69911be962858b
val_clean	val	roboflow_team128_v5	roboflow_team128_v5_IMG_0457_jpg.rf.cd467227d8b834ce10890d0369e07b9d.jpg	roboflow_team128_v5_IMG_0457_jpg.rf.cd467227d8b834ce10890d0369e07b9d.txt	1	61	164	0	1	61	630.0	1568.0	415.0	716.0	184424.0	7768ff2d913189d3dda5e3c74b84b2772aa8f5167ca5cd883e2d5d45ccfd9488	c3528f2cca9a43c80f59617c1869bb5dfd623f50675327d10fa688650660281a
val_clean	val	roboflow_team128_v5	roboflow_team128_v5_IMG_0457_jpg.rf.cd467227d8b834ce10890d0369e07b9d.jpg	roboflow_team128_v5_IMG_0457_jpg.rf.cd467227d8b834ce10890d0369e07b9d.txt	2	61	165	0	1	47	1282.0	1784.0	218.0	463.0	51674.0	90772cd7778312b80983ae7eb0fdd70315f0050c6cc3a568ef640076e7d7dcd7	1cd504ba689f03f2e0a810511169a0fef3d9bb55739abd1e1bd0bdb7dec8610b
val_clean	val	roboflow_team128_v5	roboflow_team128_v5_IMG_0457_jpg.rf.cd467227d8b834ce10890d0369e07b9d.jpg	roboflow_team128_v5_IMG_0457_jpg.rf.cd467227d8b834ce10890d0369e07b9d.txt	3	61	166	0	1	25	1063.0	1764.0	173.0	223.0	22026.0	3077572a336a824fd7bfd6c7a4722a61cf6838bf7f9e3db5a4cfa75dcc3fd727	a3aa2aaf0a2412f7638c2f8430bb15b23b32bfab59e65a3707d4b99ebf81349d
val_clean	val	roboflow_team128_v5	roboflow_team128_v5_IMG_0457_jpg.rf.cd467227d8b834ce10890d0369e07b9d.jpg	roboflow_team128_v5_IMG_0457_jpg.rf.cd467227d8b834ce10890d0369e07b9d.txt	4	61	167	0	1	27	1075.0	2069.0	197.0	191.0	19761.0	f29c859c3a07b551c09edc1c820fb16b55bd57d176ed582ee92ce7f39451201c	cdd5e6bd69d1c1ec811fc9784161786eeb7cd57845e49ed1babcd91c81fea959
val_clean	val	roboflow_team128_v5	roboflow_team128_v5_IMG_0468_jpg.rf.492da32a6f9e22a5c10b41dfe5f41efd.jpg	roboflow_team128_v5_IMG_0468_jpg.rf.492da32a6f9e22a5c10b41dfe5f41efd.txt	1	62	168	0	1	54	1342.0	1937.0	1087.0	1243.0	943457.0	21042b1da50dcaf8150d801de86cc50f80c442f7eb2c7c961e5403b2a29ea041	3caf0dad77a596ad5d6d601777be3fd84a7629b562cff158fbfcbe2693578318
val_clean	val	roboflow_team128_v5	roboflow_team128_v5_IMG_0468_jpg.rf.492da32a6f9e22a5c10b41dfe5f41efd.jpg	roboflow_team128_v5_IMG_0468_jpg.rf.492da32a6f9e22a5c10b41dfe5f41efd.txt	2	62	169	0	1	130	1326.0	1050.0	740.0	874.0	361492.0	fb186cd955675097205bb30d469da4cdca6f506db2fc0661ff52006f1ec07229	62465ebe31708ea77e239477bf13e9000cae05de288e7fe4b6763330466e82f1
val_clean	val	roboflow_team128_v5	roboflow_team128_v5_IMG_0468_jpg.rf.492da32a6f9e22a5c10b41dfe5f41efd.jpg	roboflow_team128_v5_IMG_0468_jpg.rf.492da32a6f9e22a5c10b41dfe5f41efd.txt	3	62	170	0	1	29	939.0	728.0	591.0	685.0	252899.0	3dd4e0045a51685188b38e98bbab85555a2bb44bd70b0116de7d8d7bb786bc28	e776fe9754cb064f39fe9f49c86861338068a21f45cb80e4c8dc31ebc0ec88be
val_clean	val	roboflow_team128_v5	roboflow_team128_v5_IMG_0483_jpg.rf.ed702ef3e5d843ed0ef94db00954d6dc.jpg	roboflow_team128_v5_IMG_0483_jpg.rf.ed702ef3e5d843ed0ef94db00954d6dc.txt	1	63	171	0	1	185	1954.0	2605.0	853.0	1140.0	482521.0	ec82f47f243705e55d839ba27fb882a85e6a68325af9a539e851e0e7291e85ff	0abf25c85061333f717c52e6bdba5edfabf4d65b628f279c9cadd5ef478245d6
val_clean	val	roboflow_team128_v5	roboflow_team128_v5_IMG_0483_jpg.rf.ed702ef3e5d843ed0ef94db00954d6dc.jpg	roboflow_team128_v5_IMG_0483_jpg.rf.ed702ef3e5d843ed0ef94db00954d6dc.txt	2	63	172	0	1	30	2712.0	3371.0	89.0	231.0	10519.0	737150c35b51597162d28073f4e7ee9e167f5c257db3f24363973f71b995ef23	f1c91a62a0f2f17b3583de7183fe08872c2e9c994f82fe5776147a588da62188
val_clean	val	roboflow_team128_v5	roboflow_team128_v5_IMG_0483_jpg.rf.ed702ef3e5d843ed0ef94db00954d6dc.jpg	roboflow_team128_v5_IMG_0483_jpg.rf.ed702ef3e5d843ed0ef94db00954d6dc.txt	3	63	173	0	1	120	1324.0	1633.0	607.0	936.0	372924.0	bca94f4c349baa9d1c137e3c559ebee8c6cdd12c204d9a996f77cc1cc92c4016	3676f4ab5584628e75a6d358953410f734671876447591a2ce150d23d0bae65d
val_clean	val	roboflow_team128_v5	roboflow_team128_v5_IMG_0504_jpg.rf.005bbaa129630c9aa3ba640a30a9c0a6.jpg	roboflow_team128_v5_IMG_0504_jpg.rf.005bbaa129630c9aa3ba640a30a9c0a6.txt	1	64	174	0	1	115	1567.0	960.0	1410.0	1178.0	1133420.0	0a3de4d93081feceb9e78420412735a3f0c07c0f40358be73f054294389bafe8	0e413074dcd27f41b094dbba3d6398f12325702713eb8a6645eb4f516b02a220
val_clean	val	roboflow_team128_v5	roboflow_team128_v5_IMG_0517_jpg.rf.28d6755c0b1886d5fca37119534e79c3.jpg	roboflow_team128_v5_IMG_0517_jpg.rf.28d6755c0b1886d5fca37119534e79c3.txt	1	65	175	0	1	61	1087.0	1498.0	792.0	879.0	506075.0	0b5a757ade1d4145c877eaa8a8969e24d11ade1d3d08d513e8271a51cc66a32c	ede4bd023ce3da1d8fa976c8857db9f446e0175207be6b0ddd0795faf250ee03
val_clean	val	roboflow_team128_v5	roboflow_team128_v5_IMG_0523_jpg.rf.055aa5564423e43ca3252dedbf586fde.jpg	roboflow_team128_v5_IMG_0523_jpg.rf.055aa5564423e43ca3252dedbf586fde.txt	1	66	176	0	1	121	925.0	1164.0	910.0	886.0	505359.0	8fd69e4a8866eddd2cd5d3cae2fef44e796706a25cd52f4cb48f3927126d5d03	531b053eb20bd344360dbcbada3372fc0ea8f53b6aba23af2cae9a09e1c842b9
val_clean	val	roboflow_team128_v5	roboflow_team128_v5_IMG_0530_jpg.rf.7f0e4611c9953bbbb3615868a543bb8c.jpg	roboflow_team128_v5_IMG_0530_jpg.rf.7f0e4611c9953bbbb3615868a543bb8c.txt	1	67	177	0	1	101	1035.0	1755.0	714.0	770.0	383407.0	6c04898a5b30e5ddb59a2e574d2035277c3ffa2bc6d4a59089d86b44aa9a5971	5365e54735fafecf56c4ee71e9b394b4849f2e59baa69907455f08f3a0c960f8
val_clean	val	roboflow_team128_v5	roboflow_team128_v5_IMG_0548_jpg.rf.d9baa4401817328aba3ff18a6a1ca193.jpg	roboflow_team128_v5_IMG_0548_jpg.rf.d9baa4401817328aba3ff18a6a1ca193.txt	1	68	178	0	1	190	370.0	799.0	738.0	1444.0	612066.0	3a74be5e5071ce0c93eafffebdaa85291ec2c783082f90c2bc99c76ab962089b	95e7c6f14222bccd77516cb470e6f7476c4ba3e4d3f3c045d05ee0f9ab148d21
val_clean	val	roboflow_team128_v5	roboflow_team128_v5_IMG_0551_jpg.rf.b211b13d930bf945f0f37ff70dfc7a11.jpg	roboflow_team128_v5_IMG_0551_jpg.rf.b211b13d930bf945f0f37ff70dfc7a11.txt	1	69	179	0	1	61	858.0	1162.0	636.0	810.0	332745.0	39d2d6c1bddd23634b68cd0b8cc061d793f9b8cc9a1fa6755cb7b71ce4cd8a0f	ba7d68bc7b3a8c73bc3e5e2d652e270091b71b436e494a6bb053cd41a9421138
val_clean	val	roboflow_team128_v5	roboflow_team128_v5_IMG_0551_jpg.rf.b211b13d930bf945f0f37ff70dfc7a11.jpg	roboflow_team128_v5_IMG_0551_jpg.rf.b211b13d930bf945f0f37ff70dfc7a11.txt	2	69	180	0	1	56	2312.0	2644.0	309.0	406.0	81309.0	b8d9159e605ace232248ab7f8a32bb716e26682b02c8684dc6cb0179ad67c1a1	361cc65f073192b58ff39e5d4040aaf842882938f77dd873cdd75f592bddd6db
val_clean	val	roboflow_team128_v5	roboflow_team128_v5_IMG_0551_jpg.rf.b211b13d930bf945f0f37ff70dfc7a11.jpg	roboflow_team128_v5_IMG_0551_jpg.rf.b211b13d930bf945f0f37ff70dfc7a11.txt	3	69	181	0	1	18	2594.0	2694.0	113.0	206.0	15214.0	3fbff9f666307926e7ace9f4d3f9940ab33e534f21cacaf877e0880ba7ab5ba7	03ee637924456e12924ba5c1d31b9bcb9207c8c237b7aef2b3826a53f255cf31
val_clean	val	roboflow_team128_v5	roboflow_team128_v5_IMG_0551_jpg.rf.b211b13d930bf945f0f37ff70dfc7a11.jpg	roboflow_team128_v5_IMG_0551_jpg.rf.b211b13d930bf945f0f37ff70dfc7a11.txt	4	69	182	0	1	30	2297.0	2361.0	268.0	181.0	18859.0	75de1ff3b2bf3d843f95e7c8b3e93e7521d5f22d67796550d35003fd63ccbd55	38d43194ab44a3359cf6ed1db5190cdd85159d86a68ffa9a68eee8c8266ccd96
val_clean	val	roboflow_team128_v5	roboflow_team128_v5_IMG_0567_jpg.rf.ebcbfdb0a783a28e566a11c126227051.jpg	roboflow_team128_v5_IMG_0567_jpg.rf.ebcbfdb0a783a28e566a11c126227051.txt	1	70	183	0	1	86	1225.0	1897.0	645.0	561.0	219667.0	f6d02e2c59a197bbf40f293066e0b0b7e474a50fa720f0a9a2a64e79cf66ca70	14bbe169623f2276a9575f610c09bd0f3d39a0f2bc1a1ee6630f5f6a84b4580c
val_clean	val	roboflow_team128_v5	roboflow_team128_v5_IMG_0567_jpg.rf.ebcbfdb0a783a28e566a11c126227051.jpg	roboflow_team128_v5_IMG_0567_jpg.rf.ebcbfdb0a783a28e566a11c126227051.txt	2	70	184	0	1	86	1311.0	1127.0	411.0	398.0	95742.0	7a842696db7bfcb865a4aca022a7ed52bf82e5a35c4b39ee545c360de7f204c2	bafa1197029d0850c81c487c255aad971dcf974cea08e7f4ed546e83cc208a16
val_clean	val	roboflow_team128_v5	roboflow_team128_v5_IMG_0582_jpg.rf.6f012684d67805f69887db483cc07deb.jpg	roboflow_team128_v5_IMG_0582_jpg.rf.6f012684d67805f69887db483cc07deb.txt	1	71	185	0	1	123	853.0	1486.0	1388.0	1011.0	794460.0	6e92a95bcc2db9aca9be9baa5f5f24a9688a2174a60f7791e09be056ec622150	83bfbdfe92552d80801bdf648297ca12d4545d2b275778020c180e3e24a410d9
val_clean	val	roboflow_team128_v5	roboflow_team128_v5_IMG_0588_jpg.rf.02f3c3beb98360fc1fbe3039821d9e3c.jpg	roboflow_team128_v5_IMG_0588_jpg.rf.02f3c3beb98360fc1fbe3039821d9e3c.txt	1	72	186	0	1	162	1016.0	981.0	848.0	830.0	382591.0	d3a2f5c77dc74e7acb088fb05c6e1f48ec70850bbd93a64c1b98ded2e45983ba	8d916acb28d7bdc5863f6d059c02d74e0ad3c64e900fadf93a81adacf3741e3a
val_clean	val	roboflow_team128_v5	roboflow_team128_v5_IMG_0610_jpg.rf.29af45116f1f1b6d048921918880d7b6.jpg	roboflow_team128_v5_IMG_0610_jpg.rf.29af45116f1f1b6d048921918880d7b6.txt	1	73	187	0	1	32	1513.0	1856.0	331.0	226.0	41652.0	5c9790188cf9035213926e5dcd17af0eb1c92c8af34284157bdd871361056e03	8255e865cc09e84af0943a2970cba4707e377c5b81a9abd9d13b59a4f76473db
val_clean	val	roboflow_team128_v5	roboflow_team128_v5_IMG_0610_jpg.rf.29af45116f1f1b6d048921918880d7b6.jpg	roboflow_team128_v5_IMG_0610_jpg.rf.29af45116f1f1b6d048921918880d7b6.txt	2	73	188	0	1	54	1594.0	1640.0	345.0	433.0	42383.0	41227fe21b30248453dbe51904ec2148d0ae37ff5ce77af112e054cc2fa0d84e	2eaaecf778d454b4115358abd5111e593acf6730bca81f3395301a61f41efa0c
val_clean	val	roboflow_team128_v5	roboflow_team128_v5_IMG_0612_jpg.rf.2e35402ff506f965f0cf0335d4ac6074.jpg	roboflow_team128_v5_IMG_0612_jpg.rf.2e35402ff506f965f0cf0335d4ac6074.txt	1	74	189	0	1	34	1635.0	2383.0	260.0	196.0	30681.0	dc66d179e2ea7b004d7dcc409a520c39c1327e503c03a58b12523f3693f5b23e	c63974beae067cc912fb895d2cbeda1c2b543c226ee8837aafcb62f0f02da09e
val_clean	val	roboflow_team128_v5	roboflow_team128_v5_IMG_0612_jpg.rf.2e35402ff506f965f0cf0335d4ac6074.jpg	roboflow_team128_v5_IMG_0612_jpg.rf.2e35402ff506f965f0cf0335d4ac6074.txt	2	74	190	0	1	91	1063.0	1769.0	875.0	586.0	322073.0	0978d2179e9f5727ab7d32a8d844efa7b24db10df36dd55e2a359984b45807a3	8fb2b7cabecb83559c373a5923b1e2098591f562423115cbf83f4c5352b19a05
val_clean	val	roboflow_team128_v5	roboflow_team128_v5_IMG_0619_jpg.rf.a98e19d52c698ba06cdd03fe05e8a375.jpg	roboflow_team128_v5_IMG_0619_jpg.rf.a98e19d52c698ba06cdd03fe05e8a375.txt	1	75	191	0	1	70	1554.0	1033.0	388.0	589.0	152423.0	69d832150ff1567c1dacf66041a09e6f68cafe18186b393621db6e994e1b9826	ff53237e46cb789e041d4a60538122e7b4ba2ce7936d5448b7807ea0830cf625
val_clean	val	roboflow_team128_v5	roboflow_team128_v5_IMG_0620_jpg.rf.ba2118369299a89372c037ffaedf6731.jpg	roboflow_team128_v5_IMG_0620_jpg.rf.ba2118369299a89372c037ffaedf6731.txt	1	76	192	0	1	198	1381.0	644.0	622.0	903.0	307145.0	a61c243dd23d8723e9d3ac8ac64d7e92dace7c08e920a597a94e9a8e49883410	d73e464940ed09d709fe6210cba600c2dd2230fce536995260ca00c1b75f4344
val_clean	val	roboflow_team128_v5	roboflow_team128_v5_IMG_0624_jpg.rf.f594b997972052c093d57596192d0eca.jpg	roboflow_team128_v5_IMG_0624_jpg.rf.f594b997972052c093d57596192d0eca.txt	1	77	193	0	1	63	1518.0	1194.0	840.0	797.0	429762.0	058684342f537b5e92ee5249a1737741bee58554df0d43121ad114dd155c2b77	964c25b2f78f5096513e8bdd7b48b9a6a176708c39179f5fcb7a970a7944346a
val_clean	val	roboflow_team128_v5	roboflow_team128_v5_IMG_0627_jpg.rf.160b431f74ade153efb8b48ed8b863af.jpg	roboflow_team128_v5_IMG_0627_jpg.rf.160b431f74ade153efb8b48ed8b863af.txt	1	78	194	0	1	66	327.0	966.0	765.0	648.0	341283.0	76ccbb3ec0ff35447bc332cd43fd02333812a88516fd2488bbc0ad641fd5b3fb	2eca2d32575a4c26a4b254bb7087e24b9703813047d79c57abfef53573f9bbf3
val_clean	val	roboflow_team128_v5	roboflow_team128_v5_IMG_0627_jpg.rf.160b431f74ade153efb8b48ed8b863af.jpg	roboflow_team128_v5_IMG_0627_jpg.rf.160b431f74ade153efb8b48ed8b863af.txt	2	78	195	0	1	56	1819.0	1638.0	242.0	682.0	95183.0	856c39d50f8cabc1790fe0767bc9dc7d08367972449176c9d1a6f1e66a5f0795	10af7b7c918749ee6f5f2b7601c3241200af4b6efa8a24ecffc9e309544cc1bc
val_clean	val	roboflow_team128_v5	roboflow_team128_v5_IMG_0627_jpg.rf.160b431f74ade153efb8b48ed8b863af.jpg	roboflow_team128_v5_IMG_0627_jpg.rf.160b431f74ade153efb8b48ed8b863af.txt	3	78	196	0	1	33	1523.0	1606.0	227.0	242.0	16944.0	0fe6d1504a6f0f4b3d26c064f4ae9352c453b821c6197bd9a269af3aa7370927	d497fc0accb3d5e81591fafa3f5deffc65134243f4b961fbfa9d5c5986769d33
val_clean	val	roboflow_team128_v5	roboflow_team128_v5_IMG_0644_jpg.rf.d7cc4778980ef104e8514d3545bbd27a.jpg	roboflow_team128_v5_IMG_0644_jpg.rf.d7cc4778980ef104e8514d3545bbd27a.txt	1	79	197	0	1	33	2437.0	42.0	248.0	266.0	41597.0	8548a2b48b3c2b548c1474856632a4b6d0d52498cd732332a9ef5d5ae2532bb1	67b59e78b1ae57e149134a94353f3714c3a28e92e48b620546421ba8e5e80d87
val_clean	val	roboflow_team128_v5	roboflow_team128_v5_IMG_0644_jpg.rf.d7cc4778980ef104e8514d3545bbd27a.jpg	roboflow_team128_v5_IMG_0644_jpg.rf.d7cc4778980ef104e8514d3545bbd27a.txt	2	79	198	0	1	103	2021.0	3070.0	324.0	588.0	110782.0	2b2d9c41bc227c53ab8a3a73d56cddbec4ff1e4327a01271f2ddcb7a4affcdc9	139bbfd3505f0edb094bc838d37412239b62edf511ad98e1f501845065f8165d
val_clean	val	roboflow_team128_v5	roboflow_team128_v5_IMG_0657_jpg.rf.9e8cea511f98253e7e38611157431623.jpg	roboflow_team128_v5_IMG_0657_jpg.rf.9e8cea511f98253e7e38611157431623.txt	1	80	199	0	1	18	1210.0	698.0	147.0	227.0	13904.0	60917cc31604b409e9cbcbf55a7f7d0610ba4a5cfec0469dea4b81b1faa9edeb	df220e619860c782c47ae501933a19fa6a48b1686fc5f2f2edc9c1efeddf4649
val_clean	val	roboflow_team128_v5	roboflow_team128_v5_IMG_0671_jpg.rf.b786650609541d5a125145236bf381f3.jpg	roboflow_team128_v5_IMG_0671_jpg.rf.b786650609541d5a125145236bf381f3.txt	1	81	200	0	1	84	1083.0	1270.0	669.0	644.0	303860.0	78ffa5def9067875bd1b279004a4a51f370b7b216cb90f0e4b6f698bb58349db	05a5e9da3802a91e06c62e948204de0f66dff7bdf8b378889fd6317331c7a4e1
val_clean	val	roboflow_team128_v5	roboflow_team128_v5_IMG_0671_jpg.rf.b786650609541d5a125145236bf381f3.jpg	roboflow_team128_v5_IMG_0671_jpg.rf.b786650609541d5a125145236bf381f3.txt	2	81	201	0	1	78	1701.0	2581.0	516.0	389.0	133654.0	009f13bed4a559ad6de2b8de9d792392316167c61cbe2811f6b76ad341bcb592	367ea16a76252ff6d44fd2ce280320db2567b6b8b263d8349ce996c8c415b5bb
val_clean	val	roboflow_team128_v5	roboflow_team128_v5_IMG_0678_jpg.rf.f345834fbcc2483c67ed242a99ccfab5.jpg	roboflow_team128_v5_IMG_0678_jpg.rf.f345834fbcc2483c67ed242a99ccfab5.txt	1	82	202	0	1	51	1824.0	1407.0	461.0	473.0	144480.0	28a24346f9f9b494f3bde915318420f488732dc59d711f07d5beeced6e1140df	ff82830f46e493deaac54098138b70203ad29b2a32b6bb57070605e5e791f04f
val_clean	val	roboflow_team128_v5	roboflow_team128_v5_IMG_0678_jpg.rf.f345834fbcc2483c67ed242a99ccfab5.jpg	roboflow_team128_v5_IMG_0678_jpg.rf.f345834fbcc2483c67ed242a99ccfab5.txt	2	82	203	0	1	88	1462.0	947.0	361.0	253.0	38058.0	0fc313da8d75683a4dabf5b6679dd8f795ce08adc4e3053890c2b54c2129135e	0a88918c22ada870adef12c156d0cd21af1bbf0fa8ea9d7705bc006f082cb625
val_clean	val	roboflow_team128_v5	roboflow_team128_v5_IMG_0680_jpg.rf.01375aa7e88750ccf789695074e64399.jpg	roboflow_team128_v5_IMG_0680_jpg.rf.01375aa7e88750ccf789695074e64399.txt	1	83	204	0	1	137	1738.0	173.0	575.0	571.0	206284.0	7f38f55fc173bada1104bb01b9180c7ec49326dbfca90247fcae162d32c8fddf	caca526d973be74edae34654ef0c9ae63e5be7d8a5ae4172092218d1839470d1
val_clean	val	roboflow_team128_v5	roboflow_team128_v5_IMG_0680_jpg.rf.01375aa7e88750ccf789695074e64399.jpg	roboflow_team128_v5_IMG_0680_jpg.rf.01375aa7e88750ccf789695074e64399.txt	2	83	205	0	1	119	1002.0	1529.0	532.0	752.0	241067.0	35a38696139d64459e665d6c51430f47f77912cedc0c1d25879629ce3d80fe67	26c39335bfc9c17d6db61580c6fb08b8cc19976b37623843fd09e7b6542706b3
val_clean	val	roboflow_team128_v5	roboflow_team128_v5_IMG_0687_jpg.rf.20897fb4f96a879a2bd5fbbdb60cc4d8.jpg	roboflow_team128_v5_IMG_0687_jpg.rf.20897fb4f96a879a2bd5fbbdb60cc4d8.txt	1	84	206	0	1	62	1214.0	1690.0	327.0	327.0	63258.0	83e215d404fb0095965604cff1197f0822afa6b9a29002f9768f57d66c2f2994	4da22b7be3955ecd72218ee333364dc7fa5fd3b8794f68a0d6da9b3020755bd8
val_clean	val	roboflow_team128_v5	roboflow_team128_v5_IMG_0693_jpg.rf.47123a8c6d6035564aec038024bc87e7.jpg	roboflow_team128_v5_IMG_0693_jpg.rf.47123a8c6d6035564aec038024bc87e7.txt	1	85	207	0	1	51	1486.0	1900.0	733.0	382.0	165098.0	1c58f0885259dec58d734fedf2a3565f9428da40fdcffdeef1bad6236c6e9085	d7180876017733034a65fb44fbb887c2d2d03d297361fc3537c6d6200e0611f8
val_clean	val	roboflow_team128_v5	roboflow_team128_v5_IMG_0695_jpg.rf.ef7ce3011cc61fc11047b9a0f6f5942b.jpg	roboflow_team128_v5_IMG_0695_jpg.rf.ef7ce3011cc61fc11047b9a0f6f5942b.txt	1	86	208	0	1	59	2690.0	2559.0	333.0	423.0	78423.0	de581ab09b7813fa9fe3bcac38c2821ea63e1b7881501d62ad37f7a63a4a6c26	b085ec753c484f8ed54441d8ba208c8ed575193428ab73106feb9b8a99653729
val_clean	val	roboflow_team128_v5	roboflow_team128_v5_IMG_0695_jpg.rf.ef7ce3011cc61fc11047b9a0f6f5942b.jpg	roboflow_team128_v5_IMG_0695_jpg.rf.ef7ce3011cc61fc11047b9a0f6f5942b.txt	2	86	209	0	1	132	1673.0	1210.0	549.0	695.0	158874.0	0b7b9c86e1566fba01d999ca6dbb7499cccc191816ac1733c2bdc42e4414f0d5	7218fecd51fdeb061a886ed3f3207aff05975f4517ce89268d60a7009fcda757
val_clean	val	roboflow_team128_v5	roboflow_team128_v5_IMG_0695_jpg.rf.ef7ce3011cc61fc11047b9a0f6f5942b.jpg	roboflow_team128_v5_IMG_0695_jpg.rf.ef7ce3011cc61fc11047b9a0f6f5942b.txt	3	86	210	0	1	126	2037.0	2061.0	653.0	451.0	81993.0	02852af531fa687a00fca0f22750bf04ecf94d074d3d711231831ffe7d2d85e3	064b3e24d01d62454e3c96b9c321c48a00c48f18f4a1be63e982519826412a75
val_clean	val	roboflow_team128_v5	roboflow_team128_v5_IMG_0695_jpg.rf.ef7ce3011cc61fc11047b9a0f6f5942b.jpg	roboflow_team128_v5_IMG_0695_jpg.rf.ef7ce3011cc61fc11047b9a0f6f5942b.txt	4	86	211	0	1	47	1263.0	1381.0	251.0	280.0	38347.0	f81ba226cfc9bc79181f0d7b20bc2bd89d83d850d22fa2b387839e980015d91a	6ce714fc9b8269443b7eeca5f0aba1d76262fbd1147316484e1257500e79a81f
val_clean	val	roboflow_team128_v5	roboflow_team128_v5_IMG_0699_jpg.rf.d68534020dcff76b363f3a4b163102f4.jpg	roboflow_team128_v5_IMG_0699_jpg.rf.d68534020dcff76b363f3a4b163102f4.txt	1	87	212	0	1	109	690.0	1678.0	581.0	559.0	160641.0	38445c1f11bb5677fe3e595c2f3abdd12a0e5c2146e1e79e5c9bdb030d8f75cb	fbe5274b7246e918cae476850e86516303506c4361ecaf1007d4813de8c6aa8b
val_clean	val	roboflow_team128_v5	roboflow_team128_v5_IMG_0713_jpg.rf.8cdb70f735b9983b85d7557aa777e39d.jpg	roboflow_team128_v5_IMG_0713_jpg.rf.8cdb70f735b9983b85d7557aa777e39d.txt	1	88	213	0	1	111	1554.0	1119.0	577.0	425.0	148353.0	4581af2364277db566bced5d7377d90ebd37f892cc4619c58dbd03a449a7c6fc	46b1333e22f27775e1033026b33561dba40f0c5a7045283fef22ecc2a288fa0b
val_clean	val	roboflow_team128_v5	roboflow_team128_v5_IMG_0713_jpg.rf.8cdb70f735b9983b85d7557aa777e39d.jpg	roboflow_team128_v5_IMG_0713_jpg.rf.8cdb70f735b9983b85d7557aa777e39d.txt	2	88	214	0	1	37	2717.0	1292.0	281.0	214.0	35841.0	e90fe6e8c27c00e867b32d27d1efc2e9858a1488a03249b560de961bf7af047e	6c6674ed551c20103b285a71c91ca9e40f53cf3e9d1c1d23d5c0306e041fa4f5
val_clean	val	roboflow_team128_v5	roboflow_team128_v5_IMG_0713_jpg.rf.8cdb70f735b9983b85d7557aa777e39d.jpg	roboflow_team128_v5_IMG_0713_jpg.rf.8cdb70f735b9983b85d7557aa777e39d.txt	3	88	215	0	1	42	1493.0	802.0	304.0	270.0	49832.0	426434fe1821317c234b16c3d670fdc763935b60a2c4c3a283e24e00d794b3d7	4ef86780fa703a2a3f088f510e593d7055b1f6e48567ef9a087509de420da97f
val_clean	val	roboflow_team128_v5	roboflow_team128_v5_IMG_0713_jpg.rf.8cdb70f735b9983b85d7557aa777e39d.jpg	roboflow_team128_v5_IMG_0713_jpg.rf.8cdb70f735b9983b85d7557aa777e39d.txt	4	88	216	0	1	28	2428.0	667.0	134.0	136.0	12092.0	60dde2c4d0ecf8cb3b0c580179e8af74298b12412a04c56718c893f12d23c48f	6b589779c91fcf88ee0b09225db287a83f757e85c26489f702e0912385af1bc4
val_clean	val	roboflow_team128_v5	roboflow_team128_v5_IMG_0713_jpg.rf.8cdb70f735b9983b85d7557aa777e39d.jpg	roboflow_team128_v5_IMG_0713_jpg.rf.8cdb70f735b9983b85d7557aa777e39d.txt	5	88	217	0	1	38	2707.0	257.0	316.0	168.0	12876.0	2ea54f6d3140b8529eab495d98edfc6191d662ceeadb5e2faf047441b75143da	2a4fc87603b0361aafd59bc88d3efd46d4cfe0f1e054b42a42ff06aae8a2b4c5
val_clean	val	roboflow_team128_v5	roboflow_team128_v5_IMG_0713_jpg.rf.8cdb70f735b9983b85d7557aa777e39d.jpg	roboflow_team128_v5_IMG_0713_jpg.rf.8cdb70f735b9983b85d7557aa777e39d.txt	6	88	218	0	1	30	1715.0	90.0	226.0	223.0	23752.0	f14bc2d92ac68520a9495e24de80f1f4271c8c9161d3f41e929c1e108ebbf209	b93f6ea703b449ef7e7926e11003bcf2373a69c8a2188331ce15b90be47a5c7f
val_clean	val	roboflow_team128_v5	roboflow_team128_v5_IMG_0714_jpg.rf.975c51537d4ef67b3bb60b6eade690c1.jpg	roboflow_team128_v5_IMG_0714_jpg.rf.975c51537d4ef67b3bb60b6eade690c1.txt	1	89	219	0	1	50	1388.0	1514.0	626.0	473.0	213637.0	49504ad4d4c44c35d8972027c94c51b3191466470cd8e273cbcbfc56e993b8f1	d55d52443b083c692f92cb20940b9c25a36000e690a69c7223f64d252be6c6d3
val_clean	val	roboflow_team128_v5	roboflow_team128_v5_IMG_0714_jpg.rf.975c51537d4ef67b3bb60b6eade690c1.jpg	roboflow_team128_v5_IMG_0714_jpg.rf.975c51537d4ef67b3bb60b6eade690c1.txt	2	89	220	0	1	36	1270.0	1121.0	342.0	321.0	70062.0	6c7f5a63fb985fc3d9cefd1b1e67931abb88350f3b3c7096db9edcf4c0b8f0f9	9d327189149de7f3ec92f08fc6d5ad61f3adabcafc9841272f817b83d925beba
val_clean	val	roboflow_team128_v5	roboflow_team128_v5_IMG_0714_jpg.rf.975c51537d4ef67b3bb60b6eade690c1.jpg	roboflow_team128_v5_IMG_0714_jpg.rf.975c51537d4ef67b3bb60b6eade690c1.txt	3	89	221	0	1	17	2215.0	828.0	159.0	145.0	16043.0	45deb2e4a5b9d2cecda8037e6e3adcf7b75ad88cff932acfd3cd6f82a0f34ecc	ecf12a1f20bf05f18e255dfe373ef70b795378d65c41498fc78c6a48b52d1bac
val_clean	val	roboflow_team128_v5	roboflow_team128_v5_IMG_0714_jpg.rf.975c51537d4ef67b3bb60b6eade690c1.jpg	roboflow_team128_v5_IMG_0714_jpg.rf.975c51537d4ef67b3bb60b6eade690c1.txt	4	89	222	0	1	40	2613.0	1569.0	299.0	256.0	51620.0	0802ca47f6a11a5bfc89ca32e0c73e3a0d614b7eacd8d9ece52dd133ddc44d24	3b3f2561040902799d574c29ca2598f97f10b11e1a4e9ede6a91d180e95ae2ce
val_clean	val	roboflow_team128_v5	roboflow_team128_v5_IMG_0714_jpg.rf.975c51537d4ef67b3bb60b6eade690c1.jpg	roboflow_team128_v5_IMG_0714_jpg.rf.975c51537d4ef67b3bb60b6eade690c1.txt	5	89	223	0	1	32	930.0	1916.0	245.0	313.0	45447.0	fcf7a46553a6fa1508fc52bda78252fb098e175299d9f0ad19e28ba17b3d50d4	640b3ba959a1cb26c17a0c5c7fa20c15e8f16d7074bb7bd7d231e01facfa8a2e
val_clean	val	roboflow_team128_v5	roboflow_team128_v5_IMG_0714_jpg.rf.975c51537d4ef67b3bb60b6eade690c1.jpg	roboflow_team128_v5_IMG_0714_jpg.rf.975c51537d4ef67b3bb60b6eade690c1.txt	6	89	224	0	1	13	1440.0	204.0	225.0	218.0	31669.0	e37921f05e1a4cfede63e355fd83530f5cf84dd6c610df40b16b9802f30f8c12	7277b8ed04c6940fb9e36967dbf039f32d653eb74997c24e29c7c0aa7223df6f
val_clean	val	roboflow_team128_v5	roboflow_team128_v5_IMG_0714_jpg.rf.975c51537d4ef67b3bb60b6eade690c1.jpg	roboflow_team128_v5_IMG_0714_jpg.rf.975c51537d4ef67b3bb60b6eade690c1.txt	7	89	225	0	1	25	2485.0	349.0	367.0	217.0	24780.0	2298cafab36a7cc32df0921cd5cbfc69e452c758b3ec4dfb1f807f89e9cc4d8a	b44fb0026d44a26fe054cd224b864ef4423369ef66ae94cee30454c6abd46d82
val_clean	val	roboflow_team128_v5	roboflow_team128_v5_IMG_0714_jpg.rf.975c51537d4ef67b3bb60b6eade690c1.jpg	roboflow_team128_v5_IMG_0714_jpg.rf.975c51537d4ef67b3bb60b6eade690c1.txt	8	89	226	0	1	38	1935.0	3228.0	471.0	407.0	130480.0	2afad488e659d80c2dcd49fa03a9f17ed1d3a86cc428e50dba239c874c4fdb12	ee0b644d4df7681f04df93e1538f4197526f646d8744b68f3ce44719be61d886
val_clean	val	roboflow_team128_v5	roboflow_team128_v5_IMG_0715_jpg.rf.88d467a024f3a6a0850c275de365286c.jpg	roboflow_team128_v5_IMG_0715_jpg.rf.88d467a024f3a6a0850c275de365286c.txt	1	90	227	0	1	56	1151.0	1422.0	523.0	391.0	134159.0	50cd34f77be7155d5245d323437f1a6a84ff05500f14280a113c4bf5ee038e45	dbce0cb78ea90e0eae8ba5571a6c81b05bd9237d5c5cbee2079352fb337614dd
val_clean	val	roboflow_team128_v5	roboflow_team128_v5_IMG_0725_jpg.rf.4d3525a3cb5c1078f661758cf5b9486d.jpg	roboflow_team128_v5_IMG_0725_jpg.rf.4d3525a3cb5c1078f661758cf5b9486d.txt	1	91	228	0	1	80	429.0	1996.0	417.0	532.0	126589.0	9c0333dbf8e71a95e717528d08ce7779e5178b2a944261ee89a8b5e3177e0e2d	41583ae8f66d9582f366790c24c9a9f68f5c1e2ae362833a5129f0bdaedfe7ac
val_clean	val	roboflow_team128_v5	roboflow_team128_v5_IMG_0725_jpg.rf.4d3525a3cb5c1078f661758cf5b9486d.jpg	roboflow_team128_v5_IMG_0725_jpg.rf.4d3525a3cb5c1078f661758cf5b9486d.txt	2	91	229	0	1	62	1374.0	2007.0	353.0	370.0	70193.0	a58a3c7e46876faada50e7ab2861e49e55d9e9ee612c2c6a7f4de0aedc39928b	fa963ca2fa9d64768a3597e08f9140b2ace934f246db55f4d698388fd55ccd62
val_clean	val	roboflow_team128_v5	roboflow_team128_v5_IMG_0725_jpg.rf.4d3525a3cb5c1078f661758cf5b9486d.jpg	roboflow_team128_v5_IMG_0725_jpg.rf.4d3525a3cb5c1078f661758cf5b9486d.txt	3	91	230	0	1	48	2169.0	2495.0	661.0	692.0	324095.0	a910f392fcda3b3a902bbb0d23b73eef41b65abf794a8a99d060ed8ab3b7eca3	c74ec3e43e254044823983aba5c2d21f138d80d24319cf9e6e3ad5cfd353382f
val_clean	val	roboflow_team128_v5	roboflow_team128_v5_IMG_0725_jpg.rf.4d3525a3cb5c1078f661758cf5b9486d.jpg	roboflow_team128_v5_IMG_0725_jpg.rf.4d3525a3cb5c1078f661758cf5b9486d.txt	4	91	231	0	1	33	2416.0	3298.0	607.0	718.0	337097.0	69cbe98ea1642ed61bfb74e35fd274739bf10879bebc809f7cb0f9d46a4368d6	688fe8239c2baa5bb844b4deb9e555088e5295a3000eb08209dc4a0a07e71e6b
val_clean	val	roboflow_team128_v5	roboflow_team128_v5_IMG_0725_jpg.rf.4d3525a3cb5c1078f661758cf5b9486d.jpg	roboflow_team128_v5_IMG_0725_jpg.rf.4d3525a3cb5c1078f661758cf5b9486d.txt	5	91	232	0	1	51	1701.0	1327.0	408.0	375.0	68587.0	e2c0f3d2ba1ae44dd20fd56e08dc1e3f2dbe244d990713e394be1fe747395502	5384f9944ea8a3a0b58ba418036c63fc97b2b05e65af923103fb2aa7384a01de
val_clean	val	roboflow_team128_v5	roboflow_team128_v5_IMG_0742_jpg.rf.a79241e17c8cf2192ba924bf879ce834.jpg	roboflow_team128_v5_IMG_0742_jpg.rf.a79241e17c8cf2192ba924bf879ce834.txt	1	92	233	0	1	40	1560.0	967.0	319.0	166.0	24919.0	ba16b7f596dae0d23a3cf93182374a124642f69dc0011dfe5d2ad32b3ec61f9b	2d5df33c3c074f02827da7bc86f1e356bce62b44ec09c40fb99717f20b17bb6c
val_clean	val	roboflow_team128_v5	roboflow_team128_v5_IMG_0783_jpg.rf.893ea1337db89ef1b67821572ff2b38d.jpg	roboflow_team128_v5_IMG_0783_jpg.rf.893ea1337db89ef1b67821572ff2b38d.txt	1	93	234	0	1	13	2694.0	0.0	329.0	188.0	48482.0	0dc358fa733285537f4cf60c130990ca09141f618f2e070c1b7e2c3863fcdbef	e2c4b89b170c9039f9c56f2712f2604e323bf7dfeaa1bc5d5f9f6e6b31948cf5
val_clean	val	roboflow_team128_v5	roboflow_team128_v5_IMG_0783_jpg.rf.893ea1337db89ef1b67821572ff2b38d.jpg	roboflow_team128_v5_IMG_0783_jpg.rf.893ea1337db89ef1b67821572ff2b38d.txt	2	93	235	0	1	17	2307.0	2421.0	180.0	160.0	21381.0	6263d980586aab750c56f6300660b6ce807d6ca4e323520d28bd9ecb33c9cb5c	122c67fcb065e672eb404f28b0f0dd4f4f323cd8e729816c00297881483d8ce2
val_clean	val	roboflow_team128_v5	roboflow_team128_v5_IMG_0783_jpg.rf.893ea1337db89ef1b67821572ff2b38d.jpg	roboflow_team128_v5_IMG_0783_jpg.rf.893ea1337db89ef1b67821572ff2b38d.txt	3	93	236	0	1	24	761.0	3247.0	627.0	505.0	209125.0	cbe79d4cbcb21a264d298b124f19d996a04e1ebded9fffb10ef105176fdb54fd	c4891383c8e0b7efab01b4d64593e96963660aef50e9cef512767e43f7aae0bc
val_clean	val	roboflow_team128_v5	roboflow_team128_v5_IMG_0783_jpg.rf.893ea1337db89ef1b67821572ff2b38d.jpg	roboflow_team128_v5_IMG_0783_jpg.rf.893ea1337db89ef1b67821572ff2b38d.txt	4	93	237	0	1	52	0.0	2412.0	535.0	826.0	353481.0	ab72311392358c5edc430c67af3ecd3da31fcfb4b1ab10f1291bb98f370c5ee4	bf1bf3dcb209a6d935f4a3e58049c83db4d3733535d737ca9b5b790267cd4848
val_clean	val	roboflow_team128_v5	roboflow_team128_v5_IMG_0783_jpg.rf.893ea1337db89ef1b67821572ff2b38d.jpg	roboflow_team128_v5_IMG_0783_jpg.rf.893ea1337db89ef1b67821572ff2b38d.txt	5	93	238	0	1	22	632.0	1688.0	242.0	140.0	15095.0	0155f0de9c569c6e2388ca054b04043a35ff1168b1837b4cb7b5ea0c52d45086	b5c1b565f43c9b816b4c8c59c7891d2772183a19f46245f4cf34b4780a799c9d
val_clean	val	roboflow_team128_v5	roboflow_team128_v5_IMG_0783_jpg.rf.893ea1337db89ef1b67821572ff2b38d.jpg	roboflow_team128_v5_IMG_0783_jpg.rf.893ea1337db89ef1b67821572ff2b38d.txt	6	93	239	0	1	21	249.0	1087.0	228.0	221.0	24260.0	907eb72d0f5d94b9f277e0be23ed07e6bc59f4df828e8dad5abfdf4c46d177e9	f405212787bad31c54a4ce6412d124d0ddfae41c02154578e9036595bce83619
val_clean	val	roboflow_team128_v5	roboflow_team128_v5_IMG_0783_jpg.rf.893ea1337db89ef1b67821572ff2b38d.jpg	roboflow_team128_v5_IMG_0783_jpg.rf.893ea1337db89ef1b67821572ff2b38d.txt	7	93	240	0	1	44	1406.0	570.0	468.0	606.0	188955.0	a464e2ac7da055e12321c294991eee870c7c6f27ae8afc34d9c11ff389fad195	826a79bdfaf595319833de97be3085926f409f762f611b32447ea62c7a36e007
val_clean	val	roboflow_team128_v5	roboflow_team128_v5_IMG_0783_jpg.rf.893ea1337db89ef1b67821572ff2b38d.jpg	roboflow_team128_v5_IMG_0783_jpg.rf.893ea1337db89ef1b67821572ff2b38d.txt	8	93	241	0	1	35	1598.0	1120.0	481.0	674.0	210670.0	5ed476d4159267e530c3667835d5cd533b358a9c7deac882bc6a42e2dfa5863b	ba07c21026392e04fd16208fc2565091e36d9b0084f64bedd78d08129d1f6ef3
val_clean	val	roboflow_team128_v5	roboflow_team128_v5_IMG_0793_jpg.rf.332277e07c3983b627da6c168ea68c10.jpg	roboflow_team128_v5_IMG_0793_jpg.rf.332277e07c3983b627da6c168ea68c10.txt	1	94	242	0	1	97	2024.0	2113.0	798.0	754.0	222324.0	37d405739e296455c08ba5936e581aa3a84648cf8864b936dce7b2641d780ae6	9cdfe3af85eb3cfb2bdd283ebc5643cf6ec3eea8781644a306226dea82ea2ad1
val_clean	val	roboflow_team128_v5	roboflow_team128_v5_IMG_0793_jpg.rf.332277e07c3983b627da6c168ea68c10.jpg	roboflow_team128_v5_IMG_0793_jpg.rf.332277e07c3983b627da6c168ea68c10.txt	2	94	243	0	1	70	1285.0	1119.0	485.0	421.0	46159.0	ede99a59e817330e06a7def2e5ad8f94a1d7d7ee1d547133259a154cb39ba325	2925c963efe206ea6867628d082c985dbf8a48e750449984b593f0e2cd63c29d
val_clean	val	roboflow_team128_v5	roboflow_team128_v5_IMG_0809_jpg.rf.aab2612f6dfd97f555ade65b18161300.jpg	roboflow_team128_v5_IMG_0809_jpg.rf.aab2612f6dfd97f555ade65b18161300.txt	1	95	244	0	1	13	1128.0	2455.0	84.0	81.0	5483.0	4eec81460ed0386625673ad220dac7664881950ee431cfe71599d827f24075f8	664c8d2561d915ad3e3732528dba9def5818f72e5de0d0aff37d7cf1dc6cf210
val_clean	val	roboflow_team128_v5	roboflow_team128_v5_IMG_0809_jpg.rf.aab2612f6dfd97f555ade65b18161300.jpg	roboflow_team128_v5_IMG_0809_jpg.rf.aab2612f6dfd97f555ade65b18161300.txt	2	95	245	0	1	18	1468.0	2387.0	148.0	117.0	13895.0	a9f2d71fc676905356c259d7f17f2ac6d377c3056cae138d5e3fb554b4fa3239	556df43c56bb91c70e97215d7a66470f138e8f968eb0405ff91d50b4e05cf906
val_clean	val	roboflow_team128_v5	roboflow_team128_v5_IMG_0809_jpg.rf.aab2612f6dfd97f555ade65b18161300.jpg	roboflow_team128_v5_IMG_0809_jpg.rf.aab2612f6dfd97f555ade65b18161300.txt	3	95	246	0	1	13	1600.0	2266.0	97.0	73.0	5057.0	98be02df8c3899793adaad782ae60caa7cc8bba09ef4f1b8027fee445e38a1f2	cc3a1381b690f6535a5745868bc3cda13975cea727dadaa53e2b408206700c95
val_clean	val	roboflow_team128_v5	roboflow_team128_v5_IMG_0809_jpg.rf.aab2612f6dfd97f555ade65b18161300.jpg	roboflow_team128_v5_IMG_0809_jpg.rf.aab2612f6dfd97f555ade65b18161300.txt	4	95	247	0	1	15	1681.0	2620.0	72.0	73.0	4117.0	c5829a1243dc135bd2755cb9516eea106724374bc553881c802920c166965b6c	0efb03d0bb70e53f6b3133833f54d271bb9027ff7b8e4fb6d4002afa3420fe59
val_clean	val	roboflow_team128_v5	roboflow_team128_v5_IMG_0809_jpg.rf.aab2612f6dfd97f555ade65b18161300.jpg	roboflow_team128_v5_IMG_0809_jpg.rf.aab2612f6dfd97f555ade65b18161300.txt	5	95	248	0	1	12	39.0	2075.0	110.0	35.0	2426.0	625f4806456e64077831d45eb8e4f5f100a6d16f687d3c7d58b176a99a16dc3d	172b9ea92da1a626b2fb459f066fa5c851a288b51a717b237680ee0232217337
val_clean	val	roboflow_team128_v5	roboflow_team128_v5_IMG_0809_jpg.rf.aab2612f6dfd97f555ade65b18161300.jpg	roboflow_team128_v5_IMG_0809_jpg.rf.aab2612f6dfd97f555ade65b18161300.txt	6	95	249	0	1	6	845.0	1829.0	37.0	17.0	382.0	59ecc5b36b19b615f95335b72a3fa6b5e0e4645301b9fec4e4098e8093310830	590baafbe97461665a73cffa1111ac6e7788a9e8791400a42354c9106426f525
val_clean	val	roboflow_team128_v5	roboflow_team128_v5_IMG_0809_jpg.rf.aab2612f6dfd97f555ade65b18161300.jpg	roboflow_team128_v5_IMG_0809_jpg.rf.aab2612f6dfd97f555ade65b18161300.txt	7	95	250	0	1	9	2152.0	2079.0	59.0	47.0	2108.0	4c22fb79d49ebb892dc76c81c99c53388d885742d29065f5c9d792132329d04b	fe59ea97eb8afa99f15a015ece847974ea929796827e62080d5d8491c9b90697
test_frozen	test	local_test_images_20260707	local_test_images_20260707_0007.jpg	local_test_images_20260707_0007.txt	1	1	1	0	1	41	519.0	483.0	263.0	157.0	32760.0	d4b50c81b3c8a4ca1a357d09e5303a9e072ea52e9c26335431a02232172ae218	179d6bdeef1565859eee5e79eb07c2ef2eb74a8db85bf5aefc2b8ce0f548f007
test_frozen	test	local_test_images_20260707	local_test_images_20260707_0007.jpg	local_test_images_20260707_0007.txt	2	1	2	0	1	62	638.0	574.0	183.0	221.0	24441.0	506f014cea9b6d5771a65195b254b46b34e72a7a05cb9a1f1ae6ea7fa335d42f	a554317ca6daa47f8b996fdd55a86142b93b13e1b63dbf62663e929026f2720b
test_frozen	test	local_test_images_20260707	local_test_images_20260707_0007.jpg	local_test_images_20260707_0007.txt	3	1	3	0	1	61	486.0	575.0	186.0	166.0	17971.0	81f1968f11601a6da8732f15a94804e7c98c230297723574487e6205838491e3	239ac17107e5b610f9b680e1fb9ad0dbed060a9e29d3beeb2af19df0ef4c07a3
test_frozen	test	local_test_images_20260707	local_test_images_20260707_0007.jpg	local_test_images_20260707_0007.txt	4	1	4	0	1	77	517.0	806.0	193.0	192.0	29641.0	f31e7d31da53701d76b90ef3513578a1beb606f37cb1ff3866ccfd32a7f900da	51507ddb30c3f63b6f1399049b5c589205193561fd446e27207d7a711f7e37bc
test_frozen	test	local_test_images_20260707	local_test_images_20260707_0007.jpg	local_test_images_20260707_0007.txt	5	1	5	0	1	31	707.0	782.0	138.0	239.0	27081.0	6002e07acca90efed61b14de53adf7caaa756c7ecda0b2934d19ef3cdedb0df4	79400300512e2f2e7840760501ef765c20803aaa321f9648eb080e393cec732e
test_frozen	test	local_test_images_20260707	local_test_images_20260707_0007.jpg	local_test_images_20260707_0007.txt	6	1	6	0	1	72	505.0	1001.0	181.0	173.0	24608.0	fb8d2a96ce55b552fef55e64808baaaabfd93507031ed38889fdcf90d03fd14a	a911a4df319a41c889d4dee1422fa798a22c90fe998875e5dc5f9129705fc1f9
test_frozen	test	local_test_images_20260707	local_test_images_20260707_0007.jpg	local_test_images_20260707_0007.txt	7	1	7	0	1	37	443.0	970.0	67.0	72.0	2558.0	13cfb1bc8f3aec84d7baaf01559812115967f655d48e7b6dfcfd53fdef016903	92bd22a7a3a9bbb5e3d6059ca2f9e4002832016233fe9635ecc9f78658899634
test_frozen	test	local_test_images_20260707	local_test_images_20260707_0007.jpg	local_test_images_20260707_0007.txt	8	1	8	0	1	46	664.0	989.0	152.0	158.0	15677.0	ef1f5692029b5bc4b1f4cea0a5cc6a9a6dfc8a3ce6af5ac1baf4f732669abd75	76a9f48fea3447c437274b18222c9379402885ac9ddab636a8f2628696661341
test_frozen	test	local_test_images_20260707	local_test_images_20260707_0007.jpg	local_test_images_20260707_0007.txt	9	1	9	0	1	8	765.0	1023.0	29.0	12.0	284.0	010b65bab9694d15e4096848a05273d6cf2410ea94599b1ed0eb1a9f08d99eef	1f6568011175d4fa551fb16b416e27c98b37e3526d1e558a9c41fa2356cbbf1f
test_frozen	test	local_test_images_20260707	local_test_images_20260707_0007.jpg	local_test_images_20260707_0007.txt	10	1	10	0	1	10	792.0	1019.0	19.0	22.0	148.0	42fd619dcc21a76395ebd5eb7ee08e5c4f0c45d9b8851f5683fea742e548a9f3	ee1f88a63c9416e518194bd3b26de0f214ee902c0f93a8297dc6901eef748034
test_frozen	test	local_test_images_20260707	local_test_images_20260707_0007.jpg	local_test_images_20260707_0007.txt	11	1	11	0	1	22	439.0	723.0	125.0	147.0	13886.0	6dafcf264c50210e853c6a0d7926f655987e777aa1c156574e9f1c8cfa1f414a	29f57e5fd2c6b2edc1db782f8d508df6d91703376e14b9e594277ba883c8d0cf
test_frozen	test	local_test_images_20260707	local_test_images_20260707_0007.jpg	local_test_images_20260707_0007.txt	12	1	12	0	1	24	456.0	668.0	64.0	61.0	2277.0	6905efdbc24430619bd048d312de320fd2b21eb75d8483cd7251ba2164a5dc9c	95bc231f520c491db4e5357f66c2cccb5d0605adac1164337a1e57ae6a6b05ee
test_frozen	test	local_test_images_20260707	local_test_images_20260707_0007.jpg	local_test_images_20260707_0007.txt	13	1	13	0	1	44	701.0	660.0	128.0	172.0	5778.0	664a5c1111d502b0b15fa49e269e1dca7c07710dba01052391668c332f74eabe	5803b23eaa658eec9bb17defcc5873a98792cf907d02475e3a1014393d6e9e23
test_frozen	test	local_test_images_20260707	local_test_images_20260707_0007.jpg	local_test_images_20260707_0007.txt	14	1	14	0	1	18	480.0	1057.0	29.0	45.0	726.0	9f18081a688723bd1326f8e23bf4a5dc2d01456a489494cca29f9a433500e0b2	45a3bef35810a4c4c5b8f06c5abc08133c52d5fe53ba103bd82565003e13d9b4
test_frozen	test	my_labelme	my_labelme_color_000012.png	my_labelme_color_000012.txt	1	2	15	0	1	82	697.0	295.0	69.0	116.0	6257.0	47a6afc2b0e1bcebdee0244b1f951cb02929e2a1c1382db7afbd226168e50799	bc7123e88ec518049eee7fbef97399d0c4ebd9e221fec31ead40c8c361c63c69
test_frozen	test	my_labelme	my_labelme_color_000012.png	my_labelme_color_000012.txt	2	2	16	0	1	116	593.0	411.0	108.0	111.0	8962.0	e69b5d806fbfe030c7ccf24e13592e8439bd89bd2ec0cf6157c3972b60976b7b	c1985900583db0c972e169653a4afd6f620d901e2b007376d3f887cfb0810ad5
test_frozen	test	my_labelme	my_labelme_color_000012.png	my_labelme_color_000012.txt	3	2	17	0	1	82	568.0	236.0	102.0	72.0	3910.0	e80dcf2ef58b8c46cbcf0ec2a502b56d10e1f858bbce18ac9fe311658f063271	6bb5205172177dadada928aab083e346f349331bf5ee5a40593292c46738da8f
test_frozen	test	my_labelme	my_labelme_color_000012.png	my_labelme_color_000012.txt	4	2	18	0	1	110	635.0	332.0	71.0	78.0	4126.0	228b51a5b8e68405bd9594907ce3be0b670f529fbcd307a6eb1b821d1b6a1a02	2558147e6ed0ddf1ee683b3d100a56a6f676e7b9a3a0fe3323c28953189bd448
test_frozen	test	my_labelme	my_labelme_color_000012.png	my_labelme_color_000012.txt	5	2	19	0	1	104	682.0	399.0	72.0	81.0	4042.0	e6733f076314e54777c139fb0e67b76bc175bcec11a62f93e8af037d233af44d	bc00163c65b2745c0614446ca2d74bf6e482b4614a6f73b19c4aa740c3e06a94
test_frozen	test	my_labelme	my_labelme_color_000012.png	my_labelme_color_000012.txt	6	2	20	0	1	93	570.0	381.0	69.0	54.0	2588.0	9e6cde7178036f6458152004c48cbdf67e418099baa4ea6e362600c8bfd78ecd	b90e9a578b879b29f23a9d85aecbcc58de607fa9ffd6ca66aa0fca8f9afbcb60
test_frozen	test	my_labelme	my_labelme_color_000012.png	my_labelme_color_000012.txt	7	2	21	0	1	50	558.0	312.0	94.0	69.0	4272.0	61165fe66e0ba48f404f38afc725e14850e4b7c7df91c37689608f56e7b6567e	2484efa55390d07d089a88dab629884e8b805b34f61ce5407b664696ae9e45bb
test_frozen	test	my_labelme	my_labelme_color_000012.png	my_labelme_color_000012.txt	8	2	22	0	1	29	640.0	222.0	72.0	63.0	3497.0	764e7df527071169288a1958e11ef27fe84c22bbf16b7cd24376fe8adca1c9c2	143bf80b0aca6c710decd825dc5ca519da9c91904a81100a344c0b0e45842e9c
test_frozen	test	my_labelme	my_labelme_color_000012.png	my_labelme_color_000012.txt	9	2	23	0	1	35	688.0	237.0	61.0	93.0	2774.0	183ff7e03fb37d2337b6ceea82385208f093bb64002bd5fb0d311b094cdecf1e	ea74c07a6064609335e63541d20ef027119781e70bec9c747d56ab80e55b6678
test_frozen	test	my_labelme	my_labelme_color_000012.png	my_labelme_color_000012.txt	10	2	24	0	1	13	718.0	491.0	27.0	16.0	257.0	ad03a0a12ee53b67ce2203b4096fe2e40114e601043a96c17d80901184d45fae	e31b22a54df9284c66b468c7c39ebd2f19ebfa52e8975f271e91215b395f7d52
test_frozen	test	my_labelme	my_labelme_color_000026.png	my_labelme_color_000026.txt	1	3	25	0	1	93	662.0	272.0	101.0	104.0	7869.0	fafe8a1c31591597ebeb9b19dfff76b98eb4f5cec448157c28490c27a6bce50d	03b15dba1ad2a7f6d0125063ec4da551d2504e7a9f8ace5da2ebb886f8a680e9
test_frozen	test	my_labelme	my_labelme_color_000026.png	my_labelme_color_000026.txt	2	3	26	0	1	92	669.0	402.0	78.0	97.0	5274.0	79d24297961ee04b6c7790bcbe5385f15d40bed53c433d4a6e41b5e23192e75c	af40e7504706a5836abbed74023717435b99df9b1c8ee7d0138362898c9d5eda
test_frozen	test	my_labelme	my_labelme_color_000026.png	my_labelme_color_000026.txt	3	3	27	0	1	89	638.0	350.0	79.0	71.0	3728.0	539bb35fc3d8124c8d758927136b3eac60452f645455337d5294e98cac4ba40d	f9c12bb0bb75d09cbbf8d206bd7804a7476a189adcc5a16cd115306fd25c07f8
test_frozen	test	my_labelme	my_labelme_color_000026.png	my_labelme_color_000026.txt	4	3	28	0	1	82	605.0	270.0	61.0	93.0	4297.0	a8db91ab97fcd4198e1c2ad7fc4539489c858d095a9ca4e85e067fcce97a9b49	3f2877fa5ed60c99c82de270fcf21098333e04f40202910f6db739f9dfd39c13
test_frozen	test	my_labelme	my_labelme_color_000026.png	my_labelme_color_000026.txt	5	3	29	0	1	45	561.0	199.0	78.0	67.0	3960.0	0db6805383cb36929b00eb08bc6ebf1ab2f92151f3401f62868f2b15438b04e1	ae0ff1d0a6825b34caa5d59c4786f107463fd4bbac2fa29c2eb47b7dfc314906
test_frozen	test	my_labelme	my_labelme_color_000026.png	my_labelme_color_000026.txt	6	3	30	0	1	25	545.0	262.0	65.0	122.0	6398.0	6492c296624231e135d95705c1d45d75cac17631dea3ea303d3b8c701cc137ef	1620c6879875339e89979d85ec1ea9410b7c456e58cc228951743887b7f4d25c
test_frozen	test	my_labelme	my_labelme_color_000026.png	my_labelme_color_000026.txt	7	3	31	0	1	35	581.0	446.0	72.0	52.0	2096.0	272e2e4765039284beb87270d900821894b39ebaf4626c9a6458c5d8c85a49fe	cf0bd779792940b838fd5b096d5d1b6130e5729a44ac4fe5ed6e736d1a066d81
test_frozen	test	my_labelme	my_labelme_color_000026.png	my_labelme_color_000026.txt	8	3	32	0	1	16	581.0	397.0	42.0	24.0	736.0	bd1f6aa13342497f06a33ff52f14c540c14ee62baaba6bd13710afac12f5c476	b98cf3f5e486e9427ccfe13a9d0f8aa48c5958b21d61d520dac9bafde0111bdd
test_frozen	test	my_labelme	my_labelme_color_000026.png	my_labelme_color_000026.txt	9	3	33	0	1	12	619.0	413.0	16.0	15.0	125.0	0e50c4c0f31c04c54d6bc3d73f47b0c9e2aaf1234e7c6ff697744ec7893dc53d	f87dbd18921957a0afdc608d7b8e222216df4848c0971041bc0e3b452ca6c570
test_frozen	test	my_labelme	my_labelme_color_000026.png	my_labelme_color_000026.txt	10	3	34	0	1	10	621.0	432.0	21.0	7.0	74.0	d4b87d8886fa1c891de38ff9c2bb61c38c398808e947c64b1aceb3ce7aabfd1f	1828d594905a49825863daf45f41aeec7f4fa89c3133f6a6f83ee551dc904ad9
test_frozen	test	my_labelme	my_labelme_color_000026.png	my_labelme_color_000026.txt	11	3	35	0	1	46	639.0	200.0	91.0	87.0	5929.0	fba846776ddcf772e7dcecee0790decac8a1a5e368959a86ea038d454b6532b8	c38370b6b2a482b71a455d9d1ffa95a111cb84e6e0a196a56bc1c2714dc31dc6
test_frozen	test	my_labelme	my_labelme_color_000026.png	my_labelme_color_000026.txt	12	3	36	0	1	19	723.0	360.0	27.0	24.0	349.0	b1108d6f0b55607eb42aa3d499092180ac0dffd45ec45188d7f73fc1dfc44c8e	4f3350277a77a16b51ce2ec81fe87f9b274e4bd66dcb3d5162712d2795c20ad6
test_frozen	test	my_labelme	my_labelme_color_000027.png	my_labelme_color_000027.txt	1	4	37	0	1	101	641.0	191.0	92.0	101.0	6836.0	7c8ac4616cde247c43e494bebe255658c6b513f0408e092376b0dd4cecc15f97	37304a2d88ff03250e117aaf9542f0635ca684285be55f68aed3408887d49c5e
test_frozen	test	my_labelme	my_labelme_color_000027.png	my_labelme_color_000027.txt	2	4	38	0	1	99	665.0	273.0	101.0	108.0	8157.0	bcde0f3e8cecd631ce7c62447789daf20857ed2244d4214560b339f368e18f4d	70c2220ab30f84e5dbfee9b21e330e7c6d187b5b32196f4e26a8c8d8ae949c6a
test_frozen	test	my_labelme	my_labelme_color_000027.png	my_labelme_color_000027.txt	3	4	39	0	1	87	606.0	275.0	64.0	90.0	4379.0	c02e4848d2c3bf87631bfd394aa918db4fdf60b0904926c25583145559c4f12a	b8bf3497b82b20f43f393b0e2b90ffb4b161de76d439491b3a05edabe1346409
test_frozen	test	my_labelme	my_labelme_color_000027.png	my_labelme_color_000027.txt	4	4	40	0	1	87	638.0	352.0	79.0	71.0	3645.0	7286a7ac71803614b0262d233a6f89ea1a2dfe4277b2c94e34658ac645fde71c	a410b1f4efad7b4c25766a20ed33ae2de551f5e5d1316df15e17281cac58f55e
test_frozen	test	my_labelme	my_labelme_color_000027.png	my_labelme_color_000027.txt	5	4	41	0	1	98	668.0	405.0	78.0	96.0	5292.0	c2fcdc462f0953fc73fd685ddcc102b1a724781c068fc02450ed2799d5c5036a	f1176054b8e00bc358c053ad4d1c5c11533d864298f0c632cd67860669d80745
test_frozen	test	my_labelme	my_labelme_color_000027.png	my_labelme_color_000027.txt	6	4	42	0	1	16	568.0	417.0	33.0	31.0	772.0	cf5e278a1971da73c899e38b5682309e073d3c7e96961c9b4f8fa51565cdeef8	f5f32ac42209179660f095dcb112578b4d23031005d30fd3424cc7ba8a61fc9f
test_frozen	test	my_labelme	my_labelme_color_000027.png	my_labelme_color_000027.txt	7	4	43	0	1	17	725.0	366.0	25.0	19.0	249.0	02636b5d663ccafe414149ef330faff934f85ac5ccda98e05b2ab73b7cf5f26b	f9b64f9e977b7dc467de13d44bde2212375c4485f45f29c423721ebeab7c678d
test_frozen	test	my_labelme	my_labelme_color_000027.png	my_labelme_color_000027.txt	8	4	44	0	1	23	546.0	267.0	64.0	119.0	6323.0	0ecf677fb3b4a2fe87dfd1d62fb2efa24613d358f78db0af96f51cabd0e8eb2f	c7c73a46af0bcbcc22ff20576caa80f159650bb849b666ced49b41817899b35a
test_frozen	test	my_labelme	my_labelme_color_000027.png	my_labelme_color_000027.txt	9	4	45	0	1	30	535.0	165.0	127.0	87.0	8081.0	7025eb17af6e1b9d8d6c7813b30f4009a55892c29d12c41fbb5010ee4372eaa1	a8038c33593ca55b9cc16169bc74bd5fd0eee324b32f2c2e485666af6d7dcf72
test_frozen	test	my_labelme	my_labelme_color_000027.png	my_labelme_color_000027.txt	10	4	46	0	1	31	573.0	237.0	67.0	35.0	1340.0	e656d0d05dbc113a2a4834abe3b66267fd3903769738caa7a2d8ec5aa0646cb8	a98e4c431bcb1551200fd79d2a1521c147185b16698d1afed3dd7fac190a9ac9
test_frozen	test	my_labelme	my_labelme_color_000030.png	my_labelme_color_000030.txt	1	5	47	0	1	100	643.0	275.0	104.0	108.0	8661.0	13ee3dd3dc17127a6bf4a645869d469666163bfac58e28255c273fe04e2e55e2	368a10ec322cecc242c37285e37202e36bda2bbd7dd2924008b295d9d13ddba1
test_frozen	test	my_labelme	my_labelme_color_000030.png	my_labelme_color_000030.txt	2	5	48	0	1	34	560.0	241.0	65.0	61.0	2670.0	bd6da0cd8d3c3532d838c577f22a9ac20d855ab81a4b665d59d6cd1b5bad7aa1	059abc1695fc8cfd0f05001bcbea45e79062235994375a5188d1218de43061b5
test_frozen	test	my_labelme	my_labelme_color_000030.png	my_labelme_color_000030.txt	3	5	49	0	1	28	627.0	249.0	63.0	57.0	2278.0	1b31f27346891df99821bc4125c1f2767456b7f8b89cfdde0fb5cb1672b30fe4	806a41c4c0ab77dc9f5db5efa01ed05ed521a1a75c1f0add720cdb8a3032b613
test_frozen	test	my_labelme	my_labelme_color_000030.png	my_labelme_color_000030.txt	4	5	50	0	1	93	562.0	298.0	88.0	95.0	3990.0	b324d6d659b30e54f4f4736e94619b52dc3b08e06fc7abcce3a8d272367076a1	f9693a116c82b850c836d9ccd49df2b334ca02881d8947a8c904eb53b22e152c
test_frozen	test	my_labelme	my_labelme_color_000030.png	my_labelme_color_000030.txt	5	5	51	0	1	22	553.0	391.0	64.0	103.0	5475.0	8b7df6e107849f8a48421fa484d91e632aecbfea369d06add9c439ac38e6b74a	31fb3ef8f39f8e0cee2698d709525da12ff404fe60a213b82a9f2fadc90c6317
test_frozen	test	my_labelme	my_labelme_color_000030.png	my_labelme_color_000030.txt	6	5	52	0	1	44	591.0	430.0	68.0	82.0	2850.0	7120544498b3d47ece96ff3ca380c0ef8324ac45ac10d119bf78b931074e21ec	2686e3ab8d11d0f99c7002eca575214918ae2ee7725ad0f2e6a884b2a633c5a0
test_frozen	test	my_labelme	my_labelme_color_000030.png	my_labelme_color_000030.txt	7	5	53	0	1	9	577.0	497.0	9.0	11.0	48.0	1ed38b94eb4303e18e8d087d62e83f0fd2e15bea10ff474290df4d074edde35c	74a133e2ff35da18145572d30b80df91ea3705e7b6faefd4dbc44758f0aa54c8
test_frozen	test	my_labelme	my_labelme_color_000030.png	my_labelme_color_000030.txt	8	5	54	0	1	33	682.0	390.0	79.0	84.0	5120.0	40cbdb6f67571289ea4a977c0c16f5d56b1288e81cdc44acf681fe712f07f0b0	b4b6e5d41b7b8c9bf6d0dc786ff2e6bebccdb36ea228fc051a9d9684ef22338b
test_frozen	test	my_labelme	my_labelme_color_000030.png	my_labelme_color_000030.txt	9	5	55	0	1	50	664.0	467.0	67.0	41.0	1191.0	276783d7cad4f70ad0c79ba1d9d935ddcf0d18b15bdfe5000facacd857f6c1a7	a5a5c23e05e9d22f8678b92f5804da776568a4c6669621e04589bfc1853819f9
test_frozen	test	my_labelme	my_labelme_color_000030.png	my_labelme_color_000030.txt	10	5	56	0	1	42	636.0	366.0	80.0	66.0	2690.0	738cd230009ea3f12da5b3bd1a26474e1cccad68a3ed7ddde7c2715c34e8f3ad	36e171fd465822a5fcd565701ca1a364ec7b5e60e0bbfa803965db64c9d4dbe3
test_frozen	test	my_labelme	my_labelme_color_000030.png	my_labelme_color_000030.txt	11	5	57	0	1	21	719.0	368.0	32.0	26.0	603.0	d788392cfe4a19a38dfe0aee4a488431bd37432c39a820e1e944abbbbb027f06	745008391de4f966049f2d1722b6f60f61f404430f83e4fc8f83fa3d4dfb5638
test_frozen	test	my_labelme	my_labelme_color_000030.png	my_labelme_color_000030.txt	12	5	58	0	1	20	691.0	241.0	37.0	27.0	352.0	0ceb017f3c39250b8948f752917cd8f60713fcd87940f97e5322290c865ff772	025cea50b5d9515db052c7ff4a84e8cd25e2512fcabe6282a96fc73cf2131430
test_frozen	test	my_labelme	my_labelme_color_000031.png	my_labelme_color_000031.txt	1	6	59	0	1	103	643.0	277.0	104.0	106.0	8388.0	d91a6b2893652df431cda6ee855e591263eabdf592149a53bdae748308f82177	5eb10ce151fb0b14c4092504609ac796376adb106dd52493018a4b5c732849e6
test_frozen	test	my_labelme	my_labelme_color_000031.png	my_labelme_color_000031.txt	2	6	60	0	1	112	634.0	368.0	63.0	69.0	2836.0	3507eceb6af6d6a25db534d73359a9e9ff21d14d0cea6636bd4936f7bc822435	c1fb6c576ec36f2541340d522d019fe4522da6b7153c58bbca96bef3ca4c5575
test_frozen	test	my_labelme	my_labelme_color_000031.png	my_labelme_color_000031.txt	3	6	61	0	1	59	590.0	397.0	33.0	36.0	912.0	c06f2ef4e5bf5851d43536867c517bcbe2ca7ba5f99af2810711583f42d36fc2	6a17eb162bc6c655a42c99ab1d39d8d359b1ef1ec602d7facd9667688f340dac
test_frozen	test	my_labelme	my_labelme_color_000031.png	my_labelme_color_000031.txt	4	6	62	0	1	96	570.0	430.0	94.0	80.0	4927.0	dab0cf7c24785f8a00775b2752ee4232fb8a4aceebbfef22ced6d63dff634930	a05e1147ea68f1eea7233fbd731a32e90d8ae7fab06655a63f4fa50a3cdab0df
test_frozen	test	my_labelme	my_labelme_color_000031.png	my_labelme_color_000031.txt	5	6	63	0	1	85	629.0	249.0	60.0	53.0	2104.0	ae90d5602e68e3f86b7bfe5847fb034b3afc5befad1b105261652b7901623b36	3445e7cd06dbe24552f7e68aa458a16bfb2f75327df3742493eda5c9362e3bf9
test_frozen	test	my_labelme	my_labelme_color_000031.png	my_labelme_color_000031.txt	6	6	64	0	1	26	566.0	285.0	75.0	76.0	4410.0	0dba44742e603984406554c81f3984a4742bf015af8f3f9b647811790f812989	78ffad79e05677d90ed714bad51be425950495730a41193d826779cd25606a10
test_frozen	test	my_labelme	my_labelme_color_000031.png	my_labelme_color_000031.txt	7	6	65	0	1	41	559.0	325.0	86.0	61.0	2437.0	2649324746140e4733c0b525855f0a6e06b34078db314b3281b4d97f886821f3	c65bfd254282dcfa29cc88aba273ce82191e6047ffe9d51a011bf25d65ac1668
test_frozen	test	my_labelme	my_labelme_color_000031.png	my_labelme_color_000031.txt	8	6	66	0	1	31	703.0	213.0	67.0	69.0	3431.0	b9dc2b0def2fd098a97dfdcf470859ab60ef338ecdf5cf63b8fe9090014ab3d5	1e3f75beb9b772e7cbca996ba6a60a4aff4dd25cf4f5a6d20df96625147b84b9
test_frozen	test	my_labelme	my_labelme_color_000031.png	my_labelme_color_000031.txt	9	6	67	0	1	42	683.0	388.0	79.0	85.0	5031.0	0be02b1814023ae72be3113b4c543d63d1e04b603c3d15f6e0bcfdee377fa690	06f098db60315996b01fa8ea4bcbb084ae2a8d6f6757c90ce328fff4866d9ed1
test_frozen	test	my_labelme	my_labelme_color_000031.png	my_labelme_color_000031.txt	10	6	68	0	1	49	666.0	472.0	68.0	39.0	1114.0	a5c1bda45d004bce0929c9c0371fbf4b844d611a702041cc6b180f1abcfb8ffd	1577cc20312ca1552bbfd184d82a404965d73baaab5fc921a3ca3da899b8156b
test_frozen	test	my_labelme	my_labelme_color_000046.png	my_labelme_color_000046.txt	1	7	69	0	1	85	611.0	484.0	111.0	116.0	8662.0	2379f0024415bffcf7e8b12f382ac4d31d476accb18c992a76039a735941032e	029a094faf0d2e932d7d6a57c019a848f6c5b51e7d2c2cc227e00cb1799791a9
test_frozen	test	my_labelme	my_labelme_color_000046.png	my_labelme_color_000046.txt	2	7	70	0	1	96	540.0	461.0	79.0	87.0	5456.0	20c013e0991857278089c3d0db8475deeb0574c802a09da403f3457c410de5f7	e0aeea8096efd7144000070dfb3ac9a5633db01e6a3b152b22b70c8f8a66d22f
test_frozen	test	my_labelme	my_labelme_color_000046.png	my_labelme_color_000046.txt	3	7	71	0	1	43	551.0	391.0	90.0	77.0	5393.0	ba44d79ba2929d5907de9e209f45c18a0c04c6749ef174d9311ddf53b152ffb3	1697cd8223ae2cb3eefc8023c9fe491d75405974646bf7f1ab48439fa1e320e0
test_frozen	test	my_labelme	my_labelme_color_000046.png	my_labelme_color_000046.txt	4	7	72	0	1	62	661.0	447.0	110.0	91.0	5787.0	cab9158d3ef51c8403c3303c1249c7c7fa46accc6a27dfa71a5e49d692180bb0	c419161dac0359d7521139768be1a2934457b78df33136959e0ba3804cb59905
test_frozen	test	my_labelme	my_labelme_color_000046.png	my_labelme_color_000046.txt	5	7	73	0	1	95	636.0	378.0	82.0	79.0	5177.0	a66c92dec57edc302735d90978376d89d75e0e0e70fd31336ccb489e31d992de	41bdc876d71b7e4156192b71fc0287d58f0efd25513550abce95939374192eeb
test_frozen	test	my_labelme	my_labelme_color_000046.png	my_labelme_color_000046.txt	6	7	74	0	1	41	712.0	424.0	29.0	26.0	503.0	c9dddc16965269e873a33be8a4558b1c800fd1480dc231a59059e432a55d2e40	609c4566a0b06302f4493b2501300634ed9f10922e35464ef2dc4b860779f985
test_frozen	test	my_labelme	my_labelme_color_000046.png	my_labelme_color_000046.txt	7	7	75	0	1	35	619.0	239.0	65.0	63.0	2908.0	a849f1e856437b44b5629e27fcad8522ad4441947e8b952f873ea81a85cf78cd	4113c408000652ca2b4110ba18a09d875070ef2538fdd4b8c51bc0eea63193a2
test_frozen	test	my_labelme	my_labelme_color_000046.png	my_labelme_color_000046.txt	8	7	76	0	1	12	664.0	240.0	15.0	14.0	80.0	b2c8df899202b3bb91c3583c447e68fc1f73979e37e45a90bff2d8f5dd3dd69d	4354461db60bd5ae302d2db1783b573350bea6d76d5a2dfbc461c3176e58e472
test_frozen	test	my_labelme	my_labelme_color_000046.png	my_labelme_color_000046.txt	9	7	77	0	1	82	678.0	266.0	60.0	85.0	3498.0	27f0e8b4164683a54b5c45699bb5dbad6867a7f6337ed2e32d607427598afe4a	1a47b3e0acd379506604c0c8978cf8e4a9c60b7707ba11351b26fa71c8fb9c5e
test_frozen	test	my_labelme	my_labelme_color_000046.png	my_labelme_color_000046.txt	10	7	78	0	1	45	686.0	218.0	67.0	72.0	3172.0	867ca4c82acd534bbd072fcd3c5450089b830f1220f3f6509c63364c19bcadfb	2d5684c2f0f361922d607a9ad36eaf79330c60ba4d24a2e9b30a3d6be6807aea
test_frozen	test	my_labelme	my_labelme_color_000046.png	my_labelme_color_000046.txt	11	7	79	0	1	14	561.0	325.0	33.0	32.0	819.0	3cf0b773ab48bd288a973ba8f269d6bd8b931670305935c147b76e3cfe808625	540a08cc272e2ccfe2788c8c73d7856c9b07e5084a2fbd9b3f03f79f69a0579d
test_frozen	test	my_labelme	my_labelme_color_000046.png	my_labelme_color_000046.txt	12	7	80	0	1	55	610.0	313.0	94.0	71.0	4304.0	30b25457a74e98874b9068ca60120447d7f53f367ba69a6881132c5e9336d569	6bd94ca709eec15814d309f87ce129ba68bf728f1dbaef70ef2a1b4c02453584
test_frozen	test	my_labelme	my_labelme_color_000052.png	my_labelme_color_000052.txt	1	8	81	0	1	96	558.0	369.0	92.0	102.0	7498.0	34ddcea2e67e5d92a2fdc57ffc6b57d8aad7f108036c9bcdb84f18336651ea45	13a7ce075eeb96ab3440376b87a7aa83cc92a675213a5411a7460715efc1c566
test_frozen	test	my_labelme	my_labelme_color_000052.png	my_labelme_color_000052.txt	2	8	82	0	1	105	682.0	221.0	72.0	69.0	3813.0	25007089d954583690f1b5655bf776c16a68f7e51de8a6f16bf93ad25683d3de	2d05b7e3d317c585d641d0269ea110e48e214500d4726c37dccc270d87eac0ca
test_frozen	test	my_labelme	my_labelme_color_000052.png	my_labelme_color_000052.txt	3	8	83	0	1	102	678.0	304.0	89.0	92.0	6319.0	aac916262d3f5f6228ad10a014ab2bc2ee4a82076ed87de08646d96fef547582	dd1b7f2e76baea3552e0b619898604eb1191905297788cba66efa8f8dfc60a70
test_frozen	test	my_labelme	my_labelme_color_000052.png	my_labelme_color_000052.txt	4	8	84	0	1	96	661.0	444.0	106.0	90.0	5131.0	f698f46da8ad56381c6f2057280559a73ef2d82094ad40c83022b5275da913a6	4786cd67bae93c07abddf723828ec44f0a5fe42ab236a8c0cdb398bcd9b1a01b
test_frozen	test	my_labelme	my_labelme_color_000052.png	my_labelme_color_000052.txt	5	8	85	0	1	49	663.0	381.0	70.0	67.0	3415.0	be2eb5ac43202e9a28ae0ed96f1d2b8f842f44a071995dbc0627e0d0bd8383fd	0c152675518077c563b018dc39fbfc65141fe46d94669edfccf176af9c3d87dc
test_frozen	test	my_labelme	my_labelme_color_000052.png	my_labelme_color_000052.txt	6	8	86	0	1	19	577.0	323.0	34.0	28.0	700.0	391d0724c3a2e0b1b1367ac968cb7b92db3189af54dd2df763926bf9c7eaa99d	14cba5c74b54c0403388dd4a9551b947372916e66537b1f2c37ebe4f082f52a3
test_frozen	test	my_labelme	my_labelme_color_000052.png	my_labelme_color_000052.txt	7	8	87	0	1	45	609.0	314.0	49.0	69.0	1742.0	de74513c572840914b858a19eec98551be7ba132846aa446b5e65dda10fb8054	1991156e6a2b6efdfc432159340312f6153b6553354e26c0d99b52c9954f33f8
test_frozen	test	my_labelme	my_labelme_color_000052.png	my_labelme_color_000052.txt	8	8	88	0	1	15	665.0	341.0	9.0	18.0	138.0	d704a0ebf80a982461eba9850801e15518e3707cbfc53445b759c730478b600d	ccbe69c83ded1fdd5325d6ab35763a7024dd34c3ab0c57995f5e349ae98439fc
test_frozen	test	my_labelme	my_labelme_color_000052.png	my_labelme_color_000052.txt	9	8	89	0	1	55	604.0	267.0	105.0	74.0	4719.0	f270475fe4325ce211b98dec49c4fa7b4ce15bbeb15cc587aa9144f70104167c	bdc784d4ca6a5bfc7753db279fc4daa7189e1020d3df5a28975886d973f63da1
test_frozen	test	roboflow_drago_v1	roboflow_drago_v1_100_jpg.rf.e972dd24f78147fb3c090ef1ca467ba7.jpg	roboflow_drago_v1_100_jpg.rf.e972dd24f78147fb3c090ef1ca467ba7.txt	1	9	90	0	1	5	23.0	159.0	506.0	325.0	164450.0	4222b184be23bc53b15cc336df5d8e1125e85ee8cca427a8e460a257f384e8c4	62570c7ba9f5cfa3f3a890ce6b9edaef12e8401b1aa03e2732e7e7b5be965d4c
test_frozen	test	roboflow_drago_v1	roboflow_drago_v1_127_jpg.rf.76c8359d93f56cc4c30d5d1de1963710.jpg	roboflow_drago_v1_127_jpg.rf.76c8359d93f56cc4c30d5d1de1963710.txt	1	10	91	0	1	19	11.0	129.0	367.0	319.0	90637.0	6ca8170587199fd2302591aa3430b16ca977f079dc33375f9224c8fc63d16380	b03d5c29fd4ccbc18245d9f5dbf43334ecb5e2e2f1d6ceb604a75b620a12ea33
test_frozen	test	roboflow_drago_v1	roboflow_drago_v1_127_jpg.rf.76c8359d93f56cc4c30d5d1de1963710.jpg	roboflow_drago_v1_127_jpg.rf.76c8359d93f56cc4c30d5d1de1963710.txt	2	10	92	0	1	16	378.0	258.0	234.0	234.0	32940.0	84308fd8eb012110039ccb4487c0c1bc3aa782eb95fb9634bc37c5a9cd601ed4	4d6c49715aff7979c519b0a1ef662c8875960cda44e82175713da06e39eceafb
test_frozen	test	roboflow_drago_v1	roboflow_drago_v1_154_jpg.rf.657c2c046c918d1587b9f00e455fc9a4.jpg	roboflow_drago_v1_154_jpg.rf.657c2c046c918d1587b9f00e455fc9a4.txt	1	11	93	0	1	17	171.0	212.0	303.0	218.0	52704.0	24b8abff02b6d96ec0d8c9fc6c677e2e360a76ee107cd53e398ca5e0e4545f87	0db8df39c144cfa9410cca6df5d73fea78747ba1503a32d2917311c2b5fba1b2
test_frozen	test	roboflow_drago_v1	roboflow_drago_v1_181_jpg.rf.57cb92301c474caf66072dbf09c1c35c.jpg	roboflow_drago_v1_181_jpg.rf.57cb92301c474caf66072dbf09c1c35c.txt	1	12	94	0	1	20	3.0	170.0	632.0	299.0	157790.0	00957b310f1920f8ec54a89938d79b4ecf0def4106eef3ae5a3000e3af373b26	40653cd66d52da127d0e88813d5f4794a68bbd4d41c5de2f9ed5c24acc46d765
test_frozen	test	roboflow_drago_v1	roboflow_drago_v1_187_jpg.rf.7dba89109f7a86f482b13656666ebb20.jpg	roboflow_drago_v1_187_jpg.rf.7dba89109f7a86f482b13656666ebb20.txt	1	13	95	0	1	16	241.0	203.0	203.0	254.0	40377.0	1120f55f658caf224134ddcff80a112e385d4aad774beb056d7717922e4a203d	97f714acc633456b5af1a0e0dbe29ac5165893e2384890ce4c5db805f446fadf
test_frozen	test	roboflow_drago_v1	roboflow_drago_v1_203_jpg.rf.56c1458f1dcba5c72666cf1ae7094e0c.jpg	roboflow_drago_v1_203_jpg.rf.56c1458f1dcba5c72666cf1ae7094e0c.txt	1	14	96	0	1	20	121.0	69.0	411.0	500.0	156260.0	88baa4358c7dbfac5ec38fb6170fdd0a62e0b73c7f9c7a74fd447fc1214002cb	a2f544c5e6d5b6a20d3c99646e9280bf4bf26feb0783198f898aa0e3ac58fc27
test_frozen	test	roboflow_drago_v1	roboflow_drago_v1_215_jpg.rf.baeb4997028e36a69c47cb32aa40fa19.jpg	roboflow_drago_v1_215_jpg.rf.baeb4997028e36a69c47cb32aa40fa19.txt	1	15	97	0	1	19	5.0	126.0	629.0	385.0	175326.0	a47b305f465bdd1c0b4426b9d85b925cebcc60be02b5422eae0afe8a35cd588d	fed596b996de40ca32bf37d03ff90c5262eeb9bf2fd1d8b80e67c6b0a05f6cf1
test_frozen	test	roboflow_drago_v1	roboflow_drago_v1_227_jpg.rf.d9756d62b76a811298500a07361b2a52.jpg	roboflow_drago_v1_227_jpg.rf.d9756d62b76a811298500a07361b2a52.txt	1	16	98	0	1	11	237.0	0.0	148.0	172.0	20454.0	deb553a76f4c793927a70cc7b3668a609389511198d4ca590eddb27668714e01	b3d7632cb6da2537d18ba7046060cd757d7e6991635b22b004319f0ebcd4bf61
test_frozen	test	roboflow_drago_v1	roboflow_drago_v1_227_jpg.rf.d9756d62b76a811298500a07361b2a52.jpg	roboflow_drago_v1_227_jpg.rf.d9756d62b76a811298500a07361b2a52.txt	2	16	99	0	1	12	242.0	197.0	140.0	203.0	20762.0	b977703f868b82ac909cc710f748347e42136dac1819fb3ec4e399df886dd341	c866e3a022f3e7d887d63e32a8b69f74c284a4a6f011afefedacf9cdc3e241bd
test_frozen	test	roboflow_drago_v1	roboflow_drago_v1_227_jpg.rf.d9756d62b76a811298500a07361b2a52.jpg	roboflow_drago_v1_227_jpg.rf.d9756d62b76a811298500a07361b2a52.txt	3	16	100	0	1	14	227.0	420.0	159.0	209.0	22032.0	6e043a9d8b878ed6296f35c36a524bfc035be128405ed47fb235e5f5b2637182	6d988778560442e5021c79788dfad4e9545feba0d42daf0331d030e53fa9e082
test_frozen	test	roboflow_drago_v1	roboflow_drago_v1_233_jpg.rf.b1ec54bd3de17dda5c0b2981c23fcc1b.jpg	roboflow_drago_v1_233_jpg.rf.b1ec54bd3de17dda5c0b2981c23fcc1b.txt	1	17	101	0	1	10	88.0	244.0	472.0	170.0	60994.0	9ce3f067baeeb694c0d303e9777ef004e210166ccff4709e940d0cb42bfc01e2	74240d8f31dfbf59c3d3c8a716147feebb3dcd9403ef9036c1da0473ba29ce1b
test_frozen	test	roboflow_drago_v1	roboflow_drago_v1_238_jpg.rf.acd1ab3940d22309d45b4560f4ff062d.jpg	roboflow_drago_v1_238_jpg.rf.acd1ab3940d22309d45b4560f4ff062d.txt	1	18	102	0	1	17	31.0	98.0	571.0	433.0	195159.0	dd8165d3b3021842f238501617992190a95391c35659f542835f2a4a202bb634	eed30fb766b213c06abfd696013b29c721de16630ffced94880168a0770ba09f
test_frozen	test	roboflow_drago_v1	roboflow_drago_v1_242_jpg.rf.cb648acd69f117d90040470eca161beb.jpg	roboflow_drago_v1_242_jpg.rf.cb648acd69f117d90040470eca161beb.txt	1	19	103	0	1	17	176.0	58.0	290.0	519.0	117633.0	c21fbd5535484852c4ad987a5e835f1bcdd93118538429acd10421ea21845732	711a4a6c6e924680c3b5e0ad672d82ff26cc2b4f6f1522c8f106c9c8e9f4b37c
test_frozen	test	roboflow_drago_v1	roboflow_drago_v1_280_jpg.rf.1100110ff43affb85db6106b879770ae.jpg	roboflow_drago_v1_280_jpg.rf.1100110ff43affb85db6106b879770ae.txt	1	20	104	0	1	16	266.0	199.0	340.0	269.0	68986.0	0efa21bf970fc3694b3af74f129eea6a5cb9d82ccdb5c02350e7a1d20c626142	200253abde1f00965eaa4f895ef17ae9b8eb9dbfa46db523baf3932a5984962d
test_frozen	test	roboflow_drago_v1	roboflow_drago_v1_282_jpg.rf.9d418b607d8b48173971c4dffc4566c3.jpg	roboflow_drago_v1_282_jpg.rf.9d418b607d8b48173971c4dffc4566c3.txt	1	21	105	0	1	11	203.0	166.0	196.0	355.0	57988.0	7493721d9d2b86341a98f1b2d8180d8717e9f2002eac3b746d53b4c33e875e2f	26d258d76bdeaacdab636c5bbe48817ba5bc573e8cd2151e0c3aa40049e83f66
test_frozen	test	roboflow_drago_v1	roboflow_drago_v1_284_jpg.rf.050456339fae5374bbc187b8d8359e24.jpg	roboflow_drago_v1_284_jpg.rf.050456339fae5374bbc187b8d8359e24.txt	1	22	106	0	1	11	118.0	251.0	439.0	186.0	58808.0	ef10224036e0f18507beed0a35948c3aaca69d86413aaff5f185e2650b93c55c	d09e9d4614618254f61dac5be429383851333220d17adc081478d8aef0c9d960
test_frozen	test	roboflow_drago_v1	roboflow_drago_v1_289_jpg.rf.0fa9a1c7e2754be1d41e8ea7ba5ec52d.jpg	roboflow_drago_v1_289_jpg.rf.0fa9a1c7e2754be1d41e8ea7ba5ec52d.txt	1	23	107	0	1	17	175.0	148.0	289.0	357.0	80457.0	d9fc0350cd6ee3656c18c6e81d7438541b1eac42a0e48c297d5c04e8e2ae97d4	b3956f6dcb4a8024a3253e275cdf7ad862bf7b57a2bca639418112f269d62847
test_frozen	test	roboflow_drago_v1	roboflow_drago_v1_304_jpg.rf.196712f4502fca41fd800cd9abf6419e.jpg	roboflow_drago_v1_304_jpg.rf.196712f4502fca41fd800cd9abf6419e.txt	1	24	108	0	1	17	125.0	152.0	401.0	317.0	99377.0	e2f8f84258d58d0d86cbfb3c352ecd56bc4c038958e46be38137aa3330a8e3df	a2def56ddaba16df39a93e5854402326dad39473b74fc2c2c4b51c8929a0eca5
test_frozen	test	roboflow_drago_v1	roboflow_drago_v1_328_jpg.rf.c656d4ed3be395497f349189498ac9a0.jpg	roboflow_drago_v1_328_jpg.rf.c656d4ed3be395497f349189498ac9a0.txt	1	25	109	0	1	17	102.0	40.0	432.0	555.0	186422.0	377cafa044e58b1b4099ee984e05d27b32c0a8815a818482e4b75bbf224ddfeb	6d473a84d17c27eafb0b0e61e19caae66cb91022b2a578f3eeed20f28ce3c69d
test_frozen	test	roboflow_drago_v1	roboflow_drago_v1_340_jpg.rf.986a6aaacdb040984d04f5d4914cc9de.jpg	roboflow_drago_v1_340_jpg.rf.986a6aaacdb040984d04f5d4914cc9de.txt	1	26	110	0	1	19	130.0	100.0	393.0	442.0	132099.0	f7f934cc28a0b24e9f7a53b6b5223b3a0dbdec155971f16051c3a3f7e95c8475	f09071d9f2a67ba1e405fe799ae25faff75e3b26ddd7b6005fb405e82f2aaaa9
test_frozen	test	roboflow_drago_v1	roboflow_drago_v1_343_jpg.rf.d6fbb327ddb29062b2eebcb3cec2615d.jpg	roboflow_drago_v1_343_jpg.rf.d6fbb327ddb29062b2eebcb3cec2615d.txt	1	27	111	0	1	10	68.0	161.0	512.0	296.0	85221.0	8419890531cc12295183a976c098c8fbf88093cb9cf12208c175349c2149b226	3f9a9f9736c5489a7829971def44bc8553bf6f14aa053d043ebcb5d64e12dad8
test_frozen	test	roboflow_drago_v1	roboflow_drago_v1_345_jpg.rf.f3df455c943f86d16a403bc0ecf79a10.jpg	roboflow_drago_v1_345_jpg.rf.f3df455c943f86d16a403bc0ecf79a10.txt	1	28	112	0	1	33	261.0	80.0	326.0	418.0	79279.0	3bbac04ee5f8293c187f9e41c79144c1bfd1d199127016046ad2e980009d9ca7	d4d8cc4cf09671ca57ac0561f7882b5e00e9e59bd449a6d527f82027b860d947
test_frozen	test	roboflow_drago_v1	roboflow_drago_v1_380_jpg.rf.da64aacc30a2fd2abe645d0bc98ffb00.jpg	roboflow_drago_v1_380_jpg.rf.da64aacc30a2fd2abe645d0bc98ffb00.txt	1	29	113	0	1	17	119.0	38.0	398.0	548.0	169922.0	3c0570b0e67961d8d6724247d6b88a90bbbd682cacf042d379ce75ebe7811763	757823d8e0911889a9dd92547c9795db96c4afc4cd7861a2318ed33390802a20
test_frozen	test	roboflow_drago_v1	roboflow_drago_v1_384_jpg.rf.bf15d7bd3c96755256c0b8b310d76631.jpg	roboflow_drago_v1_384_jpg.rf.bf15d7bd3c96755256c0b8b310d76631.txt	1	30	114	0	1	11	83.0	98.0	442.0	421.0	103731.0	94b27655e7ed865f7e1161b78cca1fff12780508cdf1d826320d70ee60049581	a4d28d1098efcb90b3f15e58acc6310ad1fb4ab38c9245cb0498b36925591b23
test_frozen	test	roboflow_drago_v1	roboflow_drago_v1_384_jpg.rf.e0670ea7fc6bc1fbfacb44e0462e536f.jpg	roboflow_drago_v1_384_jpg.rf.e0670ea7fc6bc1fbfacb44e0462e536f.txt	1	31	115	0	1	11	83.0	98.0	442.0	421.0	103731.0	94b27655e7ed865f7e1161b78cca1fff12780508cdf1d826320d70ee60049581	816312612b29d2a8b0a8ab200b3eff419b3c0b0868936dc2b42d810c3246ea05
test_frozen	test	roboflow_drago_v1	roboflow_drago_v1_391-Copy_jpg.rf.49ab37767b8ae248b567ae54d59ad7be.jpg	roboflow_drago_v1_391-Copy_jpg.rf.49ab37767b8ae248b567ae54d59ad7be.txt	1	32	116	0	1	16	157.0	214.0	323.0	207.0	52232.0	f0989cc70d13d6acd9f6b97b6833968ac57e440af1eca38a82a186648e81f30e	0b49cc3848822ba60d3aa610947fa7e7673afd3e905dbd0f1864b0d51803ec4a
test_frozen	test	roboflow_drago_v1	roboflow_drago_v1_392-Copy_jpg.rf.684d8c9621fefb4592e51878e129b3d1.jpg	roboflow_drago_v1_392-Copy_jpg.rf.684d8c9621fefb4592e51878e129b3d1.txt	1	33	117	0	1	14	220.0	202.0	195.0	226.0	34448.0	41dd0c3bac665d684226295d064f69f86ce28a1f293336bd7ea3dcc47db0d210	69e48353c86508056113ed68833d72e748450e1d9a1179c5d8919b79cbb6a63c
test_frozen	test	roboflow_drago_v1	roboflow_drago_v1_395_jpg.rf.202233b0c670b3183b27df60b7e5336e.jpg	roboflow_drago_v1_395_jpg.rf.202233b0c670b3183b27df60b7e5336e.txt	1	34	118	0	1	18	32.0	91.0	576.0	457.0	211585.0	7a182453b83bd22c25ca710ab96fa26a64ae2a1992935333a763213aac92f9e4	ad3afa40ad9a1bf07cd7ff547f048a9c9cb0e6391230c8e949c083af392a488d
test_frozen	test	roboflow_drago_v1	roboflow_drago_v1_397_jpg.rf.2b52427f8f5bfe7f827723a500239082.jpg	roboflow_drago_v1_397_jpg.rf.2b52427f8f5bfe7f827723a500239082.txt	1	35	119	0	1	17	81.0	43.0	477.0	546.0	211307.0	81ab108bdf69ce567a336afc7dbfc3b6a5611dc99e93b56f4dba059e83018289	721127061fa1067166105eac1b6b41f3d4290df70f91c391e75542b7d93a7d29
test_frozen	test	roboflow_drago_v1	roboflow_drago_v1_46_jpg.rf.2227e03485d0bf985f3ffe25e5104fe2.jpg	roboflow_drago_v1_46_jpg.rf.2227e03485d0bf985f3ffe25e5104fe2.txt	1	36	120	0	1	18	229.0	111.0	208.0	317.0	49934.0	df88e6ea9efe4f3729ccd1145a8577fcec9c251213d2892f899dd0b439e9b1af	741b6b47097523a229f8c50756b8a7465e9d48f16ab68a57c6b383ac20475189
test_frozen	test	roboflow_drago_v1	roboflow_drago_v1_46_jpg.rf.63f646555fca40a3834869cfbb1cdb39.jpg	roboflow_drago_v1_46_jpg.rf.63f646555fca40a3834869cfbb1cdb39.txt	1	37	121	0	1	18	212.0	229.0	317.0	208.0	49934.0	3f31f23455c49185d5bb25e6393e93fc0ca9e9bd3fcb9ffa8fa811f214392155	6b4aee30f1dfe91928921de7411a4a29fb5e27b8d759a32c156b6090fbe0b057
test_frozen	test	roboflow_drago_v1	roboflow_drago_v1_483-Copy_jpg.rf.59c24b68a2b762ceb92740c3d8623723.jpg	roboflow_drago_v1_483-Copy_jpg.rf.59c24b68a2b762ceb92740c3d8623723.txt	1	38	122	0	1	17	94.0	144.0	451.0	344.0	122192.0	a3a4deb256d1262ff11cd22e5a1c3170548508769a4906910bc43390fa429266	d17f95e6ab094a41423ac279097187cf11040036f9783d3bf0bac15a5c77f46d
test_frozen	test	roboflow_drago_v1	roboflow_drago_v1_502-Copy_jpg.rf.a0adf7b16be52ae8f529d357acd241f8.jpg	roboflow_drago_v1_502-Copy_jpg.rf.a0adf7b16be52ae8f529d357acd241f8.txt	1	39	123	0	1	17	92.0	144.0	459.0	350.0	125034.0	84be62e837f08207e901e2d2fa9fae0cb251b58ad3f260f44eaaea579947de17	9e59f3f89c9fdb7ce36ec4730ec0e228955610f13b13fb1b134a7148b7a10426
test_frozen	test	roboflow_drago_v1	roboflow_drago_v1_507-Copy_jpg.rf.5e469cf1f95ac30a6f69ef6f04d17b79.jpg	roboflow_drago_v1_507-Copy_jpg.rf.5e469cf1f95ac30a6f69ef6f04d17b79.txt	1	40	124	0	1	16	55.0	220.0	294.0	233.0	51791.0	d479e776f29ca29562de747022ee28410bbc0cd1bae3f595a9ee746f7e81b738	fdc56d243423720a6ebdd6d145737320a432e018f1374eae0b9ff674f1bf1a0f
test_frozen	test	roboflow_drago_v1	roboflow_drago_v1_507-Copy_jpg.rf.5e469cf1f95ac30a6f69ef6f04d17b79.jpg	roboflow_drago_v1_507-Copy_jpg.rf.5e469cf1f95ac30a6f69ef6f04d17b79.txt	2	40	125	0	1	17	320.0	155.0	269.0	218.0	45143.0	0b69da36fe84f174b286f7603fd3b387afeb6362fd92b70323ac43c6c6f87972	c1511f08b4579074a62f1542ebfcb693e20f42b23582b226d1cd66fe9a657b82
test_frozen	test	roboflow_drago_v1	roboflow_drago_v1_525-Copy_jpg.rf.71fd7ca5a1f48e482ebcc103789de8a1.jpg	roboflow_drago_v1_525-Copy_jpg.rf.71fd7ca5a1f48e482ebcc103789de8a1.txt	1	41	126	0	1	16	215.0	331.0	202.0	246.0	38122.0	90f25e426d73baece97ec447255ffc417456ad8722d7aee8d2d84b7c6dd4e5da	c2d22a01a680d0dd7ea2285d6e72696cd5235fdef3596779103be1746e86776c
test_frozen	test	roboflow_drago_v1	roboflow_drago_v1_525-Copy_jpg.rf.71fd7ca5a1f48e482ebcc103789de8a1.jpg	roboflow_drago_v1_525-Copy_jpg.rf.71fd7ca5a1f48e482ebcc103789de8a1.txt	2	41	127	0	1	15	222.0	42.0	205.0	281.0	44203.0	6c5a13cf1e4a35a1ee6d56f5444c3b3208472ac0b51197ce12e783bd0fb6116b	1d838a13221cc470b032790e27f773aeaaa57e58a7247f6f988a11b5f7e6ac00
test_frozen	test	roboflow_drago_v1	roboflow_drago_v1_52_jpg.rf.d594d7eb84d829edc42d29a829870d92.jpg	roboflow_drago_v1_52_jpg.rf.d594d7eb84d829edc42d29a829870d92.txt	1	42	128	0	1	11	232.0	261.0	237.0	136.0	24187.0	de7f1fcfc4fde4a4c30ce0bd9b649f4dc345cf69a16e224e9d847bd18c01e181	7d97693585cee696b8c22138f0859b80ac459e7d90f978603d464275647e991b
test_frozen	test	roboflow_drago_v1	roboflow_drago_v1_537-Copy_jpg.rf.29cca7fecc6c2998205fb201920ffcec.jpg	roboflow_drago_v1_537-Copy_jpg.rf.29cca7fecc6c2998205fb201920ffcec.txt	1	43	129	0	1	17	172.0	100.0	306.0	446.0	105429.0	96f3f765e41117bca094a10ee551c8f75bc04c84391bd59721f530d9085d72f0	f095baa6ee67e3751113b8665e7c05d172f6547a0ed8318b618d709b24608a15
test_frozen	test	roboflow_drago_v1	roboflow_drago_v1_544-Copy_jpg.rf.01d21a5a9dde6006edf3e58aaa92510b.jpg	roboflow_drago_v1_544-Copy_jpg.rf.01d21a5a9dde6006edf3e58aaa92510b.txt	1	44	130	0	1	18	126.0	79.0	389.0	472.0	141942.0	b56c19086d78bca2fb76aa6297a83a3461dc07456cbfef46dff99ba4be94eb35	0c9922fdc5f56dfb9a19a1c357ba51bd2851c31bf3f534851d4c91112138566f
test_frozen	test	roboflow_drago_v1	roboflow_drago_v1_577_jpg.rf.2dfc6b917ab618de64129a827cdae067.jpg	roboflow_drago_v1_577_jpg.rf.2dfc6b917ab618de64129a827cdae067.txt	1	45	131	0	1	15	248.0	245.0	213.0	280.0	46745.0	d4a856bebb70ecba7d2f188890adc2e238e702bd28117d3d0eb42c82864bbb1c	d7004722d2ee26c0bc0e69b780adfa2b3d6a2e53e3ff44724d57e06a46d5f321
test_frozen	test	roboflow_drago_v1	roboflow_drago_v1_577_jpg.rf.cf0439c19ed3a20b4c5ff7a2fda00df4.jpg	roboflow_drago_v1_577_jpg.rf.cf0439c19ed3a20b4c5ff7a2fda00df4.txt	1	46	132	0	1	15	115.0	248.0	280.0	213.0	46742.0	475b1311ffd105d13feaa85f999294fd69595b2ff377f8d17a1ee99315a1e316	2e91a9e1a1c5a31ae4c97aa428a7ab3136232faf232d0548761887e540b4e09d
test_frozen	test	roboflow_drago_v1	roboflow_drago_v1_580_jpg.rf.fc9c7e543ec1d82a0c2ed7c06d99bd9c.jpg	roboflow_drago_v1_580_jpg.rf.fc9c7e543ec1d82a0c2ed7c06d99bd9c.txt	1	47	133	0	1	13	295.0	195.0	210.0	158.0	26316.0	7cb8e0797f40d4df252776d3ecbe8566a677f8995c54a99878f3625fa85b7388	f453172ee0c62f6105a1e0d4fece0fb5b0044f3fbc5e9e59e4a30d7699cefc0e
test_frozen	test	roboflow_drago_v1	roboflow_drago_v1_580_jpg.rf.fc9c7e543ec1d82a0c2ed7c06d99bd9c.jpg	roboflow_drago_v1_580_jpg.rf.fc9c7e543ec1d82a0c2ed7c06d99bd9c.txt	2	47	134	0	1	17	123.0	338.0	283.0	153.0	31024.0	1c77461ae370354e5b4439de1830475970db9c58778b14c4f8fa8ce9587478d7	0d4a4643c5a1b8a5e32a68f158811b3ee07a8e708d3aadb7ded5a93213cbc55b
test_frozen	test	roboflow_drago_v1	roboflow_drago_v1_587_jpg.rf.e745480e54dd422abcd65f8625e6f101.jpg	roboflow_drago_v1_587_jpg.rf.e745480e54dd422abcd65f8625e6f101.txt	1	48	135	0	1	15	179.0	269.0	202.0	242.0	34483.0	da10c87ca57f1cb739f3f4426f7eeb16393ef1d64cd0772be5957ff656059645	4a10171925ebcaa0a77199d4e7c7e7e57c0b71f94ae9161470c850d8466271eb
test_frozen	test	roboflow_drago_v1	roboflow_drago_v1_594_jpg.rf.b6fbcc197c504e9d3876e25e48336b72.jpg	roboflow_drago_v1_594_jpg.rf.b6fbcc197c504e9d3876e25e48336b72.txt	1	49	136	0	1	13	71.0	288.0	334.0	185.0	48220.0	a7aa09bd13d347db9eac8d853152cb9b17c3218bace32e25d41446d59755e607	bfa769d9eb9622aa330bb8c5a4690ce1e8ef8fa39c9a6bbe2a853beffe50062e
test_frozen	test	roboflow_drago_v1	roboflow_drago_v1_594_jpg.rf.b6fbcc197c504e9d3876e25e48336b72.jpg	roboflow_drago_v1_594_jpg.rf.b6fbcc197c504e9d3876e25e48336b72.txt	2	49	137	0	1	11	257.0	195.0	194.0	107.0	16234.0	55bb3f65a13a9c8aeda8de118d9bc301c8961c2390e3466f3e4e36b3b7db5a35	bf03721d5fce044372eed24d5fe447b797ca892d11506c7d03e8a13624c021d9
test_frozen	test	roboflow_drago_v1	roboflow_drago_v1_594_jpg.rf.f417240d87fec5c61c8fad1cb95e53cd.jpg	roboflow_drago_v1_594_jpg.rf.f417240d87fec5c61c8fad1cb95e53cd.txt	1	50	138	0	1	13	71.0	288.0	334.0	185.0	48220.0	a7aa09bd13d347db9eac8d853152cb9b17c3218bace32e25d41446d59755e607	36fbfc39a51dde01cc36e1539d60daf2c714caaf27af6d1b48f1e79fd5308f7c
test_frozen	test	roboflow_drago_v1	roboflow_drago_v1_594_jpg.rf.f417240d87fec5c61c8fad1cb95e53cd.jpg	roboflow_drago_v1_594_jpg.rf.f417240d87fec5c61c8fad1cb95e53cd.txt	2	50	139	0	1	11	257.0	195.0	194.0	107.0	16234.0	55bb3f65a13a9c8aeda8de118d9bc301c8961c2390e3466f3e4e36b3b7db5a35	ae4010b756ac4ea5e3b76bba8749db6a1d6cef2bcc9ac91061d0044098063a8f
test_frozen	test	roboflow_drago_v1	roboflow_drago_v1_59_jpg.rf.999e63cedf9999cd13b0c7beed9275d1.jpg	roboflow_drago_v1_59_jpg.rf.999e63cedf9999cd13b0c7beed9275d1.txt	1	51	140	0	1	17	120.0	152.0	422.0	364.0	116816.0	8f64e200bd7d511ead48621fd4e264a1e3df0e3b4b1ff80c5ba1a5ee769bf647	fd5f103b16f6cc4419321d92e3d0773ae936f34feb6926b9974eaefb29a12e68
test_frozen	test	roboflow_drago_v1	roboflow_drago_v1_604_jpg.rf.d00edbea37080a232bb90fe53af8725d.jpg	roboflow_drago_v1_604_jpg.rf.d00edbea37080a232bb90fe53af8725d.txt	1	52	141	0	1	17	132.0	74.0	384.0	495.0	147581.0	a780acc64dd6173265613e3cb5951b5ab87b916451684b2f0096d20baa95aba5	7489dbabd163c02598829e6775f18e87aa0ab374f6ce32acfe8942cb7f7f52ea
test_frozen	test	roboflow_drago_v1	roboflow_drago_v1_605_jpg.rf.fb3314540ed9ec6df0242febb1884167.jpg	roboflow_drago_v1_605_jpg.rf.fb3314540ed9ec6df0242febb1884167.txt	1	53	142	0	1	17	94.0	168.0	446.0	301.0	104361.0	847592aeccc722e0fb3053cdc8f187fdc7c8f059198a12eb432d9c2228e47aec	526a1e7d20c1f6b7d081f5c2543abae51db9f7ad06731a27078cf4f70d897c26
test_frozen	test	roboflow_drago_v1	roboflow_drago_v1_650_jpg.rf.311f9aa31a2bea90824a6c6be55ba90d.jpg	roboflow_drago_v1_650_jpg.rf.311f9aa31a2bea90824a6c6be55ba90d.txt	1	54	143	0	1	24	181.0	217.0	299.0	386.0	78602.0	5e222265142c2ab50ec0b9a03b1f92b363614d8e9c21dd819abb66b8ba1f5ad0	62e4482f1f03072961b86fa4ca0a19225cd03898c6879cdb388d2f1d44ce5b6c
test_frozen	test	roboflow_drago_v1	roboflow_drago_v1_654_jpg.rf.b9430fe4f3475a33ac236e0c7089684c.jpg	roboflow_drago_v1_654_jpg.rf.b9430fe4f3475a33ac236e0c7089684c.txt	1	55	144	0	1	17	85.0	122.0	449.0	351.0	122966.0	3e65f34a1837f683fa0b2669f2b8950a7274de19566e1f8dd3e1b121be0b5361	b184c0dc83493334ff7b30e434b1145fa94ef4e176d415f3129bdd59023f7ba4
test_frozen	test	roboflow_drago_v1	roboflow_drago_v1_669_jpg.rf.59ffedbe419923073d687df680600da9.jpg	roboflow_drago_v1_669_jpg.rf.59ffedbe419923073d687df680600da9.txt	1	56	145	0	1	17	192.0	200.0	290.0	244.0	55557.0	70bea869a503622245c249bea749cf73c4414cb6133f83a3355f4139ad6b4cd1	d807a1eec86ec84f1346f350dd05ae91d37523b5d9879bca002235b80a9cabe6
test_frozen	test	roboflow_drago_v1	roboflow_drago_v1_75_jpg.rf.62a46cc3ac65d7bd431779fb11fd72b8.jpg	roboflow_drago_v1_75_jpg.rf.62a46cc3ac65d7bd431779fb11fd72b8.txt	1	57	146	0	1	10	302.0	231.0	136.0	151.0	15417.0	ab377b4cfe8113279c8ef08b11d5286601971a87d829da5e142ddfb1f1c015a8	22afaa8856008f902e6562e9fa7424777d5fd0d1b06ba5cfb94796dc8786ff71
test_frozen	test	roboflow_drago_v1	roboflow_drago_v1_91_jpg.rf.f215ca07979f92c842f5b9e615a35d09.jpg	roboflow_drago_v1_91_jpg.rf.f215ca07979f92c842f5b9e615a35d09.txt	1	58	147	0	1	42	14.0	79.0	617.0	477.0	161057.0	8484e5f8d9de55c3619927159ccf60b64fae710301cb4b15c5633cdeb6497926	38225eb564ef8983bf837321ba6bcf677a8fad06fe167ea82832dc9e2bf3b9f1
test_frozen	test	roboflow_drago_v1	roboflow_drago_v1_99_jpg.rf.79fd902b277525d613fbc4e6d7b98467.jpg	roboflow_drago_v1_99_jpg.rf.79fd902b277525d613fbc4e6d7b98467.txt	1	59	148	0	1	17	189.0	106.0	271.0	403.0	87312.0	300536eeb0ba6f1f39459c1d9915aedee0b030a6435592f6a344cf336bd506cf	40bac9881328b8df28d6ee59888d797a159291a9418c72fc61879a267843f477
test_frozen	test	roboflow_team128_v5	roboflow_team128_v5_IMG_0355_jpg.rf.8a9e70ebed26c92d7d9fffccfd5bd666.jpg	roboflow_team128_v5_IMG_0355_jpg.rf.8a9e70ebed26c92d7d9fffccfd5bd666.txt	1	60	149	0	1	212	1443.0	886.0	1148.0	1364.0	803074.0	72341b10e3272b129beb37cc7fac8fe7fb28685cf58b2e3d8ebd901efeea6d26	d70a549e77ecf00cb0cf5741fc80abfe05598e42920411112e4a532b3667308b
test_frozen	test	roboflow_team128_v5	roboflow_team128_v5_IMG_0362_jpg.rf.a5f58c653a6870883bf83322af7d1509.jpg	roboflow_team128_v5_IMG_0362_jpg.rf.a5f58c653a6870883bf83322af7d1509.txt	1	61	150	0	1	128	685.0	1197.0	1103.0	1215.0	999826.0	3f07ddb4c09219da6c37688be7d730ed5597b06b73bf8ef580bef31c23967b40	c6f92baabf2d3ed203c1489e0c704dc1d7c225e71513503e73b44322c030f3d6
test_frozen	test	roboflow_team128_v5	roboflow_team128_v5_IMG_0426_jpg.rf.466bb35a3d8ecc4fb49b8f674760ff9f.jpg	roboflow_team128_v5_IMG_0426_jpg.rf.466bb35a3d8ecc4fb49b8f674760ff9f.txt	1	62	151	0	1	84	1569.0	1416.0	754.0	494.0	254586.0	e632dec45e7f4d6c7e0873d2ccee25ed4f40724b84e4ffda37b67c6d97f1e247	4262453cfb03a4963f321b981c3d277f6c39df8579671e9e72c9eb44b0ab5c53
test_frozen	test	roboflow_team128_v5	roboflow_team128_v5_IMG_0428_jpg.rf.d05a1018dc5805dedbcda2b837d62832.jpg	roboflow_team128_v5_IMG_0428_jpg.rf.d05a1018dc5805dedbcda2b837d62832.txt	1	63	152	0	1	111	428.0	1669.0	831.0	690.0	324664.0	2dd0f1b35ac3c7aa7b5baa22d1fa273dd4fc2e0e5529af82505c3cb9ac55560c	1ccbcf85f416fc19d48751c250274985d9826107f7a1381ef30d80b3923bdf1b
test_frozen	test	roboflow_team128_v5	roboflow_team128_v5_IMG_0431_jpg.rf.9fd4fc4af8c103f1dbeeaea02029479a.jpg	roboflow_team128_v5_IMG_0431_jpg.rf.9fd4fc4af8c103f1dbeeaea02029479a.txt	1	64	153	0	1	30	1460.0	1317.0	1023.0	855.0	658973.0	de410d277a7d7cd4521ebb22af99c418552b46fd13be529f32eb3be8a3def536	77fd4812c9bcfda995cd4c3abe4e3f2a7706629f026a3fb640e5de9914f7ab08
test_frozen	test	roboflow_team128_v5	roboflow_team128_v5_IMG_0431_jpg.rf.9fd4fc4af8c103f1dbeeaea02029479a.jpg	roboflow_team128_v5_IMG_0431_jpg.rf.9fd4fc4af8c103f1dbeeaea02029479a.txt	2	64	154	0	1	99	1061.0	2045.0	676.0	632.0	244919.0	f79128a4c81c98f0981e18b6d6f5b9ff644ddbdf7954f64a4ad17246b86153f1	bf85b55a66c5e15659c678757a78de82c3c308a3b8cf87aa90cc9f36410f8a59
test_frozen	test	roboflow_team128_v5	roboflow_team128_v5_IMG_0432_jpg.rf.4cad5e7e070b2dc0593fa088b9487aa3.jpg	roboflow_team128_v5_IMG_0432_jpg.rf.4cad5e7e070b2dc0593fa088b9487aa3.txt	1	65	155	0	1	62	1931.0	1263.0	642.0	720.0	352386.0	b9b4a26fbf53f4f3b3407b11f903436c7e16fae5fd950ac6bde4e3aa252dfd20	2726f94f5b2fa2adb10b68b552938c106522c66a156d8971350afc842b1ec066
test_frozen	test	roboflow_team128_v5	roboflow_team128_v5_IMG_0432_jpg.rf.4cad5e7e070b2dc0593fa088b9487aa3.jpg	roboflow_team128_v5_IMG_0432_jpg.rf.4cad5e7e070b2dc0593fa088b9487aa3.txt	2	65	156	0	1	50	760.0	0.0	663.0	546.0	256559.0	61cb2833cfca728aa19e666eb774c184ada56f7f0ba98ac043ec55e7e955f855	04401c8bb4187eae5cfd11db0b69090a0eae2fa5e4628befde39e642b803c894
test_frozen	test	roboflow_team128_v5	roboflow_team128_v5_IMG_0432_jpg.rf.4cad5e7e070b2dc0593fa088b9487aa3.jpg	roboflow_team128_v5_IMG_0432_jpg.rf.4cad5e7e070b2dc0593fa088b9487aa3.txt	3	65	157	0	1	37	1256.0	1611.0	825.0	615.0	348554.0	292902c36625105762060f69cba3a90330639fe1114115fa209bb74a57353cb8	56c07613c4282006da89d1e9940f81336ceb94b79ab8cc0cc1f2bd0fce351a06
test_frozen	test	roboflow_team128_v5	roboflow_team128_v5_IMG_0463_jpg.rf.dd56dc254f9a560af852dd704b604a88.jpg	roboflow_team128_v5_IMG_0463_jpg.rf.dd56dc254f9a560af852dd704b604a88.txt	1	66	158	0	1	128	1475.0	515.0	1095.0	727.0	505790.0	8e66b62f2d7e6bde56f410e8d9366c45900b7e52a2633a1b8035ba2dc0656f25	5275bdd0796495aeee5db6d670b54bfbc85ac5cf213478ac81e8e94f14885d87
test_frozen	test	roboflow_team128_v5	roboflow_team128_v5_IMG_0463_jpg.rf.dd56dc254f9a560af852dd704b604a88.jpg	roboflow_team128_v5_IMG_0463_jpg.rf.dd56dc254f9a560af852dd704b604a88.txt	2	66	159	0	1	89	585.0	3721.0	615.0	310.0	106947.0	c0eb4c5ee042626ae4ea7e78761f167221c5ada98996fbedcb80214250a0dc18	db5baeed866d247886379ce87f86d2a89cc3fe7f8c9a6aea7cd07fc09f53cb96
test_frozen	test	roboflow_team128_v5	roboflow_team128_v5_IMG_0485_jpg.rf.dfc0abf63fb099384b6e57a95afb2258.jpg	roboflow_team128_v5_IMG_0485_jpg.rf.dfc0abf63fb099384b6e57a95afb2258.txt	1	67	160	0	1	107	484.0	1127.0	803.0	812.0	363174.0	5bf1240d3ff50d20948bf180c48f0157bd2de49f3117406d440da23ce180c6aa	0e7d48b682d84dc5be6d2f833cec7bc6c9269afdcd207d863b7c59aef2ad96b6
test_frozen	test	roboflow_team128_v5	roboflow_team128_v5_IMG_0485_jpg.rf.dfc0abf63fb099384b6e57a95afb2258.jpg	roboflow_team128_v5_IMG_0485_jpg.rf.dfc0abf63fb099384b6e57a95afb2258.txt	2	67	161	0	1	83	1750.0	0.0	611.0	502.0	87185.0	26c11bd9ec805e1daa8ad647bacce011821a9ca000053214ed74344ffa575b75	96f362195289f4841913ea00a0538a7fafaa70582ca79f2df57d93d5721285b2
test_frozen	test	roboflow_team128_v5	roboflow_team128_v5_IMG_0485_jpg.rf.dfc0abf63fb099384b6e57a95afb2258.jpg	roboflow_team128_v5_IMG_0485_jpg.rf.dfc0abf63fb099384b6e57a95afb2258.txt	3	67	162	0	1	104	1467.0	2042.0	922.0	658.0	349283.0	c4851ea170200f909c611051921c8cd6f02672e25784e19af1158c7b9b4e101c	489f519abe05ee819724b3c1bc47c6e15b548e425cd0334bad1d8869c8ab94ad
test_frozen	test	roboflow_team128_v5	roboflow_team128_v5_IMG_0499_jpg.rf.09478d1722ccf12faa9ba96f9bb09547.jpg	roboflow_team128_v5_IMG_0499_jpg.rf.09478d1722ccf12faa9ba96f9bb09547.txt	1	68	163	0	1	27	1236.0	1157.0	785.0	781.0	452606.0	75c94a7e57b16d8ea595099fc1bcab542ce06df5035390ebcdbab50bf8672ae8	beb1ada6cec460912f8f6ac83c8f4cb9bd5906b9a73f8bc40d210e2270cec99d
test_frozen	test	roboflow_team128_v5	roboflow_team128_v5_IMG_0499_jpg.rf.09478d1722ccf12faa9ba96f9bb09547.jpg	roboflow_team128_v5_IMG_0499_jpg.rf.09478d1722ccf12faa9ba96f9bb09547.txt	2	68	164	0	1	27	2787.0	497.0	912.0	768.0	483351.0	3106d23bbb764a9f3d259a1178cb4db8ce1ec4d3ba7a53aa467809c0a01bcad0	38e79725de1ab0a1bf2946ae9e6f89f2a337505cff7552abd6f4ada8aa95b5ad
test_frozen	test	roboflow_team128_v5	roboflow_team128_v5_IMG_0507_jpg.rf.95c8674ddfba5bd1ccd6719a60dc556b.jpg	roboflow_team128_v5_IMG_0507_jpg.rf.95c8674ddfba5bd1ccd6719a60dc556b.txt	1	69	165	0	1	83	1790.0	928.0	664.0	797.0	366124.0	e8f502eeb841f5c5f828b74c5f317b51e8c709cb6662202a76419f46c9db38ee	2d4d401da18e2cd19766f87b6acdbc843a13f1f7a277b2dda51d8b4f2b190936
test_frozen	test	roboflow_team128_v5	roboflow_team128_v5_IMG_0507_jpg.rf.95c8674ddfba5bd1ccd6719a60dc556b.jpg	roboflow_team128_v5_IMG_0507_jpg.rf.95c8674ddfba5bd1ccd6719a60dc556b.txt	2	69	166	0	1	44	0.0	846.0	344.0	538.0	130658.0	623025fcf559ffbcde79f1bc503763a795c824201960109077d267a3ea6c5605	ef5290fd036b5b53a5429f710e1d08f560bb1fed2b560cb174b1f25c55ed28e4
test_frozen	test	roboflow_team128_v5	roboflow_team128_v5_IMG_0508_jpg.rf.03f459c90abc29aaa1f185fd19b787b1.jpg	roboflow_team128_v5_IMG_0508_jpg.rf.03f459c90abc29aaa1f185fd19b787b1.txt	1	70	167	0	1	52	350.0	0.0	508.0	620.0	236355.0	9ea14f0b37931a12fcfd4db0f03bb1830af043a480f5b3ea736f089cc5a1e332	ea30af07c0ad0f0c141b784def4d0726b8dcb0e83c696456b7ef387c94fc0f4a
test_frozen	test	roboflow_team128_v5	roboflow_team128_v5_IMG_0508_jpg.rf.03f459c90abc29aaa1f185fd19b787b1.jpg	roboflow_team128_v5_IMG_0508_jpg.rf.03f459c90abc29aaa1f185fd19b787b1.txt	2	70	168	0	1	75	886.0	1957.0	855.0	695.0	410428.0	b80608032c769ca95ada09d3640647c626776715fbb7ce141612b57899f5f18b	fd14319fddb21b9c2da7a0f17900dc6cd93606fdee203b44eccc88cfaa28ecc7
test_frozen	test	roboflow_team128_v5	roboflow_team128_v5_IMG_0508_jpg.rf.03f459c90abc29aaa1f185fd19b787b1.jpg	roboflow_team128_v5_IMG_0508_jpg.rf.03f459c90abc29aaa1f185fd19b787b1.txt	3	70	169	0	1	50	2125.0	115.0	287.0	462.0	80100.0	9af123e500c91fbc2f1ad2a1e316abf604cac430b0c06ac6c502761625117073	ccb23ae2515f9d507373fac96460b0622a6bfa3973b0b14ed63f5e4ba7b3c1f5
test_frozen	test	roboflow_team128_v5	roboflow_team128_v5_IMG_0508_jpg.rf.03f459c90abc29aaa1f185fd19b787b1.jpg	roboflow_team128_v5_IMG_0508_jpg.rf.03f459c90abc29aaa1f185fd19b787b1.txt	4	70	170	0	1	27	2138.0	1666.0	501.0	511.0	185691.0	86207e9741ca69434c82460f855e7ed2b4af0e9d19e73f9a0aac0c6020f97a26	43386c6e2402ad04e3b9bb49b0c9490c632b3001d23fa89b9823d15c69d12b6d
test_frozen	test	roboflow_team128_v5	roboflow_team128_v5_IMG_0512_jpg.rf.1e7600f473692910436ba508177f37c6.jpg	roboflow_team128_v5_IMG_0512_jpg.rf.1e7600f473692910436ba508177f37c6.txt	1	71	171	0	1	114	940.0	1572.0	863.0	1008.0	567933.0	147794c398c2d89aef556aa05cba3b4d027b8aa340b07934c42b177c10e3a2d0	83a4007c6f2efd6bcbcdf10c1208bc28d306d466c28591ada20a4911740c4c24
test_frozen	test	roboflow_team128_v5	roboflow_team128_v5_IMG_0522_jpg.rf.94f9d6d6ecea2ae3bf6ec4f58ea66d92.jpg	roboflow_team128_v5_IMG_0522_jpg.rf.94f9d6d6ecea2ae3bf6ec4f58ea66d92.txt	1	72	172	0	1	79	996.0	1109.0	920.0	767.0	552179.0	01377857775f8ab373ef78944d4a4ace2671ae282b11d8c0713002eb750950be	bb841252f7d3399cb9e12c719faaee2cd18b82907b22f9684216441d7a2d9567
test_frozen	test	roboflow_team128_v5	roboflow_team128_v5_IMG_0522_jpg.rf.94f9d6d6ecea2ae3bf6ec4f58ea66d92.jpg	roboflow_team128_v5_IMG_0522_jpg.rf.94f9d6d6ecea2ae3bf6ec4f58ea66d92.txt	2	72	173	0	1	20	324.0	3766.0	177.0	265.0	28958.0	363b54f466b7f6d8a8b7cc20d3dbe244bbf0888c9d2520888343789ad9935b1b	15f66600cab85206a1232ba3d83ae8e7b2786e465255cab77004f95499a081ff
test_frozen	test	roboflow_team128_v5	roboflow_team128_v5_IMG_0522_jpg.rf.94f9d6d6ecea2ae3bf6ec4f58ea66d92.jpg	roboflow_team128_v5_IMG_0522_jpg.rf.94f9d6d6ecea2ae3bf6ec4f58ea66d92.txt	3	72	174	0	1	19	1.0	3860.0	121.0	168.0	13266.0	d820659509cf4be8f96319fb47c59e385ab06688b36d6aae58e794d8b7bbb6ec	e7e3149b3ab85cf761ce5d3101e8cefaf22c749fe7fe60ee9b3a24d573a582b6
test_frozen	test	roboflow_team128_v5	roboflow_team128_v5_IMG_0522_jpg.rf.94f9d6d6ecea2ae3bf6ec4f58ea66d92.jpg	roboflow_team128_v5_IMG_0522_jpg.rf.94f9d6d6ecea2ae3bf6ec4f58ea66d92.txt	4	72	175	0	1	26	601.0	403.0	208.0	309.0	50019.0	fa2ef72538386861ba7f0c5076a5f82a328ad7e01427665da4164810c68109fe	0fd1c195e94ef9beb988a8ef9596f6169139a777f2d091a3b82bc847f10dfad8
test_frozen	test	roboflow_team128_v5	roboflow_team128_v5_IMG_0546_jpg.rf.ebe85f656d51e48167c8b106992860f3.jpg	roboflow_team128_v5_IMG_0546_jpg.rf.ebe85f656d51e48167c8b106992860f3.txt	1	73	176	0	1	56	1094.0	1162.0	329.0	447.0	85938.0	90a16699a329072b5ec4a0c5c3dab6d0eb218b461909bdb318c9c35d623e40e1	f7988677d4c9d67e776ff0dd693063bfd1936a60b3dddde538734b3bc9bb8437
test_frozen	test	roboflow_team128_v5	roboflow_team128_v5_IMG_0546_jpg.rf.ebe85f656d51e48167c8b106992860f3.jpg	roboflow_team128_v5_IMG_0546_jpg.rf.ebe85f656d51e48167c8b106992860f3.txt	2	73	177	0	1	44	1275.0	897.0	337.0	288.0	36127.0	09f098032694e745fe143fc3b81b8b0a3b94835be21f05db1b043b7e746dae1e	608e3529636f56a92837ad32645cc2f797f9a58993b383ff8f71bade86722516
test_frozen	test	roboflow_team128_v5	roboflow_team128_v5_IMG_0554_jpg.rf.7c88268e01d88b9f7937ce412a78f9c1.jpg	roboflow_team128_v5_IMG_0554_jpg.rf.7c88268e01d88b9f7937ce412a78f9c1.txt	1	74	178	0	1	109	1052.0	1588.0	752.0	829.0	370129.0	62272457efb8b2a40d3516dfb22cc46629297beac654daf6500a35186a7170bc	583c07838a0609aee6b6e0de51cabaa4a33d40bf2f5807f2e4c2e8d0ecab88c7
test_frozen	test	roboflow_team128_v5	roboflow_team128_v5_IMG_0562_jpg.rf.fff4c4b052ba7d696cb1b35bb07f4d9a.jpg	roboflow_team128_v5_IMG_0562_jpg.rf.fff4c4b052ba7d696cb1b35bb07f4d9a.txt	1	75	179	0	1	26	845.0	346.0	560.0	627.0	260779.0	ce135228c792fb025ca20dc4708981b59bfd7415b5125bd37a79db468941c366	7fd1f1770218a788c309dfebf59274b3168eb3e0d1536d18007f8d65f630ca06
test_frozen	test	roboflow_team128_v5	roboflow_team128_v5_IMG_0562_jpg.rf.fff4c4b052ba7d696cb1b35bb07f4d9a.jpg	roboflow_team128_v5_IMG_0562_jpg.rf.fff4c4b052ba7d696cb1b35bb07f4d9a.txt	2	75	180	0	1	58	1271.0	1079.0	425.0	538.0	116357.0	301aeecb9eb869c6f9079084550287d30dce061f98cac7cc8f93593f7f6552b7	092c56f55c89fe4e3e2c3b15fd9a7dfd95e4896f5827a06bffec753e982533c9
test_frozen	test	roboflow_team128_v5	roboflow_team128_v5_IMG_0587_jpg.rf.83c21537e123cd2c061a7a3a4f3fc166.jpg	roboflow_team128_v5_IMG_0587_jpg.rf.83c21537e123cd2c061a7a3a4f3fc166.txt	1	76	181	0	1	95	1296.0	1379.0	885.0	828.0	291998.0	222765e4e88d1c45544d49e7fec52b66900a8165d0e00c03fc3df25b5ba65742	1626581a3f9d352007b89a151382b57bb54babcc2b16303c7bd0f0d04416b43c
test_frozen	test	roboflow_team128_v5	roboflow_team128_v5_IMG_0592_jpg.rf.89876994b3f0bc843763916bad2d1466.jpg	roboflow_team128_v5_IMG_0592_jpg.rf.89876994b3f0bc843763916bad2d1466.txt	1	77	182	0	1	83	1567.0	1378.0	585.0	630.0	227390.0	3554b173ef1c2474a7967b70dee14e66645c1dc9563d9833edb815fe65775bee	65b35420984c47274eba3f4dfd8d37a87a4fb3a67c724a4885d692d8bf3b9812
test_frozen	test	roboflow_team128_v5	roboflow_team128_v5_IMG_0592_jpg.rf.89876994b3f0bc843763916bad2d1466.jpg	roboflow_team128_v5_IMG_0592_jpg.rf.89876994b3f0bc843763916bad2d1466.txt	2	77	183	0	1	74	972.0	1452.0	508.0	373.0	112530.0	319141965e299f7ee8735e378f7a00355287811cc07865fb1b5abcf001335bd5	2c5331a11b4dcf77d3b7402754d5c0fe9e30fae45049ed3adc2c7839448744b9
test_frozen	test	roboflow_team128_v5	roboflow_team128_v5_IMG_0596_jpg.rf.8611d0f155e411c1d8db4171ce7729a8.jpg	roboflow_team128_v5_IMG_0596_jpg.rf.8611d0f155e411c1d8db4171ce7729a8.txt	1	78	184	0	1	66	1080.0	1309.0	402.0	463.0	129585.0	e40da855c4fe8c7a30ce5f6ce2b893ab3e50d90ab985bed04cd3bd1f8f459eff	67468df2393e2b2f4b532d05a8c729681a6a4304889d76a4770e3eb37e1d91ce
test_frozen	test	roboflow_team128_v5	roboflow_team128_v5_IMG_0604_jpg.rf.1d0496eb99fc38bd4153ddacdc59304b.jpg	roboflow_team128_v5_IMG_0604_jpg.rf.1d0496eb99fc38bd4153ddacdc59304b.txt	1	79	185	0	1	103	1185.0	1794.0	699.0	359.0	127330.0	eb330196c88be19d44bd5b0775585b65489f8a2a47b37a52cc87f72bf7a6c528	59a2092556a5b6d558885cabcbd7b84d547f66c266e0a43001f332f9cccb4e63
test_frozen	test	roboflow_team128_v5	roboflow_team128_v5_IMG_0609_jpg.rf.92eb3cc93a408e20962343ac501c396d.jpg	roboflow_team128_v5_IMG_0609_jpg.rf.92eb3cc93a408e20962343ac501c396d.txt	1	80	186	0	1	31	1959.0	1470.0	109.0	331.0	17362.0	037105a764c5926079374e1407d1f7a1f6573ea9a840a3cd776f03192e8376ac	3bf15be1f976c5fabfc0bdb697d020e7dcbd46ee0d2a8336fa19f7bbbe0132d8
test_frozen	test	roboflow_team128_v5	roboflow_team128_v5_IMG_0609_jpg.rf.92eb3cc93a408e20962343ac501c396d.jpg	roboflow_team128_v5_IMG_0609_jpg.rf.92eb3cc93a408e20962343ac501c396d.txt	2	80	187	0	1	33	1794.0	1353.0	190.0	348.0	37936.0	7ebc0bf08c7c0f142f7bb43907903e25e798fd36d4be11e538a631cdef340d67	bec84d398c73c805930bc2c293f9aa57ec6aa18e720e755a0a84147b8405094c
test_frozen	test	roboflow_team128_v5	roboflow_team128_v5_IMG_0609_jpg.rf.92eb3cc93a408e20962343ac501c396d.jpg	roboflow_team128_v5_IMG_0609_jpg.rf.92eb3cc93a408e20962343ac501c396d.txt	3	80	188	0	1	50	1546.0	1525.0	309.0	373.0	54596.0	f75e073cb7fc641970ebf0a7b11b8c0e5ceb90c3f5aa6bddb7dcd27c7aaa77f6	faec66faad5fe9ef7decfa4562ed23b485526ce51d6c196fab5f9fbe7b0ec6ea
test_frozen	test	roboflow_team128_v5	roboflow_team128_v5_IMG_0611_jpg.rf.64211474bfeb9c4ef303c78b13bd5ff4.jpg	roboflow_team128_v5_IMG_0611_jpg.rf.64211474bfeb9c4ef303c78b13bd5ff4.txt	1	81	189	0	1	76	1135.0	1581.0	902.0	542.0	241171.0	18465bb3bca2369c34a53205f21d2d4fad4103a1c0e42a8cb91d3ebe9d0fc9a8	f3e2dfea59a694600f5292365843795055c222695d0f9b4dc451ecbfde1b3787
test_frozen	test	roboflow_team128_v5	roboflow_team128_v5_IMG_0614_jpg.rf.9ea3fcf52bfc6c4f8a51db170d564c6a.jpg	roboflow_team128_v5_IMG_0614_jpg.rf.9ea3fcf52bfc6c4f8a51db170d564c6a.txt	1	82	190	0	1	93	1320.0	1690.0	604.0	449.0	137820.0	df8d79dc003ef7c4d328d2ac912093ce2e5b06ecb68db9aaa3bd26697d91d13d	08ab3399b252e2c7b159e5d0d193da1c35635ba95c5e4c3324743724ceb6f2f2
test_frozen	test	roboflow_team128_v5	roboflow_team128_v5_IMG_0621_jpg.rf.23d48b90c510915c8dbba7c050d0d298.jpg	roboflow_team128_v5_IMG_0621_jpg.rf.23d48b90c510915c8dbba7c050d0d298.txt	1	83	191	0	1	99	1230.0	426.0	928.0	1161.0	709225.0	8fffc791e50efe9916720b1e86b9f154dda224fb2b993c51e8d5d1824b3a8bb4	bd661f8cc20fba925af5e41c62e5e4455bd1e3321283573adaed5ec20bf80dc6
test_frozen	test	roboflow_team128_v5	roboflow_team128_v5_IMG_0621_jpg.rf.23d48b90c510915c8dbba7c050d0d298.jpg	roboflow_team128_v5_IMG_0621_jpg.rf.23d48b90c510915c8dbba7c050d0d298.txt	2	83	192	0	1	7	1297.0	825.0	21.0	107.0	1574.0	e3107824de061c970da818804ad5a94af66cedcf02a0d7df324962d622bb0c25	fe9f25e3a2806c7b8b503c436d0dcb8f6e0afd10ebf8f10747813f02866363ae
test_frozen	test	roboflow_team128_v5	roboflow_team128_v5_IMG_0626_jpg.rf.d79a2382ea7bac8cb110da1d4fcc3119.jpg	roboflow_team128_v5_IMG_0626_jpg.rf.d79a2382ea7bac8cb110da1d4fcc3119.txt	1	84	193	0	1	124	451.0	2350.0	545.0	844.0	195392.0	5dc410fd8ab4ecc4c74e597bae82e821f56f6b6a5b957b01abbcdd45f7a9685a	bc168a0449a2af301a3fa53cb0bcb4f2508d71474f751fc0d12187d0b0e48dc9
test_frozen	test	roboflow_team128_v5	roboflow_team128_v5_IMG_0626_jpg.rf.d79a2382ea7bac8cb110da1d4fcc3119.jpg	roboflow_team128_v5_IMG_0626_jpg.rf.d79a2382ea7bac8cb110da1d4fcc3119.txt	2	84	194	0	1	99	1307.0	1829.0	494.0	656.0	149604.0	59b494c224069ca0524e9ba88002d87e6001710a1e9a62c256df70f8eca0da8a	5b640a1652eee047fef8dc72f69eb6b29c67114a16055dc14989632c85a2cdb5
test_frozen	test	roboflow_team128_v5	roboflow_team128_v5_IMG_0634_jpg.rf.b89ae1e90a1adac5a1c0be66e4ada0ad.jpg	roboflow_team128_v5_IMG_0634_jpg.rf.b89ae1e90a1adac5a1c0be66e4ada0ad.txt	1	85	195	0	1	91	27.0	993.0	645.0	634.0	248836.0	cb1f212fb597ac58693d042e7a624a42fdafa539bf183fcb1a87a98e6bc94c48	26e09885b13b0d98608ba6ce41eda1a9c0783481dbdbf8a720a3c2534a6df10f
test_frozen	test	roboflow_team128_v5	roboflow_team128_v5_IMG_0634_jpg.rf.b89ae1e90a1adac5a1c0be66e4ada0ad.jpg	roboflow_team128_v5_IMG_0634_jpg.rf.b89ae1e90a1adac5a1c0be66e4ada0ad.txt	2	85	196	0	1	45	1447.0	1292.0	347.0	386.0	52272.0	b332a51a655c3cf0c1de243caafdf173d73fd4ac0b3de028caf196d7ab76212c	b2d45523d637045a539c6c79e13d8d3e9eb5af9c6a92c3d2ebbd8072692528dd
test_frozen	test	roboflow_team128_v5	roboflow_team128_v5_IMG_0634_jpg.rf.b89ae1e90a1adac5a1c0be66e4ada0ad.jpg	roboflow_team128_v5_IMG_0634_jpg.rf.b89ae1e90a1adac5a1c0be66e4ada0ad.txt	3	85	197	0	1	28	1252.0	1208.0	288.0	293.0	30012.0	274b9ebbff104126baeed23dda25809d877be899c24f189dfb49a16600812b7f	d4aa508189fa9d444bd3e5a962d37f7102dc821782344a277c81c571e5a2ed77
test_frozen	test	roboflow_team128_v5	roboflow_team128_v5_IMG_0634_jpg.rf.b89ae1e90a1adac5a1c0be66e4ada0ad.jpg	roboflow_team128_v5_IMG_0634_jpg.rf.b89ae1e90a1adac5a1c0be66e4ada0ad.txt	4	85	198	0	1	93	1501.0	819.0	409.0	469.0	101790.0	c1985d6f55b45b90e779bd69abd5820ff2123c0f358ee64cea21f8e13e7c9a50	bfd1a7d9647046af4e56aef56ec887333494533a908d240c196842ae0eb2abcb
test_frozen	test	roboflow_team128_v5	roboflow_team128_v5_IMG_0640_jpg.rf.f29e609c071d64068d5bbebdd78294bc.jpg	roboflow_team128_v5_IMG_0640_jpg.rf.f29e609c071d64068d5bbebdd78294bc.txt	1	86	199	0	1	103	206.0	1308.0	855.0	790.0	479111.0	1417a66cd183e076e3c1d49b533377d7b3a9076a136cd26d0735bd7b9fb31e43	dda7f27a6709984894807fbe591609083be9df01d6a7eb2cfe750497cb942b9b
test_frozen	test	roboflow_team128_v5	roboflow_team128_v5_IMG_0640_jpg.rf.f29e609c071d64068d5bbebdd78294bc.jpg	roboflow_team128_v5_IMG_0640_jpg.rf.f29e609c071d64068d5bbebdd78294bc.txt	2	86	200	0	1	107	854.0	539.0	844.0	890.0	482916.0	2f834dd4990e1603a3acb0094a23a47645711048d2d0a2bfcc6d4b3b4d5dedff	9f4e73c40bd28014cc3326a6660b5e779a65e6c142b448780a952b9869491fcf
test_frozen	test	roboflow_team128_v5	roboflow_team128_v5_IMG_0642_jpg.rf.b8f41433e29c3e7241cb7300d68f8f48.jpg	roboflow_team128_v5_IMG_0642_jpg.rf.b8f41433e29c3e7241cb7300d68f8f48.txt	1	87	201	0	1	70	1586.0	702.0	592.0	570.0	208243.0	a7ce747aa7162f4c6b060e9abdd5bd35d9c375ecd9eb4081a6f653ec6f6f4db2	ba2383669c87301b9de2a05d6ece9835031d67e7a7ab0e215c13c7df2ad7bcb9
test_frozen	test	roboflow_team128_v5	roboflow_team128_v5_IMG_0642_jpg.rf.b8f41433e29c3e7241cb7300d68f8f48.jpg	roboflow_team128_v5_IMG_0642_jpg.rf.b8f41433e29c3e7241cb7300d68f8f48.txt	2	87	202	0	1	29	926.0	1053.0	173.0	231.0	19398.0	9ecbe23b211b2154c875ac55ff23919bd16d6cab4c7a5f07c23b3c7fa159e48f	8b56cdd879640816b2daccfaceca0ad6adb7def51c8a7815cab8ebf5c24c815a
test_frozen	test	roboflow_team128_v5	roboflow_team128_v5_IMG_0642_jpg.rf.b8f41433e29c3e7241cb7300d68f8f48.jpg	roboflow_team128_v5_IMG_0642_jpg.rf.b8f41433e29c3e7241cb7300d68f8f48.txt	3	87	203	0	1	116	1662.0	2606.0	677.0	469.0	162765.0	ae4c4fe455d20b114c45912b8c6536447ccd55814789768357912eae024f216e	2d768e10c29edb1c5ada8709265035624df166acb40e4f2354d68f5ecf8119ff
test_frozen	test	roboflow_team128_v5	roboflow_team128_v5_IMG_0659_jpg.rf.ef5c3c2a2e8e7a7a1a82b0b8082f4d8f.jpg	roboflow_team128_v5_IMG_0659_jpg.rf.ef5c3c2a2e8e7a7a1a82b0b8082f4d8f.txt	1	88	204	0	1	56	1346.0	1462.0	447.0	546.0	156049.0	7c0bdb4278b1be326cc031852f6fe671a3f6d0910a9b3f4dc13d8a1f0e7204de	141c159d1ae28b4597e98351041f5e7f7c56661783a17f3e320bda0c3ea71725
test_frozen	test	roboflow_team128_v5	roboflow_team128_v5_IMG_0670_jpg.rf.2815cf6a316de94548caf4e7f2f83f09.jpg	roboflow_team128_v5_IMG_0670_jpg.rf.2815cf6a316de94548caf4e7f2f83f09.txt	1	89	205	0	1	138	231.0	2348.0	760.0	620.0	260248.0	9977f942a1402afb43d999e3c2451a4c98fd068275b7326d1734bfe9a9b7f468	a1deed5fd8804e6cae9f009b1dc161f6897a30ae2725daf9e5cdad5dcc245652
test_frozen	test	roboflow_team128_v5	roboflow_team128_v5_IMG_0688_jpg.rf.94f5a7889e904f8072647923247b72e2.jpg	roboflow_team128_v5_IMG_0688_jpg.rf.94f5a7889e904f8072647923247b72e2.txt	1	90	206	0	1	117	987.0	1149.0	911.0	570.0	252474.0	5317ca3d36b8cdc65f3bb3fa129a293c667f7aba12810c424127309499a16bc3	572945893b168a8e50b5411ae1790f8a2345deb3fe784ac74941d545bb0edfbf
test_frozen	test	roboflow_team128_v5	roboflow_team128_v5_IMG_0691_jpg.rf.6e9a1726fd2b737f253ef0fd57c420c0.jpg	roboflow_team128_v5_IMG_0691_jpg.rf.6e9a1726fd2b737f253ef0fd57c420c0.txt	1	91	207	0	1	27	930.0	1099.0	491.0	655.0	221306.0	b105508966f44a741925b01429f2579e3efb705021582a0daaf1cc9fd31bfcee	195251475cc105a4c40ed4c5c1fd4cfb3d35db0a633f03dfa5e629557107cbdc
test_frozen	test	roboflow_team128_v5	roboflow_team128_v5_IMG_0691_jpg.rf.6e9a1726fd2b737f253ef0fd57c420c0.jpg	roboflow_team128_v5_IMG_0691_jpg.rf.6e9a1726fd2b737f253ef0fd57c420c0.txt	2	91	208	0	1	10	0.0	0.0	126.0	270.0	28574.0	1a94ab27122faf30dd2b886acbc40881064c9e8d89c5d0511dfd1c7e16598cf8	77bff0d364078e91ad57d7d2d8cada9afb99fa129a363e4f67cbd875f740c997
test_frozen	test	roboflow_team128_v5	roboflow_team128_v5_IMG_0691_jpg.rf.6e9a1726fd2b737f253ef0fd57c420c0.jpg	roboflow_team128_v5_IMG_0691_jpg.rf.6e9a1726fd2b737f253ef0fd57c420c0.txt	3	91	209	0	1	16	0.0	2032.0	185.0	231.0	31445.0	f4eb5c88df48be0991fde3e94edf207890614202f8d465fd7e77c9c7d54bf289	fbb1ed4e8053c4e67e0ba867d59ab7c94aa6affa41d342bef85ceb5a5e413e75
test_frozen	test	roboflow_team128_v5	roboflow_team128_v5_IMG_0691_jpg.rf.6e9a1726fd2b737f253ef0fd57c420c0.jpg	roboflow_team128_v5_IMG_0691_jpg.rf.6e9a1726fd2b737f253ef0fd57c420c0.txt	4	91	210	0	1	54	1406.0	1195.0	486.0	506.0	99486.0	5c9f3a7b57b02cb42d8da23f75771be96438ec899a20b0bad9c4fed557d42b5d	0edb2a89acf6394cfef09d3c99a2e32f28e521eddfd0b5c8d1b219e676eaa31e
test_frozen	test	roboflow_team128_v5	roboflow_team128_v5_IMG_0692_jpg.rf.c3efdf229af3b762ce4655359fb6d1e1.jpg	roboflow_team128_v5_IMG_0692_jpg.rf.c3efdf229af3b762ce4655359fb6d1e1.txt	1	92	211	0	1	168	1566.0	1497.0	496.0	947.0	217322.0	e448afc1fc009f46f47266c9a0c6d7c48aaea56df05830e33958ee805ec4cb33	4508fb0bf6b51e9a5d5ba228f15919780533258992c5245f1749efd447a38ed4
test_frozen	test	roboflow_team128_v5	roboflow_team128_v5_IMG_0692_jpg.rf.c3efdf229af3b762ce4655359fb6d1e1.jpg	roboflow_team128_v5_IMG_0692_jpg.rf.c3efdf229af3b762ce4655359fb6d1e1.txt	2	92	212	0	1	35	1962.0	1453.0	185.0	262.0	21927.0	4db80569b82ce5aa366bb20956ce8524d37108c010a2f9ef9811fdbe91dbbad7	31714a20313ce34c28de2ae0ef9893790fd7b4620495d96b43d5361a774d627f
test_frozen	test	roboflow_team128_v5	roboflow_team128_v5_IMG_0692_jpg.rf.c3efdf229af3b762ce4655359fb6d1e1.jpg	roboflow_team128_v5_IMG_0692_jpg.rf.c3efdf229af3b762ce4655359fb6d1e1.txt	3	92	213	0	1	159	896.0	1609.0	684.0	700.0	308685.0	fce6433ca37d68d7a43bee0015c055be6ecbcbd18085d5d86499484f7fd3d1e5	865694edd980b61d69de0b1157688ea211e95f00019065298dbb71f7a40a8653
test_frozen	test	roboflow_team128_v5	roboflow_team128_v5_IMG_0707_jpg.rf.27f725dcaa86169b51581396141c9600.jpg	roboflow_team128_v5_IMG_0707_jpg.rf.27f725dcaa86169b51581396141c9600.txt	1	93	214	0	1	96	1121.0	2102.0	851.0	727.0	329386.0	c8a68b1d0f751e3535b6e1fac778ef7fea624e164a229eed3aa51ee35217629c	b186a19dc95e91c9ec16beabfac1e4054902a796ec15a0ef771f569cec0b66f7
test_frozen	test	roboflow_team128_v5	roboflow_team128_v5_IMG_0707_jpg.rf.27f725dcaa86169b51581396141c9600.jpg	roboflow_team128_v5_IMG_0707_jpg.rf.27f725dcaa86169b51581396141c9600.txt	2	93	215	0	1	41	1727.0	1187.0	196.0	232.0	23242.0	7019c81ba90d8ded83a154797b158b121cfad2f336cdf9e06622582766097f1f	efb152d046e253a2f5b2d5818bb1b002c67e99af8e617f000ba10fbf5cfeb472
test_frozen	test	roboflow_team128_v5	roboflow_team128_v5_IMG_0707_jpg.rf.27f725dcaa86169b51581396141c9600.jpg	roboflow_team128_v5_IMG_0707_jpg.rf.27f725dcaa86169b51581396141c9600.txt	3	93	216	0	1	67	1390.0	774.0	610.0	663.0	240605.0	eee333c4626088527591e70151b0bdeb0ffb3568d6f42030719e21f641d98d06	cc06f4a3ad54a496bc25c2c3f6b6dfb5bb1eeddd0dcb329cdd21bbbd0a9aadd0
test_frozen	test	roboflow_team128_v5	roboflow_team128_v5_IMG_0711_jpg.rf.ba7c48c9b64fa69c472456c345017be7.jpg	roboflow_team128_v5_IMG_0711_jpg.rf.ba7c48c9b64fa69c472456c345017be7.txt	1	94	217	0	1	62	1301.0	2081.0	426.0	434.0	133539.0	23cfcdf84ef73c1ed974ada9450d8172345d57ee90280f57969935dd44f568bb	9ee66fd9708c4d91caa8edd48f8f7d5c48612671548621532ec3012d3deed6b3
test_frozen	test	roboflow_team128_v5	roboflow_team128_v5_IMG_0711_jpg.rf.ba7c48c9b64fa69c472456c345017be7.jpg	roboflow_team128_v5_IMG_0711_jpg.rf.ba7c48c9b64fa69c472456c345017be7.txt	2	94	218	0	1	44	838.0	2934.0	259.0	229.0	39878.0	d4edf6f21e01dfe006b665bc0f3da3c9a3eda02c2ceb8e3fb823b06dfa2bdcae	e8147c8965a77e021da27a517603f71f4e162511baf7203cb8b2b3960948b574
test_frozen	test	roboflow_team128_v5	roboflow_team128_v5_IMG_0711_jpg.rf.ba7c48c9b64fa69c472456c345017be7.jpg	roboflow_team128_v5_IMG_0711_jpg.rf.ba7c48c9b64fa69c472456c345017be7.txt	3	94	219	0	1	22	247.0	1014.0	158.0	133.0	14292.0	0356194c71192b1386e0cfb2fede90bb45c919ee387e468c86863faa0adb3b7a	904196f629b533305b6fe4904987611fb6c5deeff7ae5dc9b896e79e4cbb8617
test_frozen	test	roboflow_team128_v5	roboflow_team128_v5_IMG_0711_jpg.rf.ba7c48c9b64fa69c472456c345017be7.jpg	roboflow_team128_v5_IMG_0711_jpg.rf.ba7c48c9b64fa69c472456c345017be7.txt	4	94	220	0	1	14	1963.0	422.0	139.0	136.0	12848.0	8def62c1a732c880678a4d3dbced8eb948e5720f18de12e0b5dea59ea129c6b1	e002cd68a580d92cb639a82db66eea6a7b786d5fe5b72fe5bc62479569fb6a13
test_frozen	test	roboflow_team128_v5	roboflow_team128_v5_IMG_0711_jpg.rf.ba7c48c9b64fa69c472456c345017be7.jpg	roboflow_team128_v5_IMG_0711_jpg.rf.ba7c48c9b64fa69c472456c345017be7.txt	5	94	221	0	1	18	1072.0	636.0	146.0	126.0	12186.0	58f1165966101c1f5fe9f547c1de0144a12760e4b85baa59c21f300d20c7a9a9	0d4e4ce2883178fb77ea841abcb8a055bbf421589742796024c71750b32238ba
test_frozen	test	roboflow_team128_v5	roboflow_team128_v5_IMG_0711_jpg.rf.ba7c48c9b64fa69c472456c345017be7.jpg	roboflow_team128_v5_IMG_0711_jpg.rf.ba7c48c9b64fa69c472456c345017be7.txt	6	94	222	0	1	21	135.0	502.0	124.0	76.0	5134.0	ffa681af5e7c2235e213ef104bc291e1b88fc4781b81885e36022f63c8554964	a4c95a439b737dfd30a575129374dda03cf9b2b55e18f3f45e97e67d4a41bd98
test_frozen	test	roboflow_team128_v5	roboflow_team128_v5_IMG_0711_jpg.rf.ba7c48c9b64fa69c472456c345017be7.jpg	roboflow_team128_v5_IMG_0711_jpg.rf.ba7c48c9b64fa69c472456c345017be7.txt	7	94	223	0	1	27	0.0	719.0	137.0	93.0	8031.0	d831699007f27e3b69ce548d047d32089ebb838ef8d81537a76b3a1c639ca964	d682caaf5cb4aa77548d3b947f9fda94ea66cebdd9737c56a6ead55cd1c5de12
test_frozen	test	roboflow_team128_v5	roboflow_team128_v5_IMG_0711_jpg.rf.ba7c48c9b64fa69c472456c345017be7.jpg	roboflow_team128_v5_IMG_0711_jpg.rf.ba7c48c9b64fa69c472456c345017be7.txt	8	94	224	0	1	22	1293.0	805.0	239.0	252.0	47063.0	deec2c6a200b172a1ba47830fb8b0fcdfcaf7602dd30de06679091ca3863fd0a	b0236bbd460b781fe022503cfe58851b95e9802f7c08339785d8c7c74505ecce
test_frozen	test	roboflow_team128_v5	roboflow_team128_v5_IMG_0711_jpg.rf.ba7c48c9b64fa69c472456c345017be7.jpg	roboflow_team128_v5_IMG_0711_jpg.rf.ba7c48c9b64fa69c472456c345017be7.txt	9	94	225	0	1	15	2311.0	837.0	110.0	123.0	10221.0	a99326852006fbc8bd91d4c36a96bc595f0606825a7dd7ab8fdd6b08c4b67fa3	c4bb850313724ccc2a5642d4afc47508a1c5b2001963cac111434c797c651c7a
test_frozen	test	roboflow_team128_v5	roboflow_team128_v5_IMG_0716_jpg.rf.ba52c8c3a0a0230f7176f6bbb6180bab.jpg	roboflow_team128_v5_IMG_0716_jpg.rf.ba52c8c3a0a0230f7176f6bbb6180bab.txt	1	95	226	0	1	52	1569.0	2487.0	946.0	768.0	558568.0	a5c022ef03ebb1c0a42c5b930341ffb9babe7a704fe71a5f308757e4e06e6f28	8bdcb148a0f37991da1bfa959434a368e427bf63a588e2fa2f8060d22322e9bf
test_frozen	test	roboflow_team128_v5	roboflow_team128_v5_IMG_0716_jpg.rf.ba52c8c3a0a0230f7176f6bbb6180bab.jpg	roboflow_team128_v5_IMG_0716_jpg.rf.ba52c8c3a0a0230f7176f6bbb6180bab.txt	2	95	227	0	1	39	1355.0	1806.0	483.0	531.0	183021.0	e3a306ccf9e91b90620a324a156b28197cc15059ad04050a216ac4905d175f92	0c57c692b5cf6ee1569850aee1c6834582444189c1f37e8fee23c08daaa37394
test_frozen	test	roboflow_team128_v5	roboflow_team128_v5_IMG_0716_jpg.rf.ba52c8c3a0a0230f7176f6bbb6180bab.jpg	roboflow_team128_v5_IMG_0716_jpg.rf.ba52c8c3a0a0230f7176f6bbb6180bab.txt	3	95	228	0	1	25	2589.0	961.0	251.0	244.0	44702.0	9fb7fb03f5069af242372cab539537364ef97f31978bccc13ec036da781ec9e4	73fbcc168c6df9c5e0d858da4317ce114ef72c593b2655d495984ae02a1eec31
test_frozen	test	roboflow_team128_v5	roboflow_team128_v5_IMG_0716_jpg.rf.ba52c8c3a0a0230f7176f6bbb6180bab.jpg	roboflow_team128_v5_IMG_0716_jpg.rf.ba52c8c3a0a0230f7176f6bbb6180bab.txt	4	95	229	0	1	29	1464.0	243.0	264.0	351.0	64234.0	580e0da8a08f9d8a19b0890911ebf6dc791face44bc269a7a70fe9b442ba9183	fac6e5b37ff51d892f6112804df25ab84af31ea38b9726c69200b422ed61ede3
test_frozen	test	roboflow_team128_v5	roboflow_team128_v5_IMG_0716_jpg.rf.ba52c8c3a0a0230f7176f6bbb6180bab.jpg	roboflow_team128_v5_IMG_0716_jpg.rf.ba52c8c3a0a0230f7176f6bbb6180bab.txt	5	95	230	0	1	12	2910.0	245.0	113.0	286.0	23751.0	b6b67eae2c7e2f6760619dc15b50053c9fb430f0b138e165e022fcbc0c0c2c48	953fe3bc7c989ddaf4b9ff7fe7dd3c880ac7c45aba89d7f4c021bbd557ad638f
test_frozen	test	roboflow_team128_v5	roboflow_team128_v5_IMG_0717_jpg.rf.0473c399234d4ccfc47669444efc833f.jpg	roboflow_team128_v5_IMG_0717_jpg.rf.0473c399234d4ccfc47669444efc833f.txt	1	96	231	0	1	108	0.0	2640.0	632.0	1068.0	496416.0	16a0947c61ab2500cf99dbe92c8f45dcaaa2ab546f5239bca34dbade489a2382	73517f6c682560922889ba902601200f2577d351eb5b72cf76c43c4a388662fd
test_frozen	test	roboflow_team128_v5	roboflow_team128_v5_IMG_0717_jpg.rf.0473c399234d4ccfc47669444efc833f.jpg	roboflow_team128_v5_IMG_0717_jpg.rf.0473c399234d4ccfc47669444efc833f.txt	2	96	232	0	1	51	1203.0	1728.0	345.0	289.0	55959.0	a4ad7bcb4133b559b601787a1e5c7aaf7a9faeb91699620f0eefa70c2a730af0	bb9f8ba668bd906d67f23b1ff50dc7a2fa602dfd17ca7c7d1aba55c0bb7f0131
test_frozen	test	roboflow_team128_v5	roboflow_team128_v5_IMG_0717_jpg.rf.0473c399234d4ccfc47669444efc833f.jpg	roboflow_team128_v5_IMG_0717_jpg.rf.0473c399234d4ccfc47669444efc833f.txt	3	96	233	0	1	38	0.0	848.0	192.0	262.0	34620.0	28fbfcc7db5713aa866d7dc9bf7d1860f1e0daa43933f6016b5666e074911ad3	204ded4eb3c07b42ed0a1dce087c79aebb42f394c1e71cdce6ecdf69aa48e80f
test_frozen	test	roboflow_team128_v5	roboflow_team128_v5_IMG_0717_jpg.rf.0473c399234d4ccfc47669444efc833f.jpg	roboflow_team128_v5_IMG_0717_jpg.rf.0473c399234d4ccfc47669444efc833f.txt	4	96	234	0	1	50	2763.0	1119.0	260.0	617.0	88111.0	9adbb6d794de83e072d71c4e00f9063a11d798b032360c545d7b4c98e34c8c47	d643108ec95439742e1ae6e1d53562f8dafcd1bd32fd053923eef2aa6147626c
test_frozen	test	roboflow_team128_v5	roboflow_team128_v5_IMG_0750_jpg.rf.4825d92ad85302bb949911cde64a0749.jpg	roboflow_team128_v5_IMG_0750_jpg.rf.4825d92ad85302bb949911cde64a0749.txt	1	97	235	0	1	89	1237.0	3456.0	704.0	575.0	270264.0	1054e7bf299d5b438649e5af189fcf9cbe3b8193abd4496c0e3ff8399fed7f44	bd247cb065962fc8fd2ea0dedac94da43e7474d9dc2a74bf887b30843c6f4c3d
test_frozen	test	roboflow_team128_v5	roboflow_team128_v5_IMG_0750_jpg.rf.4825d92ad85302bb949911cde64a0749.jpg	roboflow_team128_v5_IMG_0750_jpg.rf.4825d92ad85302bb949911cde64a0749.txt	2	97	236	0	1	84	1203.0	1255.0	494.0	412.0	142698.0	0d1ae9c80c7b9dfbf3669fa1fe77a1d7173aba5251d3d85195be06b98d55d621	487f4609ef176248db36163ad119cebdc5a7d4218d40eeb0cc610989393bbbbf
test_frozen	test	roboflow_team128_v5	roboflow_team128_v5_IMG_0770_jpg.rf.69bf0a0f1fe9542259c19882d91fe587.jpg	roboflow_team128_v5_IMG_0770_jpg.rf.69bf0a0f1fe9542259c19882d91fe587.txt	1	98	237	0	1	21	1372.0	1209.0	259.0	241.0	38526.0	67eceff4582c9804aa016980c2b7420194952de16a214a45c0ed8ea8601ad46f	68a6c7ae9c6bf47a880d5d0eebc8cd66b3e264019e42d2c5ed391590eeb3a3f4
test_frozen	test	roboflow_team128_v5	roboflow_team128_v5_IMG_0770_jpg.rf.69bf0a0f1fe9542259c19882d91fe587.jpg	roboflow_team128_v5_IMG_0770_jpg.rf.69bf0a0f1fe9542259c19882d91fe587.txt	2	98	238	0	1	15	2288.0	0.0	173.0	231.0	21360.0	a30ce9acfa61ff8f7b187aaa17e90698ecae7886774dcab7d0ba5ad6fb5cd36b	0dd58ac7bdffa70c7c8e7db77ba0e9a02794be3163a56d692883ae7d0fdf708e
test_frozen	test	roboflow_team128_v5	roboflow_team128_v5_IMG_0772_jpg.rf.084e672a7fcf52893b930eb552b07e0a.jpg	roboflow_team128_v5_IMG_0772_jpg.rf.084e672a7fcf52893b930eb552b07e0a.txt	1	99	239	0	1	41	1499.0	3443.0	687.0	588.0	323859.0	ca5f770ec313d2378f0b8b710262423fdec58563592f31c23d36870732da3a92	e19d1317ec8609bbbd9683f47859260ec4cb13fbd106e9a1657d72b209dcde14
test_frozen	test	roboflow_team128_v5	roboflow_team128_v5_IMG_0772_jpg.rf.084e672a7fcf52893b930eb552b07e0a.jpg	roboflow_team128_v5_IMG_0772_jpg.rf.084e672a7fcf52893b930eb552b07e0a.txt	2	99	240	0	1	9	396.0	2885.0	44.0	81.0	2548.0	fdea392f81960cdbceaefa7315a724266407497f7f4425eff9393492142414b1	af8750697e9f4aaea21e0b5675f46ccf9a4e0dace022cd0d5a75a11340355ad4
test_frozen	test	roboflow_team128_v5	roboflow_team128_v5_IMG_0772_jpg.rf.084e672a7fcf52893b930eb552b07e0a.jpg	roboflow_team128_v5_IMG_0772_jpg.rf.084e672a7fcf52893b930eb552b07e0a.txt	3	99	241	0	1	69	202.0	2584.0	888.0	584.0	244797.0	c7d03b79283a58d99ac90c4308e6032380cb5b56366f397b7cc1edbcc101e003	1b415ad67b51246c946933f18809c094f7e8aa48c16b8ea4ffc3186b566a07f4
test_frozen	test	roboflow_team128_v5	roboflow_team128_v5_IMG_0772_jpg.rf.084e672a7fcf52893b930eb552b07e0a.jpg	roboflow_team128_v5_IMG_0772_jpg.rf.084e672a7fcf52893b930eb552b07e0a.txt	4	99	242	0	1	18	945.0	130.0	247.0	246.0	42058.0	812093b35700ba2d9740496ed25db250f5fc9ae612253827eefa3456e6896f44	93728db2b1dd075bcafb4be91d128ff30a7724127e128cc6778ff8b5c624ba5e
test_frozen	test	roboflow_team128_v5	roboflow_team128_v5_IMG_0772_jpg.rf.084e672a7fcf52893b930eb552b07e0a.jpg	roboflow_team128_v5_IMG_0772_jpg.rf.084e672a7fcf52893b930eb552b07e0a.txt	5	99	243	0	1	12	103.0	653.0	186.0	172.0	24939.0	5fed185afd6ab70f3b247145f7244f4124ef0a4d0576dedbe5e84668d67b1753	b85bfd511fef4ce9dfcf7d96ac09d70438797bff6b4ba86e5e149e4a801830de
test_frozen	test	roboflow_team128_v5	roboflow_team128_v5_IMG_0772_jpg.rf.084e672a7fcf52893b930eb552b07e0a.jpg	roboflow_team128_v5_IMG_0772_jpg.rf.084e672a7fcf52893b930eb552b07e0a.txt	6	99	244	0	1	25	1855.0	1279.0	251.0	262.0	36054.0	75c2b4e0f191d68106aaf4335b89c391255b22452a8bea5d79d756b8dbe76f3f	c961ac10b433c6df4170a591d5c902859c34c92738bb3ae5ff308340089d005d
test_frozen	test	roboflow_team128_v5	roboflow_team128_v5_IMG_0773_jpg.rf.5b5c41720d2632686eb94263b243fbc3.jpg	roboflow_team128_v5_IMG_0773_jpg.rf.5b5c41720d2632686eb94263b243fbc3.txt	1	100	245	0	1	41	1508.0	3108.0	723.0	923.0	412964.0	44efee8ced2173bc50827f8c2eebf7330fa74de180238b573069c7bb733f883b	5c3a0bcbd49f9f667177b758f6b7d7a9836d645f32d901b1a4f9dfdefaf83a6f
test_frozen	test	roboflow_team128_v5	roboflow_team128_v5_IMG_0773_jpg.rf.5b5c41720d2632686eb94263b243fbc3.jpg	roboflow_team128_v5_IMG_0773_jpg.rf.5b5c41720d2632686eb94263b243fbc3.txt	2	100	246	0	1	59	353.0	2551.0	707.0	601.0	219323.0	c4d855a456617a2fb6dcf7c56ce9fcd18c10d753026f45e53e69bc5611508224	38dbb353a1ae6998627359a9230d620d46d362dc3d84a0086e1fd25690ac1305
test_frozen	test	roboflow_team128_v5	roboflow_team128_v5_IMG_0773_jpg.rf.5b5c41720d2632686eb94263b243fbc3.jpg	roboflow_team128_v5_IMG_0773_jpg.rf.5b5c41720d2632686eb94263b243fbc3.txt	3	100	247	0	1	28	1525.0	1042.0	253.0	251.0	35339.0	ba7ecd2b56b09be12b38436a5e5d01fc66a74ceebed65e3c563523933713eb5d	5e10cdec95979537695458d5d5e80d748cb2bfd5aaefb3a56a9daa2fef9240ac
test_frozen	test	roboflow_team128_v5	roboflow_team128_v5_IMG_0773_jpg.rf.5b5c41720d2632686eb94263b243fbc3.jpg	roboflow_team128_v5_IMG_0773_jpg.rf.5b5c41720d2632686eb94263b243fbc3.txt	4	100	248	0	1	24	378.0	80.0	272.0	252.0	44056.0	d784adcd06c845567715970f998e397ac4cb26546d0b0e7ff6ec4d47366ec1b0	f23b062fe749a8f1ae7dc18ac6ec2a0ee4a3b675fc1c87ae694e36045316483a
test_frozen	test	roboflow_team128_v5	roboflow_team128_v5_IMG_0791_jpg.rf.33f3aa54c1893620d02409c2e096afd8.jpg	roboflow_team128_v5_IMG_0791_jpg.rf.33f3aa54c1893620d02409c2e096afd8.txt	1	101	249	0	1	40	1316.0	375.0	609.0	769.0	354499.0	3c4e0fcf193d285cf020a9f9739b60f8a6254d7bde54f3ea2d8b63e26ff1ca42	c6ba5c65603ad59ecf347d8411eed062af5df93894bec953089956f337878771
test_frozen	test	roboflow_team128_v5	roboflow_team128_v5_IMG_0791_jpg.rf.33f3aa54c1893620d02409c2e096afd8.jpg	roboflow_team128_v5_IMG_0791_jpg.rf.33f3aa54c1893620d02409c2e096afd8.txt	2	101	250	0	1	34	1267.0	1097.0	349.0	224.0	45266.0	bcbe09cc23f3cedf55fcbbd390025dc82e519a12afdfff4bb9d5152fdcb505f8	5344e3fb771d3c3ac535fe5074e171b52f4080986b890c3a7e1103349dc066df
test_frozen	test	roboflow_team128_v5	roboflow_team128_v5_IMG_0791_jpg.rf.33f3aa54c1893620d02409c2e096afd8.jpg	roboflow_team128_v5_IMG_0791_jpg.rf.33f3aa54c1893620d02409c2e096afd8.txt	3	101	251	0	1	10	1634.0	1124.0	107.0	96.0	5835.0	4d135749708b355049d7601956a979c421b1d0c001067d0ec4993f1cb9ab22d1	991b1b801c97213abc915e6d858c5ef5db9fdd4a4d9f7930cd085a4918e93646
test_frozen	test	roboflow_team128_v5	roboflow_team128_v5_IMG_0791_jpg.rf.33f3aa54c1893620d02409c2e096afd8.jpg	roboflow_team128_v5_IMG_0791_jpg.rf.33f3aa54c1893620d02409c2e096afd8.txt	4	101	252	0	1	58	996.0	2542.0	889.0	712.0	363052.0	3ccdeb46ca755ad1e99cc5b3408b4c6c1456b667dd8d91630f8fc267679c38e2	8cdf2dea4b5668c82c708db7adde32c3be7eb3f4ffe92e86e2b363e6493559ec
test_frozen	test	roboflow_team128_v5	roboflow_team128_v5_IMG_0791_jpg.rf.33f3aa54c1893620d02409c2e096afd8.jpg	roboflow_team128_v5_IMG_0791_jpg.rf.33f3aa54c1893620d02409c2e096afd8.txt	5	101	253	0	1	29	1935.0	1772.0	206.0	332.0	34352.0	b6fa5f6f18d7338ce90052c7dc7d22b43832bb899d8feb2ae3d4a0925ee4ce0d	639c6bd8ad89a388192d8149bb670cf2a89171edf4dc7eb1759ceabb5d12217f
test_frozen	test	roboflow_team128_v5	roboflow_team128_v5_IMG_0791_jpg.rf.33f3aa54c1893620d02409c2e096afd8.jpg	roboflow_team128_v5_IMG_0791_jpg.rf.33f3aa54c1893620d02409c2e096afd8.txt	6	101	254	0	1	83	2148.0	1608.0	832.0	867.0	489190.0	da27442f495aa3444368df6ec2632bf2f6ee80a53404ec878390d6ddf906b903	d82e7d2a9d513cd39184448a404d6bc34d2bb0b970c13fa30c3be1d26bcad8bf
