image	instances	min_area	small_instances	tiny_instances	edge_instances	repeat	reasons
D:/MelonDataset/watermelon_seg/images/train/local_test_images_20260707_0001.jpg	11	0.00040862	4	1	0	5	dense_instances>=8,small_instances>=3,tiny_instances>=1
D:/MelonDataset/watermelon_seg/images/train/local_test_images_20260707_0002.jpg	9	0.00024064	2	1	0	5	dense_instances>=8,small_instances>=1,tiny_instances>=1
D:/MelonDataset/watermelon_seg/images/train/local_test_images_20260707_0003.jpg	12	0.00041671	5	2	0	5	dense_instances>=8,small_instances>=3,tiny_instances>=1
D:/MelonDataset/watermelon_seg/images/train/local_test_images_20260707_0004.jpg	10	0.00037681	1	1	0	5	dense_instances>=8,small_instances>=1,tiny_instances>=1
D:/MelonDataset/watermelon_seg/images/train/local_test_images_20260707_0005.jpg	11	0.00074894	3	1	0	5	dense_instances>=8,small_instances>=3,tiny_instances>=1
D:/MelonDataset/watermelon_seg/images/train/local_test_images_20260707_0006.jpg	9	0.00116423	1	0	0	4	dense_instances>=8,small_instances>=1
D:/MelonDataset/watermelon_seg/images/train/local_test_images_20260707_0008.jpg	13	0.00014177	6	3	0	5	dense_instances>=8,small_instances>=3,tiny_instances>=1
D:/MelonDataset/watermelon_seg/images/train/local_test_images_20260707_0009.jpg	14	0.00025666	7	3	0	5	dense_instances>=8,small_instances>=3,tiny_instances>=1
D:/MelonDataset/watermelon_seg/images/train/my_labelme_color_000007.png	10	0.00236083	7	0	0	5	dense_instances>=8,small_instances>=3
D:/MelonDataset/watermelon_seg/images/train/my_labelme_color_000008.png	10	0.00236083	7	0	0	5	dense_instances>=8,small_instances>=3
D:/MelonDataset/watermelon_seg/images/train/my_labelme_color_000009.png	10	0.00236083	7	0	0	5	dense_instances>=8,small_instances>=3
D:/MelonDataset/watermelon_seg/images/train/my_labelme_color_000010.png	10	0.00236083	7	0	0	5	dense_instances>=8,small_instances>=3
D:/MelonDataset/watermelon_seg/images/train/my_labelme_color_000011.png	8	0.00084850	6	1	0	5	dense_instances>=8,small_instances>=3,tiny_instances>=1
D:/MelonDataset/watermelon_seg/images/train/my_labelme_color_000014.png	9	0.00029963	5	1	0	5	dense_instances>=8,small_instances>=3,tiny_instances>=1
D:/MelonDataset/watermelon_seg/images/train/my_labelme_color_000015.png	9	0.00047897	7	1	0	5	dense_instances>=8,small_instances>=3,tiny_instances>=1
D:/MelonDataset/watermelon_seg/images/train/my_labelme_color_000017.png	12	0.00008925	8	2	0	5	dense_instances>=8,small_instances>=3,tiny_instances>=1
D:/MelonDataset/watermelon_seg/images/train/my_labelme_color_000018.png	13	0.00025494	10	4	0	5	dense_instances>=8,small_instances>=3,tiny_instances>=1
D:/MelonDataset/watermelon_seg/images/train/my_labelme_color_000019.png	12	0.00026388	9	2	0	5	dense_instances>=8,small_instances>=3,tiny_instances>=1
D:/MelonDataset/watermelon_seg/images/train/my_labelme_color_000020.png	11	0.00046017	7	2	0	5	dense_instances>=8,small_instances>=3,tiny_instances>=1
D:/MelonDataset/watermelon_seg/images/train/my_labelme_color_000021.png	10	0.00079138	7	2	0	5	dense_instances>=8,small_instances>=3,tiny_instances>=1
D:/MelonDataset/watermelon_seg/images/train/my_labelme_color_000022.png	13	0.00020104	9	5	0	5	dense_instances>=8,small_instances>=3,tiny_instances>=1
D:/MelonDataset/watermelon_seg/images/train/my_labelme_color_000023.png	11	0.00021167	9	2	0	5	dense_instances>=8,small_instances>=3,tiny_instances>=1
D:/MelonDataset/watermelon_seg/images/train/my_labelme_color_000024.png	9	0.00078008	6	1	0	5	dense_instances>=8,small_instances>=3,tiny_instances>=1
D:/MelonDataset/watermelon_seg/images/train/my_labelme_color_000025.png	9	0.00075906	7	1	0	5	dense_instances>=8,small_instances>=3,tiny_instances>=1
D:/MelonDataset/watermelon_seg/images/train/my_labelme_color_000032.png	11	0.00024098	9	2	0	5	dense_instances>=8,small_instances>=3,tiny_instances>=1
D:/MelonDataset/watermelon_seg/images/train/my_labelme_color_000033.png	10	0.00045600	8	1	0	5	dense_instances>=8,small_instances>=3,tiny_instances>=1
D:/MelonDataset/watermelon_seg/images/train/my_labelme_color_000035.png	13	0.00015196	10	6	0	5	dense_instances>=8,small_instances>=3,tiny_instances>=1
D:/MelonDataset/watermelon_seg/images/train/my_labelme_color_000038.png	13	0.00023604	11	5	0	5	dense_instances>=8,small_instances>=3,tiny_instances>=1
D:/MelonDataset/watermelon_seg/images/train/my_labelme_color_000039.png	12	0.00020608	8	5	0	5	dense_instances>=8,small_instances>=3,tiny_instances>=1
D:/MelonDataset/watermelon_seg/images/train/my_labelme_color_000044.png	15	0.00009494	12	6	0	5	dense_instances>=8,small_instances>=3,tiny_instances>=1
D:/MelonDataset/watermelon_seg/images/train/my_labelme_color_000048.png	9	0.00211558	7	0	0	5	dense_instances>=8,small_instances>=3
D:/MelonDataset/watermelon_seg/images/train/my_labelme_color_000049.png	8	0.00109347	5	0	0	5	dense_instances>=8,small_instances>=3
D:/MelonDataset/watermelon_seg/images/train/my_labelme_color_000051.png	10	0.00005064	8	3	0	5	dense_instances>=8,small_instances>=3,tiny_instances>=1
D:/MelonDataset/watermelon_seg/images/train/my_labelme_color_000053.png	9	0.00022063	7	2	0	5	dense_instances>=8,small_instances>=3,tiny_instances>=1
D:/MelonDataset/watermelon_seg/images/train/my_labelme_color_000054.png	10	0.00062147	7	1	0	5	dense_instances>=8,small_instances>=3,tiny_instances>=1
D:/MelonDataset/watermelon_seg/images/train/my_labelme_color_000055.png	12	0.00010383	9	2	0	5	dense_instances>=8,small_instances>=3,tiny_instances>=1
D:/MelonDataset/watermelon_seg/images/train/my_labelme_color_000056.png	13	0.00005959	10	4	0	5	dense_instances>=8,small_instances>=3,tiny_instances>=1
D:/MelonDataset/watermelon_seg/images/train/my_labelme_color_000057.png	13	0.00005737	10	4	0	5	dense_instances>=8,small_instances>=3,tiny_instances>=1
D:/MelonDataset/watermelon_seg/images/train/my_labelme_color_000058.png	11	0.00010418	8	2	0	5	dense_instances>=8,small_instances>=3,tiny_instances>=1
D:/MelonDataset/watermelon_seg/images/train/my_labelme_color_000059.png	11	0.00006723	9	1	0	5	dense_instances>=8,small_instances>=3,tiny_instances>=1
D:/MelonDataset/watermelon_seg/images/train/my_labelme_color_000060.png	13	0.00006490	9	4	0	5	dense_instances>=8,small_instances>=3,tiny_instances>=1
D:/MelonDataset/watermelon_seg/images/train/my_labelme_color_000064.png	9	0.00179801	5	0	0	5	dense_instances>=8,small_instances>=3
D:/MelonDataset/watermelon_seg/images/train/my_labelme_color_000067.png	11	0.00003840	8	3	0	5	dense_instances>=8,small_instances>=3,tiny_instances>=1
D:/MelonDataset/watermelon_seg/images/train/roboflow_drago_v1_100_jpg.rf.7ba4408734835163cffc263e485a34fc.jpg	1	0.40187381	0	0	0	1	base
D:/MelonDataset/watermelon_seg/images/train/roboflow_drago_v1_100_jpg.rf.a9b8f5ea358e7091996b75a38e3eae49.jpg	1	0.40187381	0	0	0	1	base
D:/MelonDataset/watermelon_seg/images/train/roboflow_drago_v1_108_jpg.rf.51d22f7b68106c2874f81f6d601b2e82.jpg	1	0.33016517	0	0	1	1	base
D:/MelonDataset/watermelon_seg/images/train/roboflow_drago_v1_108_jpg.rf.6bdf4ec338c7927e264e5edc5560acec.jpg	1	0.33016517	0	0	1	1	base
D:/MelonDataset/watermelon_seg/images/train/roboflow_drago_v1_116_jpg.rf.c6a769705e749646bf3bebf88a9a0e09.jpg	1	0.32134542	0	0	0	1	base
D:/MelonDataset/watermelon_seg/images/train/roboflow_drago_v1_118_jpg.rf.2ab1a59ccfa374697ff4683a8a7b9b27.jpg	1	0.16834304	0	0	0	1	base
D:/MelonDataset/watermelon_seg/images/train/roboflow_drago_v1_118_jpg.rf.529c0550299427dc934a6379778b963c.jpg	1	0.16834304	0	0	0	1	base
D:/MelonDataset/watermelon_seg/images/train/roboflow_drago_v1_119_jpg.rf.7af0e6530d2ec5a258fe31770612a7f9.jpg	1	0.29148414	0	0	0	1	base
D:/MelonDataset/watermelon_seg/images/train/roboflow_drago_v1_121_jpg.rf.b6b7a746cd3771e7f7a607ec16997edd.jpg	2	0.14678266	0	0	0	1	base
D:/MelonDataset/watermelon_seg/images/train/roboflow_drago_v1_127_jpg.rf.622bcfc16e4d15b4f3b64207182996c5.jpg	2	0.08035501	0	0	1	1	base
D:/MelonDataset/watermelon_seg/images/train/roboflow_drago_v1_127_jpg.rf.8fee911f3d6254a0809ddba4359de092.jpg	2	0.08035501	0	0	1	1	base
D:/MelonDataset/watermelon_seg/images/train/roboflow_drago_v1_136_jpg.rf.2fd1d3fa57e17ddc58b2cb0da14eeb0e.jpg	1	0.05559592	0	0	0	1	base
D:/MelonDataset/watermelon_seg/images/train/roboflow_drago_v1_136_jpg.rf.b1fabeb5f384848e79cb20c77d5ddf63.jpg	1	0.05559592	0	0	0	1	base
D:/MelonDataset/watermelon_seg/images/train/roboflow_drago_v1_136_jpg.rf.fb2933e8e7bbe1ccc9970c46d0075aa3.jpg	1	0.05559592	0	0	0	1	base
D:/MelonDataset/watermelon_seg/images/train/roboflow_drago_v1_137_jpg.rf.620c81a7e016943b86a4c039c9baf91b.jpg	1	0.42114829	0	0	0	1	base
D:/MelonDataset/watermelon_seg/images/train/roboflow_drago_v1_137_jpg.rf.e7ed4d919c58c117dea961e060e61e96.jpg	1	0.42114829	0	0	0	1	base
D:/MelonDataset/watermelon_seg/images/train/roboflow_drago_v1_139_jpg.rf.91fbd649c608ba9b318bdf895263be97.jpg	1	0.20294080	0	0	0	1	base
D:/MelonDataset/watermelon_seg/images/train/roboflow_drago_v1_145_jpg.rf.3c627c3f169ae98b080d588bbd0cccf2.jpg	1	0.15055172	0	0	0	1	base
D:/MelonDataset/watermelon_seg/images/train/roboflow_drago_v1_145_jpg.rf.6765900d5306683d3c6c5fd01278efdc.jpg	1	0.15055172	0	0	0	1	base
D:/MelonDataset/watermelon_seg/images/train/roboflow_drago_v1_145_jpg.rf.70c1051a256ae9316b0e47cfe19a7e28.jpg	1	0.15055172	0	0	0	1	base
D:/MelonDataset/watermelon_seg/images/train/roboflow_drago_v1_154_jpg.rf.061028fde096052bfc715b4a3f4ee739.jpg	1	0.12859412	0	0	0	1	base
D:/MelonDataset/watermelon_seg/images/train/roboflow_drago_v1_157_jpg.rf.a0aa13ef64a3615008c376f9513def17.jpg	1	0.23650998	0	0	0	1	base
D:/MelonDataset/watermelon_seg/images/train/roboflow_drago_v1_157_jpg.rf.e4b28f860100e1312d6b2c13744c86ea.jpg	1	0.23650998	0	0	0	1	base
D:/MelonDataset/watermelon_seg/images/train/roboflow_drago_v1_158_jpg.rf.1d133ec0fb57b236d036fdd31a98314e.jpg	1	0.20852090	0	0	0	1	base
D:/MelonDataset/watermelon_seg/images/train/roboflow_drago_v1_162_jpg.rf.0937f1501e60988840d9d27abc381e6c.jpg	1	0.26039718	0	0	0	1	base
D:/MelonDataset/watermelon_seg/images/train/roboflow_drago_v1_162_jpg.rf.d5f1cc92d31e44e83ca4c5a412103b78.jpg	1	0.26039718	0	0	0	1	base
D:/MelonDataset/watermelon_seg/images/train/roboflow_drago_v1_164_jpg.rf.9a5b54601617698f6ee46e39a8ad4af7.jpg	1	0.06466320	0	0	0	1	base
D:/MelonDataset/watermelon_seg/images/train/roboflow_drago_v1_165_jpg.rf.04fa8f509fe0a6d588077645b4c979be.jpg	1	0.03729257	0	0	0	1	base
D:/MelonDataset/watermelon_seg/images/train/roboflow_drago_v1_165_jpg.rf.481dbd3e33ba7f3eac83db3a1e6313d5.jpg	1	0.03729257	0	0	0	1	base
D:/MelonDataset/watermelon_seg/images/train/roboflow_drago_v1_165_jpg.rf.8f16844591050283077fa3e433f66838.jpg	1	0.03729257	0	0	0	1	base
D:/MelonDataset/watermelon_seg/images/train/roboflow_drago_v1_167_jpg.rf.19d3e9f777cbcd02263bfc3fa200916b.jpg	1	0.11465330	0	0	0	1	base
D:/MelonDataset/watermelon_seg/images/train/roboflow_drago_v1_168_jpg.rf.01888e227526f72971462297ddb1c750.jpg	1	0.15024851	0	0	0	1	base
D:/MelonDataset/watermelon_seg/images/train/roboflow_drago_v1_168_jpg.rf.39306d7d176a3ce1b7c87f56f4e8a28d.jpg	1	0.15024851	0	0	0	1	base
D:/MelonDataset/watermelon_seg/images/train/roboflow_drago_v1_168_jpg.rf.9d87ddc1a4d8a51929316d6397d4da36.jpg	1	0.15024851	0	0	0	1	base
D:/MelonDataset/watermelon_seg/images/train/roboflow_drago_v1_169_jpg.rf.1c6ef8a41ce5193901d9867d8a150062.jpg	2	0.06492033	0	0	0	1	base
D:/MelonDataset/watermelon_seg/images/train/roboflow_drago_v1_169_jpg.rf.513794fe995c292f3fbb20e9e559c53f.jpg	2	0.06492033	0	0	0	1	base
D:/MelonDataset/watermelon_seg/images/train/roboflow_drago_v1_169_jpg.rf.cfaf33c87645ab95160ce390722af6da.jpg	2	0.06492033	0	0	0	1	base
D:/MelonDataset/watermelon_seg/images/train/roboflow_drago_v1_170_jpg.rf.d726b116045f93e1b9cf3cba4595d163.jpg	1	0.17509104	0	0	0	1	base
D:/MelonDataset/watermelon_seg/images/train/roboflow_drago_v1_171_jpg.rf.c9f1b4d4b610c7fe46702a930608892c.jpg	1	0.16009544	0	0	0	1	base
D:/MelonDataset/watermelon_seg/images/train/roboflow_drago_v1_172_jpg.rf.d610ffeec1cc56452dca0085e143cde3.jpg	1	0.16464810	0	0	0	1	base
D:/MelonDataset/watermelon_seg/images/train/roboflow_drago_v1_172_jpg.rf.e51559ec94ec78b7bc3129257d65560c.jpg	1	0.16464810	0	0	0	1	base
D:/MelonDataset/watermelon_seg/images/train/roboflow_drago_v1_174_jpg.rf.a54ebd3a5839b0beed895b943d578a2d.jpg	3	0.00841578	0	0	1	1	base
D:/MelonDataset/watermelon_seg/images/train/roboflow_drago_v1_175_jpg.rf.ae9af188f2c283adb21924ad2ad121f0.jpg	1	0.14949011	0	0	0	1	base
D:/MelonDataset/watermelon_seg/images/train/roboflow_drago_v1_177_jpg.rf.b53a89e61dd1cc59e727d9bdbd832539.jpg	1	0.19518248	0	0	1	1	base
D:/MelonDataset/watermelon_seg/images/train/roboflow_drago_v1_177_jpg.rf.b7c53909b199aae1fe3aa26b1ed3f66c.jpg	1	0.19518248	0	0	1	1	base
D:/MelonDataset/watermelon_seg/images/train/roboflow_drago_v1_182_jpg.rf.fb7f9134e928d22d7d854054c0721c46.jpg	1	0.35702498	0	0	0	1	base
D:/MelonDataset/watermelon_seg/images/train/roboflow_drago_v1_183_jpg.rf.4c3a679ea6e2c464b4dfe8ca9911caeb.jpg	1	0.41534240	0	0	0	1	base
D:/MelonDataset/watermelon_seg/images/train/roboflow_drago_v1_183_jpg.rf.79def08c1923831d561858cf2a0d0f3f.jpg	1	0.41534240	0	0	0	1	base
D:/MelonDataset/watermelon_seg/images/train/roboflow_drago_v1_183_jpg.rf.a67271e95b255f123b841fecff29e828.jpg	1	0.41534240	0	0	0	1	base
D:/MelonDataset/watermelon_seg/images/train/roboflow_drago_v1_184_jpg.rf.760be8afbb51ffe0f664c3752bed907c.jpg	1	0.09248826	0	0	0	1	base
D:/MelonDataset/watermelon_seg/images/train/roboflow_drago_v1_185_jpg.rf.2e41762dd375f2705233d3b85aafdda3.jpg	1	0.08171535	0	0	0	1	base
D:/MelonDataset/watermelon_seg/images/train/roboflow_drago_v1_185_jpg.rf.5b9585bcf742ee186bbeb0fa8c013d0a.jpg	1	0.08171535	0	0	0	1	base
D:/MelonDataset/watermelon_seg/images/train/roboflow_drago_v1_185_jpg.rf.f6d4bc3d1eeb7806276318708679e068.jpg	1	0.08171535	0	0	0	1	base
D:/MelonDataset/watermelon_seg/images/train/roboflow_drago_v1_187_jpg.rf.2282d3334e86fa129306f6b3fe790539.jpg	1	0.09854349	0	0	0	1	base
D:/MelonDataset/watermelon_seg/images/train/roboflow_drago_v1_187_jpg.rf.4291e6fc3bbadc6a35806a9512741f27.jpg	1	0.09854349	0	0	0	1	base
D:/MelonDataset/watermelon_seg/images/train/roboflow_drago_v1_196_jpg.rf.f2cbd056e0e6c2796b81e5637b105930.jpg	1	0.22425276	0	0	0	1	base
D:/MelonDataset/watermelon_seg/images/train/roboflow_drago_v1_198_jpg.rf.4ea0ef38339f8e580707d86a09384887.jpg	1	0.58179659	0	0	1	1	base
D:/MelonDataset/watermelon_seg/images/train/roboflow_drago_v1_198_jpg.rf.7f532117e05aa3688e63abd47cce890c.jpg	1	0.58179659	0	0	1	1	base
D:/MelonDataset/watermelon_seg/images/train/roboflow_drago_v1_198_jpg.rf.b4f79bdac26a704ab9204dace09bf72c.jpg	1	0.58179659	0	0	1	1	base
D:/MelonDataset/watermelon_seg/images/train/roboflow_drago_v1_203_jpg.rf.19fe653139b1c981be35b6e0cabf1d37.jpg	1	0.38149511	0	0	0	1	base
D:/MelonDataset/watermelon_seg/images/train/roboflow_drago_v1_203_jpg.rf.a23cbbe7f73657d34599eda7a812eff9.jpg	1	0.38149511	0	0	0	1	base
D:/MelonDataset/watermelon_seg/images/train/roboflow_drago_v1_205_jpg.rf.d8e04ad288f98807587a8eae847e3ded.jpg	1	0.28677733	0	0	0	1	base
D:/MelonDataset/watermelon_seg/images/train/roboflow_drago_v1_209_jpg.rf.5d6b9bc0de55d3066b5dee9d29de907b.jpg	2	0.41131594	0	0	1	1	base
D:/MelonDataset/watermelon_seg/images/train/roboflow_drago_v1_211_jpg.rf.345eb25809a1537287ac8348d461c93b.jpg	1	0.48206719	0	0	0	1	base
D:/MelonDataset/watermelon_seg/images/train/roboflow_drago_v1_211_jpg.rf.35fdbfe55872c75211530ded80d0f980.jpg	1	0.48206719	0	0	0	1	base
D:/MelonDataset/watermelon_seg/images/train/roboflow_drago_v1_211_jpg.rf.75e91e7dfa5916ab64cd077e8133e7ee.jpg	1	0.48206719	0	0	0	1	base
D:/MelonDataset/watermelon_seg/images/train/roboflow_drago_v1_212_jpg.rf.51338b2185ebdfb40adc538d49835b27.jpg	1	0.35152281	0	0	0	1	base
D:/MelonDataset/watermelon_seg/images/train/roboflow_drago_v1_214_jpg.rf.f7d5c9257431f46686bdb081298dd347.jpg	2	0.06696034	0	0	2	2	edge_instances>=2
D:/MelonDataset/watermelon_seg/images/train/roboflow_drago_v1_215_jpg.rf.b06612e3f82a2ac408acbf7f585f17b3.jpg	1	0.42803045	0	0	1	1	base
D:/MelonDataset/watermelon_seg/images/train/roboflow_drago_v1_215_jpg.rf.bef4049c601679431c4c9435dfd22b9e.jpg	1	0.42803045	0	0	1	1	base
D:/MelonDataset/watermelon_seg/images/train/roboflow_drago_v1_216_jpg.rf.09b6e4a0c225259133775c9f2e1ab474.jpg	1	0.26800179	0	0	0	1	base
D:/MelonDataset/watermelon_seg/images/train/roboflow_drago_v1_217_jpg.rf.5d05b3f8fdc7a38c6a611de3cca2ab9d.jpg	1	0.09065952	0	0	0	1	base
D:/MelonDataset/watermelon_seg/images/train/roboflow_drago_v1_217_jpg.rf.a7c85463103b0820ff778fe4ec3cf8a4.jpg	1	0.09065952	0	0	0	1	base
D:/MelonDataset/watermelon_seg/images/train/roboflow_drago_v1_218_jpg.rf.07a7c21eecd786e72ffcc2bead6eb0eb.jpg	4	0.02555737	0	0	0	1	base
D:/MelonDataset/watermelon_seg/images/train/roboflow_drago_v1_218_jpg.rf.f2bd4548fd011648c9595234442b3d9b.jpg	4	0.02555737	0	0	0	1	base
D:/MelonDataset/watermelon_seg/images/train/roboflow_drago_v1_21_jpg.rf.947b7681f6e2bba91f607d631c303ef2.jpg	2	0.07671071	0	0	2	2	edge_instances>=2
D:/MelonDataset/watermelon_seg/images/train/roboflow_drago_v1_21_jpg.rf.963a251753b2af7113c47287e2c746bc.jpg	2	0.07671071	0	0	2	2	edge_instances>=2
D:/MelonDataset/watermelon_seg/images/train/roboflow_drago_v1_21_jpg.rf.ea476f2d6aa8c90b9df0ae377a4ccb9d.jpg	2	0.07671071	0	0	2	2	edge_instances>=2
D:/MelonDataset/watermelon_seg/images/train/roboflow_drago_v1_220_jpg.rf.0699d63e4e4246e13f14f931f0ff3701.jpg	1	0.03928785	0	0	0	1	base
D:/MelonDataset/watermelon_seg/images/train/roboflow_drago_v1_220_jpg.rf.d4ae3ba1df19d69bb84ab1d969cad268.jpg	1	0.03928785	0	0	0	1	base
D:/MelonDataset/watermelon_seg/images/train/roboflow_drago_v1_220_jpg.rf.d96dbc01c371431d50a15829087d8805.jpg	1	0.03928785	0	0	0	1	base
D:/MelonDataset/watermelon_seg/images/train/roboflow_drago_v1_221_jpg.rf.6339745d5d5c298c984d45a581e9cdc2.jpg	1	0.16169047	0	0	0	1	base
D:/MelonDataset/watermelon_seg/images/train/roboflow_drago_v1_221_jpg.rf.c02995a27e1c04d1ca4c879f06055c79.jpg	1	0.16169047	0	0	0	1	base
D:/MelonDataset/watermelon_seg/images/train/roboflow_drago_v1_222_jpg.rf.15b734af1af11aa095fb08adc83cafc1.jpg	1	0.10249898	0	0	0	1	base
D:/MelonDataset/watermelon_seg/images/train/roboflow_drago_v1_222_jpg.rf.7232ac038bc68b1b5c9d97059145e183.jpg	1	0.10249898	0	0	0	1	base
D:/MelonDataset/watermelon_seg/images/train/roboflow_drago_v1_223_jpg.rf.e2f3ecf6fdccb0180c91358a5530de60.jpg	1	0.16018802	0	0	0	1	base
D:/MelonDataset/watermelon_seg/images/train/roboflow_drago_v1_225_jpg.rf.2a11fbde92c1ec988f6a2625437b562e.jpg	1	0.08966204	0	0	0	1	base
D:/MelonDataset/watermelon_seg/images/train/roboflow_drago_v1_225_jpg.rf.62f2eb0432e0615a3444796ebcd530b5.jpg	1	0.08966204	0	0	0	1	base
D:/MelonDataset/watermelon_seg/images/train/roboflow_drago_v1_225_jpg.rf.8bef478ce3fc3ba3c1d76e47d1659656.jpg	1	0.08966204	0	0	0	1	base
D:/MelonDataset/watermelon_seg/images/train/roboflow_drago_v1_226_jpg.rf.071bb548b4cbb258892218bf58c051ac.jpg	1	0.15172991	0	0	0	1	base
D:/MelonDataset/watermelon_seg/images/train/roboflow_drago_v1_226_jpg.rf.7f5c91d532c83b1bcec09ffe1d8278be.jpg	1	0.15172991	0	0	0	1	base
D:/MelonDataset/watermelon_seg/images/train/roboflow_drago_v1_226_jpg.rf.bf97ade3d2eaf1dec06af9f1503f5f06.jpg	1	0.15172991	0	0	0	1	base
D:/MelonDataset/watermelon_seg/images/train/roboflow_drago_v1_227_jpg.rf.61078578d27ba112d4b1c35c553269ae.jpg	3	0.04990576	0	0	2	2	edge_instances>=2
D:/MelonDataset/watermelon_seg/images/train/roboflow_drago_v1_229_jpg.rf.068fe78e8d0c8ef48fc5f92d20f118f1.jpg	1	0.08371333	0	0	0	1	base
D:/MelonDataset/watermelon_seg/images/train/roboflow_drago_v1_232_jpg.rf.05b77c5bff9562f5fd34b076fee4c66c.jpg	1	0.11757713	0	0	0	1	base
D:/MelonDataset/watermelon_seg/images/train/roboflow_drago_v1_232_jpg.rf.269a6d7f0df9e6fa8a597031ea3aac91.jpg	1	0.11757713	0	0	0	1	base
D:/MelonDataset/watermelon_seg/images/train/roboflow_drago_v1_233_jpg.rf.0fb0d8ddfbef3143acf11a9bcff3bfbe.jpg	1	0.14852551	0	0	0	1	base
D:/MelonDataset/watermelon_seg/images/train/roboflow_drago_v1_233_jpg.rf.0fcc48ffc18441a9691bcc7a2ea4d790.jpg	1	0.14852551	0	0	0	1	base
D:/MelonDataset/watermelon_seg/images/train/roboflow_drago_v1_235_jpg.rf.4336c1ca60a9e03c8d65471308be0824.jpg	1	0.19818827	0	0	0	1	base
D:/MelonDataset/watermelon_seg/images/train/roboflow_drago_v1_235_jpg.rf.74d17ae21510f27c8b196a724d0395cd.jpg	1	0.19818827	0	0	0	1	base
D:/MelonDataset/watermelon_seg/images/train/roboflow_drago_v1_235_jpg.rf.7d110ab058fca80a166bb784b703b114.jpg	1	0.19818827	0	0	0	1	base
D:/MelonDataset/watermelon_seg/images/train/roboflow_drago_v1_236_jpg.rf.0c79066f9b3a31c4fb79f541f1c870b9.jpg	1	0.15947447	0	0	0	1	base
D:/MelonDataset/watermelon_seg/images/train/roboflow_drago_v1_236_jpg.rf.47a0e733480ee8ee3910529f382e0505.jpg	1	0.15947447	0	0	0	1	base
D:/MelonDataset/watermelon_seg/images/train/roboflow_drago_v1_237_jpg.rf.20f2a58ade06d43ffadbe8f5d0df81c2.jpg	1	0.26777312	0	0	0	1	base
D:/MelonDataset/watermelon_seg/images/train/roboflow_drago_v1_240_jpg.rf.56087491c8099ae2077699f559c960ff.jpg	1	0.30435923	0	0	0	1	base
D:/MelonDataset/watermelon_seg/images/train/roboflow_drago_v1_242_jpg.rf.7669ce5050ba96e9a8021e346faa3d81.jpg	1	0.28719621	0	0	0	1	base
D:/MelonDataset/watermelon_seg/images/train/roboflow_drago_v1_242_jpg.rf.c1f871e912778af832e1b2ea9d7078fa.jpg	1	0.28719621	0	0	0	1	base
D:/MelonDataset/watermelon_seg/images/train/roboflow_drago_v1_24_jpg.rf.139ebe062363aa59942e22d43ec3aac1.jpg	1	0.28687322	0	0	1	1	base
D:/MelonDataset/watermelon_seg/images/train/roboflow_drago_v1_24_jpg.rf.83a470a8409808a8c0a04b5fd7af0076.jpg	1	0.28687322	0	0	1	1	base
D:/MelonDataset/watermelon_seg/images/train/roboflow_drago_v1_24_jpg.rf.de5f080bb7f3e7eea9fd3ec23d670d01.jpg	1	0.28687322	0	0	1	1	base
D:/MelonDataset/watermelon_seg/images/train/roboflow_drago_v1_250_jpg.rf.85bda60ee16db8e4e366bf4932ae0fd4.jpg	1	0.03290741	0	0	0	1	base
D:/MelonDataset/watermelon_seg/images/train/roboflow_drago_v1_258_jpg.rf.4dc05e7a2af03b3b74352eb94352888a.jpg	1	0.13418324	0	0	0	1	base
D:/MelonDataset/watermelon_seg/images/train/roboflow_drago_v1_258_jpg.rf.b3f80cd7ada3ab0061cef8d91f34b35f.jpg	1	0.13418324	0	0	0	1	base
D:/MelonDataset/watermelon_seg/images/train/roboflow_drago_v1_258_jpg.rf.e7b49e6c18d762bf45b00efd303defba.jpg	1	0.13418324	0	0	0	1	base
D:/MelonDataset/watermelon_seg/images/train/roboflow_drago_v1_261_jpg.rf.03d6391694dceca1ef020ef6b402d94e.jpg	1	0.09058681	0	0	0	1	base
D:/MelonDataset/watermelon_seg/images/train/roboflow_drago_v1_261_jpg.rf.47569d2dea91b4dfda8d2f6cc6a7ba8d.jpg	1	0.09058681	0	0	0	1	base
D:/MelonDataset/watermelon_seg/images/train/roboflow_drago_v1_261_jpg.rf.cc56868f7ac99cf56a2275b59a769fda.jpg	1	0.09058681	0	0	0	1	base
D:/MelonDataset/watermelon_seg/images/train/roboflow_drago_v1_263_jpg.rf.10acbd736f101369086eb2196cb8471d.jpg	1	0.57702758	0	0	0	1	base
D:/MelonDataset/watermelon_seg/images/train/roboflow_drago_v1_263_jpg.rf.7cd3c6c1124f28a1ce6011c153913c16.jpg	1	0.57702758	0	0	0	1	base
D:/MelonDataset/watermelon_seg/images/train/roboflow_drago_v1_263_jpg.rf.fab5170a2516368430e21afdd3616dda.jpg	1	0.57702758	0	0	0	1	base
D:/MelonDataset/watermelon_seg/images/train/roboflow_drago_v1_265_jpg.rf.50657aaeb5a8d8aafa457ac0e92cd3b7.jpg	1	0.10236409	0	0	0	1	base
D:/MelonDataset/watermelon_seg/images/train/roboflow_drago_v1_265_jpg.rf.81cf6b0c261e60d00e2fd9dd091edc09.jpg	1	0.10236409	0	0	0	1	base
D:/MelonDataset/watermelon_seg/images/train/roboflow_drago_v1_270_jpg.rf.781b65fcea4bb4fdc299d61e90c0da1b.jpg	1	0.09378294	0	0	0	1	base
D:/MelonDataset/watermelon_seg/images/train/roboflow_drago_v1_270_jpg.rf.897a5cc4abd7c27e88abca34cf80998e.jpg	1	0.09378294	0	0	0	1	base
D:/MelonDataset/watermelon_seg/images/train/roboflow_drago_v1_270_jpg.rf.cb5f4d9d5cd1166fcb3e0b236ecd221f.jpg	1	0.09378294	0	0	0	1	base
D:/MelonDataset/watermelon_seg/images/train/roboflow_drago_v1_272_jpg.rf.07b7f24fde9a0835ba7b2b9804a31e53.jpg	1	0.12325465	0	0	0	1	base
D:/MelonDataset/watermelon_seg/images/train/roboflow_drago_v1_272_jpg.rf.1c30ea028c258b73da965894daeb7f8e.jpg	1	0.12325465	0	0	0	1	base
D:/MelonDataset/watermelon_seg/images/train/roboflow_drago_v1_272_jpg.rf.d463eea902ed1d383c33a65d27daa002.jpg	1	0.12325465	0	0	0	1	base
D:/MelonDataset/watermelon_seg/images/train/roboflow_drago_v1_273_jpg.rf.443d40ae4d41919bf04dd969fe21b0ab.jpg	2	0.08206887	0	0	1	1	base
D:/MelonDataset/watermelon_seg/images/train/roboflow_drago_v1_274_jpg.rf.03ba288cc5071f78648be4d7c9f7efb6.jpg	1	0.24333556	0	0	0	1	base
D:/MelonDataset/watermelon_seg/images/train/roboflow_drago_v1_277_jpg.rf.49444b24f93a8e66542f372abbccd467.jpg	1	0.14682715	0	0	0	1	base
D:/MelonDataset/watermelon_seg/images/train/roboflow_drago_v1_277_jpg.rf.69b3e843f4a144f8276a19b162cf6d46.jpg	1	0.14682715	0	0	0	1	base
D:/MelonDataset/watermelon_seg/images/train/roboflow_drago_v1_277_jpg.rf.dae28f4c761fa8f29788d65ad9559ec5.jpg	1	0.14682715	0	0	0	1	base
D:/MelonDataset/watermelon_seg/images/train/roboflow_drago_v1_278_jpg.rf.4d4c143b193aafe456f0ea9e8efb79ab.jpg	1	0.35603943	0	0	0	1	base
D:/MelonDataset/watermelon_seg/images/train/roboflow_drago_v1_279_jpg.rf.12e314ee3a50739b601fe87d1b13e6b2.jpg	1	0.36572895	0	0	0	1	base
D:/MelonDataset/watermelon_seg/images/train/roboflow_drago_v1_279_jpg.rf.6cf69e970d432f3138ef629fc7f10439.jpg	1	0.36572895	0	0	0	1	base
D:/MelonDataset/watermelon_seg/images/train/roboflow_drago_v1_279_jpg.rf.bad877ccf35cf403aff1276a9fb2a923.jpg	1	0.36572895	0	0	0	1	base
D:/MelonDataset/watermelon_seg/images/train/roboflow_drago_v1_281_jpg.rf.8141815dfd8dfedffe690b326e603e87.jpg	1	0.22232087	0	0	0	1	base
D:/MelonDataset/watermelon_seg/images/train/roboflow_drago_v1_282_jpg.rf.404a159b80d07e0d98b25fdd5f1f5b07.jpg	1	0.14158035	0	0	0	1	base
D:/MelonDataset/watermelon_seg/images/train/roboflow_drago_v1_282_jpg.rf.89dcb93b6f3391431ac74894ab3bf755.jpg	1	0.14158035	0	0	0	1	base
D:/MelonDataset/watermelon_seg/images/train/roboflow_drago_v1_289_jpg.rf.8c9ad021cdec26f07d9f8e60c89eada7.jpg	1	0.19646039	0	0	0	1	base
D:/MelonDataset/watermelon_seg/images/train/roboflow_drago_v1_289_jpg.rf.c2e3e94733d46e1654364583c8536be5.jpg	1	0.19646039	0	0	0	1	base
D:/MelonDataset/watermelon_seg/images/train/roboflow_drago_v1_290_jpg.rf.b05798b3dd2a71da3d865b1828c8c61d.jpg	1	0.38374067	0	0	0	1	base
D:/MelonDataset/watermelon_seg/images/train/roboflow_drago_v1_290_jpg.rf.eea77a48a163acbb47a10dbfe7d8d099.jpg	1	0.38374067	0	0	0	1	base
D:/MelonDataset/watermelon_seg/images/train/roboflow_drago_v1_291_jpg.rf.c0e450fe6c4c4d93bdfb8a446782452f.jpg	1	0.22418810	0	0	0	1	base
D:/MelonDataset/watermelon_seg/images/train/roboflow_drago_v1_293_jpg.rf.065b4c8955cec1394336e9bdb4f98e50.jpg	1	0.15523941	0	0	0	1	base
D:/MelonDataset/watermelon_seg/images/train/roboflow_drago_v1_302_jpg.rf.3156e3f7cd55007bc04da9d2e94aa616.jpg	1	0.17429305	0	0	0	1	base
D:/MelonDataset/watermelon_seg/images/train/roboflow_drago_v1_302_jpg.rf.a13691135e38a940888f4f00c6f1b7dc.jpg	1	0.17429305	0	0	0	1	base
D:/MelonDataset/watermelon_seg/images/train/roboflow_drago_v1_302_jpg.rf.d84f3e96d3164d5f8865ae087befef6d.jpg	1	0.17429305	0	0	0	1	base
D:/MelonDataset/watermelon_seg/images/train/roboflow_drago_v1_303_jpg.rf.42d52224e93a46df5f852a0959cad645.jpg	1	0.11890597	0	0	0	1	base
D:/MelonDataset/watermelon_seg/images/train/roboflow_drago_v1_303_jpg.rf.8ffd9cf96edc48af333a523b7cc7baf1.jpg	1	0.11890597	0	0	0	1	base
D:/MelonDataset/watermelon_seg/images/train/roboflow_drago_v1_303_jpg.rf.fe97777ac6b3a8821edc5b2379a00fdc.jpg	1	0.11890597	0	0	0	1	base
D:/MelonDataset/watermelon_seg/images/train/roboflow_drago_v1_304_jpg.rf.cfc846b92a4a96ae590239efbc3df86c.jpg	1	0.24255722	0	0	0	1	base
D:/MelonDataset/watermelon_seg/images/train/roboflow_drago_v1_314_jpg.rf.0803bf26b6fd7ecb120254615354e981.jpg	1	0.16320685	0	0	0	1	base
D:/MelonDataset/watermelon_seg/images/train/roboflow_drago_v1_31_jpg.rf.18bdc815d24f35367b0e43e41406fc4e.jpg	1	0.12865270	0	0	0	1	base
D:/MelonDataset/watermelon_seg/images/train/roboflow_drago_v1_31_jpg.rf.5da74d0ee2a34ca1be16219433d1c70c.jpg	1	0.12865270	0	0	0	1	base
D:/MelonDataset/watermelon_seg/images/train/roboflow_drago_v1_31_jpg.rf.d966d0a0fa3fc4dc817eeae3f1b39f37.jpg	1	0.12865270	0	0	0	1	base
D:/MelonDataset/watermelon_seg/images/train/roboflow_drago_v1_323_jpg.rf.8ed69e83ba9b0ac4096f44366c70e881.jpg	1	0.27935541	0	0	0	1	base
D:/MelonDataset/watermelon_seg/images/train/roboflow_drago_v1_323_jpg.rf.d8b33e608eea90218d1a7d54282f3a74.jpg	1	0.27935541	0	0	0	1	base
D:/MelonDataset/watermelon_seg/images/train/roboflow_drago_v1_325_jpg.rf.0892691c6457054ef018ae21345392e3.jpg	1	0.32072827	0	0	0	1	base
D:/MelonDataset/watermelon_seg/images/train/roboflow_drago_v1_325_jpg.rf.c271098099d943d79dc16a29763fa4cd.jpg	1	0.32072827	0	0	0	1	base
D:/MelonDataset/watermelon_seg/images/train/roboflow_drago_v1_326_jpg.rf.847d00ce96f3750ee2d0e9c3bec0a0b0.jpg	1	0.36152880	0	0	0	1	base
D:/MelonDataset/watermelon_seg/images/train/roboflow_drago_v1_327_jpg.rf.8d34a479d0646b47432a75c44f40c969.jpg	1	0.31297286	0	0	0	1	base
D:/MelonDataset/watermelon_seg/images/train/roboflow_drago_v1_327_jpg.rf.c8c357432ef79c6c57807a938fddf686.jpg	1	0.31297286	0	0	0	1	base
D:/MelonDataset/watermelon_seg/images/train/roboflow_drago_v1_327_jpg.rf.f44d0a764a627a3181380f6593596b8c.jpg	1	0.31297286	0	0	0	1	base
D:/MelonDataset/watermelon_seg/images/train/roboflow_drago_v1_328_jpg.rf.2edf90b1baf0ea42cdf0bf034c1c96ea.jpg	1	0.45508072	0	0	0	1	base
D:/MelonDataset/watermelon_seg/images/train/roboflow_drago_v1_328_jpg.rf.589c7ea9103c9f1229ae532b4ceffe21.jpg	1	0.45508072	0	0	0	1	base
D:/MelonDataset/watermelon_seg/images/train/roboflow_drago_v1_329_jpg.rf.a81269f70a018c4b20e736463fc10bdc.jpg	1	0.48322660	0	0	0	1	base
D:/MelonDataset/watermelon_seg/images/train/roboflow_drago_v1_329_jpg.rf.abe414ce8ee144e4c29986c68e6b31be.jpg	1	0.48322660	0	0	0	1	base
D:/MelonDataset/watermelon_seg/images/train/roboflow_drago_v1_329_jpg.rf.ea2ec9f8397a010b45bf64bad1d01a42.jpg	1	0.48322660	0	0	0	1	base
D:/MelonDataset/watermelon_seg/images/train/roboflow_drago_v1_330_jpg.rf.627bbd983800519e4db5b89ef12bb1a6.jpg	1	0.29815673	0	0	0	1	base
D:/MelonDataset/watermelon_seg/images/train/roboflow_drago_v1_330_jpg.rf.cdf47dc80e2af45767e6785ccaecc14a.jpg	1	0.29815673	0	0	0	1	base
D:/MelonDataset/watermelon_seg/images/train/roboflow_drago_v1_340_jpg.rf.7f1a60e1d6e678f9cb82f39270715d55.jpg	1	0.32242655	0	0	0	1	base
D:/MelonDataset/watermelon_seg/images/train/roboflow_drago_v1_340_jpg.rf.aa4506bdf088e9ec3f83f07b62f9d18d.jpg	1	0.32242655	0	0	0	1	base
D:/MelonDataset/watermelon_seg/images/train/roboflow_drago_v1_342_jpg.rf.40e4927b5c335371cd429406375435e1.jpg	2	0.09061876	0	0	0	1	base
D:/MelonDataset/watermelon_seg/images/train/roboflow_drago_v1_342_jpg.rf.6421d92a512444c9ad47611850913135.jpg	2	0.09061876	0	0	0	1	base
D:/MelonDataset/watermelon_seg/images/train/roboflow_drago_v1_342_jpg.rf.d4930fef03d59c0c6c12c706c4d0fba3.jpg	2	0.09061876	0	0	0	1	base
D:/MelonDataset/watermelon_seg/images/train/roboflow_drago_v1_344_jpg.rf.a68cb3ca86b3ba35ce85c5c36fd34513.jpg	1	0.19720230	0	0	0	1	base
D:/MelonDataset/watermelon_seg/images/train/roboflow_drago_v1_344_jpg.rf.c4e2d9e74739ad6c199f2a4614c54c10.jpg	1	0.19720230	0	0	0	1	base
D:/MelonDataset/watermelon_seg/images/train/roboflow_drago_v1_344_jpg.rf.f4b1e65953a7aa537949d03a0d4116aa.jpg	1	0.19720230	0	0	0	1	base
D:/MelonDataset/watermelon_seg/images/train/roboflow_drago_v1_345_jpg.rf.13204af135aa6ff869e9307b55f9c902.jpg	1	0.19362107	0	0	0	1	base
D:/MelonDataset/watermelon_seg/images/train/roboflow_drago_v1_345_jpg.rf.6ab4fa2afa065e66adc8332b5b736eba.jpg	1	0.19362107	0	0	0	1	base
D:/MelonDataset/watermelon_seg/images/train/roboflow_drago_v1_349_jpg.rf.8acce7e439634a2125f47c286ecf2a6f.jpg	1	0.20942925	0	0	0	1	base
D:/MelonDataset/watermelon_seg/images/train/roboflow_drago_v1_34_jpg.rf.d2e56501215aca4e36fcfc9b4cbe45c3.jpg	1	0.11114728	0	0	0	1	base
D:/MelonDataset/watermelon_seg/images/train/roboflow_drago_v1_34_jpg.rf.f423a591d88d04c2d2ed2034ae48377c.jpg	1	0.11114728	0	0	0	1	base
D:/MelonDataset/watermelon_seg/images/train/roboflow_drago_v1_34_jpg.rf.fc150632bf5bb228d867d50353bc03a2.jpg	1	0.11114728	0	0	0	1	base
D:/MelonDataset/watermelon_seg/images/train/roboflow_drago_v1_351_jpg.rf.490f768b383d1dc99ce60e5395c411dc.jpg	1	0.23775067	0	0	0	1	base
D:/MelonDataset/watermelon_seg/images/train/roboflow_drago_v1_351_jpg.rf.643c5db89af432b04da150a08efea408.jpg	1	0.23775067	0	0	0	1	base
D:/MelonDataset/watermelon_seg/images/train/roboflow_drago_v1_351_jpg.rf.8df8449ee274047f8c73027026871528.jpg	1	0.23775067	0	0	0	1	base
D:/MelonDataset/watermelon_seg/images/train/roboflow_drago_v1_353_jpg.rf.fb6a9ab8b75d6e765dca4fd5a1f0ebd8.jpg	1	0.34214925	0	0	0	1	base
D:/MelonDataset/watermelon_seg/images/train/roboflow_drago_v1_356_jpg.rf.8c10323700e751b7d86636247c299255.jpg	1	0.30552424	0	0	0	1	base
D:/MelonDataset/watermelon_seg/images/train/roboflow_drago_v1_356_jpg.rf.9e8faec7f4ec8826283fbd649c8adfa2.jpg	1	0.30552424	0	0	0	1	base
D:/MelonDataset/watermelon_seg/images/train/roboflow_drago_v1_35_jpg.rf.975d8a029b02cc18f4f20d4c08050870.jpg	1	0.22576935	0	0	0	1	base
D:/MelonDataset/watermelon_seg/images/train/roboflow_drago_v1_363_jpg.rf.93546ad75cb2299b170ead71dfd31e5f.jpg	1	0.21996092	0	0	0	1	base
D:/MelonDataset/watermelon_seg/images/train/roboflow_drago_v1_363_jpg.rf.e233ca3a4856ec500a8990e9e7cc1483.jpg	1	0.21996092	0	0	0	1	base
D:/MelonDataset/watermelon_seg/images/train/roboflow_drago_v1_363_jpg.rf.f8b3c0fddabb0ed5a4ce3698251cb99c.jpg	1	0.21996092	0	0	0	1	base
D:/MelonDataset/watermelon_seg/images/train/roboflow_drago_v1_365_jpg.rf.09d91532c34b05a1d2a9d1ca0e39625f.jpg	1	0.35192659	0	0	0	1	base
D:/MelonDataset/watermelon_seg/images/train/roboflow_drago_v1_365_jpg.rf.8e529cb171abddb286e502668484fcca.jpg	1	0.35192659	0	0	0	1	base
D:/MelonDataset/watermelon_seg/images/train/roboflow_drago_v1_365_jpg.rf.d193131983735e91ad66a7ed03f22c7c.jpg	1	0.35192659	0	0	0	1	base
D:/MelonDataset/watermelon_seg/images/train/roboflow_drago_v1_366_jpg.rf.17bbd4929f4e568c73b110413d53f1e2.jpg	1	0.24242816	0	0	0	1	base
D:/MelonDataset/watermelon_seg/images/train/roboflow_drago_v1_366_jpg.rf.38977735f56488d14017b52d9ffabea5.jpg	1	0.24242816	0	0	0	1	base
D:/MelonDataset/watermelon_seg/images/train/roboflow_drago_v1_366_jpg.rf.f0e2d47bb73004a5a5fd059baf98ad52.jpg	1	0.24242816	0	0	0	1	base
D:/MelonDataset/watermelon_seg/images/train/roboflow_drago_v1_367_jpg.rf.c4b510d133c74fb309b48e3e82641d11.jpg	1	0.22938913	0	0	0	1	base
D:/MelonDataset/watermelon_seg/images/train/roboflow_drago_v1_370_jpg.rf.d319a54d3bf602b286ce4c489bb2a550.jpg	2	0.10137585	0	0	0	1	base
D:/MelonDataset/watermelon_seg/images/train/roboflow_drago_v1_376_jpg.rf.8273f270e6b24efb02b193a422eeff13.jpg	1	0.38867087	0	0	0	1	base
D:/MelonDataset/watermelon_seg/images/train/roboflow_drago_v1_376_jpg.rf.f24675d7057b5ef477b6947e33f79bbe.jpg	1	0.38867087	0	0	0	1	base
D:/MelonDataset/watermelon_seg/images/train/roboflow_drago_v1_376_jpg.rf.fd5364a7205886c9520a673abb770c56.jpg	1	0.38867087	0	0	0	1	base
D:/MelonDataset/watermelon_seg/images/train/roboflow_drago_v1_379_jpg.rf.a370e264d7b9249721aed131345df5a1.jpg	1	0.48152141	0	0	0	1	base
D:/MelonDataset/watermelon_seg/images/train/roboflow_drago_v1_379_jpg.rf.f2fac0eb21467e52e26548f68d1e689c.jpg	1	0.48152141	0	0	0	1	base
D:/MelonDataset/watermelon_seg/images/train/roboflow_drago_v1_380_jpg.rf.ae09481bc3c119a53a17fda822a43967.jpg	1	0.41477955	0	0	0	1	base
D:/MelonDataset/watermelon_seg/images/train/roboflow_drago_v1_383_jpg.rf.1a67da6a51850cc2f94f3254dbbce9ba.jpg	1	0.19422699	0	0	0	1	base
D:/MelonDataset/watermelon_seg/images/train/roboflow_drago_v1_383_jpg.rf.a47e72c10b821c486b558cb4841b1f52.jpg	1	0.19422699	0	0	0	1	base
D:/MelonDataset/watermelon_seg/images/train/roboflow_drago_v1_383_jpg.rf.bb1c36d2009c9031c2938cecea5fbfa8.jpg	1	0.19422699	0	0	0	1	base
D:/MelonDataset/watermelon_seg/images/train/roboflow_drago_v1_391-Copy_jpg.rf.1a69054d1e5b28276006e1e74cd48b2c.jpg	1	0.12745220	0	0	0	1	base
D:/MelonDataset/watermelon_seg/images/train/roboflow_drago_v1_392-Copy_jpg.rf.962afe74b1518a44d81c977adb272ac9.jpg	1	0.08410430	0	0	0	1	base
D:/MelonDataset/watermelon_seg/images/train/roboflow_drago_v1_395_jpg.rf.3cf33247f5fadc8e4d94e543963a1397.jpg	1	0.51661684	0	0	0	1	base
D:/MelonDataset/watermelon_seg/images/train/roboflow_drago_v1_395_jpg.rf.f66839dbc7be61046dea3957dd22cc6e.jpg	1	0.51661684	0	0	0	1	base
D:/MelonDataset/watermelon_seg/images/train/roboflow_drago_v1_396_jpg.rf.be7bca3b0572b58b0a37e2f5d0250470.jpg	1	0.34977687	0	0	0	1	base
D:/MelonDataset/watermelon_seg/images/train/roboflow_drago_v1_397_jpg.rf.511ec7d2c3df05b15e2a920443019530.jpg	1	0.51579387	0	0	0	1	base
D:/MelonDataset/watermelon_seg/images/train/roboflow_drago_v1_397_jpg.rf.9a46b188aa4cc784bb7fe725906ce175.jpg	1	0.51579387	0	0	0	1	base
D:/MelonDataset/watermelon_seg/images/train/roboflow_drago_v1_3_jpg.rf.2d2932ddec781c83b035909f1f72eb33.jpg	1	0.42220257	0	0	0	1	base
D:/MelonDataset/watermelon_seg/images/train/roboflow_drago_v1_3_jpg.rf.c0d0a96180bc45f9d0789bc4abb24dc4.jpg	1	0.42220257	0	0	0	1	base
D:/MelonDataset/watermelon_seg/images/train/roboflow_drago_v1_402-Copy_jpg.rf.9b913a2eb3e7d2195daf961c9b212f8e.jpg	1	0.32251116	0	0	0	1	base
D:/MelonDataset/watermelon_seg/images/train/roboflow_drago_v1_402-Copy_jpg.rf.b594e1a7f0a902f67adbd6de5ceaf2ee.jpg	1	0.32251116	0	0	0	1	base
D:/MelonDataset/watermelon_seg/images/train/roboflow_drago_v1_40_jpg.rf.6d4186cd722f62273224ef30f5cd533b.jpg	2	0.08160763	0	0	0	1	base
D:/MelonDataset/watermelon_seg/images/train/roboflow_drago_v1_40_jpg.rf.d99f02310547386be032501ffb17cb6a.jpg	2	0.08160763	0	0	0	1	base
D:/MelonDataset/watermelon_seg/images/train/roboflow_drago_v1_413-Copy_jpg.rf.0a98ec2e8a0267e59ae0df7a9999a54e.jpg	1	0.43443647	0	0	0	1	base
D:/MelonDataset/watermelon_seg/images/train/roboflow_drago_v1_416-Copy_jpg.rf.3eec9321adb2ee84bcd4f9f8c3fb9512.jpg	1	0.26138914	0	0	0	1	base
D:/MelonDataset/watermelon_seg/images/train/roboflow_drago_v1_424-Copy_jpg.rf.71a58ea76b21098d180d5377db4082e3.jpg	1	0.18487065	0	0	0	1	base
D:/MelonDataset/watermelon_seg/images/train/roboflow_drago_v1_426-Copy_jpg.rf.f20721968d2f602016289cbff2c85269.jpg	1	0.10461900	0	0	0	1	base
D:/MelonDataset/watermelon_seg/images/train/roboflow_drago_v1_432-Copy_jpg.rf.97e419c6fa192975d1c447d813adfe26.jpg	2	0.01091239	0	0	1	1	base
D:/MelonDataset/watermelon_seg/images/train/roboflow_drago_v1_433-Copy_jpg.rf.a01f005f377f14581b16b1c8087ad0c9.jpg	1	0.17066817	0	0	0	1	base
D:/MelonDataset/watermelon_seg/images/train/roboflow_drago_v1_434-Copy_jpg.rf.18b0881e0794bf74968bfc2ffd0d97fb.jpg	1	0.16002245	0	0	0	1	base
D:/MelonDataset/watermelon_seg/images/train/roboflow_drago_v1_434-Copy_jpg.rf.6d59d83da2b204b6bff749c41b1f187f.jpg	1	0.16002245	0	0	0	1	base
D:/MelonDataset/watermelon_seg/images/train/roboflow_drago_v1_434-Copy_jpg.rf.8945db8bf907e6eb51d7ebd530371243.jpg	1	0.16002245	0	0	0	1	base
D:/MelonDataset/watermelon_seg/images/train/roboflow_drago_v1_445-Copy_jpg.rf.380a9a7de8634a0b9f30691267a9242e.jpg	1	0.35076565	0	0	0	1	base
D:/MelonDataset/watermelon_seg/images/train/roboflow_drago_v1_445-Copy_jpg.rf.40bb93179f103364cef66a6fac3b9376.jpg	1	0.35076565	0	0	0	1	base
D:/MelonDataset/watermelon_seg/images/train/roboflow_drago_v1_445-Copy_jpg.rf.751b5e16c143879f81586aff5633f334.jpg	1	0.35076565	0	0	0	1	base
D:/MelonDataset/watermelon_seg/images/train/roboflow_drago_v1_448-Copy_jpg.rf.0be8ff77f37fa14236c391c153c18b6f.jpg	2	0.09716804	0	0	0	1	base
D:/MelonDataset/watermelon_seg/images/train/roboflow_drago_v1_448-Copy_jpg.rf.4e657e5dc2f1ee1477aad8b3bcc2c21f.jpg	2	0.09716804	0	0	0	1	base
D:/MelonDataset/watermelon_seg/images/train/roboflow_drago_v1_448-Copy_jpg.rf.527eb3f6112aedbf434243cadf6f2aa9.jpg	2	0.09716804	0	0	0	1	base
D:/MelonDataset/watermelon_seg/images/train/roboflow_drago_v1_44_jpg.rf.07f6365ad9f9a300c7154d18b6a5d626.jpg	1	0.09344596	0	0	0	1	base
D:/MelonDataset/watermelon_seg/images/train/roboflow_drago_v1_44_jpg.rf.6aae02035f78a21c949070ef66b301b3.jpg	1	0.09344596	0	0	0	1	base
D:/MelonDataset/watermelon_seg/images/train/roboflow_drago_v1_44_jpg.rf.d3fe2373f9e78ccd7f4507a0ee1376fb.jpg	1	0.09344596	0	0	0	1	base
D:/MelonDataset/watermelon_seg/images/train/roboflow_drago_v1_450-Copy_jpg.rf.72d0b1305f711111bc8c5b219f77b2b4.jpg	4	0.06670214	0	0	0	1	base
D:/MelonDataset/watermelon_seg/images/train/roboflow_drago_v1_450-Copy_jpg.rf.ac3be4119282a8dc572118ca24ebcab8.jpg	4	0.06670214	0	0	0	1	base
D:/MelonDataset/watermelon_seg/images/train/roboflow_drago_v1_450-Copy_jpg.rf.bfa44ba890744b78a58e0ecd2e36a5ae.jpg	4	0.06670214	0	0	0	1	base
D:/MelonDataset/watermelon_seg/images/train/roboflow_drago_v1_462-Copy_jpg.rf.2e5ee6b01b3295eb2d6a6b19b4149bce.jpg	1	0.20509700	0	0	0	1	base
D:/MelonDataset/watermelon_seg/images/train/roboflow_drago_v1_462-Copy_jpg.rf.4891ebadf0d3b60ec908fc4a93944159.jpg	1	0.20509700	0	0	0	1	base
D:/MelonDataset/watermelon_seg/images/train/roboflow_drago_v1_462-Copy_jpg.rf.b1eb6e8ceca1fd72864aadd75d2afa1b.jpg	1	0.20509700	0	0	0	1	base
D:/MelonDataset/watermelon_seg/images/train/roboflow_drago_v1_464-Copy_jpg.rf.99469f408f6afcef7d6bd27b8c2c184f.jpg	2	0.09034599	0	0	0	1	base
D:/MelonDataset/watermelon_seg/images/train/roboflow_drago_v1_464-Copy_jpg.rf.e00d1c0460a06bc44406b2fa7b9b1331.jpg	2	0.09034599	0	0	0	1	base
D:/MelonDataset/watermelon_seg/images/train/roboflow_drago_v1_467-Copy_jpg.rf.e241a517a8039a526c3f07dae4d2a274.jpg	2	0.10605080	0	0	0	1	base
D:/MelonDataset/watermelon_seg/images/train/roboflow_drago_v1_46_jpg.rf.b05ac3cc5124ebf9974152d66b8a8e53.jpg	1	0.12194230	0	0	0	1	base
D:/MelonDataset/watermelon_seg/images/train/roboflow_drago_v1_479-Copy_jpg.rf.7398d710acba25ad7ed77fd0d38fe462.jpg	1	0.19566468	0	0	0	1	base
D:/MelonDataset/watermelon_seg/images/train/roboflow_drago_v1_479-Copy_jpg.rf.8d78cf2b5a24d44fc379b2e0925cf73b.jpg	1	0.19566468	0	0	0	1	base
D:/MelonDataset/watermelon_seg/images/train/roboflow_drago_v1_482-Copy_jpg.rf.09cb1c4442d9fc1ed28505b3a0619df9.jpg	1	0.20370232	0	0	0	1	base
D:/MelonDataset/watermelon_seg/images/train/roboflow_drago_v1_487-Copy_jpg.rf.6bed2d8f20bd86d346065d41ff88f0fe.jpg	2	0.07591717	0	0	0	1	base
D:/MelonDataset/watermelon_seg/images/train/roboflow_drago_v1_488-Copy_jpg.rf.16c341d75fb620c0e87aa8eea6c24c91.jpg	1	0.26480340	0	0	0	1	base
D:/MelonDataset/watermelon_seg/images/train/roboflow_drago_v1_488-Copy_jpg.rf.3634649202e38741c8ffccb6b75cfef4.jpg	1	0.26480340	0	0	0	1	base
D:/MelonDataset/watermelon_seg/images/train/roboflow_drago_v1_488-Copy_jpg.rf.a748c0b79753b01c479791c9c3ce98ec.jpg	1	0.26480340	0	0	0	1	base
D:/MelonDataset/watermelon_seg/images/train/roboflow_drago_v1_502-Copy_jpg.rf.95abcb531c6bb2aa2a700f25c9172da7.jpg	1	0.30531101	0	0	0	1	base
D:/MelonDataset/watermelon_seg/images/train/roboflow_drago_v1_507-Copy_jpg.rf.cdbe8e6007272ca2e63998207a1e57e6.jpg	2	0.11021440	0	0	0	1	base
D:/MelonDataset/watermelon_seg/images/train/roboflow_drago_v1_507-Copy_jpg.rf.dd8ea45bf5004db1deffe36422869de4.jpg	2	0.11021440	0	0	0	1	base
D:/MelonDataset/watermelon_seg/images/train/roboflow_drago_v1_50_jpg.rf.28a82357e315fcfb7a3cf7362427c5ed.jpg	2	0.10796051	0	0	0	1	base
D:/MelonDataset/watermelon_seg/images/train/roboflow_drago_v1_50_jpg.rf.56ce2bbcbeea645660809b89b4f2a7b1.jpg	2	0.10796051	0	0	0	1	base
D:/MelonDataset/watermelon_seg/images/train/roboflow_drago_v1_512-Copy_jpg.rf.0a2a55853385a0a17ec31ac2cb8bfb5e.jpg	1	0.25289932	0	0	0	1	base
D:/MelonDataset/watermelon_seg/images/train/roboflow_drago_v1_512-Copy_jpg.rf.d42d97d9221b8e05bb5e794e1f2bfa2d.jpg	1	0.25289932	0	0	0	1	base
D:/MelonDataset/watermelon_seg/images/train/roboflow_drago_v1_521-Copy_jpg.rf.d504101bc0eb9042055f1418ef3fc264.jpg	1	0.31965998	0	0	0	1	base
D:/MelonDataset/watermelon_seg/images/train/roboflow_drago_v1_523-Copy_jpg.rf.fc4c0b22e466ca07f7610a39172a04e5.jpg	2	0.11034935	0	0	0	1	base
D:/MelonDataset/watermelon_seg/images/train/roboflow_drago_v1_525-Copy_jpg.rf.26b7410b0f853fe2d814e1c6a5542095.jpg	2	0.09306304	0	0	0	1	base
D:/MelonDataset/watermelon_seg/images/train/roboflow_drago_v1_52_jpg.rf.4fa49d52c3cb670ce25d2198c1e9c8d1.jpg	1	0.05901853	0	0	0	1	base
D:/MelonDataset/watermelon_seg/images/train/roboflow_drago_v1_52_jpg.rf.bf495524b521faf6ca5902a89dd9ece2.jpg	1	0.05901853	0	0	0	1	base
D:/MelonDataset/watermelon_seg/images/train/roboflow_drago_v1_534-Copy_jpg.rf.63334378c11b24bc4d2fdc7ed1bf612b.jpg	2	0.10217077	0	0	0	1	base
D:/MelonDataset/watermelon_seg/images/train/roboflow_drago_v1_534-Copy_jpg.rf.a34f124183bddd8aec6633aeb23a54ad.jpg	2	0.10217077	0	0	0	1	base
D:/MelonDataset/watermelon_seg/images/train/roboflow_drago_v1_535-Copy_jpg.rf.4b55a11a25ffe3c8928072f122490c25.jpg	2	0.12024855	0	0	0	1	base
D:/MelonDataset/watermelon_seg/images/train/roboflow_drago_v1_535-Copy_jpg.rf.eec2b04795c83a353c79a12aa0e53540.jpg	2	0.12024855	0	0	0	1	base
D:/MelonDataset/watermelon_seg/images/train/roboflow_drago_v1_535-Copy_jpg.rf.ff54bc8e441c763d4be1e6964c132919.jpg	2	0.12024855	0	0	0	1	base
D:/MelonDataset/watermelon_seg/images/train/roboflow_drago_v1_537-Copy_jpg.rf.5b9523f67228d7605ba23b8c1964dfe3.jpg	1	0.25737487	0	0	0	1	base
D:/MelonDataset/watermelon_seg/images/train/roboflow_drago_v1_53_jpg.rf.0bf95508b4e4654b708dd43d0dda0855.jpg	3	0.01101092	0	0	0	1	base
D:/MelonDataset/watermelon_seg/images/train/roboflow_drago_v1_53_jpg.rf.5f41978f91a971d379ff2a0d6b009c20.jpg	3	0.01101092	0	0	0	1	base
D:/MelonDataset/watermelon_seg/images/train/roboflow_drago_v1_53_jpg.rf.62e9361b2084f2943abb28c56e241095.jpg	3	0.01101092	0	0	0	1	base
D:/MelonDataset/watermelon_seg/images/train/roboflow_drago_v1_544-Copy_jpg.rf.a8e7603cb95682b788d33f823ddeea9e.jpg	1	0.34663864	0	0	0	1	base
D:/MelonDataset/watermelon_seg/images/train/roboflow_drago_v1_544-Copy_jpg.rf.e2e287e51118c5e9892c88b6f7da548a.jpg	1	0.34663864	0	0	0	1	base
D:/MelonDataset/watermelon_seg/images/train/roboflow_drago_v1_54_jpg.rf.49ef7652c290b674132a7cfa57a713c1.jpg	1	0.10319148	0	0	0	1	base
D:/MelonDataset/watermelon_seg/images/train/roboflow_drago_v1_54_jpg.rf.7bffe393d8454eac4f9a767cd3eec22b.jpg	1	0.10319148	0	0	0	1	base
D:/MelonDataset/watermelon_seg/images/train/roboflow_drago_v1_54_jpg.rf.efe74a42c761f36407c671235a445207.jpg	1	0.10319148	0	0	0	1	base
D:/MelonDataset/watermelon_seg/images/train/roboflow_drago_v1_551-Copy_jpg.rf.e6e0607a9ead3867485ff8e2f013393f.jpg	1	0.08616285	0	0	0	1	base
D:/MelonDataset/watermelon_seg/images/train/roboflow_drago_v1_553-Copy_jpg.rf.2a05850621e7ddeac545acc166da3b2d.jpg	1	0.32307656	0	0	0	1	base
D:/MelonDataset/watermelon_seg/images/train/roboflow_drago_v1_553-Copy_jpg.rf.5e9c5a96d1b98e3bcff6fc83f59920e4.jpg	1	0.32307656	0	0	0	1	base
D:/MelonDataset/watermelon_seg/images/train/roboflow_drago_v1_556-Copy_jpg.rf.1dd48f673fd0452c2a933dfd16661ca8.jpg	1	0.25182504	0	0	0	1	base
D:/MelonDataset/watermelon_seg/images/train/roboflow_drago_v1_556-Copy_jpg.rf.b55105d88de4069f88b54854918c9175.jpg	1	0.25182504	0	0	0	1	base
D:/MelonDataset/watermelon_seg/images/train/roboflow_drago_v1_557-Copy_jpg.rf.ab46352340a7f736d60c073cc01d9c9e.jpg	1	0.35831746	0	0	1	1	base
D:/MelonDataset/watermelon_seg/images/train/roboflow_drago_v1_557-Copy_jpg.rf.c51d47861f74c20e3643aca07f15483b.jpg	1	0.35831746	0	0	1	1	base
D:/MelonDataset/watermelon_seg/images/train/roboflow_drago_v1_55_jpg.rf.5e1a54ddf175eff3729bc83db840f292.jpg	1	0.09081779	0	0	0	1	base
D:/MelonDataset/watermelon_seg/images/train/roboflow_drago_v1_576_jpg.rf.ea3090e88ef86813d5a67986c4eebbb0.jpg	1	0.14558641	0	0	0	1	base
D:/MelonDataset/watermelon_seg/images/train/roboflow_drago_v1_577_jpg.rf.4a47d0bef02b31e57011661c273f0ce3.jpg	1	0.11410773	0	0	0	1	base
D:/MelonDataset/watermelon_seg/images/train/roboflow_drago_v1_580_jpg.rf.35ab3cecd8024b6f4d571c099018e227.jpg	2	0.06421709	0	0	0	1	base
D:/MelonDataset/watermelon_seg/images/train/roboflow_drago_v1_580_jpg.rf.b9283536903ebf84310a4df2e60e503f.jpg	2	0.06421709	0	0	0	1	base
D:/MelonDataset/watermelon_seg/images/train/roboflow_drago_v1_581_jpg.rf.426231b47458f6e7924e7c4c8ebaec24.jpg	1	0.52534476	0	0	1	1	base
D:/MelonDataset/watermelon_seg/images/train/roboflow_drago_v1_586_jpg.rf.607b978e437ad45ad89845eba55b5363.jpg	2	0.05077197	0	0	0	1	base
D:/MelonDataset/watermelon_seg/images/train/roboflow_drago_v1_586_jpg.rf.94ba821e509d2a6b2ae3ba442e9a56e2.jpg	2	0.05077197	0	0	0	1	base
D:/MelonDataset/watermelon_seg/images/train/roboflow_drago_v1_587_jpg.rf.2b30172fc4de082d1d37b4b7a2679729.jpg	1	0.08423434	0	0	0	1	base
D:/MelonDataset/watermelon_seg/images/train/roboflow_drago_v1_587_jpg.rf.3ea76295fa579e2f78cf6b8492603374.jpg	1	0.08423434	0	0	0	1	base
D:/MelonDataset/watermelon_seg/images/train/roboflow_drago_v1_588_jpg.rf.28721d77bc4f74d083e15c1496ec0d1c.jpg	1	0.24449834	0	0	0	1	base
D:/MelonDataset/watermelon_seg/images/train/roboflow_drago_v1_59_jpg.rf.1d41455a045614370841319829774115.jpg	1	0.28514088	0	0	0	1	base
D:/MelonDataset/watermelon_seg/images/train/roboflow_drago_v1_59_jpg.rf.4dd988fe0bb19f7d86e9ed283d1c824a.jpg	1	0.28514088	0	0	0	1	base
D:/MelonDataset/watermelon_seg/images/train/roboflow_drago_v1_603_jpg.rf.26758010bfdaff2d090834ce87e42f56.jpg	1	0.10270580	0	0	0	1	base
D:/MelonDataset/watermelon_seg/images/train/roboflow_drago_v1_603_jpg.rf.33cb978962f2eca80011a5b708b82fd6.jpg	1	0.10270580	0	0	0	1	base
D:/MelonDataset/watermelon_seg/images/train/roboflow_drago_v1_603_jpg.rf.6bae67f0a0a9095be6655d2b650f1e4c.jpg	1	0.10270580	0	0	0	1	base
D:/MelonDataset/watermelon_seg/images/train/roboflow_drago_v1_604_jpg.rf.6a9649b0caedc8ab4251995622a6e3e8.jpg	1	0.36028685	0	0	0	1	base
D:/MelonDataset/watermelon_seg/images/train/roboflow_drago_v1_605_jpg.rf.f599b80a46830cb8719624605299e63b.jpg	1	0.25472317	0	0	0	1	base
D:/MelonDataset/watermelon_seg/images/train/roboflow_drago_v1_606_jpg.rf.2fbf0480bb3b5f2e92fcef0e57bbad82.jpg	1	0.48813296	0	0	0	1	base
D:/MelonDataset/watermelon_seg/images/train/roboflow_drago_v1_606_jpg.rf.cb1ac964076e879cb369c327d03dab8a.jpg	1	0.48813296	0	0	0	1	base
D:/MelonDataset/watermelon_seg/images/train/roboflow_drago_v1_607_jpg.rf.09a130952d324f3c7aad36cebedc1179.jpg	1	0.21475934	0	0	0	1	base
D:/MelonDataset/watermelon_seg/images/train/roboflow_drago_v1_607_jpg.rf.df165dd036fce1bd9d81611d649513a4.jpg	1	0.21475934	0	0	0	1	base
D:/MelonDataset/watermelon_seg/images/train/roboflow_drago_v1_609_jpg.rf.38cb015b3f45cec322dbffba899bf96b.jpg	1	0.25831406	0	0	0	1	base
D:/MelonDataset/watermelon_seg/images/train/roboflow_drago_v1_609_jpg.rf.70840c11f8362c09b72696c280acbd90.jpg	1	0.25831406	0	0	0	1	base
D:/MelonDataset/watermelon_seg/images/train/roboflow_drago_v1_615_jpg.rf.1f9e027319eede3fef4cbf862b4a2dee.jpg	1	0.19220075	0	0	0	1	base
D:/MelonDataset/watermelon_seg/images/train/roboflow_drago_v1_615_jpg.rf.4890f7d1237bdd00d4a67e6f7ac18b06.jpg	1	0.19220075	0	0	0	1	base
D:/MelonDataset/watermelon_seg/images/train/roboflow_drago_v1_615_jpg.rf.f158ae8908bfaea14a7e80cf9635546f.jpg	1	0.19220075	0	0	0	1	base
D:/MelonDataset/watermelon_seg/images/train/roboflow_drago_v1_616_jpg.rf.8b7f6f88497fc2255a6ea3f0a9da0e3f.jpg	1	0.10152487	0	0	0	1	base
D:/MelonDataset/watermelon_seg/images/train/roboflow_drago_v1_625_jpg.rf.52ac4e5de5ca399d03ec6534350cbc01.jpg	1	0.19738435	0	0	0	1	base
D:/MelonDataset/watermelon_seg/images/train/roboflow_drago_v1_625_jpg.rf.52bb441885d70692198076679f68c999.jpg	1	0.19738435	0	0	0	1	base
D:/MelonDataset/watermelon_seg/images/train/roboflow_drago_v1_626_jpg.rf.a973d42ccc5b30146161075e963841ab.jpg	1	0.13885034	0	0	0	1	base
D:/MelonDataset/watermelon_seg/images/train/roboflow_drago_v1_627_jpg.rf.134cf89e13f1cd58f6d0d5b04a0169e6.jpg	1	0.11857353	0	0	0	1	base
D:/MelonDataset/watermelon_seg/images/train/roboflow_drago_v1_628_jpg.rf.06a529696b5b11d013197e47d2a94a10.jpg	1	0.17126088	0	0	0	1	base
D:/MelonDataset/watermelon_seg/images/train/roboflow_drago_v1_628_jpg.rf.f2f92425d2b195b1c66bd9cccf42153f.jpg	1	0.17126088	0	0	0	1	base
D:/MelonDataset/watermelon_seg/images/train/roboflow_drago_v1_630_jpg.rf.7c214540eeda6cfb66d4499e4d4ebb02.jpg	1	0.42552654	0	0	0	1	base
D:/MelonDataset/watermelon_seg/images/train/roboflow_drago_v1_63_jpg.rf.8d443fb4ac69b3675785067a8c84d02d.jpg	1	0.31275493	0	0	0	1	base
D:/MelonDataset/watermelon_seg/images/train/roboflow_drago_v1_640_jpg.rf.13d54abf7a0d7ea4c731d3eb521f5849.jpg	1	0.33108398	0	0	0	1	base
D:/MelonDataset/watermelon_seg/images/train/roboflow_drago_v1_644_jpg.rf.ae5c397d43d05e30a551239fa738a12e.jpg	1	0.23586424	0	0	0	1	base
D:/MelonDataset/watermelon_seg/images/train/roboflow_drago_v1_644_jpg.rf.d2de89ee85251e026f3bd6d79ebe7b82.jpg	1	0.23586424	0	0	0	1	base
D:/MelonDataset/watermelon_seg/images/train/roboflow_drago_v1_645_jpg.rf.e683d9b3f5975de470658761f372c79c.jpg	1	0.31443407	0	0	0	1	base
D:/MelonDataset/watermelon_seg/images/train/roboflow_drago_v1_64_jpg.rf.61fdd3577ab8106e836178fabad1a736.jpg	1	0.32575867	0	0	0	1	base
D:/MelonDataset/watermelon_seg/images/train/roboflow_drago_v1_64_jpg.rf.a6ccb17605cac1534689216c533d7030.jpg	1	0.32575867	0	0	0	1	base
D:/MelonDataset/watermelon_seg/images/train/roboflow_drago_v1_650_jpg.rf.193fbfcb01c3aad14553833e410348b3.jpg	1	0.19189938	0	0	0	1	base
D:/MelonDataset/watermelon_seg/images/train/roboflow_drago_v1_650_jpg.rf.4307ffff1a3732048bef403903809996.jpg	1	0.19189938	0	0	0	1	base
D:/MelonDataset/watermelon_seg/images/train/roboflow_drago_v1_654_jpg.rf.77127b5e89d9c9f4919181538d44b8ab.jpg	1	0.30022259	0	0	0	1	base
D:/MelonDataset/watermelon_seg/images/train/roboflow_drago_v1_659_jpg.rf.945ef8cf322064f9f696ea8910528f1b.jpg	1	0.39270363	0	0	0	1	base
D:/MelonDataset/watermelon_seg/images/train/roboflow_drago_v1_659_jpg.rf.f750b37e2c127ccfa00d377b649a9da6.jpg	1	0.39270363	0	0	0	1	base
D:/MelonDataset/watermelon_seg/images/train/roboflow_drago_v1_660_jpg.rf.5651c29418d5dee4ca6ff8b87670c7f3.jpg	1	0.27785690	0	0	0	1	base
D:/MelonDataset/watermelon_seg/images/train/roboflow_drago_v1_660_jpg.rf.767c9f964a333cc41f020f19a4158565.jpg	1	0.27785690	0	0	0	1	base
D:/MelonDataset/watermelon_seg/images/train/roboflow_drago_v1_660_jpg.rf.90380532531bb95fe3d0bf3081a547eb.jpg	1	0.27785690	0	0	0	1	base
D:/MelonDataset/watermelon_seg/images/train/roboflow_drago_v1_663_jpg.rf.d17e025d97123223f568a401ecd643e4.jpg	2	0.07070225	0	0	2	2	edge_instances>=2
D:/MelonDataset/watermelon_seg/images/train/roboflow_drago_v1_663_jpg.rf.e5905002654800ae1aec75d6ef8e74a0.jpg	2	0.07070225	0	0	2	2	edge_instances>=2
D:/MelonDataset/watermelon_seg/images/train/roboflow_drago_v1_664_jpg.rf.b2e8bd5c248eaca78173e527bd7f3964.jpg	1	0.12886179	0	0	0	1	base
D:/MelonDataset/watermelon_seg/images/train/roboflow_drago_v1_664_jpg.rf.cc8cd7fe2d5d778edb21b7fb9580bfe8.jpg	1	0.12886179	0	0	0	1	base
D:/MelonDataset/watermelon_seg/images/train/roboflow_drago_v1_665_jpg.rf.22163343c8f66dc04c2b08c5b0861a9d.jpg	1	0.09280392	0	0	0	1	base
D:/MelonDataset/watermelon_seg/images/train/roboflow_drago_v1_665_jpg.rf.927ba1fa11f2c7d035290a4731c6225e.jpg	1	0.09280392	0	0	0	1	base
D:/MelonDataset/watermelon_seg/images/train/roboflow_drago_v1_670_jpg.rf.6622dc7575087ef2820f6bef4dc65881.jpg	1	0.34341552	0	0	0	1	base
D:/MelonDataset/watermelon_seg/images/train/roboflow_drago_v1_671_jpg.rf.2bf7fe1417ac02673beaeb685f2b738a.jpg	1	0.32098638	0	0	0	1	base
D:/MelonDataset/watermelon_seg/images/train/roboflow_drago_v1_671_jpg.rf.ea182376281a49c97ad865d9ece0a5f2.jpg	1	0.32098638	0	0	0	1	base
D:/MelonDataset/watermelon_seg/images/train/roboflow_drago_v1_671_jpg.rf.f8806721f00f09918d7f9742c2d9a4cd.jpg	1	0.32098638	0	0	0	1	base
D:/MelonDataset/watermelon_seg/images/train/roboflow_drago_v1_674_jpg.rf.5aad88cdfd3e1c5c0f8eb9e04694f592.jpg	1	0.43651015	0	0	0	1	base
D:/MelonDataset/watermelon_seg/images/train/roboflow_drago_v1_683_jpg.rf.0816e512dfd9ac681cadd17aa963943a.jpg	1	0.22693100	0	0	0	1	base
D:/MelonDataset/watermelon_seg/images/train/roboflow_drago_v1_683_jpg.rf.3826f01d70b8ec59f605e034a7fd8e75.jpg	1	0.22693100	0	0	0	1	base
D:/MelonDataset/watermelon_seg/images/train/roboflow_drago_v1_704_jpg.rf.850e353af3dea3bed6a48fc9ea88d1cd.jpg	1	0.40422555	0	0	0	1	base
D:/MelonDataset/watermelon_seg/images/train/roboflow_drago_v1_708_jpg.rf.8f06de367609af0ceb65cfa5e459ced4.jpg	1	0.27202185	0	0	0	1	base
D:/MelonDataset/watermelon_seg/images/train/roboflow_drago_v1_71_jpg.rf.07e355ab8d60f484d8960ee6e617c02c.jpg	1	0.36971126	0	0	0	1	base
D:/MelonDataset/watermelon_seg/images/train/roboflow_drago_v1_71_jpg.rf.446ef36afc418dc1fd4f54f65f7e8a7a.jpg	1	0.36971126	0	0	0	1	base
D:/MelonDataset/watermelon_seg/images/train/roboflow_drago_v1_73_jpg.rf.421ce686486ab32094390635346c0343.jpg	2	0.04068341	0	0	0	1	base
D:/MelonDataset/watermelon_seg/images/train/roboflow_drago_v1_73_jpg.rf.d0846d837f9189888776a1402743a26c.jpg	2	0.04068341	0	0	0	1	base
D:/MelonDataset/watermelon_seg/images/train/roboflow_drago_v1_74_jpg.rf.526e9b1cd8e9b6143a0537387bfcef60.jpg	1	0.12019714	0	0	0	1	base
D:/MelonDataset/watermelon_seg/images/train/roboflow_drago_v1_74_jpg.rf.bc63c3db017fc0799068ca4f3bfdcd6d.jpg	1	0.12019714	0	0	0	1	base
D:/MelonDataset/watermelon_seg/images/train/roboflow_drago_v1_74_jpg.rf.dac9a2aeb9741cc9d65acebdc05f29a8.jpg	1	0.12019714	0	0	0	1	base
D:/MelonDataset/watermelon_seg/images/train/roboflow_drago_v1_75_jpg.rf.9bca0a27a4c850cf0481a9eb1b9b5887.jpg	1	0.03759293	0	0	0	1	base
D:/MelonDataset/watermelon_seg/images/train/roboflow_drago_v1_76_jpg.rf.90d431194f622c217d5fc82ff0f5d0a2.jpg	0	0.00000000	0	0	0	1	base
D:/MelonDataset/watermelon_seg/images/train/roboflow_drago_v1_77_jpg.rf.6357d22a3dc440437c7bcf6fda4e616a.jpg	2	0.08186233	0	0	0	1	base
D:/MelonDataset/watermelon_seg/images/train/roboflow_drago_v1_77_jpg.rf.72f6d398380b380ff5fcb3bba136ae71.jpg	2	0.08186233	0	0	0	1	base
D:/MelonDataset/watermelon_seg/images/train/roboflow_drago_v1_77_jpg.rf.ae7b1b0bc3e9ef7fb30348bc842510e7.jpg	2	0.08186233	0	0	0	1	base
D:/MelonDataset/watermelon_seg/images/train/roboflow_drago_v1_86_jpg.rf.381ab1957bab9effe457ef232bd634fe.jpg	1	0.33784712	0	0	0	1	base
D:/MelonDataset/watermelon_seg/images/train/roboflow_drago_v1_86_jpg.rf.891802b24ac1c70b9cb3b59802ccaed8.jpg	1	0.33784712	0	0	0	1	base
D:/MelonDataset/watermelon_seg/images/train/roboflow_drago_v1_86_jpg.rf.b4a7dc71a4d68109d37c8065d2846243.jpg	1	0.33784712	0	0	0	1	base
D:/MelonDataset/watermelon_seg/images/train/roboflow_drago_v1_89_jpg.rf.0c8f54efb1892b660e28816e3104a546.jpg	1	0.38705957	0	0	0	1	base
D:/MelonDataset/watermelon_seg/images/train/roboflow_drago_v1_89_jpg.rf.1ebac7e646e32fd97f79aadd8be669b4.jpg	1	0.38705957	0	0	0	1	base
D:/MelonDataset/watermelon_seg/images/train/roboflow_drago_v1_89_jpg.rf.964925fe7a13f1563661edb6ee5320e9.jpg	1	0.38705957	0	0	0	1	base
D:/MelonDataset/watermelon_seg/images/train/roboflow_drago_v1_90_jpg.rf.b44d721d75d961979a15bf45d6683b44.jpg	1	0.39525670	0	0	0	1	base
D:/MelonDataset/watermelon_seg/images/train/roboflow_drago_v1_91_jpg.rf.5dd44194b9d6059ad11ecc4f37bbc31b.jpg	1	0.39311128	0	0	1	1	base
D:/MelonDataset/watermelon_seg/images/train/roboflow_drago_v1_91_jpg.rf.a9a6d43c4730bbd96344eed088aaa22f.jpg	1	0.39311128	0	0	1	1	base
D:/MelonDataset/watermelon_seg/images/train/roboflow_drago_v1_92_jpg.rf.af37ffc342285a8b2e1726cab6d35456.jpg	1	0.15890983	0	0	0	1	base
D:/MelonDataset/watermelon_seg/images/train/roboflow_drago_v1_93_jpg.rf.1894578241e52bdc1b04d73d8e82d8df.jpg	1	0.36302305	0	0	0	1	base
D:/MelonDataset/watermelon_seg/images/train/roboflow_drago_v1_93_jpg.rf.59e23a4f5939a73b865992fd3d4ce84a.jpg	1	0.36302305	0	0	0	1	base
D:/MelonDataset/watermelon_seg/images/train/roboflow_drago_v1_94_jpg.rf.7e6c3082d37953c984e8c24ccb1d4dcc.jpg	1	0.39305821	0	0	0	1	base
D:/MelonDataset/watermelon_seg/images/train/roboflow_drago_v1_94_jpg.rf.90a847e42bd1affe39f1eb9b1df4e8a3.jpg	1	0.39305821	0	0	0	1	base
D:/MelonDataset/watermelon_seg/images/train/roboflow_drago_v1_94_jpg.rf.9f43e39821a6b8efc85d4eb4c5acd01c.jpg	1	0.39305821	0	0	0	1	base
D:/MelonDataset/watermelon_seg/images/train/roboflow_drago_v1_95_jpg.rf.51b641b5d0df61de634ff13794043aae.jpg	2	0.09234054	0	0	1	1	base
D:/MelonDataset/watermelon_seg/images/train/roboflow_drago_v1_96_jpg.rf.9f117fdd35ec46d4941b3faad7c45bb6.jpg	1	0.44954983	0	0	1	1	base
D:/MelonDataset/watermelon_seg/images/train/roboflow_drago_v1_96_jpg.rf.c0a7cce660d670e57b1192bff432d66f.jpg	1	0.44954983	0	0	1	1	base
D:/MelonDataset/watermelon_seg/images/train/roboflow_drago_v1_96_jpg.rf.c8f9b232d03768715580e1d89f5a585a.jpg	1	0.44954983	0	0	1	1	base
D:/MelonDataset/watermelon_seg/images/train/roboflow_drago_v1_99_jpg.rf.500b7cbf1f8a8e2088168c5f3ee5ed92.jpg	1	0.21313726	0	0	0	1	base
D:/MelonDataset/watermelon_seg/images/train/roboflow_drago_v1_99_jpg.rf.60ef65258f99d5c372f3a1c9592a7c5d.jpg	1	0.21313726	0	0	0	1	base
D:/MelonDataset/watermelon_seg/images/train/roboflow_team128_v5_IMG_0327_jpg.rf.7eb78f947ca2d365949978e778e5b637.jpg	2	0.01676616	0	0	0	1	base
D:/MelonDataset/watermelon_seg/images/train/roboflow_team128_v5_IMG_0328_jpg.rf.8689c1eac410a0dc3ae41a7651708e6e.jpg	1	0.05097781	0	0	0	1	base
D:/MelonDataset/watermelon_seg/images/train/roboflow_team128_v5_IMG_0329_jpg.rf.879a407850addf542a035ae808a819aa.jpg	1	0.12472589	0	0	0	1	base
D:/MelonDataset/watermelon_seg/images/train/roboflow_team128_v5_IMG_0330_jpg.rf.b5bc0113fe8b77df48ec13ec3733789b.jpg	1	0.11585849	0	0	0	1	base
D:/MelonDataset/watermelon_seg/images/train/roboflow_team128_v5_IMG_0331_jpg.rf.b156d9fa1175221fd5686f6cb5640c04.jpg	2	0.00902196	0	0	1	1	base
D:/MelonDataset/watermelon_seg/images/train/roboflow_team128_v5_IMG_0332_jpg.rf.165a02d79fe2fd50ecee52d5b41e3914.jpg	1	0.02571562	0	0	0	1	base
D:/MelonDataset/watermelon_seg/images/train/roboflow_team128_v5_IMG_0333_jpg.rf.43b3b79887ad9dda1f59ff34b9e7ec12.jpg	3	0.00622102	0	0	0	1	base
D:/MelonDataset/watermelon_seg/images/train/roboflow_team128_v5_IMG_0334_jpg.rf.b19a68e8fc8c27b8bb418e7d44a47951.jpg	1	0.04782468	0	0	0	1	base
D:/MelonDataset/watermelon_seg/images/train/roboflow_team128_v5_IMG_0335_jpg.rf.345ed0dcc159f83c799e9f918c5c030d.jpg	1	0.14190531	0	0	0	1	base
D:/MelonDataset/watermelon_seg/images/train/roboflow_team128_v5_IMG_0337_jpg.rf.e251f71777d67d06a4c4f9a49d5e0066.jpg	1	0.11089947	0	0	0	1	base
D:/MelonDataset/watermelon_seg/images/train/roboflow_team128_v5_IMG_0338_jpg.rf.56bb8ba050b772562605c0cbb2010ee7.jpg	2	0.05512065	0	0	1	1	base
D:/MelonDataset/watermelon_seg/images/train/roboflow_team128_v5_IMG_0339_jpg.rf.89a6c1d46eb27313c9018c17c3c61d4b.jpg	5	0.00105907	2	0	1	4	multi_instances>=5,small_instances>=1,team128_hard_source
D:/MelonDataset/watermelon_seg/images/train/roboflow_team128_v5_IMG_0340_jpg.rf.635ee6e2fb05742ae2fbde97d7df76e5.jpg	1	0.03262297	0	0	0	1	base
D:/MelonDataset/watermelon_seg/images/train/roboflow_team128_v5_IMG_0341_jpg.rf.ca9b17927615f780e2bcb6af1d8acfd6.jpg	1	0.08698824	0	0	0	1	base
D:/MelonDataset/watermelon_seg/images/train/roboflow_team128_v5_IMG_0342_jpg.rf.9166d51d5fb08dc23bf838a8d0c8157f.jpg	1	0.10430547	0	0	0	1	base
D:/MelonDataset/watermelon_seg/images/train/roboflow_team128_v5_IMG_0343_jpg.rf.c330e047c42c3acf87cafb882a6d482a.jpg	3	0.00007147	1	1	0	4	small_instances>=1,tiny_instances>=1,team128_hard_source
D:/MelonDataset/watermelon_seg/images/train/roboflow_team128_v5_IMG_0344_jpg.rf.8bc4c7166f8c1016294cc23bdcf7f9f7.jpg	2	0.00975778	0	0	0	1	base
D:/MelonDataset/watermelon_seg/images/train/roboflow_team128_v5_IMG_0346_jpg.rf.d1fe4dc257642712b5258cf08dbbe657.jpg	5	0.00058839	3	1	1	5	multi_instances>=5,small_instances>=3,tiny_instances>=1,team128_hard_source
D:/MelonDataset/watermelon_seg/images/train/roboflow_team128_v5_IMG_0347_jpg.rf.c38457e919e986622219fc2f69fcb4ea.jpg	2	0.03318514	0	0	1	1	base
D:/MelonDataset/watermelon_seg/images/train/roboflow_team128_v5_IMG_0348_jpg.rf.32d4279c199a76056f7ce8637ab96506.jpg	4	0.00013152	2	2	0	4	small_instances>=1,tiny_instances>=1,team128_hard_source
D:/MelonDataset/watermelon_seg/images/train/roboflow_team128_v5_IMG_0349_jpg.rf.a797784a37d0651baf9ba3ca579a1f9f.jpg	2	0.01543955	0	0	1	1	base
D:/MelonDataset/watermelon_seg/images/train/roboflow_team128_v5_IMG_0350_jpg.rf.0a7746f84d781299e0ad48dc39b8088b.jpg	1	0.08409259	0	0	0	1	base
D:/MelonDataset/watermelon_seg/images/train/roboflow_team128_v5_IMG_0351_jpg.rf.877a7a2c5e691a3356a7bdfcd28a4b4a.jpg	2	0.01011641	0	0	1	1	base
D:/MelonDataset/watermelon_seg/images/train/roboflow_team128_v5_IMG_0352_jpg.rf.a6f7088ef4cb5901836bffdde0a5934c.jpg	3	0.00001862	2	2	0	4	small_instances>=1,tiny_instances>=1,team128_hard_source
D:/MelonDataset/watermelon_seg/images/train/roboflow_team128_v5_IMG_0353_jpg.rf.b5630476143368e3870c80800208d1b5.jpg	1	0.08534212	0	0	0	1	base
D:/MelonDataset/watermelon_seg/images/train/roboflow_team128_v5_IMG_0354_jpg.rf.7dff1de6e19df251890845645aacdb07.jpg	1	0.09380140	0	0	0	1	base
D:/MelonDataset/watermelon_seg/images/train/roboflow_team128_v5_IMG_0356_jpg.rf.9103f74bfbe9cdf932ee16db25831e9c.jpg	3	0.00055402	2	1	0	4	small_instances>=1,tiny_instances>=1,team128_hard_source
D:/MelonDataset/watermelon_seg/images/train/roboflow_team128_v5_IMG_0358_jpg.rf.6a336a6e23afb576a03c0d59a0231d84.jpg	1	0.03718093	0	0	0	1	base
D:/MelonDataset/watermelon_seg/images/train/roboflow_team128_v5_IMG_0359_jpg.rf.b0a8b9023f0e6ecf6cf8b0e6d6b10d8c.jpg	1	0.06015859	0	0	0	1	base
D:/MelonDataset/watermelon_seg/images/train/roboflow_team128_v5_IMG_0360_jpg.rf.fcbc1f878758f56ed7ac22bae9345d9c.jpg	1	0.06341669	0	0	0	1	base
D:/MelonDataset/watermelon_seg/images/train/roboflow_team128_v5_IMG_0361_jpg.rf.01fb1960d94718290687d3907941edf5.jpg	1	0.07456402	0	0	0	1	base
D:/MelonDataset/watermelon_seg/images/train/roboflow_team128_v5_IMG_0363_jpg.rf.f3a36af1ff9a1333a7a586b5ca80e713.jpg	1	0.01863923	0	0	0	1	base
D:/MelonDataset/watermelon_seg/images/train/roboflow_team128_v5_IMG_0364_jpg.rf.6c20978e5f138ceedf72c74b56f1dbb0.jpg	1	0.02848796	0	0	0	1	base
D:/MelonDataset/watermelon_seg/images/train/roboflow_team128_v5_IMG_0365_jpg.rf.fee1fd2e0762e056e6254318e5adeb75.jpg	2	0.00354376	1	0	0	3	small_instances>=1,team128_hard_source
D:/MelonDataset/watermelon_seg/images/train/roboflow_team128_v5_IMG_0366_jpg.rf.c28505246f7823592d85fd0901e18b4a.jpg	5	0.00092811	4	1	0	5	multi_instances>=5,small_instances>=3,tiny_instances>=1,team128_hard_source
D:/MelonDataset/watermelon_seg/images/train/roboflow_team128_v5_IMG_0368_jpg.rf.e6c4998074488b74854d082093efd172.jpg	1	0.07243479	0	0	0	1	base
D:/MelonDataset/watermelon_seg/images/train/roboflow_team128_v5_IMG_0369_jpg.rf.65a22cf6aa5e3a77a6e7713e0e1ea491.jpg	1	0.03294946	0	0	0	1	base
D:/MelonDataset/watermelon_seg/images/train/roboflow_team128_v5_IMG_0370_jpg.rf.218b545be15d6742fc61e676ba845c07.jpg	7	0.00064251	3	3	2	5	multi_instances>=5,small_instances>=3,tiny_instances>=1,edge_instances>=2,team128_hard_source
D:/MelonDataset/watermelon_seg/images/train/roboflow_team128_v5_IMG_0371_jpg.rf.a47e2e2bb024e0df746e6b41d8dfbe9d.jpg	2	0.06348301	0	0	0	1	base
D:/MelonDataset/watermelon_seg/images/train/roboflow_team128_v5_IMG_0372_jpg.rf.96bcf3abd5ed59e1eff1cf9cd4907fde.jpg	1	0.06839565	0	0	0	1	base
D:/MelonDataset/watermelon_seg/images/train/roboflow_team128_v5_IMG_0373_jpg.rf.73716c12e0cddc6f06e6904b2ce8ac54.jpg	1	0.04092469	0	0	0	1	base
D:/MelonDataset/watermelon_seg/images/train/roboflow_team128_v5_IMG_0375_jpg.rf.22d608e64100b93679da0f46aec2daab.jpg	2	0.03230954	0	0	1	1	base
D:/MelonDataset/watermelon_seg/images/train/roboflow_team128_v5_IMG_0376_jpg.rf.c8a98f78530a9f174082bebc827d3aec.jpg	2	0.06004098	0	0	1	1	base
D:/MelonDataset/watermelon_seg/images/train/roboflow_team128_v5_IMG_0377_jpg.rf.616677059599ed412b138e9a00e14bed.jpg	3	0.03862707	0	0	0	1	base
D:/MelonDataset/watermelon_seg/images/train/roboflow_team128_v5_IMG_0379_jpg.rf.8cb498a914f57ba4959aa1737e9a34c2.jpg	2	0.02125583	0	0	1	1	base
D:/MelonDataset/watermelon_seg/images/train/roboflow_team128_v5_IMG_0380_jpg.rf.1ef35282ebdd882be5aedca82c789d01.jpg	1	0.04483578	0	0	0	1	base
D:/MelonDataset/watermelon_seg/images/train/roboflow_team128_v5_IMG_0382_jpg.rf.93eafe9829518ef17c27e7e5b4c09013.jpg	1	0.05738694	0	0	0	1	base
D:/MelonDataset/watermelon_seg/images/train/roboflow_team128_v5_IMG_0383_jpg.rf.58cffc4a4f0ac2ac4ab4b334b276b816.jpg	1	0.08297404	0	0	0	1	base
D:/MelonDataset/watermelon_seg/images/train/roboflow_team128_v5_IMG_0384_jpg.rf.26c270693c882db4951646933610c78d.jpg	1	0.06176801	0	0	0	1	base
D:/MelonDataset/watermelon_seg/images/train/roboflow_team128_v5_IMG_0385_jpg.rf.60f9dc6a3761eff2055bbe86a718cdb9.jpg	4	0.00217520	1	0	0	3	small_instances>=1,team128_hard_source
D:/MelonDataset/watermelon_seg/images/train/roboflow_team128_v5_IMG_0386_jpg.rf.f122f7f765d479d35fec211613da287c.jpg	3	0.01036192	0	0	1	1	base
D:/MelonDataset/watermelon_seg/images/train/roboflow_team128_v5_IMG_0387_jpg.rf.22696b4752bea3ef1a0cc15ce2e90251.jpg	2	0.06647801	0	0	1	1	base
D:/MelonDataset/watermelon_seg/images/train/roboflow_team128_v5_IMG_0388_jpg.rf.0a06963d0958cbd362a0d4c248ef94f7.jpg	1	0.04238884	0	0	0	1	base
D:/MelonDataset/watermelon_seg/images/train/roboflow_team128_v5_IMG_0389_jpg.rf.46079741c4f626906d4c94b6fc7320f9.jpg	3	0.00164089	1	0	0	3	small_instances>=1,team128_hard_source
D:/MelonDataset/watermelon_seg/images/train/roboflow_team128_v5_IMG_0390_jpg.rf.89b65697e58648d41e09f84b7b1c6246.jpg	2	0.04998840	0	0	0	1	base
D:/MelonDataset/watermelon_seg/images/train/roboflow_team128_v5_IMG_0391_jpg.rf.ad8aa379647494df75b6a77dcd5dd1ae.jpg	1	0.06130637	0	0	0	1	base
D:/MelonDataset/watermelon_seg/images/train/roboflow_team128_v5_IMG_0392_jpg.rf.cbb7eacf4c0905176c83da8dadac085b.jpg	1	0.05622645	0	0	0	1	base
D:/MelonDataset/watermelon_seg/images/train/roboflow_team128_v5_IMG_0394_jpg.rf.c8b499639291a0e0b7b7457c80ac1100.jpg	2	0.03553474	0	0	0	1	base
D:/MelonDataset/watermelon_seg/images/train/roboflow_team128_v5_IMG_0395_jpg.rf.c0412b823950a3176796e0837a074000.jpg	2	0.02411046	0	0	0	1	base
D:/MelonDataset/watermelon_seg/images/train/roboflow_team128_v5_IMG_0397_jpg.rf.936775a022f10c399d7a691f1729c536.jpg	2	0.03920394	0	0	0	1	base
D:/MelonDataset/watermelon_seg/images/train/roboflow_team128_v5_IMG_0398_jpg.rf.361fdde7c036b40581021944568dabbd.jpg	3	0.00005381	1	1	0	4	small_instances>=1,tiny_instances>=1,team128_hard_source
D:/MelonDataset/watermelon_seg/images/train/roboflow_team128_v5_IMG_0401_jpg.rf.5054b1f6e372e486bb9593fd2d99b405.jpg	3	0.00572543	0	0	1	1	base
D:/MelonDataset/watermelon_seg/images/train/roboflow_team128_v5_IMG_0403_jpg.rf.bd5df570cdf1f653425c3fb4f49b5a3c.jpg	1	0.02744987	0	0	0	1	base
D:/MelonDataset/watermelon_seg/images/train/roboflow_team128_v5_IMG_0406_jpg.rf.27ac02cfa4a093b7ec39ed20b54c6ad2.jpg	1	0.05171596	0	0	0	1	base
D:/MelonDataset/watermelon_seg/images/train/roboflow_team128_v5_IMG_0407_jpg.rf.c291f60637b4c8090a668b491e1d1415.jpg	1	0.06225633	0	0	0	1	base
D:/MelonDataset/watermelon_seg/images/train/roboflow_team128_v5_IMG_0408_jpg.rf.091c760cd5101a0a037004214fec631c.jpg	1	0.01840339	0	0	0	1	base
D:/MelonDataset/watermelon_seg/images/train/roboflow_team128_v5_IMG_0409_jpg.rf.8d08c819dc819fdba7b48320179bb87e.jpg	1	0.07233243	0	0	0	1	base
D:/MelonDataset/watermelon_seg/images/train/roboflow_team128_v5_IMG_0411_jpg.rf.06b181520e4952be4e982894c00d149f.jpg	6	0.00035119	3	1	1	5	multi_instances>=5,small_instances>=3,tiny_instances>=1,team128_hard_source
D:/MelonDataset/watermelon_seg/images/train/roboflow_team128_v5_IMG_0412_jpg.rf.2f9cac9219bc4537281fedaada21a690.jpg	2	0.00464456	1	0	0	3	small_instances>=1,team128_hard_source
D:/MelonDataset/watermelon_seg/images/train/roboflow_team128_v5_IMG_0413_jpg.rf.2e2c71e25304fae8674c84820e658334.jpg	3	0.00184281	1	0	0	3	small_instances>=1,team128_hard_source
D:/MelonDataset/watermelon_seg/images/train/roboflow_team128_v5_IMG_0414_jpg.rf.641806d0bb35c02b2e54dc0aecfde271.jpg	1	0.02533964	0	0	0	1	base
D:/MelonDataset/watermelon_seg/images/train/roboflow_team128_v5_IMG_0415_jpg.rf.eadaee1e800d7b072712283611f7f64a.jpg	1	0.06614221	0	0	0	1	base
D:/MelonDataset/watermelon_seg/images/train/roboflow_team128_v5_IMG_0416_jpg.rf.a8613a9c4bc0659a943885aa7efd0515.jpg	1	0.06623301	0	0	0	1	base
D:/MelonDataset/watermelon_seg/images/train/roboflow_team128_v5_IMG_0419_jpg.rf.001e4b9a819dd07bbe0d78a1f9374dce.jpg	1	0.06076142	0	0	0	1	base
D:/MelonDataset/watermelon_seg/images/train/roboflow_team128_v5_IMG_0420_jpg.rf.da03c1d552b814d432b410848279879b.jpg	1	0.06531400	0	0	0	1	base
D:/MelonDataset/watermelon_seg/images/train/roboflow_team128_v5_IMG_0421_jpg.rf.1b203c1bd624ee736f5f689ec67c0c4d.jpg	1	0.06828113	0	0	0	1	base
D:/MelonDataset/watermelon_seg/images/train/roboflow_team128_v5_IMG_0422_jpg.rf.2c04e28955f2c62f57034407165b2f30.jpg	1	0.05696021	0	0	0	1	base
D:/MelonDataset/watermelon_seg/images/train/roboflow_team128_v5_IMG_0423_jpg.rf.f7f4a07fb4467e6cef6cb8e880729809.jpg	1	0.04744005	0	0	0	1	base
D:/MelonDataset/watermelon_seg/images/train/roboflow_team128_v5_IMG_0424_jpg.rf.954867957da3e9a08cd3e494448ec268.jpg	1	0.03206391	0	0	0	1	base
D:/MelonDataset/watermelon_seg/images/train/roboflow_team128_v5_IMG_0425_jpg.rf.1d92e4f0252b3c51bf255e5b9b5bbee1.jpg	1	0.07126388	0	0	0	1	base
D:/MelonDataset/watermelon_seg/images/train/roboflow_team128_v5_IMG_0429_jpg.rf.fb57fcfd57d6069238f28d1a13814eb8.jpg	1	0.01524165	0	0	0	1	base
D:/MelonDataset/watermelon_seg/images/train/roboflow_team128_v5_IMG_0430_jpg.rf.6146d19c95bd6e20d09953ce7e51ef14.jpg	4	0.00174089	2	0	0	3	small_instances>=1,team128_hard_source
D:/MelonDataset/watermelon_seg/images/train/roboflow_team128_v5_IMG_0433_jpg.rf.4e1128b627fcd454745d7ab9ad7f2927.jpg	2	0.01092442	0	0	0	1	base
D:/MelonDataset/watermelon_seg/images/train/roboflow_team128_v5_IMG_0434_jpg.rf.2cb57ac2e7d44f9bcb0931339713e514.jpg	2	0.00377157	1	0	0	3	small_instances>=1,team128_hard_source
D:/MelonDataset/watermelon_seg/images/train/roboflow_team128_v5_IMG_0435_jpg.rf.d14a73cbe4c77fa8529f4710cb403733.jpg	2	0.02664407	0	0	0	1	base
D:/MelonDataset/watermelon_seg/images/train/roboflow_team128_v5_IMG_0436_jpg.rf.2d928b273f80c8cfa5662456de097685.jpg	3	0.00560077	0	0	0	1	base
D:/MelonDataset/watermelon_seg/images/train/roboflow_team128_v5_IMG_0437_jpg.rf.11692077872f61ea705cc1bc6715c612.jpg	3	0.00578757	0	0	1	1	base
D:/MelonDataset/watermelon_seg/images/train/roboflow_team128_v5_IMG_0440_jpg.rf.bba292524b46dad1a77b0e499db3495f.jpg	1	0.02166822	0	0	0	1	base
D:/MelonDataset/watermelon_seg/images/train/roboflow_team128_v5_IMG_0441_jpg.rf.4951b08bd6e576e2c54207fe92d02854.jpg	3	0.00046572	1	1	0	4	small_instances>=1,tiny_instances>=1,team128_hard_source
D:/MelonDataset/watermelon_seg/images/train/roboflow_team128_v5_IMG_0442_jpg.rf.e8615349c65116658735767b1e944505.jpg	1	0.06383952	0	0	0	1	base
D:/MelonDataset/watermelon_seg/images/train/roboflow_team128_v5_IMG_0444_jpg.rf.83ad842fe4150a62a28712eeb9e307db.jpg	2	0.00870402	0	0	1	1	base
D:/MelonDataset/watermelon_seg/images/train/roboflow_team128_v5_IMG_0445_jpg.rf.567b784016c91fac8671ddd1bd414906.jpg	3	0.00883464	0	0	1	1	base
D:/MelonDataset/watermelon_seg/images/train/roboflow_team128_v5_IMG_0446_jpg.rf.a7a958f8441612fb491fb98caba0320f.jpg	3	0.01345161	0	0	0	1	base
D:/MelonDataset/watermelon_seg/images/train/roboflow_team128_v5_IMG_0448_jpg.rf.a1aa572b1ec1983c18d3ba9ce79796d7.jpg	2	0.01253543	0	0	0	1	base
D:/MelonDataset/watermelon_seg/images/train/roboflow_team128_v5_IMG_0449_jpg.rf.066928ad230e4cc10786122961106627.jpg	4	0.00260882	1	0	1	3	small_instances>=1,team128_hard_source
D:/MelonDataset/watermelon_seg/images/train/roboflow_team128_v5_IMG_0450_jpg.rf.e58bad54ccd145e8af2f1864d4dc1f72.jpg	2	0.04018626	0	0	0	1	base
D:/MelonDataset/watermelon_seg/images/train/roboflow_team128_v5_IMG_0451_jpg.rf.036f2b1d8423bcb53d0521767bce0e94.jpg	3	0.00841076	0	0	0	1	base
D:/MelonDataset/watermelon_seg/images/train/roboflow_team128_v5_IMG_0452_jpg.rf.2694d730525b1b1dbb95bc362130f67c.jpg	1	0.03815111	0	0	0	1	base
D:/MelonDataset/watermelon_seg/images/train/roboflow_team128_v5_IMG_0453_jpg.rf.604eb6762699fcffbe3e291a12cdcf18.jpg	1	0.06674787	0	0	0	1	base
D:/MelonDataset/watermelon_seg/images/train/roboflow_team128_v5_IMG_0454_jpg.rf.c5bb17e1d932bda65819c72a2c2cb410.jpg	1	0.11232779	0	0	0	1	base
D:/MelonDataset/watermelon_seg/images/train/roboflow_team128_v5_IMG_0455_jpg.rf.74711b9c912687081d18e7a313704a29.jpg	3	0.00106498	2	0	0	3	small_instances>=1,team128_hard_source
D:/MelonDataset/watermelon_seg/images/train/roboflow_team128_v5_IMG_0456_jpg.rf.35a6c223dc82c4269784c7dd0fab8ab5.jpg	2	0.01801454	0	0	1	1	base
D:/MelonDataset/watermelon_seg/images/train/roboflow_team128_v5_IMG_0458_jpg.rf.e17d0cf82493d1f37dfb15136c85ecec.jpg	1	0.07234878	0	0	0	1	base
D:/MelonDataset/watermelon_seg/images/train/roboflow_team128_v5_IMG_0459_jpg.rf.6162c4b12d341210db586bcf26d84507.jpg	1	0.07387992	0	0	0	1	base
D:/MelonDataset/watermelon_seg/images/train/roboflow_team128_v5_IMG_0460_jpg.rf.b1397b023832816f0c79c80c9c6caa70.jpg	1	0.12746444	0	0	0	1	base
D:/MelonDataset/watermelon_seg/images/train/roboflow_team128_v5_IMG_0461_jpg.rf.c858af5c0adbe19536d8ef53910f011e.jpg	8	0.00071509	4	1	0	5	dense_instances>=8,small_instances>=3,tiny_instances>=1,team128_hard_source
D:/MelonDataset/watermelon_seg/images/train/roboflow_team128_v5_IMG_0462_jpg.rf.f729635d2b18eea82f15592cb1f566ef.jpg	3	0.00806960	0	0	0	1	base
D:/MelonDataset/watermelon_seg/images/train/roboflow_team128_v5_IMG_0464_jpg.rf.c434e05e5f14d1c13e968f0479fe34ea.jpg	1	0.04646228	0	0	0	1	base
D:/MelonDataset/watermelon_seg/images/train/roboflow_team128_v5_IMG_0465_jpg.rf.4e3dbdd7cca16e55b6ca52a29bc9ff5b.jpg	1	0.06176671	0	0	0	1	base
D:/MelonDataset/watermelon_seg/images/train/roboflow_team128_v5_IMG_0466_jpg.rf.80abd795e03ba0bcfad43cb9d0afb724.jpg	1	0.05926454	0	0	0	1	base
D:/MelonDataset/watermelon_seg/images/train/roboflow_team128_v5_IMG_0467_jpg.rf.4d2ad878815f47bbf5f7214c44349741.jpg	3	0.00628198	0	0	0	1	base
D:/MelonDataset/watermelon_seg/images/train/roboflow_team128_v5_IMG_0470_jpg.rf.995f5ffb61e3582f0b6a11fad2bc750c.jpg	2	0.03845350	0	0	2	2	edge_instances>=2
D:/MelonDataset/watermelon_seg/images/train/roboflow_team128_v5_IMG_0471_jpg.rf.768b6ed93e44da1b15b75f292882b1db.jpg	3	0.01002401	0	0	1	1	base
D:/MelonDataset/watermelon_seg/images/train/roboflow_team128_v5_IMG_0472_jpg.rf.ba5a4c3bfd75a9f22332e71e99d29222.jpg	2	0.01073328	0	0	0	1	base
D:/MelonDataset/watermelon_seg/images/train/roboflow_team128_v5_IMG_0473_jpg.rf.1aaaa16ce14ba886b792c724639a9868.jpg	1	0.05393812	0	0	0	1	base
D:/MelonDataset/watermelon_seg/images/train/roboflow_team128_v5_IMG_0474_jpg.rf.7d1f66409e8ece6841f9a89ea524b53d.jpg	1	0.07497761	0	0	0	1	base
D:/MelonDataset/watermelon_seg/images/train/roboflow_team128_v5_IMG_0475_jpg.rf.ddd1bec14915085af67bb6d144f47960.jpg	4	0.00054469	3	2	1	5	small_instances>=3,tiny_instances>=1,team128_hard_source
D:/MelonDataset/watermelon_seg/images/train/roboflow_team128_v5_IMG_0476_jpg.rf.7575c9efef8069b4c18d3ec552f0c08f.jpg	1	0.04148490	0	0	0	1	base
D:/MelonDataset/watermelon_seg/images/train/roboflow_team128_v5_IMG_0477_jpg.rf.e73d7bd7b98ff98b66f2414cc40acfb6.jpg	1	0.00243091	1	0	0	3	small_instances>=1,team128_hard_source
D:/MelonDataset/watermelon_seg/images/train/roboflow_team128_v5_IMG_0478_jpg.rf.169afc743b012e862289cd7ca27c9c7e.jpg	1	0.00928201	0	0	0	1	base
D:/MelonDataset/watermelon_seg/images/train/roboflow_team128_v5_IMG_0479_jpg.rf.3d65ad09094edb84d31ae92f0b347a08.jpg	1	0.02797349	0	0	0	1	base
D:/MelonDataset/watermelon_seg/images/train/roboflow_team128_v5_IMG_0480_jpg.rf.ba506999e19d6dc484e5685acc4ce939.jpg	2	0.02714100	0	0	1	1	base
D:/MelonDataset/watermelon_seg/images/train/roboflow_team128_v5_IMG_0481_jpg.rf.c92b3fecf71079a9fdb7b0024481a75b.jpg	1	0.02417711	0	0	0	1	base
D:/MelonDataset/watermelon_seg/images/train/roboflow_team128_v5_IMG_0482_jpg.rf.6acdf96a2efc410b44844f992f950c3c.jpg	3	0.00735767	0	0	1	1	base
D:/MelonDataset/watermelon_seg/images/train/roboflow_team128_v5_IMG_0484_jpg.rf.50cccf3ec2edcae079f1d19048079dc8.jpg	1	0.01091759	0	0	0	1	base
D:/MelonDataset/watermelon_seg/images/train/roboflow_team128_v5_IMG_0486_jpg.rf.e9e465a6a9ff3c8b73faa05ffa356cb0.jpg	3	0.00688351	0	0	0	1	base
D:/MelonDataset/watermelon_seg/images/train/roboflow_team128_v5_IMG_0487_jpg.rf.9d0b18e31943d6a16aac8f1b19d9baba.jpg	1	0.08905907	0	0	0	1	base
D:/MelonDataset/watermelon_seg/images/train/roboflow_team128_v5_IMG_0488_jpg.rf.e16dadb1c76c83222065564ad3029ca0.jpg	1	0.06886118	0	0	0	1	base
D:/MelonDataset/watermelon_seg/images/train/roboflow_team128_v5_IMG_0489_jpg.rf.f029755bcf3187d0ab616dc4c9495a96.jpg	3	0.00004084	2	1	0	4	small_instances>=1,tiny_instances>=1,team128_hard_source
D:/MelonDataset/watermelon_seg/images/train/roboflow_team128_v5_IMG_0490_jpg.rf.339b153323178a5b82aa259fd0697730.jpg	1	0.01450600	0	0	1	1	base
D:/MelonDataset/watermelon_seg/images/train/roboflow_team128_v5_IMG_0491_jpg.rf.d8044e731c2bd49718fb2f0bc36ee1f6.jpg	1	0.01405166	0	0	0	1	base
D:/MelonDataset/watermelon_seg/images/train/roboflow_team128_v5_IMG_0492_jpg.rf.ed12c65b235fe4fa0234f2d3f281e171.jpg	1	0.04258354	0	0	0	1	base
D:/MelonDataset/watermelon_seg/images/train/roboflow_team128_v5_IMG_0495_jpg.rf.843aa8711b282635ef2f04c71bc85c1c.jpg	1	0.04059013	0	0	0	1	base
D:/MelonDataset/watermelon_seg/images/train/roboflow_team128_v5_IMG_0496_jpg.rf.125fd9c021226fbfdb8f102e01f7dcbe.jpg	2	0.03056966	0	0	1	1	base
D:/MelonDataset/watermelon_seg/images/train/roboflow_team128_v5_IMG_0497_jpg.rf.0106104d135bcf3fd3887100fd23983d.jpg	1	0.01945546	0	0	0	1	base
D:/MelonDataset/watermelon_seg/images/train/roboflow_team128_v5_IMG_0498_jpg.rf.c35abee359063858c89dcf4f1e8ce160.jpg	1	0.02804040	0	0	1	1	base
D:/MelonDataset/watermelon_seg/images/train/roboflow_team128_v5_IMG_0500_jpg.rf.4c3568046abe80c67b89ee6cd2d1fec9.jpg	2	0.02243629	0	0	1	1	base
D:/MelonDataset/watermelon_seg/images/train/roboflow_team128_v5_IMG_0501_jpg.rf.3e68b0973c0fc5768ba8056f17dec273.jpg	2	0.00004039	1	1	0	4	small_instances>=1,tiny_instances>=1,team128_hard_source
D:/MelonDataset/watermelon_seg/images/train/roboflow_team128_v5_IMG_0502_jpg.rf.1b3482825b57249215013be33fe8113f.jpg	1	0.01915858	0	0	0	1	base
D:/MelonDataset/watermelon_seg/images/train/roboflow_team128_v5_IMG_0503_jpg.rf.3f5a856c007e2386da794dfa5ce45f14.jpg	1	0.03908221	0	0	0	1	base
D:/MelonDataset/watermelon_seg/images/train/roboflow_team128_v5_IMG_0505_jpg.rf.784dd194d89fa557487e9d831a789f72.jpg	1	0.00489300	1	0	0	3	small_instances>=1,team128_hard_source
D:/MelonDataset/watermelon_seg/images/train/roboflow_team128_v5_IMG_0506_jpg.rf.64f397a784cf0727a56c20cb732be10e.jpg	1	0.02132448	0	0	0	1	base
D:/MelonDataset/watermelon_seg/images/train/roboflow_team128_v5_IMG_0509_jpg.rf.eb36b49bbff420ead4bb2f1835bc5c7d.jpg	1	0.00863264	0	0	0	1	base
D:/MelonDataset/watermelon_seg/images/train/roboflow_team128_v5_IMG_0510_jpg.rf.a8eb64433428896e9fc5a62029e82fec.jpg	1	0.04153797	0	0	0	1	base
D:/MelonDataset/watermelon_seg/images/train/roboflow_team128_v5_IMG_0511_jpg.rf.0d06adabe8d2e7e8284006237361549f.jpg	5	0.00038022	5	2	0	5	multi_instances>=5,small_instances>=3,tiny_instances>=1,team128_hard_source
D:/MelonDataset/watermelon_seg/images/train/roboflow_team128_v5_IMG_0513_jpg.rf.59989d21dd13867a34a585b2cbb6844c.jpg	1	0.06949332	0	0	0	1	base
D:/MelonDataset/watermelon_seg/images/train/roboflow_team128_v5_IMG_0514_jpg.rf.f1be7e6ef8fa443d5b81676b84967f0b.jpg	2	0.00651952	0	0	0	1	base
D:/MelonDataset/watermelon_seg/images/train/roboflow_team128_v5_IMG_0515_jpg.rf.05a57f7ae410c4822868943be2901045.jpg	1	0.00754623	0	0	0	1	base
D:/MelonDataset/watermelon_seg/images/train/roboflow_team128_v5_IMG_0516_jpg.rf.19133fe687756a8e09b900cbb4edb884.jpg	5	0.00047206	3	1	0	5	multi_instances>=5,small_instances>=3,tiny_instances>=1,team128_hard_source
D:/MelonDataset/watermelon_seg/images/train/roboflow_team128_v5_IMG_0518_jpg.rf.3c6dffa12ddca200d8abd00c3022fef0.jpg	1	0.04758798	0	0	0	1	base
D:/MelonDataset/watermelon_seg/images/train/roboflow_team128_v5_IMG_0519_jpg.rf.10d4bf50b9dbcfb11350e58613bb7669.jpg	1	0.21311244	0	0	0	1	base
D:/MelonDataset/watermelon_seg/images/train/roboflow_team128_v5_IMG_0520_jpg.rf.1cfcd172124423c85d09579a6b85dce1.jpg	2	0.03851984	0	0	1	1	base
D:/MelonDataset/watermelon_seg/images/train/roboflow_team128_v5_IMG_0521_jpg.rf.750d2407caf1395079eb3689f48caa55.jpg	4	0.00000369	1	1	0	4	small_instances>=1,tiny_instances>=1,team128_hard_source
D:/MelonDataset/watermelon_seg/images/train/roboflow_team128_v5_IMG_0524_jpg.rf.25c7fabdf4524430a6201a61018f1575.jpg	4	0.00081545	2	1	0	4	small_instances>=1,tiny_instances>=1,team128_hard_source
D:/MelonDataset/watermelon_seg/images/train/roboflow_team128_v5_IMG_0525_jpg.rf.3f49044d3c0e1faf4ebf83a2d50f5df6.jpg	1	0.03195103	0	0	0	1	base
D:/MelonDataset/watermelon_seg/images/train/roboflow_team128_v5_IMG_0526_jpg.rf.31bf045a38ebf33c7656c52b12f96add.jpg	2	0.03773837	0	0	0	1	base
D:/MelonDataset/watermelon_seg/images/train/roboflow_team128_v5_IMG_0527_jpg.rf.70c87c42648fbd30afe16a25e822cb39.jpg	3	0.00111246	1	0	1	3	small_instances>=1,team128_hard_source
D:/MelonDataset/watermelon_seg/images/train/roboflow_team128_v5_IMG_0528_jpg.rf.4b6e2496c9c39415f19c1ca289410296.jpg	1	0.02534026	0	0	0	1	base
D:/MelonDataset/watermelon_seg/images/train/roboflow_team128_v5_IMG_0529_jpg.rf.ae9111cd1bf5cd9f46e76683540982e3.jpg	1	0.03811706	0	0	0	1	base
D:/MelonDataset/watermelon_seg/images/train/roboflow_team128_v5_IMG_0531_jpg.rf.6693955a4442124793ac508f9766d8d9.jpg	1	0.05023858	0	0	0	1	base
D:/MelonDataset/watermelon_seg/images/train/roboflow_team128_v5_IMG_0533_jpg.rf.0753879b8f0f85c2aaaf7a2a9fd97464.jpg	2	0.01234094	0	0	1	1	base
D:/MelonDataset/watermelon_seg/images/train/roboflow_team128_v5_IMG_0534_jpg.rf.f7bcba5934b0e8340519b4745cabf1a0.jpg	3	0.00651110	0	0	0	1	base
D:/MelonDataset/watermelon_seg/images/train/roboflow_team128_v5_IMG_0535_jpg.rf.310f07a7c35dfd782cd28814734af3fd.jpg	1	0.05141748	0	0	0	1	base
D:/MelonDataset/watermelon_seg/images/train/roboflow_team128_v5_IMG_0536_jpg.rf.534e995111525fa33a598464a05ee9ae.jpg	1	0.05619679	0	0	0	1	base
D:/MelonDataset/watermelon_seg/images/train/roboflow_team128_v5_IMG_0537_jpg.rf.6d831690b1c030b1b55b673990d7e361.jpg	1	0.04170957	0	0	0	1	base
D:/MelonDataset/watermelon_seg/images/train/roboflow_team128_v5_IMG_0538_jpg.rf.93849dc0049ac8adce39e2d2951465e9.jpg	2	0.00672455	0	0	0	1	base
D:/MelonDataset/watermelon_seg/images/train/roboflow_team128_v5_IMG_0539_jpg.rf.2dc067d7e41f053887599101197c181d.jpg	2	0.00452234	1	0	0	3	small_instances>=1,team128_hard_source
D:/MelonDataset/watermelon_seg/images/train/roboflow_team128_v5_IMG_0540_jpg.rf.70cbf3900c8ef09ebeb4f89caffde888.jpg	3	0.01684642	0	0	0	1	base
D:/MelonDataset/watermelon_seg/images/train/roboflow_team128_v5_IMG_0541_jpg.rf.34b854cc587390ee5b35b2129035262b.jpg	2	0.01569816	0	0	0	1	base
D:/MelonDataset/watermelon_seg/images/train/roboflow_team128_v5_IMG_0542_jpg.rf.484010233cd8cee7463ae522dae6076b.jpg	2	0.01462291	0	0	0	1	base
D:/MelonDataset/watermelon_seg/images/train/roboflow_team128_v5_IMG_0543_jpg.rf.878217af3c1ac83eba85b8dae439b351.jpg	1	0.04218279	0	0	0	1	base
D:/MelonDataset/watermelon_seg/images/train/roboflow_team128_v5_IMG_0544_jpg.rf.272913fa675de9c1849bc99eeb6a2cec.jpg	2	0.00511744	0	0	0	1	base
D:/MelonDataset/watermelon_seg/images/train/roboflow_team128_v5_IMG_0545_jpg.rf.f9d920533777c65aac94c8ec84f976ed.jpg	3	0.01993959	0	0	1	1	base
D:/MelonDataset/watermelon_seg/images/train/roboflow_team128_v5_IMG_0547_jpg.rf.8b9a0ad11e0ba7ce6d63c01457ee5137.jpg	1	0.04303719	0	0	0	1	base
D:/MelonDataset/watermelon_seg/images/train/roboflow_team128_v5_IMG_0549_jpg.rf.d3cf40bf716d360ab915069c7f011afb.jpg	2	0.01334565	0	0	1	1	base
D:/MelonDataset/watermelon_seg/images/train/roboflow_team128_v5_IMG_0550_jpg.rf.77c4df721637c60572cb7c229f6cbc78.jpg	5	0.00086744	3	2	2	5	multi_instances>=5,small_instances>=3,tiny_instances>=1,edge_instances>=2,team128_hard_source
D:/MelonDataset/watermelon_seg/images/train/roboflow_team128_v5_IMG_0552_jpg.rf.fe6679c496d696a34cb2fcdb304fce9c.jpg	2	0.00567365	0	0	1	1	base
D:/MelonDataset/watermelon_seg/images/train/roboflow_team128_v5_IMG_0555_jpg.rf.047bcddb2a28cd2bfb2ffeed7456a0cf.jpg	1	0.01824768	0	0	0	1	base
D:/MelonDataset/watermelon_seg/images/train/roboflow_team128_v5_IMG_0556_jpg.rf.254ac0b4d9d132738f2d6bf6ae4ccd59.jpg	1	0.02051878	0	0	0	1	base
D:/MelonDataset/watermelon_seg/images/train/roboflow_team128_v5_IMG_0557_jpg.rf.7892b9cbc2ad8b86b5c8847fe38b5690.jpg	4	0.00440797	1	0	2	4	small_instances>=1,edge_instances>=2,team128_hard_source
D:/MelonDataset/watermelon_seg/images/train/roboflow_team128_v5_IMG_0560_jpg.rf.8bf9422c75e8321a6224c55a52dad288.jpg	2	0.01058736	0	0	0	1	base
D:/MelonDataset/watermelon_seg/images/train/roboflow_team128_v5_IMG_0561_jpg.rf.5912857c1394dd2b3c1367a2bcde0ec2.jpg	1	0.02581907	0	0	0	1	base
D:/MelonDataset/watermelon_seg/images/train/roboflow_team128_v5_IMG_0563_jpg.rf.d8da1bec0e3511f710cfd3e459dcfb6b.jpg	2	0.01130107	0	0	0	1	base
D:/MelonDataset/watermelon_seg/images/train/roboflow_team128_v5_IMG_0564_jpg.rf.e690d7f470edc119ad47c2ced250fa2e.jpg	4	0.00020627	2	1	1	4	small_instances>=1,tiny_instances>=1,team128_hard_source
D:/MelonDataset/watermelon_seg/images/train/roboflow_team128_v5_IMG_0565_jpg.rf.9216a8ead3fc4389bb529ab3ff3a9bb1.jpg	2	0.00580123	0	0	1	1	base
D:/MelonDataset/watermelon_seg/images/train/roboflow_team128_v5_IMG_0566_jpg.rf.56272af13b781a386b236147f03e59c4.jpg	1	0.03166569	0	0	0	1	base
D:/MelonDataset/watermelon_seg/images/train/roboflow_team128_v5_IMG_0568_jpg.rf.2ae4924b91fa55cb0055d6fbb65fe21f.jpg	1	0.02208106	0	0	1	1	base
D:/MelonDataset/watermelon_seg/images/train/roboflow_team128_v5_IMG_0569_jpg.rf.7d11f4319c9deaebc25fa5b96c0dddfc.jpg	4	0.00601454	0	0	2	3	edge_instances>=2,team128_hard_source
D:/MelonDataset/watermelon_seg/images/train/roboflow_team128_v5_IMG_0570_jpg.rf.eddb02ab79ba27ba9b68116e86200184.jpg	1	0.03191440	0	0	0	1	base
D:/MelonDataset/watermelon_seg/images/train/roboflow_team128_v5_IMG_0575_jpg.rf.1df256e35f6a9d1e913842df4a164a06.jpg	1	0.01383891	0	0	0	1	base
D:/MelonDataset/watermelon_seg/images/train/roboflow_team128_v5_IMG_0576_jpg.rf.8b2f53d2de5f0b44756ceb6ff16d61d4.jpg	1	0.00527514	0	0	0	1	base
D:/MelonDataset/watermelon_seg/images/train/roboflow_team128_v5_IMG_0577_jpg.rf.d9f17aa1fd8b702acddd0123c5ee97ad.jpg	1	0.00587992	0	0	1	1	base
D:/MelonDataset/watermelon_seg/images/train/roboflow_team128_v5_IMG_0580_jpg.rf.c0a6d2efe6505c4dab10333847f414ba.jpg	3	0.00224967	1	0	1	3	small_instances>=1,team128_hard_source
D:/MelonDataset/watermelon_seg/images/train/roboflow_team128_v5_IMG_0581_jpg.rf.51afcba2826be9e277f3fcf0ed47f50b.jpg	5	0.00010326	4	1	0	5	multi_instances>=5,small_instances>=3,tiny_instances>=1,team128_hard_source
D:/MelonDataset/watermelon_seg/images/train/roboflow_team128_v5_IMG_0583_jpg.rf.342a2d6867f4efc4624a4236cc4ebdd4.jpg	5	0.00478762	1	0	2	5	multi_instances>=5,small_instances>=1,edge_instances>=2,team128_hard_source
D:/MelonDataset/watermelon_seg/images/train/roboflow_team128_v5_IMG_0584_jpg.rf.cc1c50266931557a13cf90a934cfab85.jpg	3	0.00159697	1	0	1	3	small_instances>=1,team128_hard_source
D:/MelonDataset/watermelon_seg/images/train/roboflow_team128_v5_IMG_0585_jpg.rf.e4e6cd253dc496f80313018cef983c8b.jpg	3	0.00309008	1	0	2	4	small_instances>=1,edge_instances>=2,team128_hard_source
D:/MelonDataset/watermelon_seg/images/train/roboflow_team128_v5_IMG_0589_jpg.rf.1007db406c0fa15bd4bef94933d2a7ad.jpg	1	0.00953227	0	0	0	1	base
D:/MelonDataset/watermelon_seg/images/train/roboflow_team128_v5_IMG_0590_jpg.rf.94f1926da7e71469d057606ad182855e.jpg	7	0.00086189	5	1	0	5	multi_instances>=5,small_instances>=3,tiny_instances>=1,team128_hard_source
D:/MelonDataset/watermelon_seg/images/train/roboflow_team128_v5_IMG_0591_jpg.rf.e5b2eee1d85050c8e25f83e4aa8a4898.jpg	1	0.05126902	0	0	0	1	base
D:/MelonDataset/watermelon_seg/images/train/roboflow_team128_v5_IMG_0593_jpg.rf.621b690310e2cd24f21b0ded3e2a64b6.jpg	2	0.02884051	0	0	0	1	base
D:/MelonDataset/watermelon_seg/images/train/roboflow_team128_v5_IMG_0595_jpg.rf.0676277daf53e51ff6b9e17cf64c808f.jpg	2	0.01269236	0	0	1	1	base
D:/MelonDataset/watermelon_seg/images/train/roboflow_team128_v5_IMG_0597_jpg.rf.fe6ae1ef6354269927bab8bca302aa2a.jpg	2	0.02549638	0	0	1	1	base
D:/MelonDataset/watermelon_seg/images/train/roboflow_team128_v5_IMG_0598_jpg.rf.3d5d481d1b2dbc2ff92d7adabbea37bc.jpg	2	0.00634427	0	0	0	1	base
D:/MelonDataset/watermelon_seg/images/train/roboflow_team128_v5_IMG_0601_jpg.rf.61c962aa3ce9dd983ae325cd0a748757.jpg	2	0.00102611	1	0	0	3	small_instances>=1,team128_hard_source
D:/MelonDataset/watermelon_seg/images/train/roboflow_team128_v5_IMG_0602_jpg.rf.2e970aff825cb1df9383537eb570f914.jpg	2	0.00754096	0	0	0	1	base
D:/MelonDataset/watermelon_seg/images/train/roboflow_team128_v5_IMG_0603_jpg.rf.17311148a1655c314dac6eb8bfb66cdb.jpg	2	0.01853778	0	0	0	1	base
D:/MelonDataset/watermelon_seg/images/train/roboflow_team128_v5_IMG_0605_jpg.rf.3aad68fbcf9d3914cbe3887ec3500407.jpg	1	0.00352996	1	0	0	3	small_instances>=1,team128_hard_source
D:/MelonDataset/watermelon_seg/images/train/roboflow_team128_v5_IMG_0606_jpg.rf.5ee996e9b1028c58e13a8dae82f30432.jpg	3	0.00223178	1	0	0	3	small_instances>=1,team128_hard_source
D:/MelonDataset/watermelon_seg/images/train/roboflow_team128_v5_IMG_0607_jpg.rf.7d2e296a6f166189c5ba711004a69236.jpg	4	0.00014476	2	2	0	4	small_instances>=1,tiny_instances>=1,team128_hard_source
D:/MelonDataset/watermelon_seg/images/train/roboflow_team128_v5_IMG_0608_jpg.rf.27f156b1007ac40f9c1302489bed70c9.jpg	1	0.02044064	0	0	0	1	base
D:/MelonDataset/watermelon_seg/images/train/roboflow_team128_v5_IMG_0613_jpg.rf.b15cc795f0cba48427ffd17849d344ef.jpg	2	0.01797629	0	0	1	1	base
D:/MelonDataset/watermelon_seg/images/train/roboflow_team128_v5_IMG_0615_jpg.rf.1408715b8407521b04fe3d25f2f725ed.jpg	1	0.00638553	0	0	0	1	base
D:/MelonDataset/watermelon_seg/images/train/roboflow_team128_v5_IMG_0616_jpg.rf.483e5652aeb55c9987c2f582e07ca746.jpg	2	0.00376686	1	0	0	3	small_instances>=1,team128_hard_source
D:/MelonDataset/watermelon_seg/images/train/roboflow_team128_v5_IMG_0617_jpg.rf.183b2780eca4dcfc06f4a3e2279d8518.jpg	1	0.02497869	0	0	0	1	base
D:/MelonDataset/watermelon_seg/images/train/roboflow_team128_v5_IMG_0618_jpg.rf.9576466bb0fd3e428e2f65b58af3c5a3.jpg	2	0.00187168	1	0	0	3	small_instances>=1,team128_hard_source
D:/MelonDataset/watermelon_seg/images/train/roboflow_team128_v5_IMG_0622_jpg.rf.6fe9c49994efabd33199ad1cccd1ba51.jpg	2	0.01428399	0	0	0	1	base
D:/MelonDataset/watermelon_seg/images/train/roboflow_team128_v5_IMG_0623_jpg.rf.d842d1d9261848feb3bce3de4e5acea0.jpg	2	0.00195942	1	0	0	3	small_instances>=1,team128_hard_source
D:/MelonDataset/watermelon_seg/images/train/roboflow_team128_v5_IMG_0625_jpg.rf.7abc37ac63354fd9ebc4439f1c90d3e2.jpg	3	0.00557759	0	0	1	1	base
D:/MelonDataset/watermelon_seg/images/train/roboflow_team128_v5_IMG_0628_jpg.rf.89837bc722f0dc51b19d543fe2fb05ba.jpg	3	0.00284684	2	0	0	3	small_instances>=1,team128_hard_source
D:/MelonDataset/watermelon_seg/images/train/roboflow_team128_v5_IMG_0629_jpg.rf.511ea2913151c8e5e24cb825c82dc82b.jpg	2	0.01016325	0	0	0	1	base
D:/MelonDataset/watermelon_seg/images/train/roboflow_team128_v5_IMG_0630_jpg.rf.f3ecb5e1d20d5ef7b30a7650068a32ee.jpg	3	0.00128624	1	0	1	3	small_instances>=1,team128_hard_source
D:/MelonDataset/watermelon_seg/images/train/roboflow_team128_v5_IMG_0631_jpg.rf.c6f432141428e515b9129bb8d85675fe.jpg	2	0.00640987	0	0	0	1	base
D:/MelonDataset/watermelon_seg/images/train/roboflow_team128_v5_IMG_0632_jpg.rf.7994e8524b74bf5c1c3090eb04dad7bc.jpg	2	0.00960463	0	0	0	1	base
D:/MelonDataset/watermelon_seg/images/train/roboflow_team128_v5_IMG_0635_jpg.rf.899e4f2b0594b6a401d557bbc0448c4b.jpg	1	0.00278268	1	0	1	3	small_instances>=1,team128_hard_source
D:/MelonDataset/watermelon_seg/images/train/roboflow_team128_v5_IMG_0636_jpg.rf.7c79637fc38d767cc788c0db0f948df4.jpg	2	0.00709724	0	0	1	1	base
D:/MelonDataset/watermelon_seg/images/train/roboflow_team128_v5_IMG_0637_jpg.rf.5a75a8fcce4fe9c1b162fd8d45d84caa.jpg	3	0.01179055	0	0	1	1	base
D:/MelonDataset/watermelon_seg/images/train/roboflow_team128_v5_IMG_0638_jpg.rf.b58584313c75c27d39dfc16ce284547b.jpg	1	0.04027025	0	0	0	1	base
D:/MelonDataset/watermelon_seg/images/train/roboflow_team128_v5_IMG_0639_jpg.rf.6c31cb18c0792a29cba28996eb0af296.jpg	1	0.02120028	0	0	0	1	base
D:/MelonDataset/watermelon_seg/images/train/roboflow_team128_v5_IMG_0641_jpg.rf.7e7c7a26e95fe118fe26dc3a1d3fc9a1.jpg	1	0.00737112	0	0	0	1	base
D:/MelonDataset/watermelon_seg/images/train/roboflow_team128_v5_IMG_0643_jpg.rf.779c71fc8d633901301b685f7292d989.jpg	1	0.00562683	0	0	1	1	base
D:/MelonDataset/watermelon_seg/images/train/roboflow_team128_v5_IMG_0645_jpg.rf.0e845204bef26b524329c9f779da2969.jpg	2	0.02529008	0	0	0	1	base
D:/MelonDataset/watermelon_seg/images/train/roboflow_team128_v5_IMG_0646_jpg.rf.c1435121b6d49affa581317c41c13c93.jpg	5	0.00025014	5	3	0	5	multi_instances>=5,small_instances>=3,tiny_instances>=1,team128_hard_source
D:/MelonDataset/watermelon_seg/images/train/roboflow_team128_v5_IMG_0647_jpg.rf.940fdada07b3c9f1d036af35d3e02024.jpg	2	0.00223734	1	0	1	3	small_instances>=1,team128_hard_source
D:/MelonDataset/watermelon_seg/images/train/roboflow_team128_v5_IMG_0648_jpg.rf.ee4a2aff0c8d39d6db54a30f04b1c520.jpg	3	0.00053527	2	1	1	4	small_instances>=1,tiny_instances>=1,team128_hard_source
D:/MelonDataset/watermelon_seg/images/train/roboflow_team128_v5_IMG_0649_jpg.rf.4a5a35bb81e8ffe724cd06daa8a0df76.jpg	1	0.02017072	0	0	0	1	base
D:/MelonDataset/watermelon_seg/images/train/roboflow_team128_v5_IMG_0650_jpg.rf.f54983e6299d4bfa9745eb591a62ca8b.jpg	1	0.06246112	0	0	0	1	base
D:/MelonDataset/watermelon_seg/images/train/roboflow_team128_v5_IMG_0651_jpg.rf.987ba25c7481c6084d7e6a2a6baf8a50.jpg	2	0.00766654	0	0	1	1	base
D:/MelonDataset/watermelon_seg/images/train/roboflow_team128_v5_IMG_0652_jpg.rf.ac4888f86fe7cd0d5eddf3e2af5efea1.jpg	1	0.01968424	0	0	0	1	base
D:/MelonDataset/watermelon_seg/images/train/roboflow_team128_v5_IMG_0653_jpg.rf.e48a4a4217a480cd2daff9ae70113cff.jpg	2	0.00680821	0	0	0	1	base
D:/MelonDataset/watermelon_seg/images/train/roboflow_team128_v5_IMG_0654_jpg.rf.3b4dcb6a8eb87638e9d15010401985f5.jpg	3	0.00078499	1	1	1	4	small_instances>=1,tiny_instances>=1,team128_hard_source
D:/MelonDataset/watermelon_seg/images/train/roboflow_team128_v5_IMG_0655_jpg.rf.ab77d05a1aef670b65eaf647bcccaaac.jpg	2	0.01466513	0	0	1	1	base
D:/MelonDataset/watermelon_seg/images/train/roboflow_team128_v5_IMG_0656_jpg.rf.97742623977fc6e6a79ae12a8f2769f2.jpg	3	0.00056248	2	2	0	4	small_instances>=1,tiny_instances>=1,team128_hard_source
D:/MelonDataset/watermelon_seg/images/train/roboflow_team128_v5_IMG_0660_jpg.rf.9cda13245fe063576aa2125b3349aa1b.jpg	1	0.02634037	0	0	0	1	base
D:/MelonDataset/watermelon_seg/images/train/roboflow_team128_v5_IMG_0661_jpg.rf.759f8f4ab0505eeab76b3acba6281fe5.jpg	2	0.02180388	0	0	0	1	base
D:/MelonDataset/watermelon_seg/images/train/roboflow_team128_v5_IMG_0662_jpg.rf.fbdbc13754fb34cf610193c77100dfae.jpg	3	0.00379605	1	0	1	3	small_instances>=1,team128_hard_source
D:/MelonDataset/watermelon_seg/images/train/roboflow_team128_v5_IMG_0663_jpg.rf.d8dc408ee8d881c7e11afd2310d4442e.jpg	6	0.00016709	5	5	0	5	multi_instances>=5,small_instances>=3,tiny_instances>=1,team128_hard_source
D:/MelonDataset/watermelon_seg/images/train/roboflow_team128_v5_IMG_0664_jpg.rf.d60b89c6b75e9e1f973714c34ad7e30d.jpg	1	0.01973054	0	0	0	1	base
D:/MelonDataset/watermelon_seg/images/train/roboflow_team128_v5_IMG_0665_jpg.rf.1bfe4e56e2433c8ef30f388d78b0c85d.jpg	2	0.01083213	0	0	1	1	base
D:/MelonDataset/watermelon_seg/images/train/roboflow_team128_v5_IMG_0667_jpg.rf.bbe9c4f29d5189975a15f82cf89ee59a.jpg	1	0.01767508	0	0	0	1	base
D:/MelonDataset/watermelon_seg/images/train/roboflow_team128_v5_IMG_0668_jpg.rf.40f7c02c16aed82cb8c396409fb0970e.jpg	1	0.01078836	0	0	0	1	base
D:/MelonDataset/watermelon_seg/images/train/roboflow_team128_v5_IMG_0669_jpg.rf.5ccc04b7d9711abf67420efbfa80c581.jpg	1	0.01021351	0	0	0	1	base
D:/MelonDataset/watermelon_seg/images/train/roboflow_team128_v5_IMG_0672_jpg.rf.069a84423e7e25028b6170dd14e8ffd3.jpg	2	0.00517698	0	0	0	1	base
D:/MelonDataset/watermelon_seg/images/train/roboflow_team128_v5_IMG_0673_jpg.rf.e6d01f3289441ff491866dba3a677725.jpg	3	0.00757092	0	0	0	1	base
D:/MelonDataset/watermelon_seg/images/train/roboflow_team128_v5_IMG_0674_jpg.rf.9963b24e8de374f613523f711013ca08.jpg	4	0.00899222	0	0	1	2	team128_hard_source
D:/MelonDataset/watermelon_seg/images/train/roboflow_team128_v5_IMG_0675_jpg.rf.d72cc97964209168e59021d1599a4606.jpg	6	0.00536862	0	0	1	3	multi_instances>=5,team128_hard_source
D:/MelonDataset/watermelon_seg/images/train/roboflow_team128_v5_IMG_0676_jpg.rf.feff758f1ef417bb4dcab49a4b647ddf.jpg	2	0.01888568	0	0	0	1	base
D:/MelonDataset/watermelon_seg/images/train/roboflow_team128_v5_IMG_0677_jpg.rf.9d21c9ec8b52722cc2c63cae05de4900.jpg	4	0.00163954	1	0	2	4	small_instances>=1,edge_instances>=2,team128_hard_source
D:/MelonDataset/watermelon_seg/images/train/roboflow_team128_v5_IMG_0679_jpg.rf.f83872c3f064f1bb1d3fccf49647cc96.jpg	2	0.00518702	0	0	0	1	base
D:/MelonDataset/watermelon_seg/images/train/roboflow_team128_v5_IMG_0681_jpg.rf.645153ccebe37c63e8d2638525901c98.jpg	3	0.00000406	1	1	1	4	small_instances>=1,tiny_instances>=1,team128_hard_source
D:/MelonDataset/watermelon_seg/images/train/roboflow_team128_v5_IMG_0682_jpg.rf.a84b4c664230fd0c34a3db333a1106ec.jpg	2	0.00596701	0	0	0	1	base
D:/MelonDataset/watermelon_seg/images/train/roboflow_team128_v5_IMG_0683_jpg.rf.3fbf16c9a141538d3e4318bc3f2dbf60.jpg	1	0.01763025	0	0	0	1	base
D:/MelonDataset/watermelon_seg/images/train/roboflow_team128_v5_IMG_0684_jpg.rf.fbe08372394c862ba50fcc5a0de67935.jpg	1	0.00694835	0	0	0	1	base
D:/MelonDataset/watermelon_seg/images/train/roboflow_team128_v5_IMG_0685_jpg.rf.336a5020e8b91ad2261e5a51b4221fb7.jpg	1	0.03062912	0	0	0	1	base
D:/MelonDataset/watermelon_seg/images/train/roboflow_team128_v5_IMG_0686_jpg.rf.3ecc69f9a94c26b30b98010ab7cf4d45.jpg	2	0.01102782	0	0	0	1	base
D:/MelonDataset/watermelon_seg/images/train/roboflow_team128_v5_IMG_0689_jpg.rf.f12c74152ae7bcf34c17357c4a85c3b7.jpg	2	0.01167107	0	0	1	1	base
D:/MelonDataset/watermelon_seg/images/train/roboflow_team128_v5_IMG_0690_jpg.rf.7f374ee61a1e6e39031088d3952f2277.jpg	4	0.00615803	0	0	1	2	team128_hard_source
D:/MelonDataset/watermelon_seg/images/train/roboflow_team128_v5_IMG_0694_jpg.rf.4d96dd384a707b708b119a719abb9f16.jpg	5	0.00093566	3	1	2	5	multi_instances>=5,small_instances>=3,tiny_instances>=1,edge_instances>=2,team128_hard_source
D:/MelonDataset/watermelon_seg/images/train/roboflow_team128_v5_IMG_0696_jpg.rf.d95973b6603c0b837cc1a2a232d5898a.jpg	4	0.00099610	2	1	0	4	small_instances>=1,tiny_instances>=1,team128_hard_source
D:/MelonDataset/watermelon_seg/images/train/roboflow_team128_v5_IMG_0697_jpg.rf.2226fb8940ce1315b1acc1e5f5cbd406.jpg	4	0.00313958	1	0	1	3	small_instances>=1,team128_hard_source
D:/MelonDataset/watermelon_seg/images/train/roboflow_team128_v5_IMG_0700_jpg.rf.43df7986f0b3986f1ea06886a6d42d39.jpg	1	0.01261585	0	0	0	1	base
D:/MelonDataset/watermelon_seg/images/train/roboflow_team128_v5_IMG_0701_jpg.rf.6f6b08f56882573619dbcc733747311c.jpg	3	0.01115164	0	0	1	1	base
D:/MelonDataset/watermelon_seg/images/train/roboflow_team128_v5_IMG_0702_jpg.rf.c491eeeda916683b2c200826c32d9c66.jpg	2	0.00707426	0	0	1	1	base
D:/MelonDataset/watermelon_seg/images/train/roboflow_team128_v5_IMG_0703_jpg.rf.c0dc0f1bc373b41e72b2aae3c03e869b.jpg	1	0.00329610	1	0	0	3	small_instances>=1,team128_hard_source
D:/MelonDataset/watermelon_seg/images/train/roboflow_team128_v5_IMG_0704_jpg.rf.ffdc22e319de0dc826fa8d89b405b787.jpg	1	0.00940496	0	0	0	1	base
D:/MelonDataset/watermelon_seg/images/train/roboflow_team128_v5_IMG_0705_jpg.rf.fe4169b811ebff8d2d89102d6466b678.jpg	4	0.00012745	4	2	0	5	small_instances>=3,tiny_instances>=1,team128_hard_source
D:/MelonDataset/watermelon_seg/images/train/roboflow_team128_v5_IMG_0706_jpg.rf.655061599ab1784a59fe4151c5e10681.jpg	4	0.00137132	1	0	0	3	small_instances>=1,team128_hard_source
D:/MelonDataset/watermelon_seg/images/train/roboflow_team128_v5_IMG_0708_jpg.rf.b7bfff9fcc83206511014450e3c60200.jpg	3	0.00112579	2	0	0	3	small_instances>=1,team128_hard_source
D:/MelonDataset/watermelon_seg/images/train/roboflow_team128_v5_IMG_0709_jpg.rf.6a58bdcabb2eb68dfab33a91891d4db3.jpg	2	0.02069039	0	0	2	2	edge_instances>=2
D:/MelonDataset/watermelon_seg/images/train/roboflow_team128_v5_IMG_0710_jpg.rf.bbb08dd84521dae12b2e006010f972aa.jpg	5	0.00030892	2	1	0	5	multi_instances>=5,small_instances>=1,tiny_instances>=1,team128_hard_source
D:/MelonDataset/watermelon_seg/images/train/roboflow_team128_v5_IMG_0712_jpg.rf.6b0e56a40c24900b491c4f2ce55e74a2.jpg	3	0.00014708	3	3	0	5	small_instances>=3,tiny_instances>=1,team128_hard_source
D:/MelonDataset/watermelon_seg/images/train/roboflow_team128_v5_IMG_0718_jpg.rf.194c858799b61b740dd0bdb9c1383924.jpg	4	0.00301223	2	0	1	3	small_instances>=1,team128_hard_source
D:/MelonDataset/watermelon_seg/images/train/roboflow_team128_v5_IMG_0719_jpg.rf.dfcf018b95cd357a42473c79bbad5dc3.jpg	4	0.00239520	2	0	0	3	small_instances>=1,team128_hard_source
D:/MelonDataset/watermelon_seg/images/train/roboflow_team128_v5_IMG_0720_jpg.rf.98c6a9eaa035f1b7d46078a8846c1003.jpg	4	0.00217280	1	0	2	4	small_instances>=1,edge_instances>=2,team128_hard_source
D:/MelonDataset/watermelon_seg/images/train/roboflow_team128_v5_IMG_0721_jpg.rf.9eaf871c5ea9359c63dc4481989a4b3c.jpg	2	0.01155094	0	0	1	1	base
D:/MelonDataset/watermelon_seg/images/train/roboflow_team128_v5_IMG_0722_jpg.rf.6d212a3564c1d2ea8c1c70516cf92baa.jpg	2	0.02723901	0	0	0	1	base
D:/MelonDataset/watermelon_seg/images/train/roboflow_team128_v5_IMG_0723_jpg.rf.9ea89289f28084ee7c9107befa3806ba.jpg	5	0.00079712	4	1	2	5	multi_instances>=5,small_instances>=3,tiny_instances>=1,edge_instances>=2,team128_hard_source
D:/MelonDataset/watermelon_seg/images/train/roboflow_team128_v5_IMG_0724_jpg.rf.506abfe9cd2090f42d7888220a6db817.jpg	7	0.00057716	5	1	0	5	multi_instances>=5,small_instances>=3,tiny_instances>=1,team128_hard_source
D:/MelonDataset/watermelon_seg/images/train/roboflow_team128_v5_IMG_0726_jpg.rf.0050de1060fca13d4d9e13575ce79410.jpg	2	0.01088513	0	0	0	1	base
D:/MelonDataset/watermelon_seg/images/train/roboflow_team128_v5_IMG_0727_jpg.rf.1d4205c5ad385afb65ca1e3487c12c0c.jpg	4	0.00377096	1	0	2	4	small_instances>=1,edge_instances>=2,team128_hard_source
D:/MelonDataset/watermelon_seg/images/train/roboflow_team128_v5_IMG_0728_jpg.rf.e90070eaba11e46ae0d36b9d761fa34a.jpg	3	0.00690395	0	0	1	1	base
D:/MelonDataset/watermelon_seg/images/train/roboflow_team128_v5_IMG_0729_jpg.rf.ab3159c332681b6346c533ec4c05a1f0.jpg	2	0.01294551	0	0	1	1	base
D:/MelonDataset/watermelon_seg/images/train/roboflow_team128_v5_IMG_0730_jpg.rf.de580129c912414ba4323f6eb634b0e6.jpg	1	0.01680669	0	0	0	1	base
D:/MelonDataset/watermelon_seg/images/train/roboflow_team128_v5_IMG_0731_jpg.rf.f72f041010b3a505070c552fc4438ac4.jpg	1	0.01240781	0	0	0	1	base
D:/MelonDataset/watermelon_seg/images/train/roboflow_team128_v5_IMG_0732_jpg.rf.a566ae222150b4237607e9d5d3b08fb0.jpg	2	0.00493647	1	0	1	3	small_instances>=1,team128_hard_source
D:/MelonDataset/watermelon_seg/images/train/roboflow_team128_v5_IMG_0733_jpg.rf.a98745ff225da3bdd904323093122998.jpg	2	0.00533114	0	0	1	1	base
D:/MelonDataset/watermelon_seg/images/train/roboflow_team128_v5_IMG_0734_jpg.rf.e4aaec5a9d8f632df5ae4e0eb15b7c71.jpg	1	0.01229494	0	0	0	1	base
D:/MelonDataset/watermelon_seg/images/train/roboflow_team128_v5_IMG_0735_jpg.rf.30eea7c6730f9659f62b49297ac4cd76.jpg	2	0.00616409	0	0	0	1	base
D:/MelonDataset/watermelon_seg/images/train/roboflow_team128_v5_IMG_0736_jpg.rf.7ae581489d2a48ab7aee193c8e18a525.jpg	2	0.00673103	0	0	0	1	base
D:/MelonDataset/watermelon_seg/images/train/roboflow_team128_v5_IMG_0737_jpg.rf.9f3a6950233274324fe05405e0f1ecc2.jpg	5	0.00280187	3	0	0	5	multi_instances>=5,small_instances>=3,team128_hard_source
D:/MelonDataset/watermelon_seg/images/train/roboflow_team128_v5_IMG_0738_jpg.rf.0f618952a7eb46e7b6803571b9038f40.jpg	8	0.00009149	7	4	1	5	dense_instances>=8,small_instances>=3,tiny_instances>=1,team128_hard_source
D:/MelonDataset/watermelon_seg/images/train/roboflow_team128_v5_IMG_0739_jpg.rf.96deb8b0a41ac8be4823223328355629.jpg	8	0.00015299	7	5	1	5	dense_instances>=8,small_instances>=3,tiny_instances>=1,team128_hard_source
D:/MelonDataset/watermelon_seg/images/train/roboflow_team128_v5_IMG_0740_jpg.rf.b8919e26d257e5a1a36fa8ea4f146450.jpg	2	0.00251143	1	0	1	3	small_instances>=1,team128_hard_source
D:/MelonDataset/watermelon_seg/images/train/roboflow_team128_v5_IMG_0741_jpg.rf.2445970cf530539d79937b903ed2d8ad.jpg	3	0.00525132	0	0	0	1	base
D:/MelonDataset/watermelon_seg/images/train/roboflow_team128_v5_IMG_0743_jpg.rf.d3e0f98a6e5d0e9ebf5aa79bed82124a.jpg	2	0.00129321	1	0	0	3	small_instances>=1,team128_hard_source
D:/MelonDataset/watermelon_seg/images/train/roboflow_team128_v5_IMG_0744_jpg.rf.5a711d6ddfb2f210b47070523e17f109.jpg	5	0.00072228	4	1	1	5	multi_instances>=5,small_instances>=3,tiny_instances>=1,team128_hard_source
D:/MelonDataset/watermelon_seg/images/train/roboflow_team128_v5_IMG_0745_jpg.rf.6604260de9c3d5a1560b1888c9234c4b.jpg	1	0.00495829	1	0	1	3	small_instances>=1,team128_hard_source
D:/MelonDataset/watermelon_seg/images/train/roboflow_team128_v5_IMG_0746_jpg.rf.27c84b2b61ca52529b798881d2637d51.jpg	2	0.00351198	1	0	0	3	small_instances>=1,team128_hard_source
D:/MelonDataset/watermelon_seg/images/train/roboflow_team128_v5_IMG_0747_jpg.rf.7d1c778f093e7f12eb3ca5b95330749c.jpg	3	0.00050936	1	1	2	5	small_instances>=1,tiny_instances>=1,edge_instances>=2,team128_hard_source
D:/MelonDataset/watermelon_seg/images/train/roboflow_team128_v5_IMG_0748_jpg.rf.f92beb6618ec98bc33b10e387a8cba9d.jpg	1	0.02221136	0	0	0	1	base
D:/MelonDataset/watermelon_seg/images/train/roboflow_team128_v5_IMG_0749_jpg.rf.c8275cbcdb4ffaac374f1e20a0abb63c.jpg	3	0.00373462	1	0	1	3	small_instances>=1,team128_hard_source
D:/MelonDataset/watermelon_seg/images/train/roboflow_team128_v5_IMG_0751_jpg.rf.bae4c5aeffe0ea613ce4d56089766607.jpg	8	0.00051290	6	2	1	5	dense_instances>=8,small_instances>=3,tiny_instances>=1,team128_hard_source
D:/MelonDataset/watermelon_seg/images/train/roboflow_team128_v5_IMG_0752_jpg.rf.323e9eaaca7fadd5756845d378633bdc.jpg	3	0.00088240	2	1	2	5	small_instances>=1,tiny_instances>=1,edge_instances>=2,team128_hard_source
D:/MelonDataset/watermelon_seg/images/train/roboflow_team128_v5_IMG_0753_jpg.rf.e6a224ac9e9227f44a6e1b2e8eeb89a9.jpg	3	0.00633904	0	0	1	1	base
D:/MelonDataset/watermelon_seg/images/train/roboflow_team128_v5_IMG_0754_jpg.rf.979a12d17eebc02bb3195e6f9ee934b0.jpg	3	0.00165010	1	0	0	3	small_instances>=1,team128_hard_source
D:/MelonDataset/watermelon_seg/images/train/roboflow_team128_v5_IMG_0755_jpg.rf.192e72841cc1290890aa17f7d15dc69d.jpg	1	0.00219188	1	0	0	3	small_instances>=1,team128_hard_source
D:/MelonDataset/watermelon_seg/images/train/roboflow_team128_v5_IMG_0756_jpg.rf.ed8d59d8ba709c9286842c6692188867.jpg	3	0.00145099	2	0	1	3	small_instances>=1,team128_hard_source
D:/MelonDataset/watermelon_seg/images/train/roboflow_team128_v5_IMG_0757_jpg.rf.07cb19044152b2f376a6768491d8568e.jpg	5	0.00002969	4	4	0	5	multi_instances>=5,small_instances>=3,tiny_instances>=1,team128_hard_source
D:/MelonDataset/watermelon_seg/images/train/roboflow_team128_v5_IMG_0758_jpg.rf.59fc8bb4a2d8366b0e3132b4faad09bc.jpg	8	0.00025185	8	5	2	5	dense_instances>=8,small_instances>=3,tiny_instances>=1,edge_instances>=2,team128_hard_source
D:/MelonDataset/watermelon_seg/images/train/roboflow_team128_v5_IMG_0759_jpg.rf.d66a5f9749f6b6a3437428c484fafea5.jpg	9	0.00049682	7	3	0	5	dense_instances>=8,small_instances>=3,tiny_instances>=1,team128_hard_source
D:/MelonDataset/watermelon_seg/images/train/roboflow_team128_v5_IMG_0760_jpg.rf.f3ebfd299a71d33b548c56367889aaf6.jpg	2	0.00157859	1	0	1	3	small_instances>=1,team128_hard_source
D:/MelonDataset/watermelon_seg/images/train/roboflow_team128_v5_IMG_0761_jpg.rf.20acb6a8d93cded9797b3129baa045d5.jpg	2	0.00954394	0	0	0	1	base
D:/MelonDataset/watermelon_seg/images/train/roboflow_team128_v5_IMG_0762_jpg.rf.12bbc9d95080971413347b84296b1b09.jpg	5	0.00028972	5	2	1	5	multi_instances>=5,small_instances>=3,tiny_instances>=1,team128_hard_source
D:/MelonDataset/watermelon_seg/images/train/roboflow_team128_v5_IMG_0763_jpg.rf.cb245ad0a641c49b7f40727282c273c4.jpg	5	0.00124297	3	0	1	5	multi_instances>=5,small_instances>=3,team128_hard_source
D:/MelonDataset/watermelon_seg/images/train/roboflow_team128_v5_IMG_0764_jpg.rf.bbf552208e14af07bb0a3a999843765e.jpg	3	0.00107788	1	0	0	3	small_instances>=1,team128_hard_source
D:/MelonDataset/watermelon_seg/images/train/roboflow_team128_v5_IMG_0765_jpg.rf.28286a7fb81f51832ce6ff9df7bde128.jpg	3	0.00538668	0	0	0	1	base
D:/MelonDataset/watermelon_seg/images/train/roboflow_team128_v5_IMG_0766_jpg.rf.4546ed645b27eb3ccd49661cecbfe582.jpg	3	0.00381050	1	0	0	3	small_instances>=1,team128_hard_source
D:/MelonDataset/watermelon_seg/images/train/roboflow_team128_v5_IMG_0767_jpg.rf.2e13cc081a846595b0033bb60c1f0d09.jpg	2	0.00084739	2	1	0	4	small_instances>=1,tiny_instances>=1,team128_hard_source
D:/MelonDataset/watermelon_seg/images/train/roboflow_team128_v5_IMG_0768_jpg.rf.80de8504953a28f1674531be59e1f45f.jpg	9	0.00015053	7	2	0	5	dense_instances>=8,small_instances>=3,tiny_instances>=1,team128_hard_source
D:/MelonDataset/watermelon_seg/images/train/roboflow_team128_v5_IMG_0769_jpg.rf.4201007fa71658500d6fae3955651f92.jpg	12	0.00006166	12	9	1	5	dense_instances>=8,small_instances>=3,tiny_instances>=1,team128_hard_source
D:/MelonDataset/watermelon_seg/images/train/roboflow_team128_v5_IMG_0771_jpg.rf.a0457dcc823e7f726342c4b955d20701.jpg	12	0.00004692	12	8	3	5	dense_instances>=8,small_instances>=3,tiny_instances>=1,edge_instances>=2,team128_hard_source
D:/MelonDataset/watermelon_seg/images/train/roboflow_team128_v5_IMG_0774_jpg.rf.050925a991754fdb33949fa91422dcf4.jpg	2	0.00368941	1	0	1	3	small_instances>=1,team128_hard_source
D:/MelonDataset/watermelon_seg/images/train/roboflow_team128_v5_IMG_0775_jpg.rf.46c91d16443325774a7e8c6c0fc74539.jpg	2	0.01649358	0	0	0	1	base
D:/MelonDataset/watermelon_seg/images/train/roboflow_team128_v5_IMG_0776_jpg.rf.0998c17e77d4567e205f30500d464197.jpg	2	0.00753898	0	0	0	1	base
D:/MelonDataset/watermelon_seg/images/train/roboflow_team128_v5_IMG_0777_jpg.rf.4b551d554d5292f1604a500858e23753.jpg	7	0.00134769	5	0	0	5	multi_instances>=5,small_instances>=3,team128_hard_source
D:/MelonDataset/watermelon_seg/images/train/roboflow_team128_v5_IMG_0778_jpg.rf.f0ff174e2432e395b8feb3036c4077bd.jpg	1	0.03109862	0	0	0	1	base
D:/MelonDataset/watermelon_seg/images/train/roboflow_team128_v5_IMG_0779_jpg.rf.80f0f6461ec5d7e5aadc63d06243a241.jpg	3	0.01365656	0	0	1	1	base
D:/MelonDataset/watermelon_seg/images/train/roboflow_team128_v5_IMG_0780_jpg.rf.0a3ebd62cee3d8f43dd7eb46928e7aeb.jpg	3	0.01812152	0	0	1	1	base
D:/MelonDataset/watermelon_seg/images/train/roboflow_team128_v5_IMG_0781_jpg.rf.0aa25dee0b9fb0420d8c2294a5163308.jpg	4	0.00351922	1	0	2	4	small_instances>=1,edge_instances>=2,team128_hard_source
D:/MelonDataset/watermelon_seg/images/train/roboflow_team128_v5_IMG_0782_jpg.rf.0ab023eff99bc125f4eb8198618a1c7c.jpg	3	0.00543054	0	0	1	1	base
D:/MelonDataset/watermelon_seg/images/train/roboflow_team128_v5_IMG_0784_jpg.rf.d7637595c84a75c8b46e46487c682aa7.jpg	2	0.01238288	0	0	0	1	base
D:/MelonDataset/watermelon_seg/images/train/roboflow_team128_v5_IMG_0785_jpg.rf.e45fc5315006a9c7e62c68e2980f87c7.jpg	3	0.01021440	0	0	0	1	base
D:/MelonDataset/watermelon_seg/images/train/roboflow_team128_v5_IMG_0786_jpg.rf.77a31a3bbf13fbc1f4fc7a2abf14016a.jpg	2	0.00733575	0	0	1	1	base
D:/MelonDataset/watermelon_seg/images/train/roboflow_team128_v5_IMG_0787_jpg.rf.d0f316d2881f8794004ca91f5d101741.jpg	3	0.00769738	0	0	2	2	edge_instances>=2
D:/MelonDataset/watermelon_seg/images/train/roboflow_team128_v5_IMG_0788_jpg.rf.e3ea38a4d762ea77f501821e6f9dadd1.jpg	2	0.02141430	0	0	0	1	base
D:/MelonDataset/watermelon_seg/images/train/roboflow_team128_v5_IMG_0789_jpg.rf.7902c866d88b72d3b03f4dfd0ac99fb2.jpg	3	0.00855541	0	0	1	1	base
D:/MelonDataset/watermelon_seg/images/train/roboflow_team128_v5_IMG_0790_jpg.rf.cab732489061af7481d607881aa4bf67.jpg	13	0.00017092	10	4	3	5	dense_instances>=8,small_instances>=3,tiny_instances>=1,edge_instances>=2,team128_hard_source
D:/MelonDataset/watermelon_seg/images/train/roboflow_team128_v5_IMG_0792_jpg.rf.5c8198dfb9667570199f797c362fba1f.jpg	4	0.00200353	1	0	1	3	small_instances>=1,team128_hard_source
D:/MelonDataset/watermelon_seg/images/train/roboflow_team128_v5_IMG_0794_jpg.rf.1b7c6f31ede4331cde29b5d20921c33d.jpg	1	0.00590863	0	0	0	1	base
D:/MelonDataset/watermelon_seg/images/train/roboflow_team128_v5_IMG_0795_jpg.rf.19036d8784fa5c4b3403418e5b74eb0c.jpg	1	0.02519310	0	0	0	1	base
D:/MelonDataset/watermelon_seg/images/train/roboflow_team128_v5_IMG_0796_jpg.rf.20d9e5d4b9e99650602b22c4dff2f512.jpg	1	0.02350340	0	0	0	1	base
D:/MelonDataset/watermelon_seg/images/train/roboflow_team128_v5_IMG_0797_jpg.rf.3c25ba5dffd0cec2f074345d2d34c6ab.jpg	2	0.00620446	0	0	1	1	base
D:/MelonDataset/watermelon_seg/images/train/roboflow_team128_v5_IMG_0798_jpg.rf.7ee18c056195eeb55f0808ad62be9fe6.jpg	1	0.00134274	1	0	1	3	small_instances>=1,team128_hard_source
D:/MelonDataset/watermelon_seg/images/train/roboflow_team128_v5_IMG_0799_jpg.rf.6d3d2a9cb085506a124d7f2ff5e9e370.jpg	2	0.00797095	0	0	0	1	base
D:/MelonDataset/watermelon_seg/images/train/roboflow_team128_v5_IMG_0800_jpg.rf.cbdba2d02ac6dbc0356dad58bb2cd2ca.jpg	4	0.00123949	2	0	0	3	small_instances>=1,team128_hard_source
D:/MelonDataset/watermelon_seg/images/train/roboflow_team128_v5_IMG_0801_jpg.rf.e01c1cfa9c69be726a8e99bc5c3944a9.jpg	1	0.00936776	0	0	0	1	base
D:/MelonDataset/watermelon_seg/images/train/roboflow_team128_v5_IMG_0802_jpg.rf.1541b116db9c5ee62ba95856703df672.jpg	2	0.00978353	0	0	1	1	base
D:/MelonDataset/watermelon_seg/images/train/roboflow_team128_v5_IMG_0803_jpg.rf.8cf2bbbf068feca5345e666d31fe3e45.jpg	6	0.00033255	3	1	1	5	multi_instances>=5,small_instances>=3,tiny_instances>=1,team128_hard_source
D:/MelonDataset/watermelon_seg/images/train/roboflow_team128_v5_IMG_0804_jpg.rf.95a5a20873e445cc7bacc01e89221c53.jpg	3	0.01781966	0	0	2	2	edge_instances>=2
D:/MelonDataset/watermelon_seg/images/train/roboflow_team128_v5_IMG_0805_jpg.rf.cd920cc70e9c25bc5f838f846c9b7dad.jpg	3	0.01489698	0	0	0	1	base
D:/MelonDataset/watermelon_seg/images/train/roboflow_team128_v5_IMG_0806_jpg.rf.52b2c5c8185de6fb55a986b272ba5fdd.jpg	1	0.01880832	0	0	0	1	base
D:/MelonDataset/watermelon_seg/images/train/roboflow_team128_v5_IMG_0807_jpg.rf.2f55402297319e8346bf9ced4a6ee51b.jpg	2	0.01334565	0	0	1	1	base
D:/MelonDataset/watermelon_seg/images/train/roboflow_team128_v5_IMG_0808_jpg.rf.a73668913c9c2fad9def927745c45c95.jpg	1	0.04870705	0	0	0	1	base
D:/MelonDataset/watermelon_seg/images/train/roboflow_team128_v5_IMG_1961_jpg.rf.7e24fd065e53c34962cf78db225f8b3a.jpg	1	0.03919702	0	0	0	1	base
D:/MelonDataset/watermelon_seg/images/train/roboflow_team128_v5_IMG_1962_jpg.rf.828d8997d74c4a367a8468081bfbe600.jpg	1	0.01454881	0	0	0	1	base
D:/MelonDataset/watermelon_seg/images/train/roboflow_team128_v5_IMG_1963_jpg.rf.3016df3cf3487378b6b192560cb0bac6.jpg	1	0.01598431	0	0	0	1	base
D:/MelonDataset/watermelon_seg/images/train/roboflow_team128_v5_IMG_1964_jpg.rf.3e0372f645932bbfe55d12fd4e3bb8f1.jpg	1	0.01458186	0	0	0	1	base
