split	source	source_split	image	label	instances	source_image
train	local_test_images_20260707	manual_labelme	local_test_images_20260707_0001.jpg	local_test_images_20260707_0001.txt	11	test_images/微信图片_20260707154823_7_2.jpg
train	local_test_images_20260707	manual_labelme	local_test_images_20260707_0002.jpg	local_test_images_20260707_0002.txt	9	test_images/微信图片_20260707154824_8_2.jpg
train	local_test_images_20260707	manual_labelme	local_test_images_20260707_0003.jpg	local_test_images_20260707_0003.txt	12	test_images/微信图片_20260707154824_9_2.jpg
train	local_test_images_20260707	manual_labelme	local_test_images_20260707_0004.jpg	local_test_images_20260707_0004.txt	10	test_images/微信图片_20260707154825_10_2.jpg
train	local_test_images_20260707	manual_labelme	local_test_images_20260707_0005.jpg	local_test_images_20260707_0005.txt	11	test_images/微信图片_20260707154827_11_2.jpg
train	local_test_images_20260707	manual_labelme	local_test_images_20260707_0006.jpg	local_test_images_20260707_0006.txt	9	test_images/微信图片_20260707154829_12_2.jpg
train	local_test_images_20260707	manual_labelme	local_test_images_20260707_0008.jpg	local_test_images_20260707_0008.txt	13	test_images/微信图片_20260707154832_14_2.jpg
train	local_test_images_20260707	manual_labelme	local_test_images_20260707_0009.jpg	local_test_images_20260707_0009.txt	14	test_images/微信图片_20260707154834_15_2.jpg
train	my_labelme	manual	my_labelme_color_000007.png	my_labelme_color_000007.txt	10	raw\color_000007.png
train	my_labelme	manual	my_labelme_color_000008.png	my_labelme_color_000008.txt	10	raw\color_000008.png
train	my_labelme	manual	my_labelme_color_000009.png	my_labelme_color_000009.txt	10	raw\color_000009.png
train	my_labelme	manual	my_labelme_color_000010.png	my_labelme_color_000010.txt	10	raw\color_000010.png
train	my_labelme	manual	my_labelme_color_000011.png	my_labelme_color_000011.txt	8	raw\color_000011.png
train	my_labelme	manual	my_labelme_color_000014.png	my_labelme_color_000014.txt	9	raw\color_000014.png
train	my_labelme	manual	my_labelme_color_000015.png	my_labelme_color_000015.txt	9	raw\color_000015.png
train	my_labelme	manual	my_labelme_color_000017.png	my_labelme_color_000017.txt	12	raw\color_000017.png
train	my_labelme	manual	my_labelme_color_000018.png	my_labelme_color_000018.txt	13	raw\color_000018.png
train	my_labelme	manual	my_labelme_color_000019.png	my_labelme_color_000019.txt	12	raw\color_000019.png
train	my_labelme	manual	my_labelme_color_000020.png	my_labelme_color_000020.txt	11	raw\color_000020.png
train	my_labelme	manual	my_labelme_color_000021.png	my_labelme_color_000021.txt	10	raw\color_000021.png
train	my_labelme	manual	my_labelme_color_000022.png	my_labelme_color_000022.txt	13	raw\color_000022.png
train	my_labelme	manual	my_labelme_color_000023.png	my_labelme_color_000023.txt	11	raw\color_000023.png
train	my_labelme	manual	my_labelme_color_000024.png	my_labelme_color_000024.txt	9	raw\color_000024.png
train	my_labelme	manual	my_labelme_color_000025.png	my_labelme_color_000025.txt	9	raw\color_000025.png
train	my_labelme	manual	my_labelme_color_000032.png	my_labelme_color_000032.txt	11	raw\color_000032.png
train	my_labelme	manual	my_labelme_color_000033.png	my_labelme_color_000033.txt	10	raw\color_000033.png
train	my_labelme	manual	my_labelme_color_000035.png	my_labelme_color_000035.txt	13	raw\color_000035.png
train	my_labelme	manual	my_labelme_color_000038.png	my_labelme_color_000038.txt	13	raw\color_000038.png
train	my_labelme	manual	my_labelme_color_000039.png	my_labelme_color_000039.txt	12	raw\color_000039.png
train	my_labelme	manual	my_labelme_color_000044.png	my_labelme_color_000044.txt	15	raw\color_000044.png
train	my_labelme	manual	my_labelme_color_000048.png	my_labelme_color_000048.txt	9	raw\color_000048.png
train	my_labelme	manual	my_labelme_color_000049.png	my_labelme_color_000049.txt	8	raw\color_000049.png
train	my_labelme	manual	my_labelme_color_000051.png	my_labelme_color_000051.txt	10	raw\color_000051.png
train	my_labelme	manual	my_labelme_color_000053.png	my_labelme_color_000053.txt	9	raw\color_000053.png
train	my_labelme	manual	my_labelme_color_000054.png	my_labelme_color_000054.txt	10	raw\color_000054.png
train	my_labelme	manual	my_labelme_color_000055.png	my_labelme_color_000055.txt	12	raw\color_000055.png
train	my_labelme	manual	my_labelme_color_000056.png	my_labelme_color_000056.txt	13	raw\color_000056.png
train	my_labelme	manual	my_labelme_color_000057.png	my_labelme_color_000057.txt	13	raw\color_000057.png
train	my_labelme	manual	my_labelme_color_000058.png	my_labelme_color_000058.txt	11	raw\color_000058.png
train	my_labelme	manual	my_labelme_color_000059.png	my_labelme_color_000059.txt	11	raw\color_000059.png
train	my_labelme	manual	my_labelme_color_000060.png	my_labelme_color_000060.txt	13	raw\color_000060.png
train	my_labelme	manual	my_labelme_color_000064.png	my_labelme_color_000064.txt	9	raw\color_000064.png
train	my_labelme	manual	my_labelme_color_000067.png	my_labelme_color_000067.txt	11	raw\color_000067.png
train	roboflow_drago_v1	train	roboflow_drago_v1_100_jpg.rf.7ba4408734835163cffc263e485a34fc.jpg	roboflow_drago_v1_100_jpg.rf.7ba4408734835163cffc263e485a34fc.txt	1	Watermelon Detector.v1i.coco-segmentation\train\100_jpg.rf.7ba4408734835163cffc263e485a34fc.jpg
train	roboflow_drago_v1	train	roboflow_drago_v1_100_jpg.rf.a9b8f5ea358e7091996b75a38e3eae49.jpg	roboflow_drago_v1_100_jpg.rf.a9b8f5ea358e7091996b75a38e3eae49.txt	1	Watermelon Detector.v1i.coco-segmentation\train\100_jpg.rf.a9b8f5ea358e7091996b75a38e3eae49.jpg
train	roboflow_drago_v1	train	roboflow_drago_v1_108_jpg.rf.51d22f7b68106c2874f81f6d601b2e82.jpg	roboflow_drago_v1_108_jpg.rf.51d22f7b68106c2874f81f6d601b2e82.txt	1	Watermelon Detector.v1i.coco-segmentation\train\108_jpg.rf.51d22f7b68106c2874f81f6d601b2e82.jpg
train	roboflow_drago_v1	train	roboflow_drago_v1_108_jpg.rf.6bdf4ec338c7927e264e5edc5560acec.jpg	roboflow_drago_v1_108_jpg.rf.6bdf4ec338c7927e264e5edc5560acec.txt	1	Watermelon Detector.v1i.coco-segmentation\train\108_jpg.rf.6bdf4ec338c7927e264e5edc5560acec.jpg
train	roboflow_drago_v1	valid	roboflow_drago_v1_116_jpg.rf.c6a769705e749646bf3bebf88a9a0e09.jpg	roboflow_drago_v1_116_jpg.rf.c6a769705e749646bf3bebf88a9a0e09.txt	1	Watermelon Detector.v1i.coco-segmentation\valid\116_jpg.rf.c6a769705e749646bf3bebf88a9a0e09.jpg
train	roboflow_drago_v1	train	roboflow_drago_v1_118_jpg.rf.2ab1a59ccfa374697ff4683a8a7b9b27.jpg	roboflow_drago_v1_118_jpg.rf.2ab1a59ccfa374697ff4683a8a7b9b27.txt	1	Watermelon Detector.v1i.coco-segmentation\train\118_jpg.rf.2ab1a59ccfa374697ff4683a8a7b9b27.jpg
train	roboflow_drago_v1	train	roboflow_drago_v1_118_jpg.rf.529c0550299427dc934a6379778b963c.jpg	roboflow_drago_v1_118_jpg.rf.529c0550299427dc934a6379778b963c.txt	1	Watermelon Detector.v1i.coco-segmentation\train\118_jpg.rf.529c0550299427dc934a6379778b963c.jpg
train	roboflow_drago_v1	test	roboflow_drago_v1_119_jpg.rf.7af0e6530d2ec5a258fe31770612a7f9.jpg	roboflow_drago_v1_119_jpg.rf.7af0e6530d2ec5a258fe31770612a7f9.txt	1	Watermelon Detector.v1i.coco-segmentation\test\119_jpg.rf.7af0e6530d2ec5a258fe31770612a7f9.jpg
train	roboflow_drago_v1	valid	roboflow_drago_v1_121_jpg.rf.b6b7a746cd3771e7f7a607ec16997edd.jpg	roboflow_drago_v1_121_jpg.rf.b6b7a746cd3771e7f7a607ec16997edd.txt	2	Watermelon Detector.v1i.coco-segmentation\valid\121_jpg.rf.b6b7a746cd3771e7f7a607ec16997edd.jpg
train	roboflow_drago_v1	train	roboflow_drago_v1_127_jpg.rf.622bcfc16e4d15b4f3b64207182996c5.jpg	roboflow_drago_v1_127_jpg.rf.622bcfc16e4d15b4f3b64207182996c5.txt	2	Watermelon Detector.v1i.coco-segmentation\train\127_jpg.rf.622bcfc16e4d15b4f3b64207182996c5.jpg
train	roboflow_drago_v1	train	roboflow_drago_v1_127_jpg.rf.8fee911f3d6254a0809ddba4359de092.jpg	roboflow_drago_v1_127_jpg.rf.8fee911f3d6254a0809ddba4359de092.txt	2	Watermelon Detector.v1i.coco-segmentation\train\127_jpg.rf.8fee911f3d6254a0809ddba4359de092.jpg
train	roboflow_drago_v1	train	roboflow_drago_v1_136_jpg.rf.2fd1d3fa57e17ddc58b2cb0da14eeb0e.jpg	roboflow_drago_v1_136_jpg.rf.2fd1d3fa57e17ddc58b2cb0da14eeb0e.txt	1	Watermelon Detector.v1i.coco-segmentation\train\136_jpg.rf.2fd1d3fa57e17ddc58b2cb0da14eeb0e.jpg
train	roboflow_drago_v1	train	roboflow_drago_v1_136_jpg.rf.b1fabeb5f384848e79cb20c77d5ddf63.jpg	roboflow_drago_v1_136_jpg.rf.b1fabeb5f384848e79cb20c77d5ddf63.txt	1	Watermelon Detector.v1i.coco-segmentation\train\136_jpg.rf.b1fabeb5f384848e79cb20c77d5ddf63.jpg
train	roboflow_drago_v1	train	roboflow_drago_v1_136_jpg.rf.fb2933e8e7bbe1ccc9970c46d0075aa3.jpg	roboflow_drago_v1_136_jpg.rf.fb2933e8e7bbe1ccc9970c46d0075aa3.txt	1	Watermelon Detector.v1i.coco-segmentation\train\136_jpg.rf.fb2933e8e7bbe1ccc9970c46d0075aa3.jpg
train	roboflow_drago_v1	train	roboflow_drago_v1_137_jpg.rf.620c81a7e016943b86a4c039c9baf91b.jpg	roboflow_drago_v1_137_jpg.rf.620c81a7e016943b86a4c039c9baf91b.txt	1	Watermelon Detector.v1i.coco-segmentation\train\137_jpg.rf.620c81a7e016943b86a4c039c9baf91b.jpg
train	roboflow_drago_v1	train	roboflow_drago_v1_137_jpg.rf.e7ed4d919c58c117dea961e060e61e96.jpg	roboflow_drago_v1_137_jpg.rf.e7ed4d919c58c117dea961e060e61e96.txt	1	Watermelon Detector.v1i.coco-segmentation\train\137_jpg.rf.e7ed4d919c58c117dea961e060e61e96.jpg
train	roboflow_drago_v1	train	roboflow_drago_v1_139_jpg.rf.91fbd649c608ba9b318bdf895263be97.jpg	roboflow_drago_v1_139_jpg.rf.91fbd649c608ba9b318bdf895263be97.txt	1	Watermelon Detector.v1i.coco-segmentation\train\139_jpg.rf.91fbd649c608ba9b318bdf895263be97.jpg
train	roboflow_drago_v1	train	roboflow_drago_v1_145_jpg.rf.3c627c3f169ae98b080d588bbd0cccf2.jpg	roboflow_drago_v1_145_jpg.rf.3c627c3f169ae98b080d588bbd0cccf2.txt	1	Watermelon Detector.v1i.coco-segmentation\train\145_jpg.rf.3c627c3f169ae98b080d588bbd0cccf2.jpg
train	roboflow_drago_v1	train	roboflow_drago_v1_145_jpg.rf.6765900d5306683d3c6c5fd01278efdc.jpg	roboflow_drago_v1_145_jpg.rf.6765900d5306683d3c6c5fd01278efdc.txt	1	Watermelon Detector.v1i.coco-segmentation\train\145_jpg.rf.6765900d5306683d3c6c5fd01278efdc.jpg
train	roboflow_drago_v1	train	roboflow_drago_v1_145_jpg.rf.70c1051a256ae9316b0e47cfe19a7e28.jpg	roboflow_drago_v1_145_jpg.rf.70c1051a256ae9316b0e47cfe19a7e28.txt	1	Watermelon Detector.v1i.coco-segmentation\train\145_jpg.rf.70c1051a256ae9316b0e47cfe19a7e28.jpg
train	roboflow_drago_v1	train	roboflow_drago_v1_154_jpg.rf.061028fde096052bfc715b4a3f4ee739.jpg	roboflow_drago_v1_154_jpg.rf.061028fde096052bfc715b4a3f4ee739.txt	1	Watermelon Detector.v1i.coco-segmentation\train\154_jpg.rf.061028fde096052bfc715b4a3f4ee739.jpg
train	roboflow_drago_v1	train	roboflow_drago_v1_157_jpg.rf.a0aa13ef64a3615008c376f9513def17.jpg	roboflow_drago_v1_157_jpg.rf.a0aa13ef64a3615008c376f9513def17.txt	1	Watermelon Detector.v1i.coco-segmentation\train\157_jpg.rf.a0aa13ef64a3615008c376f9513def17.jpg
train	roboflow_drago_v1	train	roboflow_drago_v1_157_jpg.rf.e4b28f860100e1312d6b2c13744c86ea.jpg	roboflow_drago_v1_157_jpg.rf.e4b28f860100e1312d6b2c13744c86ea.txt	1	Watermelon Detector.v1i.coco-segmentation\train\157_jpg.rf.e4b28f860100e1312d6b2c13744c86ea.jpg
train	roboflow_drago_v1	valid	roboflow_drago_v1_158_jpg.rf.1d133ec0fb57b236d036fdd31a98314e.jpg	roboflow_drago_v1_158_jpg.rf.1d133ec0fb57b236d036fdd31a98314e.txt	1	Watermelon Detector.v1i.coco-segmentation\valid\158_jpg.rf.1d133ec0fb57b236d036fdd31a98314e.jpg
train	roboflow_drago_v1	train	roboflow_drago_v1_162_jpg.rf.0937f1501e60988840d9d27abc381e6c.jpg	roboflow_drago_v1_162_jpg.rf.0937f1501e60988840d9d27abc381e6c.txt	1	Watermelon Detector.v1i.coco-segmentation\train\162_jpg.rf.0937f1501e60988840d9d27abc381e6c.jpg
train	roboflow_drago_v1	train	roboflow_drago_v1_162_jpg.rf.d5f1cc92d31e44e83ca4c5a412103b78.jpg	roboflow_drago_v1_162_jpg.rf.d5f1cc92d31e44e83ca4c5a412103b78.txt	1	Watermelon Detector.v1i.coco-segmentation\train\162_jpg.rf.d5f1cc92d31e44e83ca4c5a412103b78.jpg
train	roboflow_drago_v1	valid	roboflow_drago_v1_164_jpg.rf.9a5b54601617698f6ee46e39a8ad4af7.jpg	roboflow_drago_v1_164_jpg.rf.9a5b54601617698f6ee46e39a8ad4af7.txt	1	Watermelon Detector.v1i.coco-segmentation\valid\164_jpg.rf.9a5b54601617698f6ee46e39a8ad4af7.jpg
train	roboflow_drago_v1	train	roboflow_drago_v1_165_jpg.rf.04fa8f509fe0a6d588077645b4c979be.jpg	roboflow_drago_v1_165_jpg.rf.04fa8f509fe0a6d588077645b4c979be.txt	1	Watermelon Detector.v1i.coco-segmentation\train\165_jpg.rf.04fa8f509fe0a6d588077645b4c979be.jpg
train	roboflow_drago_v1	train	roboflow_drago_v1_165_jpg.rf.481dbd3e33ba7f3eac83db3a1e6313d5.jpg	roboflow_drago_v1_165_jpg.rf.481dbd3e33ba7f3eac83db3a1e6313d5.txt	1	Watermelon Detector.v1i.coco-segmentation\train\165_jpg.rf.481dbd3e33ba7f3eac83db3a1e6313d5.jpg
train	roboflow_drago_v1	train	roboflow_drago_v1_165_jpg.rf.8f16844591050283077fa3e433f66838.jpg	roboflow_drago_v1_165_jpg.rf.8f16844591050283077fa3e433f66838.txt	1	Watermelon Detector.v1i.coco-segmentation\train\165_jpg.rf.8f16844591050283077fa3e433f66838.jpg
train	roboflow_drago_v1	valid	roboflow_drago_v1_167_jpg.rf.19d3e9f777cbcd02263bfc3fa200916b.jpg	roboflow_drago_v1_167_jpg.rf.19d3e9f777cbcd02263bfc3fa200916b.txt	1	Watermelon Detector.v1i.coco-segmentation\valid\167_jpg.rf.19d3e9f777cbcd02263bfc3fa200916b.jpg
train	roboflow_drago_v1	train	roboflow_drago_v1_168_jpg.rf.01888e227526f72971462297ddb1c750.jpg	roboflow_drago_v1_168_jpg.rf.01888e227526f72971462297ddb1c750.txt	1	Watermelon Detector.v1i.coco-segmentation\train\168_jpg.rf.01888e227526f72971462297ddb1c750.jpg
train	roboflow_drago_v1	train	roboflow_drago_v1_168_jpg.rf.39306d7d176a3ce1b7c87f56f4e8a28d.jpg	roboflow_drago_v1_168_jpg.rf.39306d7d176a3ce1b7c87f56f4e8a28d.txt	1	Watermelon Detector.v1i.coco-segmentation\train\168_jpg.rf.39306d7d176a3ce1b7c87f56f4e8a28d.jpg
train	roboflow_drago_v1	train	roboflow_drago_v1_168_jpg.rf.9d87ddc1a4d8a51929316d6397d4da36.jpg	roboflow_drago_v1_168_jpg.rf.9d87ddc1a4d8a51929316d6397d4da36.txt	1	Watermelon Detector.v1i.coco-segmentation\train\168_jpg.rf.9d87ddc1a4d8a51929316d6397d4da36.jpg
train	roboflow_drago_v1	train	roboflow_drago_v1_169_jpg.rf.1c6ef8a41ce5193901d9867d8a150062.jpg	roboflow_drago_v1_169_jpg.rf.1c6ef8a41ce5193901d9867d8a150062.txt	2	Watermelon Detector.v1i.coco-segmentation\train\169_jpg.rf.1c6ef8a41ce5193901d9867d8a150062.jpg
train	roboflow_drago_v1	train	roboflow_drago_v1_169_jpg.rf.513794fe995c292f3fbb20e9e559c53f.jpg	roboflow_drago_v1_169_jpg.rf.513794fe995c292f3fbb20e9e559c53f.txt	2	Watermelon Detector.v1i.coco-segmentation\train\169_jpg.rf.513794fe995c292f3fbb20e9e559c53f.jpg
train	roboflow_drago_v1	train	roboflow_drago_v1_169_jpg.rf.cfaf33c87645ab95160ce390722af6da.jpg	roboflow_drago_v1_169_jpg.rf.cfaf33c87645ab95160ce390722af6da.txt	2	Watermelon Detector.v1i.coco-segmentation\train\169_jpg.rf.cfaf33c87645ab95160ce390722af6da.jpg
train	roboflow_drago_v1	valid	roboflow_drago_v1_170_jpg.rf.d726b116045f93e1b9cf3cba4595d163.jpg	roboflow_drago_v1_170_jpg.rf.d726b116045f93e1b9cf3cba4595d163.txt	1	Watermelon Detector.v1i.coco-segmentation\valid\170_jpg.rf.d726b116045f93e1b9cf3cba4595d163.jpg
train	roboflow_drago_v1	valid	roboflow_drago_v1_171_jpg.rf.c9f1b4d4b610c7fe46702a930608892c.jpg	roboflow_drago_v1_171_jpg.rf.c9f1b4d4b610c7fe46702a930608892c.txt	1	Watermelon Detector.v1i.coco-segmentation\valid\171_jpg.rf.c9f1b4d4b610c7fe46702a930608892c.jpg
train	roboflow_drago_v1	train	roboflow_drago_v1_172_jpg.rf.d610ffeec1cc56452dca0085e143cde3.jpg	roboflow_drago_v1_172_jpg.rf.d610ffeec1cc56452dca0085e143cde3.txt	1	Watermelon Detector.v1i.coco-segmentation\train\172_jpg.rf.d610ffeec1cc56452dca0085e143cde3.jpg
train	roboflow_drago_v1	train	roboflow_drago_v1_172_jpg.rf.e51559ec94ec78b7bc3129257d65560c.jpg	roboflow_drago_v1_172_jpg.rf.e51559ec94ec78b7bc3129257d65560c.txt	1	Watermelon Detector.v1i.coco-segmentation\train\172_jpg.rf.e51559ec94ec78b7bc3129257d65560c.jpg
train	roboflow_drago_v1	valid	roboflow_drago_v1_174_jpg.rf.a54ebd3a5839b0beed895b943d578a2d.jpg	roboflow_drago_v1_174_jpg.rf.a54ebd3a5839b0beed895b943d578a2d.txt	3	Watermelon Detector.v1i.coco-segmentation\valid\174_jpg.rf.a54ebd3a5839b0beed895b943d578a2d.jpg
train	roboflow_drago_v1	valid	roboflow_drago_v1_175_jpg.rf.ae9af188f2c283adb21924ad2ad121f0.jpg	roboflow_drago_v1_175_jpg.rf.ae9af188f2c283adb21924ad2ad121f0.txt	1	Watermelon Detector.v1i.coco-segmentation\valid\175_jpg.rf.ae9af188f2c283adb21924ad2ad121f0.jpg
train	roboflow_drago_v1	train	roboflow_drago_v1_177_jpg.rf.b53a89e61dd1cc59e727d9bdbd832539.jpg	roboflow_drago_v1_177_jpg.rf.b53a89e61dd1cc59e727d9bdbd832539.txt	1	Watermelon Detector.v1i.coco-segmentation\train\177_jpg.rf.b53a89e61dd1cc59e727d9bdbd832539.jpg
train	roboflow_drago_v1	train	roboflow_drago_v1_177_jpg.rf.b7c53909b199aae1fe3aa26b1ed3f66c.jpg	roboflow_drago_v1_177_jpg.rf.b7c53909b199aae1fe3aa26b1ed3f66c.txt	1	Watermelon Detector.v1i.coco-segmentation\train\177_jpg.rf.b7c53909b199aae1fe3aa26b1ed3f66c.jpg
train	roboflow_drago_v1	valid	roboflow_drago_v1_182_jpg.rf.fb7f9134e928d22d7d854054c0721c46.jpg	roboflow_drago_v1_182_jpg.rf.fb7f9134e928d22d7d854054c0721c46.txt	1	Watermelon Detector.v1i.coco-segmentation\valid\182_jpg.rf.fb7f9134e928d22d7d854054c0721c46.jpg
train	roboflow_drago_v1	train	roboflow_drago_v1_183_jpg.rf.4c3a679ea6e2c464b4dfe8ca9911caeb.jpg	roboflow_drago_v1_183_jpg.rf.4c3a679ea6e2c464b4dfe8ca9911caeb.txt	1	Watermelon Detector.v1i.coco-segmentation\train\183_jpg.rf.4c3a679ea6e2c464b4dfe8ca9911caeb.jpg
train	roboflow_drago_v1	train	roboflow_drago_v1_183_jpg.rf.79def08c1923831d561858cf2a0d0f3f.jpg	roboflow_drago_v1_183_jpg.rf.79def08c1923831d561858cf2a0d0f3f.txt	1	Watermelon Detector.v1i.coco-segmentation\train\183_jpg.rf.79def08c1923831d561858cf2a0d0f3f.jpg
train	roboflow_drago_v1	train	roboflow_drago_v1_183_jpg.rf.a67271e95b255f123b841fecff29e828.jpg	roboflow_drago_v1_183_jpg.rf.a67271e95b255f123b841fecff29e828.txt	1	Watermelon Detector.v1i.coco-segmentation\train\183_jpg.rf.a67271e95b255f123b841fecff29e828.jpg
train	roboflow_drago_v1	train	roboflow_drago_v1_184_jpg.rf.760be8afbb51ffe0f664c3752bed907c.jpg	roboflow_drago_v1_184_jpg.rf.760be8afbb51ffe0f664c3752bed907c.txt	1	Watermelon Detector.v1i.coco-segmentation\train\184_jpg.rf.760be8afbb51ffe0f664c3752bed907c.jpg
train	roboflow_drago_v1	train	roboflow_drago_v1_185_jpg.rf.2e41762dd375f2705233d3b85aafdda3.jpg	roboflow_drago_v1_185_jpg.rf.2e41762dd375f2705233d3b85aafdda3.txt	1	Watermelon Detector.v1i.coco-segmentation\train\185_jpg.rf.2e41762dd375f2705233d3b85aafdda3.jpg
train	roboflow_drago_v1	train	roboflow_drago_v1_185_jpg.rf.5b9585bcf742ee186bbeb0fa8c013d0a.jpg	roboflow_drago_v1_185_jpg.rf.5b9585bcf742ee186bbeb0fa8c013d0a.txt	1	Watermelon Detector.v1i.coco-segmentation\train\185_jpg.rf.5b9585bcf742ee186bbeb0fa8c013d0a.jpg
train	roboflow_drago_v1	train	roboflow_drago_v1_185_jpg.rf.f6d4bc3d1eeb7806276318708679e068.jpg	roboflow_drago_v1_185_jpg.rf.f6d4bc3d1eeb7806276318708679e068.txt	1	Watermelon Detector.v1i.coco-segmentation\train\185_jpg.rf.f6d4bc3d1eeb7806276318708679e068.jpg
train	roboflow_drago_v1	train	roboflow_drago_v1_187_jpg.rf.2282d3334e86fa129306f6b3fe790539.jpg	roboflow_drago_v1_187_jpg.rf.2282d3334e86fa129306f6b3fe790539.txt	1	Watermelon Detector.v1i.coco-segmentation\train\187_jpg.rf.2282d3334e86fa129306f6b3fe790539.jpg
train	roboflow_drago_v1	train	roboflow_drago_v1_187_jpg.rf.4291e6fc3bbadc6a35806a9512741f27.jpg	roboflow_drago_v1_187_jpg.rf.4291e6fc3bbadc6a35806a9512741f27.txt	1	Watermelon Detector.v1i.coco-segmentation\train\187_jpg.rf.4291e6fc3bbadc6a35806a9512741f27.jpg
train	roboflow_drago_v1	test	roboflow_drago_v1_196_jpg.rf.f2cbd056e0e6c2796b81e5637b105930.jpg	roboflow_drago_v1_196_jpg.rf.f2cbd056e0e6c2796b81e5637b105930.txt	1	Watermelon Detector.v1i.coco-segmentation\test\196_jpg.rf.f2cbd056e0e6c2796b81e5637b105930.jpg
train	roboflow_drago_v1	train	roboflow_drago_v1_198_jpg.rf.4ea0ef38339f8e580707d86a09384887.jpg	roboflow_drago_v1_198_jpg.rf.4ea0ef38339f8e580707d86a09384887.txt	1	Watermelon Detector.v1i.coco-segmentation\train\198_jpg.rf.4ea0ef38339f8e580707d86a09384887.jpg
train	roboflow_drago_v1	train	roboflow_drago_v1_198_jpg.rf.7f532117e05aa3688e63abd47cce890c.jpg	roboflow_drago_v1_198_jpg.rf.7f532117e05aa3688e63abd47cce890c.txt	1	Watermelon Detector.v1i.coco-segmentation\train\198_jpg.rf.7f532117e05aa3688e63abd47cce890c.jpg
train	roboflow_drago_v1	train	roboflow_drago_v1_198_jpg.rf.b4f79bdac26a704ab9204dace09bf72c.jpg	roboflow_drago_v1_198_jpg.rf.b4f79bdac26a704ab9204dace09bf72c.txt	1	Watermelon Detector.v1i.coco-segmentation\train\198_jpg.rf.b4f79bdac26a704ab9204dace09bf72c.jpg
train	roboflow_drago_v1	train	roboflow_drago_v1_203_jpg.rf.19fe653139b1c981be35b6e0cabf1d37.jpg	roboflow_drago_v1_203_jpg.rf.19fe653139b1c981be35b6e0cabf1d37.txt	1	Watermelon Detector.v1i.coco-segmentation\train\203_jpg.rf.19fe653139b1c981be35b6e0cabf1d37.jpg
train	roboflow_drago_v1	train	roboflow_drago_v1_203_jpg.rf.a23cbbe7f73657d34599eda7a812eff9.jpg	roboflow_drago_v1_203_jpg.rf.a23cbbe7f73657d34599eda7a812eff9.txt	1	Watermelon Detector.v1i.coco-segmentation\train\203_jpg.rf.a23cbbe7f73657d34599eda7a812eff9.jpg
train	roboflow_drago_v1	valid	roboflow_drago_v1_205_jpg.rf.d8e04ad288f98807587a8eae847e3ded.jpg	roboflow_drago_v1_205_jpg.rf.d8e04ad288f98807587a8eae847e3ded.txt	1	Watermelon Detector.v1i.coco-segmentation\valid\205_jpg.rf.d8e04ad288f98807587a8eae847e3ded.jpg
train	roboflow_drago_v1	train	roboflow_drago_v1_209_jpg.rf.5d6b9bc0de55d3066b5dee9d29de907b.jpg	roboflow_drago_v1_209_jpg.rf.5d6b9bc0de55d3066b5dee9d29de907b.txt	2	Watermelon Detector.v1i.coco-segmentation\train\209_jpg.rf.5d6b9bc0de55d3066b5dee9d29de907b.jpg
train	roboflow_drago_v1	train	roboflow_drago_v1_211_jpg.rf.345eb25809a1537287ac8348d461c93b.jpg	roboflow_drago_v1_211_jpg.rf.345eb25809a1537287ac8348d461c93b.txt	1	Watermelon Detector.v1i.coco-segmentation\train\211_jpg.rf.345eb25809a1537287ac8348d461c93b.jpg
train	roboflow_drago_v1	train	roboflow_drago_v1_211_jpg.rf.35fdbfe55872c75211530ded80d0f980.jpg	roboflow_drago_v1_211_jpg.rf.35fdbfe55872c75211530ded80d0f980.txt	1	Watermelon Detector.v1i.coco-segmentation\train\211_jpg.rf.35fdbfe55872c75211530ded80d0f980.jpg
train	roboflow_drago_v1	train	roboflow_drago_v1_211_jpg.rf.75e91e7dfa5916ab64cd077e8133e7ee.jpg	roboflow_drago_v1_211_jpg.rf.75e91e7dfa5916ab64cd077e8133e7ee.txt	1	Watermelon Detector.v1i.coco-segmentation\train\211_jpg.rf.75e91e7dfa5916ab64cd077e8133e7ee.jpg
train	roboflow_drago_v1	train	roboflow_drago_v1_212_jpg.rf.51338b2185ebdfb40adc538d49835b27.jpg	roboflow_drago_v1_212_jpg.rf.51338b2185ebdfb40adc538d49835b27.txt	1	Watermelon Detector.v1i.coco-segmentation\train\212_jpg.rf.51338b2185ebdfb40adc538d49835b27.jpg
train	roboflow_drago_v1	valid	roboflow_drago_v1_214_jpg.rf.f7d5c9257431f46686bdb081298dd347.jpg	roboflow_drago_v1_214_jpg.rf.f7d5c9257431f46686bdb081298dd347.txt	2	Watermelon Detector.v1i.coco-segmentation\valid\214_jpg.rf.f7d5c9257431f46686bdb081298dd347.jpg
train	roboflow_drago_v1	train	roboflow_drago_v1_215_jpg.rf.b06612e3f82a2ac408acbf7f585f17b3.jpg	roboflow_drago_v1_215_jpg.rf.b06612e3f82a2ac408acbf7f585f17b3.txt	1	Watermelon Detector.v1i.coco-segmentation\train\215_jpg.rf.b06612e3f82a2ac408acbf7f585f17b3.jpg
train	roboflow_drago_v1	train	roboflow_drago_v1_215_jpg.rf.bef4049c601679431c4c9435dfd22b9e.jpg	roboflow_drago_v1_215_jpg.rf.bef4049c601679431c4c9435dfd22b9e.txt	1	Watermelon Detector.v1i.coco-segmentation\train\215_jpg.rf.bef4049c601679431c4c9435dfd22b9e.jpg
train	roboflow_drago_v1	valid	roboflow_drago_v1_216_jpg.rf.09b6e4a0c225259133775c9f2e1ab474.jpg	roboflow_drago_v1_216_jpg.rf.09b6e4a0c225259133775c9f2e1ab474.txt	1	Watermelon Detector.v1i.coco-segmentation\valid\216_jpg.rf.09b6e4a0c225259133775c9f2e1ab474.jpg
train	roboflow_drago_v1	train	roboflow_drago_v1_217_jpg.rf.5d05b3f8fdc7a38c6a611de3cca2ab9d.jpg	roboflow_drago_v1_217_jpg.rf.5d05b3f8fdc7a38c6a611de3cca2ab9d.txt	1	Watermelon Detector.v1i.coco-segmentation\train\217_jpg.rf.5d05b3f8fdc7a38c6a611de3cca2ab9d.jpg
train	roboflow_drago_v1	train	roboflow_drago_v1_217_jpg.rf.a7c85463103b0820ff778fe4ec3cf8a4.jpg	roboflow_drago_v1_217_jpg.rf.a7c85463103b0820ff778fe4ec3cf8a4.txt	1	Watermelon Detector.v1i.coco-segmentation\train\217_jpg.rf.a7c85463103b0820ff778fe4ec3cf8a4.jpg
train	roboflow_drago_v1	train	roboflow_drago_v1_218_jpg.rf.07a7c21eecd786e72ffcc2bead6eb0eb.jpg	roboflow_drago_v1_218_jpg.rf.07a7c21eecd786e72ffcc2bead6eb0eb.txt	4	Watermelon Detector.v1i.coco-segmentation\train\218_jpg.rf.07a7c21eecd786e72ffcc2bead6eb0eb.jpg
train	roboflow_drago_v1	train	roboflow_drago_v1_218_jpg.rf.f2bd4548fd011648c9595234442b3d9b.jpg	roboflow_drago_v1_218_jpg.rf.f2bd4548fd011648c9595234442b3d9b.txt	4	Watermelon Detector.v1i.coco-segmentation\train\218_jpg.rf.f2bd4548fd011648c9595234442b3d9b.jpg
train	roboflow_drago_v1	train	roboflow_drago_v1_21_jpg.rf.947b7681f6e2bba91f607d631c303ef2.jpg	roboflow_drago_v1_21_jpg.rf.947b7681f6e2bba91f607d631c303ef2.txt	2	Watermelon Detector.v1i.coco-segmentation\train\21_jpg.rf.947b7681f6e2bba91f607d631c303ef2.jpg
train	roboflow_drago_v1	train	roboflow_drago_v1_21_jpg.rf.963a251753b2af7113c47287e2c746bc.jpg	roboflow_drago_v1_21_jpg.rf.963a251753b2af7113c47287e2c746bc.txt	2	Watermelon Detector.v1i.coco-segmentation\train\21_jpg.rf.963a251753b2af7113c47287e2c746bc.jpg
train	roboflow_drago_v1	train	roboflow_drago_v1_21_jpg.rf.ea476f2d6aa8c90b9df0ae377a4ccb9d.jpg	roboflow_drago_v1_21_jpg.rf.ea476f2d6aa8c90b9df0ae377a4ccb9d.txt	2	Watermelon Detector.v1i.coco-segmentation\train\21_jpg.rf.ea476f2d6aa8c90b9df0ae377a4ccb9d.jpg
train	roboflow_drago_v1	train	roboflow_drago_v1_220_jpg.rf.0699d63e4e4246e13f14f931f0ff3701.jpg	roboflow_drago_v1_220_jpg.rf.0699d63e4e4246e13f14f931f0ff3701.txt	1	Watermelon Detector.v1i.coco-segmentation\train\220_jpg.rf.0699d63e4e4246e13f14f931f0ff3701.jpg
train	roboflow_drago_v1	train	roboflow_drago_v1_220_jpg.rf.d4ae3ba1df19d69bb84ab1d969cad268.jpg	roboflow_drago_v1_220_jpg.rf.d4ae3ba1df19d69bb84ab1d969cad268.txt	1	Watermelon Detector.v1i.coco-segmentation\train\220_jpg.rf.d4ae3ba1df19d69bb84ab1d969cad268.jpg
train	roboflow_drago_v1	train	roboflow_drago_v1_220_jpg.rf.d96dbc01c371431d50a15829087d8805.jpg	roboflow_drago_v1_220_jpg.rf.d96dbc01c371431d50a15829087d8805.txt	1	Watermelon Detector.v1i.coco-segmentation\train\220_jpg.rf.d96dbc01c371431d50a15829087d8805.jpg
train	roboflow_drago_v1	train	roboflow_drago_v1_221_jpg.rf.6339745d5d5c298c984d45a581e9cdc2.jpg	roboflow_drago_v1_221_jpg.rf.6339745d5d5c298c984d45a581e9cdc2.txt	1	Watermelon Detector.v1i.coco-segmentation\train\221_jpg.rf.6339745d5d5c298c984d45a581e9cdc2.jpg
train	roboflow_drago_v1	train	roboflow_drago_v1_221_jpg.rf.c02995a27e1c04d1ca4c879f06055c79.jpg	roboflow_drago_v1_221_jpg.rf.c02995a27e1c04d1ca4c879f06055c79.txt	1	Watermelon Detector.v1i.coco-segmentation\train\221_jpg.rf.c02995a27e1c04d1ca4c879f06055c79.jpg
train	roboflow_drago_v1	train	roboflow_drago_v1_222_jpg.rf.15b734af1af11aa095fb08adc83cafc1.jpg	roboflow_drago_v1_222_jpg.rf.15b734af1af11aa095fb08adc83cafc1.txt	1	Watermelon Detector.v1i.coco-segmentation\train\222_jpg.rf.15b734af1af11aa095fb08adc83cafc1.jpg
train	roboflow_drago_v1	train	roboflow_drago_v1_222_jpg.rf.7232ac038bc68b1b5c9d97059145e183.jpg	roboflow_drago_v1_222_jpg.rf.7232ac038bc68b1b5c9d97059145e183.txt	1	Watermelon Detector.v1i.coco-segmentation\train\222_jpg.rf.7232ac038bc68b1b5c9d97059145e183.jpg
train	roboflow_drago_v1	test	roboflow_drago_v1_223_jpg.rf.e2f3ecf6fdccb0180c91358a5530de60.jpg	roboflow_drago_v1_223_jpg.rf.e2f3ecf6fdccb0180c91358a5530de60.txt	1	Watermelon Detector.v1i.coco-segmentation\test\223_jpg.rf.e2f3ecf6fdccb0180c91358a5530de60.jpg
train	roboflow_drago_v1	train	roboflow_drago_v1_225_jpg.rf.2a11fbde92c1ec988f6a2625437b562e.jpg	roboflow_drago_v1_225_jpg.rf.2a11fbde92c1ec988f6a2625437b562e.txt	1	Watermelon Detector.v1i.coco-segmentation\train\225_jpg.rf.2a11fbde92c1ec988f6a2625437b562e.jpg
train	roboflow_drago_v1	train	roboflow_drago_v1_225_jpg.rf.62f2eb0432e0615a3444796ebcd530b5.jpg	roboflow_drago_v1_225_jpg.rf.62f2eb0432e0615a3444796ebcd530b5.txt	1	Watermelon Detector.v1i.coco-segmentation\train\225_jpg.rf.62f2eb0432e0615a3444796ebcd530b5.jpg
train	roboflow_drago_v1	train	roboflow_drago_v1_225_jpg.rf.8bef478ce3fc3ba3c1d76e47d1659656.jpg	roboflow_drago_v1_225_jpg.rf.8bef478ce3fc3ba3c1d76e47d1659656.txt	1	Watermelon Detector.v1i.coco-segmentation\train\225_jpg.rf.8bef478ce3fc3ba3c1d76e47d1659656.jpg
train	roboflow_drago_v1	train	roboflow_drago_v1_226_jpg.rf.071bb548b4cbb258892218bf58c051ac.jpg	roboflow_drago_v1_226_jpg.rf.071bb548b4cbb258892218bf58c051ac.txt	1	Watermelon Detector.v1i.coco-segmentation\train\226_jpg.rf.071bb548b4cbb258892218bf58c051ac.jpg
train	roboflow_drago_v1	train	roboflow_drago_v1_226_jpg.rf.7f5c91d532c83b1bcec09ffe1d8278be.jpg	roboflow_drago_v1_226_jpg.rf.7f5c91d532c83b1bcec09ffe1d8278be.txt	1	Watermelon Detector.v1i.coco-segmentation\train\226_jpg.rf.7f5c91d532c83b1bcec09ffe1d8278be.jpg
train	roboflow_drago_v1	train	roboflow_drago_v1_226_jpg.rf.bf97ade3d2eaf1dec06af9f1503f5f06.jpg	roboflow_drago_v1_226_jpg.rf.bf97ade3d2eaf1dec06af9f1503f5f06.txt	1	Watermelon Detector.v1i.coco-segmentation\train\226_jpg.rf.bf97ade3d2eaf1dec06af9f1503f5f06.jpg
train	roboflow_drago_v1	train	roboflow_drago_v1_227_jpg.rf.61078578d27ba112d4b1c35c553269ae.jpg	roboflow_drago_v1_227_jpg.rf.61078578d27ba112d4b1c35c553269ae.txt	3	Watermelon Detector.v1i.coco-segmentation\train\227_jpg.rf.61078578d27ba112d4b1c35c553269ae.jpg
train	roboflow_drago_v1	valid	roboflow_drago_v1_229_jpg.rf.068fe78e8d0c8ef48fc5f92d20f118f1.jpg	roboflow_drago_v1_229_jpg.rf.068fe78e8d0c8ef48fc5f92d20f118f1.txt	1	Watermelon Detector.v1i.coco-segmentation\valid\229_jpg.rf.068fe78e8d0c8ef48fc5f92d20f118f1.jpg
train	roboflow_drago_v1	train	roboflow_drago_v1_232_jpg.rf.05b77c5bff9562f5fd34b076fee4c66c.jpg	roboflow_drago_v1_232_jpg.rf.05b77c5bff9562f5fd34b076fee4c66c.txt	1	Watermelon Detector.v1i.coco-segmentation\train\232_jpg.rf.05b77c5bff9562f5fd34b076fee4c66c.jpg
train	roboflow_drago_v1	train	roboflow_drago_v1_232_jpg.rf.269a6d7f0df9e6fa8a597031ea3aac91.jpg	roboflow_drago_v1_232_jpg.rf.269a6d7f0df9e6fa8a597031ea3aac91.txt	1	Watermelon Detector.v1i.coco-segmentation\train\232_jpg.rf.269a6d7f0df9e6fa8a597031ea3aac91.jpg
train	roboflow_drago_v1	train	roboflow_drago_v1_233_jpg.rf.0fb0d8ddfbef3143acf11a9bcff3bfbe.jpg	roboflow_drago_v1_233_jpg.rf.0fb0d8ddfbef3143acf11a9bcff3bfbe.txt	1	Watermelon Detector.v1i.coco-segmentation\train\233_jpg.rf.0fb0d8ddfbef3143acf11a9bcff3bfbe.jpg
train	roboflow_drago_v1	train	roboflow_drago_v1_233_jpg.rf.0fcc48ffc18441a9691bcc7a2ea4d790.jpg	roboflow_drago_v1_233_jpg.rf.0fcc48ffc18441a9691bcc7a2ea4d790.txt	1	Watermelon Detector.v1i.coco-segmentation\train\233_jpg.rf.0fcc48ffc18441a9691bcc7a2ea4d790.jpg
train	roboflow_drago_v1	train	roboflow_drago_v1_235_jpg.rf.4336c1ca60a9e03c8d65471308be0824.jpg	roboflow_drago_v1_235_jpg.rf.4336c1ca60a9e03c8d65471308be0824.txt	1	Watermelon Detector.v1i.coco-segmentation\train\235_jpg.rf.4336c1ca60a9e03c8d65471308be0824.jpg
train	roboflow_drago_v1	train	roboflow_drago_v1_235_jpg.rf.74d17ae21510f27c8b196a724d0395cd.jpg	roboflow_drago_v1_235_jpg.rf.74d17ae21510f27c8b196a724d0395cd.txt	1	Watermelon Detector.v1i.coco-segmentation\train\235_jpg.rf.74d17ae21510f27c8b196a724d0395cd.jpg
train	roboflow_drago_v1	train	roboflow_drago_v1_235_jpg.rf.7d110ab058fca80a166bb784b703b114.jpg	roboflow_drago_v1_235_jpg.rf.7d110ab058fca80a166bb784b703b114.txt	1	Watermelon Detector.v1i.coco-segmentation\train\235_jpg.rf.7d110ab058fca80a166bb784b703b114.jpg
train	roboflow_drago_v1	train	roboflow_drago_v1_236_jpg.rf.0c79066f9b3a31c4fb79f541f1c870b9.jpg	roboflow_drago_v1_236_jpg.rf.0c79066f9b3a31c4fb79f541f1c870b9.txt	1	Watermelon Detector.v1i.coco-segmentation\train\236_jpg.rf.0c79066f9b3a31c4fb79f541f1c870b9.jpg
train	roboflow_drago_v1	train	roboflow_drago_v1_236_jpg.rf.47a0e733480ee8ee3910529f382e0505.jpg	roboflow_drago_v1_236_jpg.rf.47a0e733480ee8ee3910529f382e0505.txt	1	Watermelon Detector.v1i.coco-segmentation\train\236_jpg.rf.47a0e733480ee8ee3910529f382e0505.jpg
train	roboflow_drago_v1	test	roboflow_drago_v1_237_jpg.rf.20f2a58ade06d43ffadbe8f5d0df81c2.jpg	roboflow_drago_v1_237_jpg.rf.20f2a58ade06d43ffadbe8f5d0df81c2.txt	1	Watermelon Detector.v1i.coco-segmentation\test\237_jpg.rf.20f2a58ade06d43ffadbe8f5d0df81c2.jpg
train	roboflow_drago_v1	test	roboflow_drago_v1_240_jpg.rf.56087491c8099ae2077699f559c960ff.jpg	roboflow_drago_v1_240_jpg.rf.56087491c8099ae2077699f559c960ff.txt	1	Watermelon Detector.v1i.coco-segmentation\test\240_jpg.rf.56087491c8099ae2077699f559c960ff.jpg
train	roboflow_drago_v1	train	roboflow_drago_v1_242_jpg.rf.7669ce5050ba96e9a8021e346faa3d81.jpg	roboflow_drago_v1_242_jpg.rf.7669ce5050ba96e9a8021e346faa3d81.txt	1	Watermelon Detector.v1i.coco-segmentation\train\242_jpg.rf.7669ce5050ba96e9a8021e346faa3d81.jpg
train	roboflow_drago_v1	train	roboflow_drago_v1_242_jpg.rf.c1f871e912778af832e1b2ea9d7078fa.jpg	roboflow_drago_v1_242_jpg.rf.c1f871e912778af832e1b2ea9d7078fa.txt	1	Watermelon Detector.v1i.coco-segmentation\train\242_jpg.rf.c1f871e912778af832e1b2ea9d7078fa.jpg
train	roboflow_drago_v1	train	roboflow_drago_v1_24_jpg.rf.139ebe062363aa59942e22d43ec3aac1.jpg	roboflow_drago_v1_24_jpg.rf.139ebe062363aa59942e22d43ec3aac1.txt	1	Watermelon Detector.v1i.coco-segmentation\train\24_jpg.rf.139ebe062363aa59942e22d43ec3aac1.jpg
train	roboflow_drago_v1	train	roboflow_drago_v1_24_jpg.rf.83a470a8409808a8c0a04b5fd7af0076.jpg	roboflow_drago_v1_24_jpg.rf.83a470a8409808a8c0a04b5fd7af0076.txt	1	Watermelon Detector.v1i.coco-segmentation\train\24_jpg.rf.83a470a8409808a8c0a04b5fd7af0076.jpg
train	roboflow_drago_v1	train	roboflow_drago_v1_24_jpg.rf.de5f080bb7f3e7eea9fd3ec23d670d01.jpg	roboflow_drago_v1_24_jpg.rf.de5f080bb7f3e7eea9fd3ec23d670d01.txt	1	Watermelon Detector.v1i.coco-segmentation\train\24_jpg.rf.de5f080bb7f3e7eea9fd3ec23d670d01.jpg
train	roboflow_drago_v1	valid	roboflow_drago_v1_250_jpg.rf.85bda60ee16db8e4e366bf4932ae0fd4.jpg	roboflow_drago_v1_250_jpg.rf.85bda60ee16db8e4e366bf4932ae0fd4.txt	1	Watermelon Detector.v1i.coco-segmentation\valid\250_jpg.rf.85bda60ee16db8e4e366bf4932ae0fd4.jpg
train	roboflow_drago_v1	train	roboflow_drago_v1_258_jpg.rf.4dc05e7a2af03b3b74352eb94352888a.jpg	roboflow_drago_v1_258_jpg.rf.4dc05e7a2af03b3b74352eb94352888a.txt	1	Watermelon Detector.v1i.coco-segmentation\train\258_jpg.rf.4dc05e7a2af03b3b74352eb94352888a.jpg
train	roboflow_drago_v1	train	roboflow_drago_v1_258_jpg.rf.b3f80cd7ada3ab0061cef8d91f34b35f.jpg	roboflow_drago_v1_258_jpg.rf.b3f80cd7ada3ab0061cef8d91f34b35f.txt	1	Watermelon Detector.v1i.coco-segmentation\train\258_jpg.rf.b3f80cd7ada3ab0061cef8d91f34b35f.jpg
train	roboflow_drago_v1	train	roboflow_drago_v1_258_jpg.rf.e7b49e6c18d762bf45b00efd303defba.jpg	roboflow_drago_v1_258_jpg.rf.e7b49e6c18d762bf45b00efd303defba.txt	1	Watermelon Detector.v1i.coco-segmentation\train\258_jpg.rf.e7b49e6c18d762bf45b00efd303defba.jpg
train	roboflow_drago_v1	train	roboflow_drago_v1_261_jpg.rf.03d6391694dceca1ef020ef6b402d94e.jpg	roboflow_drago_v1_261_jpg.rf.03d6391694dceca1ef020ef6b402d94e.txt	1	Watermelon Detector.v1i.coco-segmentation\train\261_jpg.rf.03d6391694dceca1ef020ef6b402d94e.jpg
train	roboflow_drago_v1	train	roboflow_drago_v1_261_jpg.rf.47569d2dea91b4dfda8d2f6cc6a7ba8d.jpg	roboflow_drago_v1_261_jpg.rf.47569d2dea91b4dfda8d2f6cc6a7ba8d.txt	1	Watermelon Detector.v1i.coco-segmentation\train\261_jpg.rf.47569d2dea91b4dfda8d2f6cc6a7ba8d.jpg
train	roboflow_drago_v1	train	roboflow_drago_v1_261_jpg.rf.cc56868f7ac99cf56a2275b59a769fda.jpg	roboflow_drago_v1_261_jpg.rf.cc56868f7ac99cf56a2275b59a769fda.txt	1	Watermelon Detector.v1i.coco-segmentation\train\261_jpg.rf.cc56868f7ac99cf56a2275b59a769fda.jpg
train	roboflow_drago_v1	train	roboflow_drago_v1_263_jpg.rf.10acbd736f101369086eb2196cb8471d.jpg	roboflow_drago_v1_263_jpg.rf.10acbd736f101369086eb2196cb8471d.txt	1	Watermelon Detector.v1i.coco-segmentation\train\263_jpg.rf.10acbd736f101369086eb2196cb8471d.jpg
train	roboflow_drago_v1	train	roboflow_drago_v1_263_jpg.rf.7cd3c6c1124f28a1ce6011c153913c16.jpg	roboflow_drago_v1_263_jpg.rf.7cd3c6c1124f28a1ce6011c153913c16.txt	1	Watermelon Detector.v1i.coco-segmentation\train\263_jpg.rf.7cd3c6c1124f28a1ce6011c153913c16.jpg
train	roboflow_drago_v1	train	roboflow_drago_v1_263_jpg.rf.fab5170a2516368430e21afdd3616dda.jpg	roboflow_drago_v1_263_jpg.rf.fab5170a2516368430e21afdd3616dda.txt	1	Watermelon Detector.v1i.coco-segmentation\train\263_jpg.rf.fab5170a2516368430e21afdd3616dda.jpg
train	roboflow_drago_v1	train	roboflow_drago_v1_265_jpg.rf.50657aaeb5a8d8aafa457ac0e92cd3b7.jpg	roboflow_drago_v1_265_jpg.rf.50657aaeb5a8d8aafa457ac0e92cd3b7.txt	1	Watermelon Detector.v1i.coco-segmentation\train\265_jpg.rf.50657aaeb5a8d8aafa457ac0e92cd3b7.jpg
train	roboflow_drago_v1	train	roboflow_drago_v1_265_jpg.rf.81cf6b0c261e60d00e2fd9dd091edc09.jpg	roboflow_drago_v1_265_jpg.rf.81cf6b0c261e60d00e2fd9dd091edc09.txt	1	Watermelon Detector.v1i.coco-segmentation\train\265_jpg.rf.81cf6b0c261e60d00e2fd9dd091edc09.jpg
train	roboflow_drago_v1	train	roboflow_drago_v1_270_jpg.rf.781b65fcea4bb4fdc299d61e90c0da1b.jpg	roboflow_drago_v1_270_jpg.rf.781b65fcea4bb4fdc299d61e90c0da1b.txt	1	Watermelon Detector.v1i.coco-segmentation\train\270_jpg.rf.781b65fcea4bb4fdc299d61e90c0da1b.jpg
train	roboflow_drago_v1	train	roboflow_drago_v1_270_jpg.rf.897a5cc4abd7c27e88abca34cf80998e.jpg	roboflow_drago_v1_270_jpg.rf.897a5cc4abd7c27e88abca34cf80998e.txt	1	Watermelon Detector.v1i.coco-segmentation\train\270_jpg.rf.897a5cc4abd7c27e88abca34cf80998e.jpg
train	roboflow_drago_v1	train	roboflow_drago_v1_270_jpg.rf.cb5f4d9d5cd1166fcb3e0b236ecd221f.jpg	roboflow_drago_v1_270_jpg.rf.cb5f4d9d5cd1166fcb3e0b236ecd221f.txt	1	Watermelon Detector.v1i.coco-segmentation\train\270_jpg.rf.cb5f4d9d5cd1166fcb3e0b236ecd221f.jpg
train	roboflow_drago_v1	train	roboflow_drago_v1_272_jpg.rf.07b7f24fde9a0835ba7b2b9804a31e53.jpg	roboflow_drago_v1_272_jpg.rf.07b7f24fde9a0835ba7b2b9804a31e53.txt	1	Watermelon Detector.v1i.coco-segmentation\train\272_jpg.rf.07b7f24fde9a0835ba7b2b9804a31e53.jpg
train	roboflow_drago_v1	train	roboflow_drago_v1_272_jpg.rf.1c30ea028c258b73da965894daeb7f8e.jpg	roboflow_drago_v1_272_jpg.rf.1c30ea028c258b73da965894daeb7f8e.txt	1	Watermelon Detector.v1i.coco-segmentation\train\272_jpg.rf.1c30ea028c258b73da965894daeb7f8e.jpg
train	roboflow_drago_v1	train	roboflow_drago_v1_272_jpg.rf.d463eea902ed1d383c33a65d27daa002.jpg	roboflow_drago_v1_272_jpg.rf.d463eea902ed1d383c33a65d27daa002.txt	1	Watermelon Detector.v1i.coco-segmentation\train\272_jpg.rf.d463eea902ed1d383c33a65d27daa002.jpg
train	roboflow_drago_v1	valid	roboflow_drago_v1_273_jpg.rf.443d40ae4d41919bf04dd969fe21b0ab.jpg	roboflow_drago_v1_273_jpg.rf.443d40ae4d41919bf04dd969fe21b0ab.txt	2	Watermelon Detector.v1i.coco-segmentation\valid\273_jpg.rf.443d40ae4d41919bf04dd969fe21b0ab.jpg
train	roboflow_drago_v1	test	roboflow_drago_v1_274_jpg.rf.03ba288cc5071f78648be4d7c9f7efb6.jpg	roboflow_drago_v1_274_jpg.rf.03ba288cc5071f78648be4d7c9f7efb6.txt	1	Watermelon Detector.v1i.coco-segmentation\test\274_jpg.rf.03ba288cc5071f78648be4d7c9f7efb6.jpg
train	roboflow_drago_v1	train	roboflow_drago_v1_277_jpg.rf.49444b24f93a8e66542f372abbccd467.jpg	roboflow_drago_v1_277_jpg.rf.49444b24f93a8e66542f372abbccd467.txt	1	Watermelon Detector.v1i.coco-segmentation\train\277_jpg.rf.49444b24f93a8e66542f372abbccd467.jpg
train	roboflow_drago_v1	train	roboflow_drago_v1_277_jpg.rf.69b3e843f4a144f8276a19b162cf6d46.jpg	roboflow_drago_v1_277_jpg.rf.69b3e843f4a144f8276a19b162cf6d46.txt	1	Watermelon Detector.v1i.coco-segmentation\train\277_jpg.rf.69b3e843f4a144f8276a19b162cf6d46.jpg
train	roboflow_drago_v1	train	roboflow_drago_v1_277_jpg.rf.dae28f4c761fa8f29788d65ad9559ec5.jpg	roboflow_drago_v1_277_jpg.rf.dae28f4c761fa8f29788d65ad9559ec5.txt	1	Watermelon Detector.v1i.coco-segmentation\train\277_jpg.rf.dae28f4c761fa8f29788d65ad9559ec5.jpg
train	roboflow_drago_v1	valid	roboflow_drago_v1_278_jpg.rf.4d4c143b193aafe456f0ea9e8efb79ab.jpg	roboflow_drago_v1_278_jpg.rf.4d4c143b193aafe456f0ea9e8efb79ab.txt	1	Watermelon Detector.v1i.coco-segmentation\valid\278_jpg.rf.4d4c143b193aafe456f0ea9e8efb79ab.jpg
train	roboflow_drago_v1	train	roboflow_drago_v1_279_jpg.rf.12e314ee3a50739b601fe87d1b13e6b2.jpg	roboflow_drago_v1_279_jpg.rf.12e314ee3a50739b601fe87d1b13e6b2.txt	1	Watermelon Detector.v1i.coco-segmentation\train\279_jpg.rf.12e314ee3a50739b601fe87d1b13e6b2.jpg
train	roboflow_drago_v1	train	roboflow_drago_v1_279_jpg.rf.6cf69e970d432f3138ef629fc7f10439.jpg	roboflow_drago_v1_279_jpg.rf.6cf69e970d432f3138ef629fc7f10439.txt	1	Watermelon Detector.v1i.coco-segmentation\train\279_jpg.rf.6cf69e970d432f3138ef629fc7f10439.jpg
train	roboflow_drago_v1	train	roboflow_drago_v1_279_jpg.rf.bad877ccf35cf403aff1276a9fb2a923.jpg	roboflow_drago_v1_279_jpg.rf.bad877ccf35cf403aff1276a9fb2a923.txt	1	Watermelon Detector.v1i.coco-segmentation\train\279_jpg.rf.bad877ccf35cf403aff1276a9fb2a923.jpg
train	roboflow_drago_v1	train	roboflow_drago_v1_281_jpg.rf.8141815dfd8dfedffe690b326e603e87.jpg	roboflow_drago_v1_281_jpg.rf.8141815dfd8dfedffe690b326e603e87.txt	1	Watermelon Detector.v1i.coco-segmentation\train\281_jpg.rf.8141815dfd8dfedffe690b326e603e87.jpg
train	roboflow_drago_v1	train	roboflow_drago_v1_282_jpg.rf.404a159b80d07e0d98b25fdd5f1f5b07.jpg	roboflow_drago_v1_282_jpg.rf.404a159b80d07e0d98b25fdd5f1f5b07.txt	1	Watermelon Detector.v1i.coco-segmentation\train\282_jpg.rf.404a159b80d07e0d98b25fdd5f1f5b07.jpg
train	roboflow_drago_v1	train	roboflow_drago_v1_282_jpg.rf.89dcb93b6f3391431ac74894ab3bf755.jpg	roboflow_drago_v1_282_jpg.rf.89dcb93b6f3391431ac74894ab3bf755.txt	1	Watermelon Detector.v1i.coco-segmentation\train\282_jpg.rf.89dcb93b6f3391431ac74894ab3bf755.jpg
train	roboflow_drago_v1	train	roboflow_drago_v1_289_jpg.rf.8c9ad021cdec26f07d9f8e60c89eada7.jpg	roboflow_drago_v1_289_jpg.rf.8c9ad021cdec26f07d9f8e60c89eada7.txt	1	Watermelon Detector.v1i.coco-segmentation\train\289_jpg.rf.8c9ad021cdec26f07d9f8e60c89eada7.jpg
train	roboflow_drago_v1	train	roboflow_drago_v1_289_jpg.rf.c2e3e94733d46e1654364583c8536be5.jpg	roboflow_drago_v1_289_jpg.rf.c2e3e94733d46e1654364583c8536be5.txt	1	Watermelon Detector.v1i.coco-segmentation\train\289_jpg.rf.c2e3e94733d46e1654364583c8536be5.jpg
train	roboflow_drago_v1	train	roboflow_drago_v1_290_jpg.rf.b05798b3dd2a71da3d865b1828c8c61d.jpg	roboflow_drago_v1_290_jpg.rf.b05798b3dd2a71da3d865b1828c8c61d.txt	1	Watermelon Detector.v1i.coco-segmentation\train\290_jpg.rf.b05798b3dd2a71da3d865b1828c8c61d.jpg
train	roboflow_drago_v1	train	roboflow_drago_v1_290_jpg.rf.eea77a48a163acbb47a10dbfe7d8d099.jpg	roboflow_drago_v1_290_jpg.rf.eea77a48a163acbb47a10dbfe7d8d099.txt	1	Watermelon Detector.v1i.coco-segmentation\train\290_jpg.rf.eea77a48a163acbb47a10dbfe7d8d099.jpg
train	roboflow_drago_v1	test	roboflow_drago_v1_291_jpg.rf.c0e450fe6c4c4d93bdfb8a446782452f.jpg	roboflow_drago_v1_291_jpg.rf.c0e450fe6c4c4d93bdfb8a446782452f.txt	1	Watermelon Detector.v1i.coco-segmentation\test\291_jpg.rf.c0e450fe6c4c4d93bdfb8a446782452f.jpg
train	roboflow_drago_v1	valid	roboflow_drago_v1_293_jpg.rf.065b4c8955cec1394336e9bdb4f98e50.jpg	roboflow_drago_v1_293_jpg.rf.065b4c8955cec1394336e9bdb4f98e50.txt	1	Watermelon Detector.v1i.coco-segmentation\valid\293_jpg.rf.065b4c8955cec1394336e9bdb4f98e50.jpg
train	roboflow_drago_v1	train	roboflow_drago_v1_302_jpg.rf.3156e3f7cd55007bc04da9d2e94aa616.jpg	roboflow_drago_v1_302_jpg.rf.3156e3f7cd55007bc04da9d2e94aa616.txt	1	Watermelon Detector.v1i.coco-segmentation\train\302_jpg.rf.3156e3f7cd55007bc04da9d2e94aa616.jpg
train	roboflow_drago_v1	train	roboflow_drago_v1_302_jpg.rf.a13691135e38a940888f4f00c6f1b7dc.jpg	roboflow_drago_v1_302_jpg.rf.a13691135e38a940888f4f00c6f1b7dc.txt	1	Watermelon Detector.v1i.coco-segmentation\train\302_jpg.rf.a13691135e38a940888f4f00c6f1b7dc.jpg
train	roboflow_drago_v1	train	roboflow_drago_v1_302_jpg.rf.d84f3e96d3164d5f8865ae087befef6d.jpg	roboflow_drago_v1_302_jpg.rf.d84f3e96d3164d5f8865ae087befef6d.txt	1	Watermelon Detector.v1i.coco-segmentation\train\302_jpg.rf.d84f3e96d3164d5f8865ae087befef6d.jpg
train	roboflow_drago_v1	train	roboflow_drago_v1_303_jpg.rf.42d52224e93a46df5f852a0959cad645.jpg	roboflow_drago_v1_303_jpg.rf.42d52224e93a46df5f852a0959cad645.txt	1	Watermelon Detector.v1i.coco-segmentation\train\303_jpg.rf.42d52224e93a46df5f852a0959cad645.jpg
train	roboflow_drago_v1	train	roboflow_drago_v1_303_jpg.rf.8ffd9cf96edc48af333a523b7cc7baf1.jpg	roboflow_drago_v1_303_jpg.rf.8ffd9cf96edc48af333a523b7cc7baf1.txt	1	Watermelon Detector.v1i.coco-segmentation\train\303_jpg.rf.8ffd9cf96edc48af333a523b7cc7baf1.jpg
train	roboflow_drago_v1	train	roboflow_drago_v1_303_jpg.rf.fe97777ac6b3a8821edc5b2379a00fdc.jpg	roboflow_drago_v1_303_jpg.rf.fe97777ac6b3a8821edc5b2379a00fdc.txt	1	Watermelon Detector.v1i.coco-segmentation\train\303_jpg.rf.fe97777ac6b3a8821edc5b2379a00fdc.jpg
train	roboflow_drago_v1	train	roboflow_drago_v1_304_jpg.rf.cfc846b92a4a96ae590239efbc3df86c.jpg	roboflow_drago_v1_304_jpg.rf.cfc846b92a4a96ae590239efbc3df86c.txt	1	Watermelon Detector.v1i.coco-segmentation\train\304_jpg.rf.cfc846b92a4a96ae590239efbc3df86c.jpg
train	roboflow_drago_v1	valid	roboflow_drago_v1_314_jpg.rf.0803bf26b6fd7ecb120254615354e981.jpg	roboflow_drago_v1_314_jpg.rf.0803bf26b6fd7ecb120254615354e981.txt	1	Watermelon Detector.v1i.coco-segmentation\valid\314_jpg.rf.0803bf26b6fd7ecb120254615354e981.jpg
train	roboflow_drago_v1	train	roboflow_drago_v1_31_jpg.rf.18bdc815d24f35367b0e43e41406fc4e.jpg	roboflow_drago_v1_31_jpg.rf.18bdc815d24f35367b0e43e41406fc4e.txt	1	Watermelon Detector.v1i.coco-segmentation\train\31_jpg.rf.18bdc815d24f35367b0e43e41406fc4e.jpg
train	roboflow_drago_v1	train	roboflow_drago_v1_31_jpg.rf.5da74d0ee2a34ca1be16219433d1c70c.jpg	roboflow_drago_v1_31_jpg.rf.5da74d0ee2a34ca1be16219433d1c70c.txt	1	Watermelon Detector.v1i.coco-segmentation\train\31_jpg.rf.5da74d0ee2a34ca1be16219433d1c70c.jpg
train	roboflow_drago_v1	train	roboflow_drago_v1_31_jpg.rf.d966d0a0fa3fc4dc817eeae3f1b39f37.jpg	roboflow_drago_v1_31_jpg.rf.d966d0a0fa3fc4dc817eeae3f1b39f37.txt	1	Watermelon Detector.v1i.coco-segmentation\train\31_jpg.rf.d966d0a0fa3fc4dc817eeae3f1b39f37.jpg
train	roboflow_drago_v1	train	roboflow_drago_v1_323_jpg.rf.8ed69e83ba9b0ac4096f44366c70e881.jpg	roboflow_drago_v1_323_jpg.rf.8ed69e83ba9b0ac4096f44366c70e881.txt	1	Watermelon Detector.v1i.coco-segmentation\train\323_jpg.rf.8ed69e83ba9b0ac4096f44366c70e881.jpg
train	roboflow_drago_v1	train	roboflow_drago_v1_323_jpg.rf.d8b33e608eea90218d1a7d54282f3a74.jpg	roboflow_drago_v1_323_jpg.rf.d8b33e608eea90218d1a7d54282f3a74.txt	1	Watermelon Detector.v1i.coco-segmentation\train\323_jpg.rf.d8b33e608eea90218d1a7d54282f3a74.jpg
train	roboflow_drago_v1	train	roboflow_drago_v1_325_jpg.rf.0892691c6457054ef018ae21345392e3.jpg	roboflow_drago_v1_325_jpg.rf.0892691c6457054ef018ae21345392e3.txt	1	Watermelon Detector.v1i.coco-segmentation\train\325_jpg.rf.0892691c6457054ef018ae21345392e3.jpg
train	roboflow_drago_v1	train	roboflow_drago_v1_325_jpg.rf.c271098099d943d79dc16a29763fa4cd.jpg	roboflow_drago_v1_325_jpg.rf.c271098099d943d79dc16a29763fa4cd.txt	1	Watermelon Detector.v1i.coco-segmentation\train\325_jpg.rf.c271098099d943d79dc16a29763fa4cd.jpg
train	roboflow_drago_v1	train	roboflow_drago_v1_326_jpg.rf.847d00ce96f3750ee2d0e9c3bec0a0b0.jpg	roboflow_drago_v1_326_jpg.rf.847d00ce96f3750ee2d0e9c3bec0a0b0.txt	1	Watermelon Detector.v1i.coco-segmentation\train\326_jpg.rf.847d00ce96f3750ee2d0e9c3bec0a0b0.jpg
train	roboflow_drago_v1	train	roboflow_drago_v1_327_jpg.rf.8d34a479d0646b47432a75c44f40c969.jpg	roboflow_drago_v1_327_jpg.rf.8d34a479d0646b47432a75c44f40c969.txt	1	Watermelon Detector.v1i.coco-segmentation\train\327_jpg.rf.8d34a479d0646b47432a75c44f40c969.jpg
train	roboflow_drago_v1	train	roboflow_drago_v1_327_jpg.rf.c8c357432ef79c6c57807a938fddf686.jpg	roboflow_drago_v1_327_jpg.rf.c8c357432ef79c6c57807a938fddf686.txt	1	Watermelon Detector.v1i.coco-segmentation\train\327_jpg.rf.c8c357432ef79c6c57807a938fddf686.jpg
train	roboflow_drago_v1	train	roboflow_drago_v1_327_jpg.rf.f44d0a764a627a3181380f6593596b8c.jpg	roboflow_drago_v1_327_jpg.rf.f44d0a764a627a3181380f6593596b8c.txt	1	Watermelon Detector.v1i.coco-segmentation\train\327_jpg.rf.f44d0a764a627a3181380f6593596b8c.jpg
train	roboflow_drago_v1	train	roboflow_drago_v1_328_jpg.rf.2edf90b1baf0ea42cdf0bf034c1c96ea.jpg	roboflow_drago_v1_328_jpg.rf.2edf90b1baf0ea42cdf0bf034c1c96ea.txt	1	Watermelon Detector.v1i.coco-segmentation\train\328_jpg.rf.2edf90b1baf0ea42cdf0bf034c1c96ea.jpg
train	roboflow_drago_v1	train	roboflow_drago_v1_328_jpg.rf.589c7ea9103c9f1229ae532b4ceffe21.jpg	roboflow_drago_v1_328_jpg.rf.589c7ea9103c9f1229ae532b4ceffe21.txt	1	Watermelon Detector.v1i.coco-segmentation\train\328_jpg.rf.589c7ea9103c9f1229ae532b4ceffe21.jpg
train	roboflow_drago_v1	train	roboflow_drago_v1_329_jpg.rf.a81269f70a018c4b20e736463fc10bdc.jpg	roboflow_drago_v1_329_jpg.rf.a81269f70a018c4b20e736463fc10bdc.txt	1	Watermelon Detector.v1i.coco-segmentation\train\329_jpg.rf.a81269f70a018c4b20e736463fc10bdc.jpg
train	roboflow_drago_v1	train	roboflow_drago_v1_329_jpg.rf.abe414ce8ee144e4c29986c68e6b31be.jpg	roboflow_drago_v1_329_jpg.rf.abe414ce8ee144e4c29986c68e6b31be.txt	1	Watermelon Detector.v1i.coco-segmentation\train\329_jpg.rf.abe414ce8ee144e4c29986c68e6b31be.jpg
train	roboflow_drago_v1	train	roboflow_drago_v1_329_jpg.rf.ea2ec9f8397a010b45bf64bad1d01a42.jpg	roboflow_drago_v1_329_jpg.rf.ea2ec9f8397a010b45bf64bad1d01a42.txt	1	Watermelon Detector.v1i.coco-segmentation\train\329_jpg.rf.ea2ec9f8397a010b45bf64bad1d01a42.jpg
train	roboflow_drago_v1	train	roboflow_drago_v1_330_jpg.rf.627bbd983800519e4db5b89ef12bb1a6.jpg	roboflow_drago_v1_330_jpg.rf.627bbd983800519e4db5b89ef12bb1a6.txt	1	Watermelon Detector.v1i.coco-segmentation\train\330_jpg.rf.627bbd983800519e4db5b89ef12bb1a6.jpg
train	roboflow_drago_v1	train	roboflow_drago_v1_330_jpg.rf.cdf47dc80e2af45767e6785ccaecc14a.jpg	roboflow_drago_v1_330_jpg.rf.cdf47dc80e2af45767e6785ccaecc14a.txt	1	Watermelon Detector.v1i.coco-segmentation\train\330_jpg.rf.cdf47dc80e2af45767e6785ccaecc14a.jpg
train	roboflow_drago_v1	train	roboflow_drago_v1_340_jpg.rf.7f1a60e1d6e678f9cb82f39270715d55.jpg	roboflow_drago_v1_340_jpg.rf.7f1a60e1d6e678f9cb82f39270715d55.txt	1	Watermelon Detector.v1i.coco-segmentation\train\340_jpg.rf.7f1a60e1d6e678f9cb82f39270715d55.jpg
train	roboflow_drago_v1	train	roboflow_drago_v1_340_jpg.rf.aa4506bdf088e9ec3f83f07b62f9d18d.jpg	roboflow_drago_v1_340_jpg.rf.aa4506bdf088e9ec3f83f07b62f9d18d.txt	1	Watermelon Detector.v1i.coco-segmentation\train\340_jpg.rf.aa4506bdf088e9ec3f83f07b62f9d18d.jpg
train	roboflow_drago_v1	train	roboflow_drago_v1_342_jpg.rf.40e4927b5c335371cd429406375435e1.jpg	roboflow_drago_v1_342_jpg.rf.40e4927b5c335371cd429406375435e1.txt	2	Watermelon Detector.v1i.coco-segmentation\train\342_jpg.rf.40e4927b5c335371cd429406375435e1.jpg
train	roboflow_drago_v1	train	roboflow_drago_v1_342_jpg.rf.6421d92a512444c9ad47611850913135.jpg	roboflow_drago_v1_342_jpg.rf.6421d92a512444c9ad47611850913135.txt	2	Watermelon Detector.v1i.coco-segmentation\train\342_jpg.rf.6421d92a512444c9ad47611850913135.jpg
train	roboflow_drago_v1	train	roboflow_drago_v1_342_jpg.rf.d4930fef03d59c0c6c12c706c4d0fba3.jpg	roboflow_drago_v1_342_jpg.rf.d4930fef03d59c0c6c12c706c4d0fba3.txt	2	Watermelon Detector.v1i.coco-segmentation\train\342_jpg.rf.d4930fef03d59c0c6c12c706c4d0fba3.jpg
train	roboflow_drago_v1	train	roboflow_drago_v1_344_jpg.rf.a68cb3ca86b3ba35ce85c5c36fd34513.jpg	roboflow_drago_v1_344_jpg.rf.a68cb3ca86b3ba35ce85c5c36fd34513.txt	1	Watermelon Detector.v1i.coco-segmentation\train\344_jpg.rf.a68cb3ca86b3ba35ce85c5c36fd34513.jpg
train	roboflow_drago_v1	train	roboflow_drago_v1_344_jpg.rf.c4e2d9e74739ad6c199f2a4614c54c10.jpg	roboflow_drago_v1_344_jpg.rf.c4e2d9e74739ad6c199f2a4614c54c10.txt	1	Watermelon Detector.v1i.coco-segmentation\train\344_jpg.rf.c4e2d9e74739ad6c199f2a4614c54c10.jpg
train	roboflow_drago_v1	train	roboflow_drago_v1_344_jpg.rf.f4b1e65953a7aa537949d03a0d4116aa.jpg	roboflow_drago_v1_344_jpg.rf.f4b1e65953a7aa537949d03a0d4116aa.txt	1	Watermelon Detector.v1i.coco-segmentation\train\344_jpg.rf.f4b1e65953a7aa537949d03a0d4116aa.jpg
train	roboflow_drago_v1	train	roboflow_drago_v1_345_jpg.rf.13204af135aa6ff869e9307b55f9c902.jpg	roboflow_drago_v1_345_jpg.rf.13204af135aa6ff869e9307b55f9c902.txt	1	Watermelon Detector.v1i.coco-segmentation\train\345_jpg.rf.13204af135aa6ff869e9307b55f9c902.jpg
train	roboflow_drago_v1	train	roboflow_drago_v1_345_jpg.rf.6ab4fa2afa065e66adc8332b5b736eba.jpg	roboflow_drago_v1_345_jpg.rf.6ab4fa2afa065e66adc8332b5b736eba.txt	1	Watermelon Detector.v1i.coco-segmentation\train\345_jpg.rf.6ab4fa2afa065e66adc8332b5b736eba.jpg
train	roboflow_drago_v1	train	roboflow_drago_v1_349_jpg.rf.8acce7e439634a2125f47c286ecf2a6f.jpg	roboflow_drago_v1_349_jpg.rf.8acce7e439634a2125f47c286ecf2a6f.txt	1	Watermelon Detector.v1i.coco-segmentation\train\349_jpg.rf.8acce7e439634a2125f47c286ecf2a6f.jpg
train	roboflow_drago_v1	train	roboflow_drago_v1_34_jpg.rf.d2e56501215aca4e36fcfc9b4cbe45c3.jpg	roboflow_drago_v1_34_jpg.rf.d2e56501215aca4e36fcfc9b4cbe45c3.txt	1	Watermelon Detector.v1i.coco-segmentation\train\34_jpg.rf.d2e56501215aca4e36fcfc9b4cbe45c3.jpg
train	roboflow_drago_v1	train	roboflow_drago_v1_34_jpg.rf.f423a591d88d04c2d2ed2034ae48377c.jpg	roboflow_drago_v1_34_jpg.rf.f423a591d88d04c2d2ed2034ae48377c.txt	1	Watermelon Detector.v1i.coco-segmentation\train\34_jpg.rf.f423a591d88d04c2d2ed2034ae48377c.jpg
train	roboflow_drago_v1	train	roboflow_drago_v1_34_jpg.rf.fc150632bf5bb228d867d50353bc03a2.jpg	roboflow_drago_v1_34_jpg.rf.fc150632bf5bb228d867d50353bc03a2.txt	1	Watermelon Detector.v1i.coco-segmentation\train\34_jpg.rf.fc150632bf5bb228d867d50353bc03a2.jpg
train	roboflow_drago_v1	train	roboflow_drago_v1_351_jpg.rf.490f768b383d1dc99ce60e5395c411dc.jpg	roboflow_drago_v1_351_jpg.rf.490f768b383d1dc99ce60e5395c411dc.txt	1	Watermelon Detector.v1i.coco-segmentation\train\351_jpg.rf.490f768b383d1dc99ce60e5395c411dc.jpg
train	roboflow_drago_v1	train	roboflow_drago_v1_351_jpg.rf.643c5db89af432b04da150a08efea408.jpg	roboflow_drago_v1_351_jpg.rf.643c5db89af432b04da150a08efea408.txt	1	Watermelon Detector.v1i.coco-segmentation\train\351_jpg.rf.643c5db89af432b04da150a08efea408.jpg
train	roboflow_drago_v1	train	roboflow_drago_v1_351_jpg.rf.8df8449ee274047f8c73027026871528.jpg	roboflow_drago_v1_351_jpg.rf.8df8449ee274047f8c73027026871528.txt	1	Watermelon Detector.v1i.coco-segmentation\train\351_jpg.rf.8df8449ee274047f8c73027026871528.jpg
train	roboflow_drago_v1	test	roboflow_drago_v1_353_jpg.rf.fb6a9ab8b75d6e765dca4fd5a1f0ebd8.jpg	roboflow_drago_v1_353_jpg.rf.fb6a9ab8b75d6e765dca4fd5a1f0ebd8.txt	1	Watermelon Detector.v1i.coco-segmentation\test\353_jpg.rf.fb6a9ab8b75d6e765dca4fd5a1f0ebd8.jpg
train	roboflow_drago_v1	train	roboflow_drago_v1_356_jpg.rf.8c10323700e751b7d86636247c299255.jpg	roboflow_drago_v1_356_jpg.rf.8c10323700e751b7d86636247c299255.txt	1	Watermelon Detector.v1i.coco-segmentation\train\356_jpg.rf.8c10323700e751b7d86636247c299255.jpg
train	roboflow_drago_v1	train	roboflow_drago_v1_356_jpg.rf.9e8faec7f4ec8826283fbd649c8adfa2.jpg	roboflow_drago_v1_356_jpg.rf.9e8faec7f4ec8826283fbd649c8adfa2.txt	1	Watermelon Detector.v1i.coco-segmentation\train\356_jpg.rf.9e8faec7f4ec8826283fbd649c8adfa2.jpg
train	roboflow_drago_v1	test	roboflow_drago_v1_35_jpg.rf.975d8a029b02cc18f4f20d4c08050870.jpg	roboflow_drago_v1_35_jpg.rf.975d8a029b02cc18f4f20d4c08050870.txt	1	Watermelon Detector.v1i.coco-segmentation\test\35_jpg.rf.975d8a029b02cc18f4f20d4c08050870.jpg
train	roboflow_drago_v1	train	roboflow_drago_v1_363_jpg.rf.93546ad75cb2299b170ead71dfd31e5f.jpg	roboflow_drago_v1_363_jpg.rf.93546ad75cb2299b170ead71dfd31e5f.txt	1	Watermelon Detector.v1i.coco-segmentation\train\363_jpg.rf.93546ad75cb2299b170ead71dfd31e5f.jpg
train	roboflow_drago_v1	train	roboflow_drago_v1_363_jpg.rf.e233ca3a4856ec500a8990e9e7cc1483.jpg	roboflow_drago_v1_363_jpg.rf.e233ca3a4856ec500a8990e9e7cc1483.txt	1	Watermelon Detector.v1i.coco-segmentation\train\363_jpg.rf.e233ca3a4856ec500a8990e9e7cc1483.jpg
train	roboflow_drago_v1	train	roboflow_drago_v1_363_jpg.rf.f8b3c0fddabb0ed5a4ce3698251cb99c.jpg	roboflow_drago_v1_363_jpg.rf.f8b3c0fddabb0ed5a4ce3698251cb99c.txt	1	Watermelon Detector.v1i.coco-segmentation\train\363_jpg.rf.f8b3c0fddabb0ed5a4ce3698251cb99c.jpg
train	roboflow_drago_v1	train	roboflow_drago_v1_365_jpg.rf.09d91532c34b05a1d2a9d1ca0e39625f.jpg	roboflow_drago_v1_365_jpg.rf.09d91532c34b05a1d2a9d1ca0e39625f.txt	1	Watermelon Detector.v1i.coco-segmentation\train\365_jpg.rf.09d91532c34b05a1d2a9d1ca0e39625f.jpg
train	roboflow_drago_v1	train	roboflow_drago_v1_365_jpg.rf.8e529cb171abddb286e502668484fcca.jpg	roboflow_drago_v1_365_jpg.rf.8e529cb171abddb286e502668484fcca.txt	1	Watermelon Detector.v1i.coco-segmentation\train\365_jpg.rf.8e529cb171abddb286e502668484fcca.jpg
train	roboflow_drago_v1	train	roboflow_drago_v1_365_jpg.rf.d193131983735e91ad66a7ed03f22c7c.jpg	roboflow_drago_v1_365_jpg.rf.d193131983735e91ad66a7ed03f22c7c.txt	1	Watermelon Detector.v1i.coco-segmentation\train\365_jpg.rf.d193131983735e91ad66a7ed03f22c7c.jpg
train	roboflow_drago_v1	train	roboflow_drago_v1_366_jpg.rf.17bbd4929f4e568c73b110413d53f1e2.jpg	roboflow_drago_v1_366_jpg.rf.17bbd4929f4e568c73b110413d53f1e2.txt	1	Watermelon Detector.v1i.coco-segmentation\train\366_jpg.rf.17bbd4929f4e568c73b110413d53f1e2.jpg
train	roboflow_drago_v1	train	roboflow_drago_v1_366_jpg.rf.38977735f56488d14017b52d9ffabea5.jpg	roboflow_drago_v1_366_jpg.rf.38977735f56488d14017b52d9ffabea5.txt	1	Watermelon Detector.v1i.coco-segmentation\train\366_jpg.rf.38977735f56488d14017b52d9ffabea5.jpg
train	roboflow_drago_v1	train	roboflow_drago_v1_366_jpg.rf.f0e2d47bb73004a5a5fd059baf98ad52.jpg	roboflow_drago_v1_366_jpg.rf.f0e2d47bb73004a5a5fd059baf98ad52.txt	1	Watermelon Detector.v1i.coco-segmentation\train\366_jpg.rf.f0e2d47bb73004a5a5fd059baf98ad52.jpg
train	roboflow_drago_v1	test	roboflow_drago_v1_367_jpg.rf.c4b510d133c74fb309b48e3e82641d11.jpg	roboflow_drago_v1_367_jpg.rf.c4b510d133c74fb309b48e3e82641d11.txt	1	Watermelon Detector.v1i.coco-segmentation\test\367_jpg.rf.c4b510d133c74fb309b48e3e82641d11.jpg
train	roboflow_drago_v1	valid	roboflow_drago_v1_370_jpg.rf.d319a54d3bf602b286ce4c489bb2a550.jpg	roboflow_drago_v1_370_jpg.rf.d319a54d3bf602b286ce4c489bb2a550.txt	2	Watermelon Detector.v1i.coco-segmentation\valid\370_jpg.rf.d319a54d3bf602b286ce4c489bb2a550.jpg
train	roboflow_drago_v1	train	roboflow_drago_v1_376_jpg.rf.8273f270e6b24efb02b193a422eeff13.jpg	roboflow_drago_v1_376_jpg.rf.8273f270e6b24efb02b193a422eeff13.txt	1	Watermelon Detector.v1i.coco-segmentation\train\376_jpg.rf.8273f270e6b24efb02b193a422eeff13.jpg
train	roboflow_drago_v1	train	roboflow_drago_v1_376_jpg.rf.f24675d7057b5ef477b6947e33f79bbe.jpg	roboflow_drago_v1_376_jpg.rf.f24675d7057b5ef477b6947e33f79bbe.txt	1	Watermelon Detector.v1i.coco-segmentation\train\376_jpg.rf.f24675d7057b5ef477b6947e33f79bbe.jpg
train	roboflow_drago_v1	train	roboflow_drago_v1_376_jpg.rf.fd5364a7205886c9520a673abb770c56.jpg	roboflow_drago_v1_376_jpg.rf.fd5364a7205886c9520a673abb770c56.txt	1	Watermelon Detector.v1i.coco-segmentation\train\376_jpg.rf.fd5364a7205886c9520a673abb770c56.jpg
train	roboflow_drago_v1	train	roboflow_drago_v1_379_jpg.rf.a370e264d7b9249721aed131345df5a1.jpg	roboflow_drago_v1_379_jpg.rf.a370e264d7b9249721aed131345df5a1.txt	1	Watermelon Detector.v1i.coco-segmentation\train\379_jpg.rf.a370e264d7b9249721aed131345df5a1.jpg
train	roboflow_drago_v1	train	roboflow_drago_v1_379_jpg.rf.f2fac0eb21467e52e26548f68d1e689c.jpg	roboflow_drago_v1_379_jpg.rf.f2fac0eb21467e52e26548f68d1e689c.txt	1	Watermelon Detector.v1i.coco-segmentation\train\379_jpg.rf.f2fac0eb21467e52e26548f68d1e689c.jpg
train	roboflow_drago_v1	train	roboflow_drago_v1_380_jpg.rf.ae09481bc3c119a53a17fda822a43967.jpg	roboflow_drago_v1_380_jpg.rf.ae09481bc3c119a53a17fda822a43967.txt	1	Watermelon Detector.v1i.coco-segmentation\train\380_jpg.rf.ae09481bc3c119a53a17fda822a43967.jpg
train	roboflow_drago_v1	train	roboflow_drago_v1_383_jpg.rf.1a67da6a51850cc2f94f3254dbbce9ba.jpg	roboflow_drago_v1_383_jpg.rf.1a67da6a51850cc2f94f3254dbbce9ba.txt	1	Watermelon Detector.v1i.coco-segmentation\train\383_jpg.rf.1a67da6a51850cc2f94f3254dbbce9ba.jpg
train	roboflow_drago_v1	train	roboflow_drago_v1_383_jpg.rf.a47e72c10b821c486b558cb4841b1f52.jpg	roboflow_drago_v1_383_jpg.rf.a47e72c10b821c486b558cb4841b1f52.txt	1	Watermelon Detector.v1i.coco-segmentation\train\383_jpg.rf.a47e72c10b821c486b558cb4841b1f52.jpg
train	roboflow_drago_v1	train	roboflow_drago_v1_383_jpg.rf.bb1c36d2009c9031c2938cecea5fbfa8.jpg	roboflow_drago_v1_383_jpg.rf.bb1c36d2009c9031c2938cecea5fbfa8.txt	1	Watermelon Detector.v1i.coco-segmentation\train\383_jpg.rf.bb1c36d2009c9031c2938cecea5fbfa8.jpg
train	roboflow_drago_v1	train	roboflow_drago_v1_391-Copy_jpg.rf.1a69054d1e5b28276006e1e74cd48b2c.jpg	roboflow_drago_v1_391-Copy_jpg.rf.1a69054d1e5b28276006e1e74cd48b2c.txt	1	Watermelon Detector.v1i.coco-segmentation\train\391-Copy_jpg.rf.1a69054d1e5b28276006e1e74cd48b2c.jpg
train	roboflow_drago_v1	train	roboflow_drago_v1_392-Copy_jpg.rf.962afe74b1518a44d81c977adb272ac9.jpg	roboflow_drago_v1_392-Copy_jpg.rf.962afe74b1518a44d81c977adb272ac9.txt	1	Watermelon Detector.v1i.coco-segmentation\train\392-Copy_jpg.rf.962afe74b1518a44d81c977adb272ac9.jpg
train	roboflow_drago_v1	train	roboflow_drago_v1_395_jpg.rf.3cf33247f5fadc8e4d94e543963a1397.jpg	roboflow_drago_v1_395_jpg.rf.3cf33247f5fadc8e4d94e543963a1397.txt	1	Watermelon Detector.v1i.coco-segmentation\train\395_jpg.rf.3cf33247f5fadc8e4d94e543963a1397.jpg
train	roboflow_drago_v1	train	roboflow_drago_v1_395_jpg.rf.f66839dbc7be61046dea3957dd22cc6e.jpg	roboflow_drago_v1_395_jpg.rf.f66839dbc7be61046dea3957dd22cc6e.txt	1	Watermelon Detector.v1i.coco-segmentation\train\395_jpg.rf.f66839dbc7be61046dea3957dd22cc6e.jpg
train	roboflow_drago_v1	valid	roboflow_drago_v1_396_jpg.rf.be7bca3b0572b58b0a37e2f5d0250470.jpg	roboflow_drago_v1_396_jpg.rf.be7bca3b0572b58b0a37e2f5d0250470.txt	1	Watermelon Detector.v1i.coco-segmentation\valid\396_jpg.rf.be7bca3b0572b58b0a37e2f5d0250470.jpg
train	roboflow_drago_v1	train	roboflow_drago_v1_397_jpg.rf.511ec7d2c3df05b15e2a920443019530.jpg	roboflow_drago_v1_397_jpg.rf.511ec7d2c3df05b15e2a920443019530.txt	1	Watermelon Detector.v1i.coco-segmentation\train\397_jpg.rf.511ec7d2c3df05b15e2a920443019530.jpg
train	roboflow_drago_v1	train	roboflow_drago_v1_397_jpg.rf.9a46b188aa4cc784bb7fe725906ce175.jpg	roboflow_drago_v1_397_jpg.rf.9a46b188aa4cc784bb7fe725906ce175.txt	1	Watermelon Detector.v1i.coco-segmentation\train\397_jpg.rf.9a46b188aa4cc784bb7fe725906ce175.jpg
train	roboflow_drago_v1	train	roboflow_drago_v1_3_jpg.rf.2d2932ddec781c83b035909f1f72eb33.jpg	roboflow_drago_v1_3_jpg.rf.2d2932ddec781c83b035909f1f72eb33.txt	1	Watermelon Detector.v1i.coco-segmentation\train\3_jpg.rf.2d2932ddec781c83b035909f1f72eb33.jpg
train	roboflow_drago_v1	train	roboflow_drago_v1_3_jpg.rf.c0d0a96180bc45f9d0789bc4abb24dc4.jpg	roboflow_drago_v1_3_jpg.rf.c0d0a96180bc45f9d0789bc4abb24dc4.txt	1	Watermelon Detector.v1i.coco-segmentation\train\3_jpg.rf.c0d0a96180bc45f9d0789bc4abb24dc4.jpg
train	roboflow_drago_v1	train	roboflow_drago_v1_402-Copy_jpg.rf.9b913a2eb3e7d2195daf961c9b212f8e.jpg	roboflow_drago_v1_402-Copy_jpg.rf.9b913a2eb3e7d2195daf961c9b212f8e.txt	1	Watermelon Detector.v1i.coco-segmentation\train\402-Copy_jpg.rf.9b913a2eb3e7d2195daf961c9b212f8e.jpg
train	roboflow_drago_v1	train	roboflow_drago_v1_402-Copy_jpg.rf.b594e1a7f0a902f67adbd6de5ceaf2ee.jpg	roboflow_drago_v1_402-Copy_jpg.rf.b594e1a7f0a902f67adbd6de5ceaf2ee.txt	1	Watermelon Detector.v1i.coco-segmentation\train\402-Copy_jpg.rf.b594e1a7f0a902f67adbd6de5ceaf2ee.jpg
train	roboflow_drago_v1	train	roboflow_drago_v1_40_jpg.rf.6d4186cd722f62273224ef30f5cd533b.jpg	roboflow_drago_v1_40_jpg.rf.6d4186cd722f62273224ef30f5cd533b.txt	2	Watermelon Detector.v1i.coco-segmentation\train\40_jpg.rf.6d4186cd722f62273224ef30f5cd533b.jpg
train	roboflow_drago_v1	train	roboflow_drago_v1_40_jpg.rf.d99f02310547386be032501ffb17cb6a.jpg	roboflow_drago_v1_40_jpg.rf.d99f02310547386be032501ffb17cb6a.txt	2	Watermelon Detector.v1i.coco-segmentation\train\40_jpg.rf.d99f02310547386be032501ffb17cb6a.jpg
train	roboflow_drago_v1	train	roboflow_drago_v1_413-Copy_jpg.rf.0a98ec2e8a0267e59ae0df7a9999a54e.jpg	roboflow_drago_v1_413-Copy_jpg.rf.0a98ec2e8a0267e59ae0df7a9999a54e.txt	1	Watermelon Detector.v1i.coco-segmentation\train\413-Copy_jpg.rf.0a98ec2e8a0267e59ae0df7a9999a54e.jpg
train	roboflow_drago_v1	valid	roboflow_drago_v1_416-Copy_jpg.rf.3eec9321adb2ee84bcd4f9f8c3fb9512.jpg	roboflow_drago_v1_416-Copy_jpg.rf.3eec9321adb2ee84bcd4f9f8c3fb9512.txt	1	Watermelon Detector.v1i.coco-segmentation\valid\416-Copy_jpg.rf.3eec9321adb2ee84bcd4f9f8c3fb9512.jpg
train	roboflow_drago_v1	valid	roboflow_drago_v1_424-Copy_jpg.rf.71a58ea76b21098d180d5377db4082e3.jpg	roboflow_drago_v1_424-Copy_jpg.rf.71a58ea76b21098d180d5377db4082e3.txt	1	Watermelon Detector.v1i.coco-segmentation\valid\424-Copy_jpg.rf.71a58ea76b21098d180d5377db4082e3.jpg
train	roboflow_drago_v1	valid	roboflow_drago_v1_426-Copy_jpg.rf.f20721968d2f602016289cbff2c85269.jpg	roboflow_drago_v1_426-Copy_jpg.rf.f20721968d2f602016289cbff2c85269.txt	1	Watermelon Detector.v1i.coco-segmentation\valid\426-Copy_jpg.rf.f20721968d2f602016289cbff2c85269.jpg
train	roboflow_drago_v1	valid	roboflow_drago_v1_432-Copy_jpg.rf.97e419c6fa192975d1c447d813adfe26.jpg	roboflow_drago_v1_432-Copy_jpg.rf.97e419c6fa192975d1c447d813adfe26.txt	2	Watermelon Detector.v1i.coco-segmentation\valid\432-Copy_jpg.rf.97e419c6fa192975d1c447d813adfe26.jpg
train	roboflow_drago_v1	train	roboflow_drago_v1_433-Copy_jpg.rf.a01f005f377f14581b16b1c8087ad0c9.jpg	roboflow_drago_v1_433-Copy_jpg.rf.a01f005f377f14581b16b1c8087ad0c9.txt	1	Watermelon Detector.v1i.coco-segmentation\train\433-Copy_jpg.rf.a01f005f377f14581b16b1c8087ad0c9.jpg
train	roboflow_drago_v1	train	roboflow_drago_v1_434-Copy_jpg.rf.18b0881e0794bf74968bfc2ffd0d97fb.jpg	roboflow_drago_v1_434-Copy_jpg.rf.18b0881e0794bf74968bfc2ffd0d97fb.txt	1	Watermelon Detector.v1i.coco-segmentation\train\434-Copy_jpg.rf.18b0881e0794bf74968bfc2ffd0d97fb.jpg
train	roboflow_drago_v1	train	roboflow_drago_v1_434-Copy_jpg.rf.6d59d83da2b204b6bff749c41b1f187f.jpg	roboflow_drago_v1_434-Copy_jpg.rf.6d59d83da2b204b6bff749c41b1f187f.txt	1	Watermelon Detector.v1i.coco-segmentation\train\434-Copy_jpg.rf.6d59d83da2b204b6bff749c41b1f187f.jpg
train	roboflow_drago_v1	train	roboflow_drago_v1_434-Copy_jpg.rf.8945db8bf907e6eb51d7ebd530371243.jpg	roboflow_drago_v1_434-Copy_jpg.rf.8945db8bf907e6eb51d7ebd530371243.txt	1	Watermelon Detector.v1i.coco-segmentation\train\434-Copy_jpg.rf.8945db8bf907e6eb51d7ebd530371243.jpg
train	roboflow_drago_v1	train	roboflow_drago_v1_445-Copy_jpg.rf.380a9a7de8634a0b9f30691267a9242e.jpg	roboflow_drago_v1_445-Copy_jpg.rf.380a9a7de8634a0b9f30691267a9242e.txt	1	Watermelon Detector.v1i.coco-segmentation\train\445-Copy_jpg.rf.380a9a7de8634a0b9f30691267a9242e.jpg
train	roboflow_drago_v1	train	roboflow_drago_v1_445-Copy_jpg.rf.40bb93179f103364cef66a6fac3b9376.jpg	roboflow_drago_v1_445-Copy_jpg.rf.40bb93179f103364cef66a6fac3b9376.txt	1	Watermelon Detector.v1i.coco-segmentation\train\445-Copy_jpg.rf.40bb93179f103364cef66a6fac3b9376.jpg
train	roboflow_drago_v1	train	roboflow_drago_v1_445-Copy_jpg.rf.751b5e16c143879f81586aff5633f334.jpg	roboflow_drago_v1_445-Copy_jpg.rf.751b5e16c143879f81586aff5633f334.txt	1	Watermelon Detector.v1i.coco-segmentation\train\445-Copy_jpg.rf.751b5e16c143879f81586aff5633f334.jpg
train	roboflow_drago_v1	train	roboflow_drago_v1_448-Copy_jpg.rf.0be8ff77f37fa14236c391c153c18b6f.jpg	roboflow_drago_v1_448-Copy_jpg.rf.0be8ff77f37fa14236c391c153c18b6f.txt	2	Watermelon Detector.v1i.coco-segmentation\train\448-Copy_jpg.rf.0be8ff77f37fa14236c391c153c18b6f.jpg
train	roboflow_drago_v1	train	roboflow_drago_v1_448-Copy_jpg.rf.4e657e5dc2f1ee1477aad8b3bcc2c21f.jpg	roboflow_drago_v1_448-Copy_jpg.rf.4e657e5dc2f1ee1477aad8b3bcc2c21f.txt	2	Watermelon Detector.v1i.coco-segmentation\train\448-Copy_jpg.rf.4e657e5dc2f1ee1477aad8b3bcc2c21f.jpg
train	roboflow_drago_v1	train	roboflow_drago_v1_448-Copy_jpg.rf.527eb3f6112aedbf434243cadf6f2aa9.jpg	roboflow_drago_v1_448-Copy_jpg.rf.527eb3f6112aedbf434243cadf6f2aa9.txt	2	Watermelon Detector.v1i.coco-segmentation\train\448-Copy_jpg.rf.527eb3f6112aedbf434243cadf6f2aa9.jpg
train	roboflow_drago_v1	train	roboflow_drago_v1_44_jpg.rf.07f6365ad9f9a300c7154d18b6a5d626.jpg	roboflow_drago_v1_44_jpg.rf.07f6365ad9f9a300c7154d18b6a5d626.txt	1	Watermelon Detector.v1i.coco-segmentation\train\44_jpg.rf.07f6365ad9f9a300c7154d18b6a5d626.jpg
train	roboflow_drago_v1	train	roboflow_drago_v1_44_jpg.rf.6aae02035f78a21c949070ef66b301b3.jpg	roboflow_drago_v1_44_jpg.rf.6aae02035f78a21c949070ef66b301b3.txt	1	Watermelon Detector.v1i.coco-segmentation\train\44_jpg.rf.6aae02035f78a21c949070ef66b301b3.jpg
train	roboflow_drago_v1	train	roboflow_drago_v1_44_jpg.rf.d3fe2373f9e78ccd7f4507a0ee1376fb.jpg	roboflow_drago_v1_44_jpg.rf.d3fe2373f9e78ccd7f4507a0ee1376fb.txt	1	Watermelon Detector.v1i.coco-segmentation\train\44_jpg.rf.d3fe2373f9e78ccd7f4507a0ee1376fb.jpg
train	roboflow_drago_v1	train	roboflow_drago_v1_450-Copy_jpg.rf.72d0b1305f711111bc8c5b219f77b2b4.jpg	roboflow_drago_v1_450-Copy_jpg.rf.72d0b1305f711111bc8c5b219f77b2b4.txt	4	Watermelon Detector.v1i.coco-segmentation\train\450-Copy_jpg.rf.72d0b1305f711111bc8c5b219f77b2b4.jpg
train	roboflow_drago_v1	train	roboflow_drago_v1_450-Copy_jpg.rf.ac3be4119282a8dc572118ca24ebcab8.jpg	roboflow_drago_v1_450-Copy_jpg.rf.ac3be4119282a8dc572118ca24ebcab8.txt	4	Watermelon Detector.v1i.coco-segmentation\train\450-Copy_jpg.rf.ac3be4119282a8dc572118ca24ebcab8.jpg
train	roboflow_drago_v1	train	roboflow_drago_v1_450-Copy_jpg.rf.bfa44ba890744b78a58e0ecd2e36a5ae.jpg	roboflow_drago_v1_450-Copy_jpg.rf.bfa44ba890744b78a58e0ecd2e36a5ae.txt	4	Watermelon Detector.v1i.coco-segmentation\train\450-Copy_jpg.rf.bfa44ba890744b78a58e0ecd2e36a5ae.jpg
train	roboflow_drago_v1	train	roboflow_drago_v1_462-Copy_jpg.rf.2e5ee6b01b3295eb2d6a6b19b4149bce.jpg	roboflow_drago_v1_462-Copy_jpg.rf.2e5ee6b01b3295eb2d6a6b19b4149bce.txt	1	Watermelon Detector.v1i.coco-segmentation\train\462-Copy_jpg.rf.2e5ee6b01b3295eb2d6a6b19b4149bce.jpg
train	roboflow_drago_v1	train	roboflow_drago_v1_462-Copy_jpg.rf.4891ebadf0d3b60ec908fc4a93944159.jpg	roboflow_drago_v1_462-Copy_jpg.rf.4891ebadf0d3b60ec908fc4a93944159.txt	1	Watermelon Detector.v1i.coco-segmentation\train\462-Copy_jpg.rf.4891ebadf0d3b60ec908fc4a93944159.jpg
train	roboflow_drago_v1	train	roboflow_drago_v1_462-Copy_jpg.rf.b1eb6e8ceca1fd72864aadd75d2afa1b.jpg	roboflow_drago_v1_462-Copy_jpg.rf.b1eb6e8ceca1fd72864aadd75d2afa1b.txt	1	Watermelon Detector.v1i.coco-segmentation\train\462-Copy_jpg.rf.b1eb6e8ceca1fd72864aadd75d2afa1b.jpg
train	roboflow_drago_v1	train	roboflow_drago_v1_464-Copy_jpg.rf.99469f408f6afcef7d6bd27b8c2c184f.jpg	roboflow_drago_v1_464-Copy_jpg.rf.99469f408f6afcef7d6bd27b8c2c184f.txt	2	Watermelon Detector.v1i.coco-segmentation\train\464-Copy_jpg.rf.99469f408f6afcef7d6bd27b8c2c184f.jpg
train	roboflow_drago_v1	train	roboflow_drago_v1_464-Copy_jpg.rf.e00d1c0460a06bc44406b2fa7b9b1331.jpg	roboflow_drago_v1_464-Copy_jpg.rf.e00d1c0460a06bc44406b2fa7b9b1331.txt	2	Watermelon Detector.v1i.coco-segmentation\train\464-Copy_jpg.rf.e00d1c0460a06bc44406b2fa7b9b1331.jpg
train	roboflow_drago_v1	train	roboflow_drago_v1_467-Copy_jpg.rf.e241a517a8039a526c3f07dae4d2a274.jpg	roboflow_drago_v1_467-Copy_jpg.rf.e241a517a8039a526c3f07dae4d2a274.txt	2	Watermelon Detector.v1i.coco-segmentation\train\467-Copy_jpg.rf.e241a517a8039a526c3f07dae4d2a274.jpg
train	roboflow_drago_v1	train	roboflow_drago_v1_46_jpg.rf.b05ac3cc5124ebf9974152d66b8a8e53.jpg	roboflow_drago_v1_46_jpg.rf.b05ac3cc5124ebf9974152d66b8a8e53.txt	1	Watermelon Detector.v1i.coco-segmentation\train\46_jpg.rf.b05ac3cc5124ebf9974152d66b8a8e53.jpg
train	roboflow_drago_v1	train	roboflow_drago_v1_479-Copy_jpg.rf.7398d710acba25ad7ed77fd0d38fe462.jpg	roboflow_drago_v1_479-Copy_jpg.rf.7398d710acba25ad7ed77fd0d38fe462.txt	1	Watermelon Detector.v1i.coco-segmentation\train\479-Copy_jpg.rf.7398d710acba25ad7ed77fd0d38fe462.jpg
train	roboflow_drago_v1	train	roboflow_drago_v1_479-Copy_jpg.rf.8d78cf2b5a24d44fc379b2e0925cf73b.jpg	roboflow_drago_v1_479-Copy_jpg.rf.8d78cf2b5a24d44fc379b2e0925cf73b.txt	1	Watermelon Detector.v1i.coco-segmentation\train\479-Copy_jpg.rf.8d78cf2b5a24d44fc379b2e0925cf73b.jpg
train	roboflow_drago_v1	valid	roboflow_drago_v1_482-Copy_jpg.rf.09cb1c4442d9fc1ed28505b3a0619df9.jpg	roboflow_drago_v1_482-Copy_jpg.rf.09cb1c4442d9fc1ed28505b3a0619df9.txt	1	Watermelon Detector.v1i.coco-segmentation\valid\482-Copy_jpg.rf.09cb1c4442d9fc1ed28505b3a0619df9.jpg
train	roboflow_drago_v1	test	roboflow_drago_v1_487-Copy_jpg.rf.6bed2d8f20bd86d346065d41ff88f0fe.jpg	roboflow_drago_v1_487-Copy_jpg.rf.6bed2d8f20bd86d346065d41ff88f0fe.txt	2	Watermelon Detector.v1i.coco-segmentation\test\487-Copy_jpg.rf.6bed2d8f20bd86d346065d41ff88f0fe.jpg
train	roboflow_drago_v1	train	roboflow_drago_v1_488-Copy_jpg.rf.16c341d75fb620c0e87aa8eea6c24c91.jpg	roboflow_drago_v1_488-Copy_jpg.rf.16c341d75fb620c0e87aa8eea6c24c91.txt	1	Watermelon Detector.v1i.coco-segmentation\train\488-Copy_jpg.rf.16c341d75fb620c0e87aa8eea6c24c91.jpg
train	roboflow_drago_v1	train	roboflow_drago_v1_488-Copy_jpg.rf.3634649202e38741c8ffccb6b75cfef4.jpg	roboflow_drago_v1_488-Copy_jpg.rf.3634649202e38741c8ffccb6b75cfef4.txt	1	Watermelon Detector.v1i.coco-segmentation\train\488-Copy_jpg.rf.3634649202e38741c8ffccb6b75cfef4.jpg
train	roboflow_drago_v1	train	roboflow_drago_v1_488-Copy_jpg.rf.a748c0b79753b01c479791c9c3ce98ec.jpg	roboflow_drago_v1_488-Copy_jpg.rf.a748c0b79753b01c479791c9c3ce98ec.txt	1	Watermelon Detector.v1i.coco-segmentation\train\488-Copy_jpg.rf.a748c0b79753b01c479791c9c3ce98ec.jpg
train	roboflow_drago_v1	train	roboflow_drago_v1_502-Copy_jpg.rf.95abcb531c6bb2aa2a700f25c9172da7.jpg	roboflow_drago_v1_502-Copy_jpg.rf.95abcb531c6bb2aa2a700f25c9172da7.txt	1	Watermelon Detector.v1i.coco-segmentation\train\502-Copy_jpg.rf.95abcb531c6bb2aa2a700f25c9172da7.jpg
train	roboflow_drago_v1	train	roboflow_drago_v1_507-Copy_jpg.rf.cdbe8e6007272ca2e63998207a1e57e6.jpg	roboflow_drago_v1_507-Copy_jpg.rf.cdbe8e6007272ca2e63998207a1e57e6.txt	2	Watermelon Detector.v1i.coco-segmentation\train\507-Copy_jpg.rf.cdbe8e6007272ca2e63998207a1e57e6.jpg
train	roboflow_drago_v1	train	roboflow_drago_v1_507-Copy_jpg.rf.dd8ea45bf5004db1deffe36422869de4.jpg	roboflow_drago_v1_507-Copy_jpg.rf.dd8ea45bf5004db1deffe36422869de4.txt	2	Watermelon Detector.v1i.coco-segmentation\train\507-Copy_jpg.rf.dd8ea45bf5004db1deffe36422869de4.jpg
train	roboflow_drago_v1	train	roboflow_drago_v1_50_jpg.rf.28a82357e315fcfb7a3cf7362427c5ed.jpg	roboflow_drago_v1_50_jpg.rf.28a82357e315fcfb7a3cf7362427c5ed.txt	2	Watermelon Detector.v1i.coco-segmentation\train\50_jpg.rf.28a82357e315fcfb7a3cf7362427c5ed.jpg
train	roboflow_drago_v1	train	roboflow_drago_v1_50_jpg.rf.56ce2bbcbeea645660809b89b4f2a7b1.jpg	roboflow_drago_v1_50_jpg.rf.56ce2bbcbeea645660809b89b4f2a7b1.txt	2	Watermelon Detector.v1i.coco-segmentation\train\50_jpg.rf.56ce2bbcbeea645660809b89b4f2a7b1.jpg
train	roboflow_drago_v1	train	roboflow_drago_v1_512-Copy_jpg.rf.0a2a55853385a0a17ec31ac2cb8bfb5e.jpg	roboflow_drago_v1_512-Copy_jpg.rf.0a2a55853385a0a17ec31ac2cb8bfb5e.txt	1	Watermelon Detector.v1i.coco-segmentation\train\512-Copy_jpg.rf.0a2a55853385a0a17ec31ac2cb8bfb5e.jpg
train	roboflow_drago_v1	train	roboflow_drago_v1_512-Copy_jpg.rf.d42d97d9221b8e05bb5e794e1f2bfa2d.jpg	roboflow_drago_v1_512-Copy_jpg.rf.d42d97d9221b8e05bb5e794e1f2bfa2d.txt	1	Watermelon Detector.v1i.coco-segmentation\train\512-Copy_jpg.rf.d42d97d9221b8e05bb5e794e1f2bfa2d.jpg
train	roboflow_drago_v1	test	roboflow_drago_v1_521-Copy_jpg.rf.d504101bc0eb9042055f1418ef3fc264.jpg	roboflow_drago_v1_521-Copy_jpg.rf.d504101bc0eb9042055f1418ef3fc264.txt	1	Watermelon Detector.v1i.coco-segmentation\test\521-Copy_jpg.rf.d504101bc0eb9042055f1418ef3fc264.jpg
train	roboflow_drago_v1	train	roboflow_drago_v1_523-Copy_jpg.rf.fc4c0b22e466ca07f7610a39172a04e5.jpg	roboflow_drago_v1_523-Copy_jpg.rf.fc4c0b22e466ca07f7610a39172a04e5.txt	2	Watermelon Detector.v1i.coco-segmentation\train\523-Copy_jpg.rf.fc4c0b22e466ca07f7610a39172a04e5.jpg
train	roboflow_drago_v1	train	roboflow_drago_v1_525-Copy_jpg.rf.26b7410b0f853fe2d814e1c6a5542095.jpg	roboflow_drago_v1_525-Copy_jpg.rf.26b7410b0f853fe2d814e1c6a5542095.txt	2	Watermelon Detector.v1i.coco-segmentation\train\525-Copy_jpg.rf.26b7410b0f853fe2d814e1c6a5542095.jpg
train	roboflow_drago_v1	train	roboflow_drago_v1_52_jpg.rf.4fa49d52c3cb670ce25d2198c1e9c8d1.jpg	roboflow_drago_v1_52_jpg.rf.4fa49d52c3cb670ce25d2198c1e9c8d1.txt	1	Watermelon Detector.v1i.coco-segmentation\train\52_jpg.rf.4fa49d52c3cb670ce25d2198c1e9c8d1.jpg
train	roboflow_drago_v1	train	roboflow_drago_v1_52_jpg.rf.bf495524b521faf6ca5902a89dd9ece2.jpg	roboflow_drago_v1_52_jpg.rf.bf495524b521faf6ca5902a89dd9ece2.txt	1	Watermelon Detector.v1i.coco-segmentation\train\52_jpg.rf.bf495524b521faf6ca5902a89dd9ece2.jpg
train	roboflow_drago_v1	train	roboflow_drago_v1_534-Copy_jpg.rf.63334378c11b24bc4d2fdc7ed1bf612b.jpg	roboflow_drago_v1_534-Copy_jpg.rf.63334378c11b24bc4d2fdc7ed1bf612b.txt	2	Watermelon Detector.v1i.coco-segmentation\train\534-Copy_jpg.rf.63334378c11b24bc4d2fdc7ed1bf612b.jpg
train	roboflow_drago_v1	train	roboflow_drago_v1_534-Copy_jpg.rf.a34f124183bddd8aec6633aeb23a54ad.jpg	roboflow_drago_v1_534-Copy_jpg.rf.a34f124183bddd8aec6633aeb23a54ad.txt	2	Watermelon Detector.v1i.coco-segmentation\train\534-Copy_jpg.rf.a34f124183bddd8aec6633aeb23a54ad.jpg
train	roboflow_drago_v1	train	roboflow_drago_v1_535-Copy_jpg.rf.4b55a11a25ffe3c8928072f122490c25.jpg	roboflow_drago_v1_535-Copy_jpg.rf.4b55a11a25ffe3c8928072f122490c25.txt	2	Watermelon Detector.v1i.coco-segmentation\train\535-Copy_jpg.rf.4b55a11a25ffe3c8928072f122490c25.jpg
train	roboflow_drago_v1	train	roboflow_drago_v1_535-Copy_jpg.rf.eec2b04795c83a353c79a12aa0e53540.jpg	roboflow_drago_v1_535-Copy_jpg.rf.eec2b04795c83a353c79a12aa0e53540.txt	2	Watermelon Detector.v1i.coco-segmentation\train\535-Copy_jpg.rf.eec2b04795c83a353c79a12aa0e53540.jpg
train	roboflow_drago_v1	train	roboflow_drago_v1_535-Copy_jpg.rf.ff54bc8e441c763d4be1e6964c132919.jpg	roboflow_drago_v1_535-Copy_jpg.rf.ff54bc8e441c763d4be1e6964c132919.txt	2	Watermelon Detector.v1i.coco-segmentation\train\535-Copy_jpg.rf.ff54bc8e441c763d4be1e6964c132919.jpg
train	roboflow_drago_v1	train	roboflow_drago_v1_537-Copy_jpg.rf.5b9523f67228d7605ba23b8c1964dfe3.jpg	roboflow_drago_v1_537-Copy_jpg.rf.5b9523f67228d7605ba23b8c1964dfe3.txt	1	Watermelon Detector.v1i.coco-segmentation\train\537-Copy_jpg.rf.5b9523f67228d7605ba23b8c1964dfe3.jpg
train	roboflow_drago_v1	train	roboflow_drago_v1_53_jpg.rf.0bf95508b4e4654b708dd43d0dda0855.jpg	roboflow_drago_v1_53_jpg.rf.0bf95508b4e4654b708dd43d0dda0855.txt	3	Watermelon Detector.v1i.coco-segmentation\train\53_jpg.rf.0bf95508b4e4654b708dd43d0dda0855.jpg
train	roboflow_drago_v1	train	roboflow_drago_v1_53_jpg.rf.5f41978f91a971d379ff2a0d6b009c20.jpg	roboflow_drago_v1_53_jpg.rf.5f41978f91a971d379ff2a0d6b009c20.txt	3	Watermelon Detector.v1i.coco-segmentation\train\53_jpg.rf.5f41978f91a971d379ff2a0d6b009c20.jpg
train	roboflow_drago_v1	train	roboflow_drago_v1_53_jpg.rf.62e9361b2084f2943abb28c56e241095.jpg	roboflow_drago_v1_53_jpg.rf.62e9361b2084f2943abb28c56e241095.txt	3	Watermelon Detector.v1i.coco-segmentation\train\53_jpg.rf.62e9361b2084f2943abb28c56e241095.jpg
train	roboflow_drago_v1	train	roboflow_drago_v1_544-Copy_jpg.rf.a8e7603cb95682b788d33f823ddeea9e.jpg	roboflow_drago_v1_544-Copy_jpg.rf.a8e7603cb95682b788d33f823ddeea9e.txt	1	Watermelon Detector.v1i.coco-segmentation\train\544-Copy_jpg.rf.a8e7603cb95682b788d33f823ddeea9e.jpg
train	roboflow_drago_v1	train	roboflow_drago_v1_544-Copy_jpg.rf.e2e287e51118c5e9892c88b6f7da548a.jpg	roboflow_drago_v1_544-Copy_jpg.rf.e2e287e51118c5e9892c88b6f7da548a.txt	1	Watermelon Detector.v1i.coco-segmentation\train\544-Copy_jpg.rf.e2e287e51118c5e9892c88b6f7da548a.jpg
train	roboflow_drago_v1	train	roboflow_drago_v1_54_jpg.rf.49ef7652c290b674132a7cfa57a713c1.jpg	roboflow_drago_v1_54_jpg.rf.49ef7652c290b674132a7cfa57a713c1.txt	1	Watermelon Detector.v1i.coco-segmentation\train\54_jpg.rf.49ef7652c290b674132a7cfa57a713c1.jpg
train	roboflow_drago_v1	train	roboflow_drago_v1_54_jpg.rf.7bffe393d8454eac4f9a767cd3eec22b.jpg	roboflow_drago_v1_54_jpg.rf.7bffe393d8454eac4f9a767cd3eec22b.txt	1	Watermelon Detector.v1i.coco-segmentation\train\54_jpg.rf.7bffe393d8454eac4f9a767cd3eec22b.jpg
train	roboflow_drago_v1	train	roboflow_drago_v1_54_jpg.rf.efe74a42c761f36407c671235a445207.jpg	roboflow_drago_v1_54_jpg.rf.efe74a42c761f36407c671235a445207.txt	1	Watermelon Detector.v1i.coco-segmentation\train\54_jpg.rf.efe74a42c761f36407c671235a445207.jpg
train	roboflow_drago_v1	valid	roboflow_drago_v1_551-Copy_jpg.rf.e6e0607a9ead3867485ff8e2f013393f.jpg	roboflow_drago_v1_551-Copy_jpg.rf.e6e0607a9ead3867485ff8e2f013393f.txt	1	Watermelon Detector.v1i.coco-segmentation\valid\551-Copy_jpg.rf.e6e0607a9ead3867485ff8e2f013393f.jpg
train	roboflow_drago_v1	train	roboflow_drago_v1_553-Copy_jpg.rf.2a05850621e7ddeac545acc166da3b2d.jpg	roboflow_drago_v1_553-Copy_jpg.rf.2a05850621e7ddeac545acc166da3b2d.txt	1	Watermelon Detector.v1i.coco-segmentation\train\553-Copy_jpg.rf.2a05850621e7ddeac545acc166da3b2d.jpg
train	roboflow_drago_v1	train	roboflow_drago_v1_553-Copy_jpg.rf.5e9c5a96d1b98e3bcff6fc83f59920e4.jpg	roboflow_drago_v1_553-Copy_jpg.rf.5e9c5a96d1b98e3bcff6fc83f59920e4.txt	1	Watermelon Detector.v1i.coco-segmentation\train\553-Copy_jpg.rf.5e9c5a96d1b98e3bcff6fc83f59920e4.jpg
train	roboflow_drago_v1	train	roboflow_drago_v1_556-Copy_jpg.rf.1dd48f673fd0452c2a933dfd16661ca8.jpg	roboflow_drago_v1_556-Copy_jpg.rf.1dd48f673fd0452c2a933dfd16661ca8.txt	1	Watermelon Detector.v1i.coco-segmentation\train\556-Copy_jpg.rf.1dd48f673fd0452c2a933dfd16661ca8.jpg
train	roboflow_drago_v1	train	roboflow_drago_v1_556-Copy_jpg.rf.b55105d88de4069f88b54854918c9175.jpg	roboflow_drago_v1_556-Copy_jpg.rf.b55105d88de4069f88b54854918c9175.txt	1	Watermelon Detector.v1i.coco-segmentation\train\556-Copy_jpg.rf.b55105d88de4069f88b54854918c9175.jpg
train	roboflow_drago_v1	train	roboflow_drago_v1_557-Copy_jpg.rf.ab46352340a7f736d60c073cc01d9c9e.jpg	roboflow_drago_v1_557-Copy_jpg.rf.ab46352340a7f736d60c073cc01d9c9e.txt	1	Watermelon Detector.v1i.coco-segmentation\train\557-Copy_jpg.rf.ab46352340a7f736d60c073cc01d9c9e.jpg
train	roboflow_drago_v1	train	roboflow_drago_v1_557-Copy_jpg.rf.c51d47861f74c20e3643aca07f15483b.jpg	roboflow_drago_v1_557-Copy_jpg.rf.c51d47861f74c20e3643aca07f15483b.txt	1	Watermelon Detector.v1i.coco-segmentation\train\557-Copy_jpg.rf.c51d47861f74c20e3643aca07f15483b.jpg
train	roboflow_drago_v1	valid	roboflow_drago_v1_55_jpg.rf.5e1a54ddf175eff3729bc83db840f292.jpg	roboflow_drago_v1_55_jpg.rf.5e1a54ddf175eff3729bc83db840f292.txt	1	Watermelon Detector.v1i.coco-segmentation\valid\55_jpg.rf.5e1a54ddf175eff3729bc83db840f292.jpg
train	roboflow_drago_v1	valid	roboflow_drago_v1_576_jpg.rf.ea3090e88ef86813d5a67986c4eebbb0.jpg	roboflow_drago_v1_576_jpg.rf.ea3090e88ef86813d5a67986c4eebbb0.txt	1	Watermelon Detector.v1i.coco-segmentation\valid\576_jpg.rf.ea3090e88ef86813d5a67986c4eebbb0.jpg
train	roboflow_drago_v1	train	roboflow_drago_v1_577_jpg.rf.4a47d0bef02b31e57011661c273f0ce3.jpg	roboflow_drago_v1_577_jpg.rf.4a47d0bef02b31e57011661c273f0ce3.txt	1	Watermelon Detector.v1i.coco-segmentation\train\577_jpg.rf.4a47d0bef02b31e57011661c273f0ce3.jpg
train	roboflow_drago_v1	train	roboflow_drago_v1_580_jpg.rf.35ab3cecd8024b6f4d571c099018e227.jpg	roboflow_drago_v1_580_jpg.rf.35ab3cecd8024b6f4d571c099018e227.txt	2	Watermelon Detector.v1i.coco-segmentation\train\580_jpg.rf.35ab3cecd8024b6f4d571c099018e227.jpg
train	roboflow_drago_v1	train	roboflow_drago_v1_580_jpg.rf.b9283536903ebf84310a4df2e60e503f.jpg	roboflow_drago_v1_580_jpg.rf.b9283536903ebf84310a4df2e60e503f.txt	2	Watermelon Detector.v1i.coco-segmentation\train\580_jpg.rf.b9283536903ebf84310a4df2e60e503f.jpg
train	roboflow_drago_v1	valid	roboflow_drago_v1_581_jpg.rf.426231b47458f6e7924e7c4c8ebaec24.jpg	roboflow_drago_v1_581_jpg.rf.426231b47458f6e7924e7c4c8ebaec24.txt	1	Watermelon Detector.v1i.coco-segmentation\valid\581_jpg.rf.426231b47458f6e7924e7c4c8ebaec24.jpg
train	roboflow_drago_v1	train	roboflow_drago_v1_586_jpg.rf.607b978e437ad45ad89845eba55b5363.jpg	roboflow_drago_v1_586_jpg.rf.607b978e437ad45ad89845eba55b5363.txt	2	Watermelon Detector.v1i.coco-segmentation\train\586_jpg.rf.607b978e437ad45ad89845eba55b5363.jpg
train	roboflow_drago_v1	train	roboflow_drago_v1_586_jpg.rf.94ba821e509d2a6b2ae3ba442e9a56e2.jpg	roboflow_drago_v1_586_jpg.rf.94ba821e509d2a6b2ae3ba442e9a56e2.txt	2	Watermelon Detector.v1i.coco-segmentation\train\586_jpg.rf.94ba821e509d2a6b2ae3ba442e9a56e2.jpg
train	roboflow_drago_v1	train	roboflow_drago_v1_587_jpg.rf.2b30172fc4de082d1d37b4b7a2679729.jpg	roboflow_drago_v1_587_jpg.rf.2b30172fc4de082d1d37b4b7a2679729.txt	1	Watermelon Detector.v1i.coco-segmentation\train\587_jpg.rf.2b30172fc4de082d1d37b4b7a2679729.jpg
train	roboflow_drago_v1	train	roboflow_drago_v1_587_jpg.rf.3ea76295fa579e2f78cf6b8492603374.jpg	roboflow_drago_v1_587_jpg.rf.3ea76295fa579e2f78cf6b8492603374.txt	1	Watermelon Detector.v1i.coco-segmentation\train\587_jpg.rf.3ea76295fa579e2f78cf6b8492603374.jpg
train	roboflow_drago_v1	valid	roboflow_drago_v1_588_jpg.rf.28721d77bc4f74d083e15c1496ec0d1c.jpg	roboflow_drago_v1_588_jpg.rf.28721d77bc4f74d083e15c1496ec0d1c.txt	1	Watermelon Detector.v1i.coco-segmentation\valid\588_jpg.rf.28721d77bc4f74d083e15c1496ec0d1c.jpg
train	roboflow_drago_v1	train	roboflow_drago_v1_59_jpg.rf.1d41455a045614370841319829774115.jpg	roboflow_drago_v1_59_jpg.rf.1d41455a045614370841319829774115.txt	1	Watermelon Detector.v1i.coco-segmentation\train\59_jpg.rf.1d41455a045614370841319829774115.jpg
train	roboflow_drago_v1	train	roboflow_drago_v1_59_jpg.rf.4dd988fe0bb19f7d86e9ed283d1c824a.jpg	roboflow_drago_v1_59_jpg.rf.4dd988fe0bb19f7d86e9ed283d1c824a.txt	1	Watermelon Detector.v1i.coco-segmentation\train\59_jpg.rf.4dd988fe0bb19f7d86e9ed283d1c824a.jpg
train	roboflow_drago_v1	train	roboflow_drago_v1_603_jpg.rf.26758010bfdaff2d090834ce87e42f56.jpg	roboflow_drago_v1_603_jpg.rf.26758010bfdaff2d090834ce87e42f56.txt	1	Watermelon Detector.v1i.coco-segmentation\train\603_jpg.rf.26758010bfdaff2d090834ce87e42f56.jpg
train	roboflow_drago_v1	train	roboflow_drago_v1_603_jpg.rf.33cb978962f2eca80011a5b708b82fd6.jpg	roboflow_drago_v1_603_jpg.rf.33cb978962f2eca80011a5b708b82fd6.txt	1	Watermelon Detector.v1i.coco-segmentation\train\603_jpg.rf.33cb978962f2eca80011a5b708b82fd6.jpg
train	roboflow_drago_v1	train	roboflow_drago_v1_603_jpg.rf.6bae67f0a0a9095be6655d2b650f1e4c.jpg	roboflow_drago_v1_603_jpg.rf.6bae67f0a0a9095be6655d2b650f1e4c.txt	1	Watermelon Detector.v1i.coco-segmentation\train\603_jpg.rf.6bae67f0a0a9095be6655d2b650f1e4c.jpg
train	roboflow_drago_v1	train	roboflow_drago_v1_604_jpg.rf.6a9649b0caedc8ab4251995622a6e3e8.jpg	roboflow_drago_v1_604_jpg.rf.6a9649b0caedc8ab4251995622a6e3e8.txt	1	Watermelon Detector.v1i.coco-segmentation\train\604_jpg.rf.6a9649b0caedc8ab4251995622a6e3e8.jpg
train	roboflow_drago_v1	train	roboflow_drago_v1_605_jpg.rf.f599b80a46830cb8719624605299e63b.jpg	roboflow_drago_v1_605_jpg.rf.f599b80a46830cb8719624605299e63b.txt	1	Watermelon Detector.v1i.coco-segmentation\train\605_jpg.rf.f599b80a46830cb8719624605299e63b.jpg
train	roboflow_drago_v1	train	roboflow_drago_v1_606_jpg.rf.2fbf0480bb3b5f2e92fcef0e57bbad82.jpg	roboflow_drago_v1_606_jpg.rf.2fbf0480bb3b5f2e92fcef0e57bbad82.txt	1	Watermelon Detector.v1i.coco-segmentation\train\606_jpg.rf.2fbf0480bb3b5f2e92fcef0e57bbad82.jpg
train	roboflow_drago_v1	train	roboflow_drago_v1_606_jpg.rf.cb1ac964076e879cb369c327d03dab8a.jpg	roboflow_drago_v1_606_jpg.rf.cb1ac964076e879cb369c327d03dab8a.txt	1	Watermelon Detector.v1i.coco-segmentation\train\606_jpg.rf.cb1ac964076e879cb369c327d03dab8a.jpg
train	roboflow_drago_v1	train	roboflow_drago_v1_607_jpg.rf.09a130952d324f3c7aad36cebedc1179.jpg	roboflow_drago_v1_607_jpg.rf.09a130952d324f3c7aad36cebedc1179.txt	1	Watermelon Detector.v1i.coco-segmentation\train\607_jpg.rf.09a130952d324f3c7aad36cebedc1179.jpg
train	roboflow_drago_v1	train	roboflow_drago_v1_607_jpg.rf.df165dd036fce1bd9d81611d649513a4.jpg	roboflow_drago_v1_607_jpg.rf.df165dd036fce1bd9d81611d649513a4.txt	1	Watermelon Detector.v1i.coco-segmentation\train\607_jpg.rf.df165dd036fce1bd9d81611d649513a4.jpg
train	roboflow_drago_v1	train	roboflow_drago_v1_609_jpg.rf.38cb015b3f45cec322dbffba899bf96b.jpg	roboflow_drago_v1_609_jpg.rf.38cb015b3f45cec322dbffba899bf96b.txt	1	Watermelon Detector.v1i.coco-segmentation\train\609_jpg.rf.38cb015b3f45cec322dbffba899bf96b.jpg
train	roboflow_drago_v1	train	roboflow_drago_v1_609_jpg.rf.70840c11f8362c09b72696c280acbd90.jpg	roboflow_drago_v1_609_jpg.rf.70840c11f8362c09b72696c280acbd90.txt	1	Watermelon Detector.v1i.coco-segmentation\train\609_jpg.rf.70840c11f8362c09b72696c280acbd90.jpg
train	roboflow_drago_v1	train	roboflow_drago_v1_615_jpg.rf.1f9e027319eede3fef4cbf862b4a2dee.jpg	roboflow_drago_v1_615_jpg.rf.1f9e027319eede3fef4cbf862b4a2dee.txt	1	Watermelon Detector.v1i.coco-segmentation\train\615_jpg.rf.1f9e027319eede3fef4cbf862b4a2dee.jpg
train	roboflow_drago_v1	train	roboflow_drago_v1_615_jpg.rf.4890f7d1237bdd00d4a67e6f7ac18b06.jpg	roboflow_drago_v1_615_jpg.rf.4890f7d1237bdd00d4a67e6f7ac18b06.txt	1	Watermelon Detector.v1i.coco-segmentation\train\615_jpg.rf.4890f7d1237bdd00d4a67e6f7ac18b06.jpg
train	roboflow_drago_v1	train	roboflow_drago_v1_615_jpg.rf.f158ae8908bfaea14a7e80cf9635546f.jpg	roboflow_drago_v1_615_jpg.rf.f158ae8908bfaea14a7e80cf9635546f.txt	1	Watermelon Detector.v1i.coco-segmentation\train\615_jpg.rf.f158ae8908bfaea14a7e80cf9635546f.jpg
train	roboflow_drago_v1	train	roboflow_drago_v1_616_jpg.rf.8b7f6f88497fc2255a6ea3f0a9da0e3f.jpg	roboflow_drago_v1_616_jpg.rf.8b7f6f88497fc2255a6ea3f0a9da0e3f.txt	1	Watermelon Detector.v1i.coco-segmentation\train\616_jpg.rf.8b7f6f88497fc2255a6ea3f0a9da0e3f.jpg
train	roboflow_drago_v1	train	roboflow_drago_v1_625_jpg.rf.52ac4e5de5ca399d03ec6534350cbc01.jpg	roboflow_drago_v1_625_jpg.rf.52ac4e5de5ca399d03ec6534350cbc01.txt	1	Watermelon Detector.v1i.coco-segmentation\train\625_jpg.rf.52ac4e5de5ca399d03ec6534350cbc01.jpg
train	roboflow_drago_v1	train	roboflow_drago_v1_625_jpg.rf.52bb441885d70692198076679f68c999.jpg	roboflow_drago_v1_625_jpg.rf.52bb441885d70692198076679f68c999.txt	1	Watermelon Detector.v1i.coco-segmentation\train\625_jpg.rf.52bb441885d70692198076679f68c999.jpg
train	roboflow_drago_v1	valid	roboflow_drago_v1_626_jpg.rf.a973d42ccc5b30146161075e963841ab.jpg	roboflow_drago_v1_626_jpg.rf.a973d42ccc5b30146161075e963841ab.txt	1	Watermelon Detector.v1i.coco-segmentation\valid\626_jpg.rf.a973d42ccc5b30146161075e963841ab.jpg
train	roboflow_drago_v1	test	roboflow_drago_v1_627_jpg.rf.134cf89e13f1cd58f6d0d5b04a0169e6.jpg	roboflow_drago_v1_627_jpg.rf.134cf89e13f1cd58f6d0d5b04a0169e6.txt	1	Watermelon Detector.v1i.coco-segmentation\test\627_jpg.rf.134cf89e13f1cd58f6d0d5b04a0169e6.jpg
train	roboflow_drago_v1	train	roboflow_drago_v1_628_jpg.rf.06a529696b5b11d013197e47d2a94a10.jpg	roboflow_drago_v1_628_jpg.rf.06a529696b5b11d013197e47d2a94a10.txt	1	Watermelon Detector.v1i.coco-segmentation\train\628_jpg.rf.06a529696b5b11d013197e47d2a94a10.jpg
train	roboflow_drago_v1	train	roboflow_drago_v1_628_jpg.rf.f2f92425d2b195b1c66bd9cccf42153f.jpg	roboflow_drago_v1_628_jpg.rf.f2f92425d2b195b1c66bd9cccf42153f.txt	1	Watermelon Detector.v1i.coco-segmentation\train\628_jpg.rf.f2f92425d2b195b1c66bd9cccf42153f.jpg
train	roboflow_drago_v1	valid	roboflow_drago_v1_630_jpg.rf.7c214540eeda6cfb66d4499e4d4ebb02.jpg	roboflow_drago_v1_630_jpg.rf.7c214540eeda6cfb66d4499e4d4ebb02.txt	1	Watermelon Detector.v1i.coco-segmentation\valid\630_jpg.rf.7c214540eeda6cfb66d4499e4d4ebb02.jpg
train	roboflow_drago_v1	train	roboflow_drago_v1_63_jpg.rf.8d443fb4ac69b3675785067a8c84d02d.jpg	roboflow_drago_v1_63_jpg.rf.8d443fb4ac69b3675785067a8c84d02d.txt	1	Watermelon Detector.v1i.coco-segmentation\train\63_jpg.rf.8d443fb4ac69b3675785067a8c84d02d.jpg
train	roboflow_drago_v1	valid	roboflow_drago_v1_640_jpg.rf.13d54abf7a0d7ea4c731d3eb521f5849.jpg	roboflow_drago_v1_640_jpg.rf.13d54abf7a0d7ea4c731d3eb521f5849.txt	1	Watermelon Detector.v1i.coco-segmentation\valid\640_jpg.rf.13d54abf7a0d7ea4c731d3eb521f5849.jpg
train	roboflow_drago_v1	train	roboflow_drago_v1_644_jpg.rf.ae5c397d43d05e30a551239fa738a12e.jpg	roboflow_drago_v1_644_jpg.rf.ae5c397d43d05e30a551239fa738a12e.txt	1	Watermelon Detector.v1i.coco-segmentation\train\644_jpg.rf.ae5c397d43d05e30a551239fa738a12e.jpg
train	roboflow_drago_v1	train	roboflow_drago_v1_644_jpg.rf.d2de89ee85251e026f3bd6d79ebe7b82.jpg	roboflow_drago_v1_644_jpg.rf.d2de89ee85251e026f3bd6d79ebe7b82.txt	1	Watermelon Detector.v1i.coco-segmentation\train\644_jpg.rf.d2de89ee85251e026f3bd6d79ebe7b82.jpg
train	roboflow_drago_v1	valid	roboflow_drago_v1_645_jpg.rf.e683d9b3f5975de470658761f372c79c.jpg	roboflow_drago_v1_645_jpg.rf.e683d9b3f5975de470658761f372c79c.txt	1	Watermelon Detector.v1i.coco-segmentation\valid\645_jpg.rf.e683d9b3f5975de470658761f372c79c.jpg
train	roboflow_drago_v1	train	roboflow_drago_v1_64_jpg.rf.61fdd3577ab8106e836178fabad1a736.jpg	roboflow_drago_v1_64_jpg.rf.61fdd3577ab8106e836178fabad1a736.txt	1	Watermelon Detector.v1i.coco-segmentation\train\64_jpg.rf.61fdd3577ab8106e836178fabad1a736.jpg
train	roboflow_drago_v1	train	roboflow_drago_v1_64_jpg.rf.a6ccb17605cac1534689216c533d7030.jpg	roboflow_drago_v1_64_jpg.rf.a6ccb17605cac1534689216c533d7030.txt	1	Watermelon Detector.v1i.coco-segmentation\train\64_jpg.rf.a6ccb17605cac1534689216c533d7030.jpg
train	roboflow_drago_v1	train	roboflow_drago_v1_650_jpg.rf.193fbfcb01c3aad14553833e410348b3.jpg	roboflow_drago_v1_650_jpg.rf.193fbfcb01c3aad14553833e410348b3.txt	1	Watermelon Detector.v1i.coco-segmentation\train\650_jpg.rf.193fbfcb01c3aad14553833e410348b3.jpg
train	roboflow_drago_v1	train	roboflow_drago_v1_650_jpg.rf.4307ffff1a3732048bef403903809996.jpg	roboflow_drago_v1_650_jpg.rf.4307ffff1a3732048bef403903809996.txt	1	Watermelon Detector.v1i.coco-segmentation\train\650_jpg.rf.4307ffff1a3732048bef403903809996.jpg
train	roboflow_drago_v1	train	roboflow_drago_v1_654_jpg.rf.77127b5e89d9c9f4919181538d44b8ab.jpg	roboflow_drago_v1_654_jpg.rf.77127b5e89d9c9f4919181538d44b8ab.txt	1	Watermelon Detector.v1i.coco-segmentation\train\654_jpg.rf.77127b5e89d9c9f4919181538d44b8ab.jpg
train	roboflow_drago_v1	train	roboflow_drago_v1_659_jpg.rf.945ef8cf322064f9f696ea8910528f1b.jpg	roboflow_drago_v1_659_jpg.rf.945ef8cf322064f9f696ea8910528f1b.txt	1	Watermelon Detector.v1i.coco-segmentation\train\659_jpg.rf.945ef8cf322064f9f696ea8910528f1b.jpg
train	roboflow_drago_v1	train	roboflow_drago_v1_659_jpg.rf.f750b37e2c127ccfa00d377b649a9da6.jpg	roboflow_drago_v1_659_jpg.rf.f750b37e2c127ccfa00d377b649a9da6.txt	1	Watermelon Detector.v1i.coco-segmentation\train\659_jpg.rf.f750b37e2c127ccfa00d377b649a9da6.jpg
train	roboflow_drago_v1	train	roboflow_drago_v1_660_jpg.rf.5651c29418d5dee4ca6ff8b87670c7f3.jpg	roboflow_drago_v1_660_jpg.rf.5651c29418d5dee4ca6ff8b87670c7f3.txt	1	Watermelon Detector.v1i.coco-segmentation\train\660_jpg.rf.5651c29418d5dee4ca6ff8b87670c7f3.jpg
train	roboflow_drago_v1	train	roboflow_drago_v1_660_jpg.rf.767c9f964a333cc41f020f19a4158565.jpg	roboflow_drago_v1_660_jpg.rf.767c9f964a333cc41f020f19a4158565.txt	1	Watermelon Detector.v1i.coco-segmentation\train\660_jpg.rf.767c9f964a333cc41f020f19a4158565.jpg
train	roboflow_drago_v1	train	roboflow_drago_v1_660_jpg.rf.90380532531bb95fe3d0bf3081a547eb.jpg	roboflow_drago_v1_660_jpg.rf.90380532531bb95fe3d0bf3081a547eb.txt	1	Watermelon Detector.v1i.coco-segmentation\train\660_jpg.rf.90380532531bb95fe3d0bf3081a547eb.jpg
train	roboflow_drago_v1	train	roboflow_drago_v1_663_jpg.rf.d17e025d97123223f568a401ecd643e4.jpg	roboflow_drago_v1_663_jpg.rf.d17e025d97123223f568a401ecd643e4.txt	2	Watermelon Detector.v1i.coco-segmentation\train\663_jpg.rf.d17e025d97123223f568a401ecd643e4.jpg
train	roboflow_drago_v1	train	roboflow_drago_v1_663_jpg.rf.e5905002654800ae1aec75d6ef8e74a0.jpg	roboflow_drago_v1_663_jpg.rf.e5905002654800ae1aec75d6ef8e74a0.txt	2	Watermelon Detector.v1i.coco-segmentation\train\663_jpg.rf.e5905002654800ae1aec75d6ef8e74a0.jpg
train	roboflow_drago_v1	train	roboflow_drago_v1_664_jpg.rf.b2e8bd5c248eaca78173e527bd7f3964.jpg	roboflow_drago_v1_664_jpg.rf.b2e8bd5c248eaca78173e527bd7f3964.txt	1	Watermelon Detector.v1i.coco-segmentation\train\664_jpg.rf.b2e8bd5c248eaca78173e527bd7f3964.jpg
train	roboflow_drago_v1	train	roboflow_drago_v1_664_jpg.rf.cc8cd7fe2d5d778edb21b7fb9580bfe8.jpg	roboflow_drago_v1_664_jpg.rf.cc8cd7fe2d5d778edb21b7fb9580bfe8.txt	1	Watermelon Detector.v1i.coco-segmentation\train\664_jpg.rf.cc8cd7fe2d5d778edb21b7fb9580bfe8.jpg
train	roboflow_drago_v1	train	roboflow_drago_v1_665_jpg.rf.22163343c8f66dc04c2b08c5b0861a9d.jpg	roboflow_drago_v1_665_jpg.rf.22163343c8f66dc04c2b08c5b0861a9d.txt	1	Watermelon Detector.v1i.coco-segmentation\train\665_jpg.rf.22163343c8f66dc04c2b08c5b0861a9d.jpg
train	roboflow_drago_v1	train	roboflow_drago_v1_665_jpg.rf.927ba1fa11f2c7d035290a4731c6225e.jpg	roboflow_drago_v1_665_jpg.rf.927ba1fa11f2c7d035290a4731c6225e.txt	1	Watermelon Detector.v1i.coco-segmentation\train\665_jpg.rf.927ba1fa11f2c7d035290a4731c6225e.jpg
train	roboflow_drago_v1	test	roboflow_drago_v1_670_jpg.rf.6622dc7575087ef2820f6bef4dc65881.jpg	roboflow_drago_v1_670_jpg.rf.6622dc7575087ef2820f6bef4dc65881.txt	1	Watermelon Detector.v1i.coco-segmentation\test\670_jpg.rf.6622dc7575087ef2820f6bef4dc65881.jpg
train	roboflow_drago_v1	train	roboflow_drago_v1_671_jpg.rf.2bf7fe1417ac02673beaeb685f2b738a.jpg	roboflow_drago_v1_671_jpg.rf.2bf7fe1417ac02673beaeb685f2b738a.txt	1	Watermelon Detector.v1i.coco-segmentation\train\671_jpg.rf.2bf7fe1417ac02673beaeb685f2b738a.jpg
train	roboflow_drago_v1	train	roboflow_drago_v1_671_jpg.rf.ea182376281a49c97ad865d9ece0a5f2.jpg	roboflow_drago_v1_671_jpg.rf.ea182376281a49c97ad865d9ece0a5f2.txt	1	Watermelon Detector.v1i.coco-segmentation\train\671_jpg.rf.ea182376281a49c97ad865d9ece0a5f2.jpg
train	roboflow_drago_v1	train	roboflow_drago_v1_671_jpg.rf.f8806721f00f09918d7f9742c2d9a4cd.jpg	roboflow_drago_v1_671_jpg.rf.f8806721f00f09918d7f9742c2d9a4cd.txt	1	Watermelon Detector.v1i.coco-segmentation\train\671_jpg.rf.f8806721f00f09918d7f9742c2d9a4cd.jpg
train	roboflow_drago_v1	valid	roboflow_drago_v1_674_jpg.rf.5aad88cdfd3e1c5c0f8eb9e04694f592.jpg	roboflow_drago_v1_674_jpg.rf.5aad88cdfd3e1c5c0f8eb9e04694f592.txt	1	Watermelon Detector.v1i.coco-segmentation\valid\674_jpg.rf.5aad88cdfd3e1c5c0f8eb9e04694f592.jpg
train	roboflow_drago_v1	train	roboflow_drago_v1_683_jpg.rf.0816e512dfd9ac681cadd17aa963943a.jpg	roboflow_drago_v1_683_jpg.rf.0816e512dfd9ac681cadd17aa963943a.txt	1	Watermelon Detector.v1i.coco-segmentation\train\683_jpg.rf.0816e512dfd9ac681cadd17aa963943a.jpg
train	roboflow_drago_v1	train	roboflow_drago_v1_683_jpg.rf.3826f01d70b8ec59f605e034a7fd8e75.jpg	roboflow_drago_v1_683_jpg.rf.3826f01d70b8ec59f605e034a7fd8e75.txt	1	Watermelon Detector.v1i.coco-segmentation\train\683_jpg.rf.3826f01d70b8ec59f605e034a7fd8e75.jpg
train	roboflow_drago_v1	valid	roboflow_drago_v1_704_jpg.rf.850e353af3dea3bed6a48fc9ea88d1cd.jpg	roboflow_drago_v1_704_jpg.rf.850e353af3dea3bed6a48fc9ea88d1cd.txt	1	Watermelon Detector.v1i.coco-segmentation\valid\704_jpg.rf.850e353af3dea3bed6a48fc9ea88d1cd.jpg
train	roboflow_drago_v1	test	roboflow_drago_v1_708_jpg.rf.8f06de367609af0ceb65cfa5e459ced4.jpg	roboflow_drago_v1_708_jpg.rf.8f06de367609af0ceb65cfa5e459ced4.txt	1	Watermelon Detector.v1i.coco-segmentation\test\708_jpg.rf.8f06de367609af0ceb65cfa5e459ced4.jpg
train	roboflow_drago_v1	train	roboflow_drago_v1_71_jpg.rf.07e355ab8d60f484d8960ee6e617c02c.jpg	roboflow_drago_v1_71_jpg.rf.07e355ab8d60f484d8960ee6e617c02c.txt	1	Watermelon Detector.v1i.coco-segmentation\train\71_jpg.rf.07e355ab8d60f484d8960ee6e617c02c.jpg
train	roboflow_drago_v1	train	roboflow_drago_v1_71_jpg.rf.446ef36afc418dc1fd4f54f65f7e8a7a.jpg	roboflow_drago_v1_71_jpg.rf.446ef36afc418dc1fd4f54f65f7e8a7a.txt	1	Watermelon Detector.v1i.coco-segmentation\train\71_jpg.rf.446ef36afc418dc1fd4f54f65f7e8a7a.jpg
train	roboflow_drago_v1	train	roboflow_drago_v1_73_jpg.rf.421ce686486ab32094390635346c0343.jpg	roboflow_drago_v1_73_jpg.rf.421ce686486ab32094390635346c0343.txt	2	Watermelon Detector.v1i.coco-segmentation\train\73_jpg.rf.421ce686486ab32094390635346c0343.jpg
train	roboflow_drago_v1	train	roboflow_drago_v1_73_jpg.rf.d0846d837f9189888776a1402743a26c.jpg	roboflow_drago_v1_73_jpg.rf.d0846d837f9189888776a1402743a26c.txt	2	Watermelon Detector.v1i.coco-segmentation\train\73_jpg.rf.d0846d837f9189888776a1402743a26c.jpg
train	roboflow_drago_v1	train	roboflow_drago_v1_74_jpg.rf.526e9b1cd8e9b6143a0537387bfcef60.jpg	roboflow_drago_v1_74_jpg.rf.526e9b1cd8e9b6143a0537387bfcef60.txt	1	Watermelon Detector.v1i.coco-segmentation\train\74_jpg.rf.526e9b1cd8e9b6143a0537387bfcef60.jpg
train	roboflow_drago_v1	train	roboflow_drago_v1_74_jpg.rf.bc63c3db017fc0799068ca4f3bfdcd6d.jpg	roboflow_drago_v1_74_jpg.rf.bc63c3db017fc0799068ca4f3bfdcd6d.txt	1	Watermelon Detector.v1i.coco-segmentation\train\74_jpg.rf.bc63c3db017fc0799068ca4f3bfdcd6d.jpg
train	roboflow_drago_v1	train	roboflow_drago_v1_74_jpg.rf.dac9a2aeb9741cc9d65acebdc05f29a8.jpg	roboflow_drago_v1_74_jpg.rf.dac9a2aeb9741cc9d65acebdc05f29a8.txt	1	Watermelon Detector.v1i.coco-segmentation\train\74_jpg.rf.dac9a2aeb9741cc9d65acebdc05f29a8.jpg
train	roboflow_drago_v1	train	roboflow_drago_v1_75_jpg.rf.9bca0a27a4c850cf0481a9eb1b9b5887.jpg	roboflow_drago_v1_75_jpg.rf.9bca0a27a4c850cf0481a9eb1b9b5887.txt	1	Watermelon Detector.v1i.coco-segmentation\train\75_jpg.rf.9bca0a27a4c850cf0481a9eb1b9b5887.jpg
train	roboflow_drago_v1	test	roboflow_drago_v1_76_jpg.rf.90d431194f622c217d5fc82ff0f5d0a2.jpg	roboflow_drago_v1_76_jpg.rf.90d431194f622c217d5fc82ff0f5d0a2.txt	0	Watermelon Detector.v1i.coco-segmentation\test\76_jpg.rf.90d431194f622c217d5fc82ff0f5d0a2.jpg
train	roboflow_drago_v1	train	roboflow_drago_v1_77_jpg.rf.6357d22a3dc440437c7bcf6fda4e616a.jpg	roboflow_drago_v1_77_jpg.rf.6357d22a3dc440437c7bcf6fda4e616a.txt	2	Watermelon Detector.v1i.coco-segmentation\train\77_jpg.rf.6357d22a3dc440437c7bcf6fda4e616a.jpg
train	roboflow_drago_v1	train	roboflow_drago_v1_77_jpg.rf.72f6d398380b380ff5fcb3bba136ae71.jpg	roboflow_drago_v1_77_jpg.rf.72f6d398380b380ff5fcb3bba136ae71.txt	2	Watermelon Detector.v1i.coco-segmentation\train\77_jpg.rf.72f6d398380b380ff5fcb3bba136ae71.jpg
train	roboflow_drago_v1	train	roboflow_drago_v1_77_jpg.rf.ae7b1b0bc3e9ef7fb30348bc842510e7.jpg	roboflow_drago_v1_77_jpg.rf.ae7b1b0bc3e9ef7fb30348bc842510e7.txt	2	Watermelon Detector.v1i.coco-segmentation\train\77_jpg.rf.ae7b1b0bc3e9ef7fb30348bc842510e7.jpg
train	roboflow_drago_v1	train	roboflow_drago_v1_86_jpg.rf.381ab1957bab9effe457ef232bd634fe.jpg	roboflow_drago_v1_86_jpg.rf.381ab1957bab9effe457ef232bd634fe.txt	1	Watermelon Detector.v1i.coco-segmentation\train\86_jpg.rf.381ab1957bab9effe457ef232bd634fe.jpg
train	roboflow_drago_v1	train	roboflow_drago_v1_86_jpg.rf.891802b24ac1c70b9cb3b59802ccaed8.jpg	roboflow_drago_v1_86_jpg.rf.891802b24ac1c70b9cb3b59802ccaed8.txt	1	Watermelon Detector.v1i.coco-segmentation\train\86_jpg.rf.891802b24ac1c70b9cb3b59802ccaed8.jpg
train	roboflow_drago_v1	train	roboflow_drago_v1_86_jpg.rf.b4a7dc71a4d68109d37c8065d2846243.jpg	roboflow_drago_v1_86_jpg.rf.b4a7dc71a4d68109d37c8065d2846243.txt	1	Watermelon Detector.v1i.coco-segmentation\train\86_jpg.rf.b4a7dc71a4d68109d37c8065d2846243.jpg
train	roboflow_drago_v1	train	roboflow_drago_v1_89_jpg.rf.0c8f54efb1892b660e28816e3104a546.jpg	roboflow_drago_v1_89_jpg.rf.0c8f54efb1892b660e28816e3104a546.txt	1	Watermelon Detector.v1i.coco-segmentation\train\89_jpg.rf.0c8f54efb1892b660e28816e3104a546.jpg
train	roboflow_drago_v1	train	roboflow_drago_v1_89_jpg.rf.1ebac7e646e32fd97f79aadd8be669b4.jpg	roboflow_drago_v1_89_jpg.rf.1ebac7e646e32fd97f79aadd8be669b4.txt	1	Watermelon Detector.v1i.coco-segmentation\train\89_jpg.rf.1ebac7e646e32fd97f79aadd8be669b4.jpg
train	roboflow_drago_v1	train	roboflow_drago_v1_89_jpg.rf.964925fe7a13f1563661edb6ee5320e9.jpg	roboflow_drago_v1_89_jpg.rf.964925fe7a13f1563661edb6ee5320e9.txt	1	Watermelon Detector.v1i.coco-segmentation\train\89_jpg.rf.964925fe7a13f1563661edb6ee5320e9.jpg
train	roboflow_drago_v1	valid	roboflow_drago_v1_90_jpg.rf.b44d721d75d961979a15bf45d6683b44.jpg	roboflow_drago_v1_90_jpg.rf.b44d721d75d961979a15bf45d6683b44.txt	1	Watermelon Detector.v1i.coco-segmentation\valid\90_jpg.rf.b44d721d75d961979a15bf45d6683b44.jpg
train	roboflow_drago_v1	train	roboflow_drago_v1_91_jpg.rf.5dd44194b9d6059ad11ecc4f37bbc31b.jpg	roboflow_drago_v1_91_jpg.rf.5dd44194b9d6059ad11ecc4f37bbc31b.txt	1	Watermelon Detector.v1i.coco-segmentation\train\91_jpg.rf.5dd44194b9d6059ad11ecc4f37bbc31b.jpg
train	roboflow_drago_v1	train	roboflow_drago_v1_91_jpg.rf.a9a6d43c4730bbd96344eed088aaa22f.jpg	roboflow_drago_v1_91_jpg.rf.a9a6d43c4730bbd96344eed088aaa22f.txt	1	Watermelon Detector.v1i.coco-segmentation\train\91_jpg.rf.a9a6d43c4730bbd96344eed088aaa22f.jpg
train	roboflow_drago_v1	valid	roboflow_drago_v1_92_jpg.rf.af37ffc342285a8b2e1726cab6d35456.jpg	roboflow_drago_v1_92_jpg.rf.af37ffc342285a8b2e1726cab6d35456.txt	1	Watermelon Detector.v1i.coco-segmentation\valid\92_jpg.rf.af37ffc342285a8b2e1726cab6d35456.jpg
train	roboflow_drago_v1	train	roboflow_drago_v1_93_jpg.rf.1894578241e52bdc1b04d73d8e82d8df.jpg	roboflow_drago_v1_93_jpg.rf.1894578241e52bdc1b04d73d8e82d8df.txt	1	Watermelon Detector.v1i.coco-segmentation\train\93_jpg.rf.1894578241e52bdc1b04d73d8e82d8df.jpg
train	roboflow_drago_v1	train	roboflow_drago_v1_93_jpg.rf.59e23a4f5939a73b865992fd3d4ce84a.jpg	roboflow_drago_v1_93_jpg.rf.59e23a4f5939a73b865992fd3d4ce84a.txt	1	Watermelon Detector.v1i.coco-segmentation\train\93_jpg.rf.59e23a4f5939a73b865992fd3d4ce84a.jpg
train	roboflow_drago_v1	train	roboflow_drago_v1_94_jpg.rf.7e6c3082d37953c984e8c24ccb1d4dcc.jpg	roboflow_drago_v1_94_jpg.rf.7e6c3082d37953c984e8c24ccb1d4dcc.txt	1	Watermelon Detector.v1i.coco-segmentation\train\94_jpg.rf.7e6c3082d37953c984e8c24ccb1d4dcc.jpg
train	roboflow_drago_v1	train	roboflow_drago_v1_94_jpg.rf.90a847e42bd1affe39f1eb9b1df4e8a3.jpg	roboflow_drago_v1_94_jpg.rf.90a847e42bd1affe39f1eb9b1df4e8a3.txt	1	Watermelon Detector.v1i.coco-segmentation\train\94_jpg.rf.90a847e42bd1affe39f1eb9b1df4e8a3.jpg
train	roboflow_drago_v1	train	roboflow_drago_v1_94_jpg.rf.9f43e39821a6b8efc85d4eb4c5acd01c.jpg	roboflow_drago_v1_94_jpg.rf.9f43e39821a6b8efc85d4eb4c5acd01c.txt	1	Watermelon Detector.v1i.coco-segmentation\train\94_jpg.rf.9f43e39821a6b8efc85d4eb4c5acd01c.jpg
train	roboflow_drago_v1	train	roboflow_drago_v1_95_jpg.rf.51b641b5d0df61de634ff13794043aae.jpg	roboflow_drago_v1_95_jpg.rf.51b641b5d0df61de634ff13794043aae.txt	2	Watermelon Detector.v1i.coco-segmentation\train\95_jpg.rf.51b641b5d0df61de634ff13794043aae.jpg
train	roboflow_drago_v1	train	roboflow_drago_v1_96_jpg.rf.9f117fdd35ec46d4941b3faad7c45bb6.jpg	roboflow_drago_v1_96_jpg.rf.9f117fdd35ec46d4941b3faad7c45bb6.txt	1	Watermelon Detector.v1i.coco-segmentation\train\96_jpg.rf.9f117fdd35ec46d4941b3faad7c45bb6.jpg
train	roboflow_drago_v1	train	roboflow_drago_v1_96_jpg.rf.c0a7cce660d670e57b1192bff432d66f.jpg	roboflow_drago_v1_96_jpg.rf.c0a7cce660d670e57b1192bff432d66f.txt	1	Watermelon Detector.v1i.coco-segmentation\train\96_jpg.rf.c0a7cce660d670e57b1192bff432d66f.jpg
train	roboflow_drago_v1	train	roboflow_drago_v1_96_jpg.rf.c8f9b232d03768715580e1d89f5a585a.jpg	roboflow_drago_v1_96_jpg.rf.c8f9b232d03768715580e1d89f5a585a.txt	1	Watermelon Detector.v1i.coco-segmentation\train\96_jpg.rf.c8f9b232d03768715580e1d89f5a585a.jpg
train	roboflow_drago_v1	train	roboflow_drago_v1_99_jpg.rf.500b7cbf1f8a8e2088168c5f3ee5ed92.jpg	roboflow_drago_v1_99_jpg.rf.500b7cbf1f8a8e2088168c5f3ee5ed92.txt	1	Watermelon Detector.v1i.coco-segmentation\train\99_jpg.rf.500b7cbf1f8a8e2088168c5f3ee5ed92.jpg
train	roboflow_drago_v1	train	roboflow_drago_v1_99_jpg.rf.60ef65258f99d5c372f3a1c9592a7c5d.jpg	roboflow_drago_v1_99_jpg.rf.60ef65258f99d5c372f3a1c9592a7c5d.txt	1	Watermelon Detector.v1i.coco-segmentation\train\99_jpg.rf.60ef65258f99d5c372f3a1c9592a7c5d.jpg
train	roboflow_team128_v5	valid	roboflow_team128_v5_IMG_0327_jpg.rf.7eb78f947ca2d365949978e778e5b637.jpg	roboflow_team128_v5_IMG_0327_jpg.rf.7eb78f947ca2d365949978e778e5b637.txt	2	Watermelon Detection.v5-raw_annotations.coco-segmentation\valid\IMG_0327_jpg.rf.7eb78f947ca2d365949978e778e5b637.jpg
train	roboflow_team128_v5	train	roboflow_team128_v5_IMG_0328_jpg.rf.8689c1eac410a0dc3ae41a7651708e6e.jpg	roboflow_team128_v5_IMG_0328_jpg.rf.8689c1eac410a0dc3ae41a7651708e6e.txt	1	Watermelon Detection.v5-raw_annotations.coco-segmentation\train\IMG_0328_jpg.rf.8689c1eac410a0dc3ae41a7651708e6e.jpg
train	roboflow_team128_v5	train	roboflow_team128_v5_IMG_0329_jpg.rf.879a407850addf542a035ae808a819aa.jpg	roboflow_team128_v5_IMG_0329_jpg.rf.879a407850addf542a035ae808a819aa.txt	1	Watermelon Detection.v5-raw_annotations.coco-segmentation\train\IMG_0329_jpg.rf.879a407850addf542a035ae808a819aa.jpg
train	roboflow_team128_v5	train	roboflow_team128_v5_IMG_0330_jpg.rf.b5bc0113fe8b77df48ec13ec3733789b.jpg	roboflow_team128_v5_IMG_0330_jpg.rf.b5bc0113fe8b77df48ec13ec3733789b.txt	1	Watermelon Detection.v5-raw_annotations.coco-segmentation\train\IMG_0330_jpg.rf.b5bc0113fe8b77df48ec13ec3733789b.jpg
train	roboflow_team128_v5	test	roboflow_team128_v5_IMG_0331_jpg.rf.b156d9fa1175221fd5686f6cb5640c04.jpg	roboflow_team128_v5_IMG_0331_jpg.rf.b156d9fa1175221fd5686f6cb5640c04.txt	2	Watermelon Detection.v5-raw_annotations.coco-segmentation\test\IMG_0331_jpg.rf.b156d9fa1175221fd5686f6cb5640c04.jpg
train	roboflow_team128_v5	train	roboflow_team128_v5_IMG_0332_jpg.rf.165a02d79fe2fd50ecee52d5b41e3914.jpg	roboflow_team128_v5_IMG_0332_jpg.rf.165a02d79fe2fd50ecee52d5b41e3914.txt	1	Watermelon Detection.v5-raw_annotations.coco-segmentation\train\IMG_0332_jpg.rf.165a02d79fe2fd50ecee52d5b41e3914.jpg
train	roboflow_team128_v5	train	roboflow_team128_v5_IMG_0333_jpg.rf.43b3b79887ad9dda1f59ff34b9e7ec12.jpg	roboflow_team128_v5_IMG_0333_jpg.rf.43b3b79887ad9dda1f59ff34b9e7ec12.txt	3	Watermelon Detection.v5-raw_annotations.coco-segmentation\train\IMG_0333_jpg.rf.43b3b79887ad9dda1f59ff34b9e7ec12.jpg
train	roboflow_team128_v5	train	roboflow_team128_v5_IMG_0334_jpg.rf.b19a68e8fc8c27b8bb418e7d44a47951.jpg	roboflow_team128_v5_IMG_0334_jpg.rf.b19a68e8fc8c27b8bb418e7d44a47951.txt	1	Watermelon Detection.v5-raw_annotations.coco-segmentation\train\IMG_0334_jpg.rf.b19a68e8fc8c27b8bb418e7d44a47951.jpg
train	roboflow_team128_v5	valid	roboflow_team128_v5_IMG_0335_jpg.rf.345ed0dcc159f83c799e9f918c5c030d.jpg	roboflow_team128_v5_IMG_0335_jpg.rf.345ed0dcc159f83c799e9f918c5c030d.txt	1	Watermelon Detection.v5-raw_annotations.coco-segmentation\valid\IMG_0335_jpg.rf.345ed0dcc159f83c799e9f918c5c030d.jpg
train	roboflow_team128_v5	train	roboflow_team128_v5_IMG_0337_jpg.rf.e251f71777d67d06a4c4f9a49d5e0066.jpg	roboflow_team128_v5_IMG_0337_jpg.rf.e251f71777d67d06a4c4f9a49d5e0066.txt	1	Watermelon Detection.v5-raw_annotations.coco-segmentation\train\IMG_0337_jpg.rf.e251f71777d67d06a4c4f9a49d5e0066.jpg
train	roboflow_team128_v5	train	roboflow_team128_v5_IMG_0338_jpg.rf.56bb8ba050b772562605c0cbb2010ee7.jpg	roboflow_team128_v5_IMG_0338_jpg.rf.56bb8ba050b772562605c0cbb2010ee7.txt	2	Watermelon Detection.v5-raw_annotations.coco-segmentation\train\IMG_0338_jpg.rf.56bb8ba050b772562605c0cbb2010ee7.jpg
train	roboflow_team128_v5	train	roboflow_team128_v5_IMG_0339_jpg.rf.89a6c1d46eb27313c9018c17c3c61d4b.jpg	roboflow_team128_v5_IMG_0339_jpg.rf.89a6c1d46eb27313c9018c17c3c61d4b.txt	5	Watermelon Detection.v5-raw_annotations.coco-segmentation\train\IMG_0339_jpg.rf.89a6c1d46eb27313c9018c17c3c61d4b.jpg
train	roboflow_team128_v5	train	roboflow_team128_v5_IMG_0340_jpg.rf.635ee6e2fb05742ae2fbde97d7df76e5.jpg	roboflow_team128_v5_IMG_0340_jpg.rf.635ee6e2fb05742ae2fbde97d7df76e5.txt	1	Watermelon Detection.v5-raw_annotations.coco-segmentation\train\IMG_0340_jpg.rf.635ee6e2fb05742ae2fbde97d7df76e5.jpg
train	roboflow_team128_v5	train	roboflow_team128_v5_IMG_0341_jpg.rf.ca9b17927615f780e2bcb6af1d8acfd6.jpg	roboflow_team128_v5_IMG_0341_jpg.rf.ca9b17927615f780e2bcb6af1d8acfd6.txt	1	Watermelon Detection.v5-raw_annotations.coco-segmentation\train\IMG_0341_jpg.rf.ca9b17927615f780e2bcb6af1d8acfd6.jpg
train	roboflow_team128_v5	train	roboflow_team128_v5_IMG_0342_jpg.rf.9166d51d5fb08dc23bf838a8d0c8157f.jpg	roboflow_team128_v5_IMG_0342_jpg.rf.9166d51d5fb08dc23bf838a8d0c8157f.txt	1	Watermelon Detection.v5-raw_annotations.coco-segmentation\train\IMG_0342_jpg.rf.9166d51d5fb08dc23bf838a8d0c8157f.jpg
train	roboflow_team128_v5	valid	roboflow_team128_v5_IMG_0343_jpg.rf.c330e047c42c3acf87cafb882a6d482a.jpg	roboflow_team128_v5_IMG_0343_jpg.rf.c330e047c42c3acf87cafb882a6d482a.txt	3	Watermelon Detection.v5-raw_annotations.coco-segmentation\valid\IMG_0343_jpg.rf.c330e047c42c3acf87cafb882a6d482a.jpg
train	roboflow_team128_v5	train	roboflow_team128_v5_IMG_0344_jpg.rf.8bc4c7166f8c1016294cc23bdcf7f9f7.jpg	roboflow_team128_v5_IMG_0344_jpg.rf.8bc4c7166f8c1016294cc23bdcf7f9f7.txt	2	Watermelon Detection.v5-raw_annotations.coco-segmentation\train\IMG_0344_jpg.rf.8bc4c7166f8c1016294cc23bdcf7f9f7.jpg
train	roboflow_team128_v5	test	roboflow_team128_v5_IMG_0346_jpg.rf.d1fe4dc257642712b5258cf08dbbe657.jpg	roboflow_team128_v5_IMG_0346_jpg.rf.d1fe4dc257642712b5258cf08dbbe657.txt	5	Watermelon Detection.v5-raw_annotations.coco-segmentation\test\IMG_0346_jpg.rf.d1fe4dc257642712b5258cf08dbbe657.jpg
train	roboflow_team128_v5	test	roboflow_team128_v5_IMG_0347_jpg.rf.c38457e919e986622219fc2f69fcb4ea.jpg	roboflow_team128_v5_IMG_0347_jpg.rf.c38457e919e986622219fc2f69fcb4ea.txt	2	Watermelon Detection.v5-raw_annotations.coco-segmentation\test\IMG_0347_jpg.rf.c38457e919e986622219fc2f69fcb4ea.jpg
train	roboflow_team128_v5	valid	roboflow_team128_v5_IMG_0348_jpg.rf.32d4279c199a76056f7ce8637ab96506.jpg	roboflow_team128_v5_IMG_0348_jpg.rf.32d4279c199a76056f7ce8637ab96506.txt	4	Watermelon Detection.v5-raw_annotations.coco-segmentation\valid\IMG_0348_jpg.rf.32d4279c199a76056f7ce8637ab96506.jpg
train	roboflow_team128_v5	train	roboflow_team128_v5_IMG_0349_jpg.rf.a797784a37d0651baf9ba3ca579a1f9f.jpg	roboflow_team128_v5_IMG_0349_jpg.rf.a797784a37d0651baf9ba3ca579a1f9f.txt	2	Watermelon Detection.v5-raw_annotations.coco-segmentation\train\IMG_0349_jpg.rf.a797784a37d0651baf9ba3ca579a1f9f.jpg
train	roboflow_team128_v5	valid	roboflow_team128_v5_IMG_0350_jpg.rf.0a7746f84d781299e0ad48dc39b8088b.jpg	roboflow_team128_v5_IMG_0350_jpg.rf.0a7746f84d781299e0ad48dc39b8088b.txt	1	Watermelon Detection.v5-raw_annotations.coco-segmentation\valid\IMG_0350_jpg.rf.0a7746f84d781299e0ad48dc39b8088b.jpg
train	roboflow_team128_v5	train	roboflow_team128_v5_IMG_0351_jpg.rf.877a7a2c5e691a3356a7bdfcd28a4b4a.jpg	roboflow_team128_v5_IMG_0351_jpg.rf.877a7a2c5e691a3356a7bdfcd28a4b4a.txt	2	Watermelon Detection.v5-raw_annotations.coco-segmentation\train\IMG_0351_jpg.rf.877a7a2c5e691a3356a7bdfcd28a4b4a.jpg
train	roboflow_team128_v5	train	roboflow_team128_v5_IMG_0352_jpg.rf.a6f7088ef4cb5901836bffdde0a5934c.jpg	roboflow_team128_v5_IMG_0352_jpg.rf.a6f7088ef4cb5901836bffdde0a5934c.txt	3	Watermelon Detection.v5-raw_annotations.coco-segmentation\train\IMG_0352_jpg.rf.a6f7088ef4cb5901836bffdde0a5934c.jpg
train	roboflow_team128_v5	train	roboflow_team128_v5_IMG_0353_jpg.rf.b5630476143368e3870c80800208d1b5.jpg	roboflow_team128_v5_IMG_0353_jpg.rf.b5630476143368e3870c80800208d1b5.txt	1	Watermelon Detection.v5-raw_annotations.coco-segmentation\train\IMG_0353_jpg.rf.b5630476143368e3870c80800208d1b5.jpg
train	roboflow_team128_v5	train	roboflow_team128_v5_IMG_0354_jpg.rf.7dff1de6e19df251890845645aacdb07.jpg	roboflow_team128_v5_IMG_0354_jpg.rf.7dff1de6e19df251890845645aacdb07.txt	1	Watermelon Detection.v5-raw_annotations.coco-segmentation\train\IMG_0354_jpg.rf.7dff1de6e19df251890845645aacdb07.jpg
train	roboflow_team128_v5	valid	roboflow_team128_v5_IMG_0356_jpg.rf.9103f74bfbe9cdf932ee16db25831e9c.jpg	roboflow_team128_v5_IMG_0356_jpg.rf.9103f74bfbe9cdf932ee16db25831e9c.txt	3	Watermelon Detection.v5-raw_annotations.coco-segmentation\valid\IMG_0356_jpg.rf.9103f74bfbe9cdf932ee16db25831e9c.jpg
train	roboflow_team128_v5	train	roboflow_team128_v5_IMG_0358_jpg.rf.6a336a6e23afb576a03c0d59a0231d84.jpg	roboflow_team128_v5_IMG_0358_jpg.rf.6a336a6e23afb576a03c0d59a0231d84.txt	1	Watermelon Detection.v5-raw_annotations.coco-segmentation\train\IMG_0358_jpg.rf.6a336a6e23afb576a03c0d59a0231d84.jpg
train	roboflow_team128_v5	valid	roboflow_team128_v5_IMG_0359_jpg.rf.b0a8b9023f0e6ecf6cf8b0e6d6b10d8c.jpg	roboflow_team128_v5_IMG_0359_jpg.rf.b0a8b9023f0e6ecf6cf8b0e6d6b10d8c.txt	1	Watermelon Detection.v5-raw_annotations.coco-segmentation\valid\IMG_0359_jpg.rf.b0a8b9023f0e6ecf6cf8b0e6d6b10d8c.jpg
train	roboflow_team128_v5	train	roboflow_team128_v5_IMG_0360_jpg.rf.fcbc1f878758f56ed7ac22bae9345d9c.jpg	roboflow_team128_v5_IMG_0360_jpg.rf.fcbc1f878758f56ed7ac22bae9345d9c.txt	1	Watermelon Detection.v5-raw_annotations.coco-segmentation\train\IMG_0360_jpg.rf.fcbc1f878758f56ed7ac22bae9345d9c.jpg
train	roboflow_team128_v5	train	roboflow_team128_v5_IMG_0361_jpg.rf.01fb1960d94718290687d3907941edf5.jpg	roboflow_team128_v5_IMG_0361_jpg.rf.01fb1960d94718290687d3907941edf5.txt	1	Watermelon Detection.v5-raw_annotations.coco-segmentation\train\IMG_0361_jpg.rf.01fb1960d94718290687d3907941edf5.jpg
train	roboflow_team128_v5	train	roboflow_team128_v5_IMG_0363_jpg.rf.f3a36af1ff9a1333a7a586b5ca80e713.jpg	roboflow_team128_v5_IMG_0363_jpg.rf.f3a36af1ff9a1333a7a586b5ca80e713.txt	1	Watermelon Detection.v5-raw_annotations.coco-segmentation\train\IMG_0363_jpg.rf.f3a36af1ff9a1333a7a586b5ca80e713.jpg
train	roboflow_team128_v5	train	roboflow_team128_v5_IMG_0364_jpg.rf.6c20978e5f138ceedf72c74b56f1dbb0.jpg	roboflow_team128_v5_IMG_0364_jpg.rf.6c20978e5f138ceedf72c74b56f1dbb0.txt	1	Watermelon Detection.v5-raw_annotations.coco-segmentation\train\IMG_0364_jpg.rf.6c20978e5f138ceedf72c74b56f1dbb0.jpg
train	roboflow_team128_v5	train	roboflow_team128_v5_IMG_0365_jpg.rf.fee1fd2e0762e056e6254318e5adeb75.jpg	roboflow_team128_v5_IMG_0365_jpg.rf.fee1fd2e0762e056e6254318e5adeb75.txt	2	Watermelon Detection.v5-raw_annotations.coco-segmentation\train\IMG_0365_jpg.rf.fee1fd2e0762e056e6254318e5adeb75.jpg
train	roboflow_team128_v5	valid	roboflow_team128_v5_IMG_0366_jpg.rf.c28505246f7823592d85fd0901e18b4a.jpg	roboflow_team128_v5_IMG_0366_jpg.rf.c28505246f7823592d85fd0901e18b4a.txt	5	Watermelon Detection.v5-raw_annotations.coco-segmentation\valid\IMG_0366_jpg.rf.c28505246f7823592d85fd0901e18b4a.jpg
train	roboflow_team128_v5	train	roboflow_team128_v5_IMG_0368_jpg.rf.e6c4998074488b74854d082093efd172.jpg	roboflow_team128_v5_IMG_0368_jpg.rf.e6c4998074488b74854d082093efd172.txt	1	Watermelon Detection.v5-raw_annotations.coco-segmentation\train\IMG_0368_jpg.rf.e6c4998074488b74854d082093efd172.jpg
train	roboflow_team128_v5	train	roboflow_team128_v5_IMG_0369_jpg.rf.65a22cf6aa5e3a77a6e7713e0e1ea491.jpg	roboflow_team128_v5_IMG_0369_jpg.rf.65a22cf6aa5e3a77a6e7713e0e1ea491.txt	1	Watermelon Detection.v5-raw_annotations.coco-segmentation\train\IMG_0369_jpg.rf.65a22cf6aa5e3a77a6e7713e0e1ea491.jpg
train	roboflow_team128_v5	valid	roboflow_team128_v5_IMG_0370_jpg.rf.218b545be15d6742fc61e676ba845c07.jpg	roboflow_team128_v5_IMG_0370_jpg.rf.218b545be15d6742fc61e676ba845c07.txt	7	Watermelon Detection.v5-raw_annotations.coco-segmentation\valid\IMG_0370_jpg.rf.218b545be15d6742fc61e676ba845c07.jpg
train	roboflow_team128_v5	test	roboflow_team128_v5_IMG_0371_jpg.rf.a47e2e2bb024e0df746e6b41d8dfbe9d.jpg	roboflow_team128_v5_IMG_0371_jpg.rf.a47e2e2bb024e0df746e6b41d8dfbe9d.txt	2	Watermelon Detection.v5-raw_annotations.coco-segmentation\test\IMG_0371_jpg.rf.a47e2e2bb024e0df746e6b41d8dfbe9d.jpg
train	roboflow_team128_v5	valid	roboflow_team128_v5_IMG_0372_jpg.rf.96bcf3abd5ed59e1eff1cf9cd4907fde.jpg	roboflow_team128_v5_IMG_0372_jpg.rf.96bcf3abd5ed59e1eff1cf9cd4907fde.txt	1	Watermelon Detection.v5-raw_annotations.coco-segmentation\valid\IMG_0372_jpg.rf.96bcf3abd5ed59e1eff1cf9cd4907fde.jpg
train	roboflow_team128_v5	train	roboflow_team128_v5_IMG_0373_jpg.rf.73716c12e0cddc6f06e6904b2ce8ac54.jpg	roboflow_team128_v5_IMG_0373_jpg.rf.73716c12e0cddc6f06e6904b2ce8ac54.txt	1	Watermelon Detection.v5-raw_annotations.coco-segmentation\train\IMG_0373_jpg.rf.73716c12e0cddc6f06e6904b2ce8ac54.jpg
train	roboflow_team128_v5	train	roboflow_team128_v5_IMG_0375_jpg.rf.22d608e64100b93679da0f46aec2daab.jpg	roboflow_team128_v5_IMG_0375_jpg.rf.22d608e64100b93679da0f46aec2daab.txt	2	Watermelon Detection.v5-raw_annotations.coco-segmentation\train\IMG_0375_jpg.rf.22d608e64100b93679da0f46aec2daab.jpg
train	roboflow_team128_v5	test	roboflow_team128_v5_IMG_0376_jpg.rf.c8a98f78530a9f174082bebc827d3aec.jpg	roboflow_team128_v5_IMG_0376_jpg.rf.c8a98f78530a9f174082bebc827d3aec.txt	2	Watermelon Detection.v5-raw_annotations.coco-segmentation\test\IMG_0376_jpg.rf.c8a98f78530a9f174082bebc827d3aec.jpg
train	roboflow_team128_v5	train	roboflow_team128_v5_IMG_0377_jpg.rf.616677059599ed412b138e9a00e14bed.jpg	roboflow_team128_v5_IMG_0377_jpg.rf.616677059599ed412b138e9a00e14bed.txt	3	Watermelon Detection.v5-raw_annotations.coco-segmentation\train\IMG_0377_jpg.rf.616677059599ed412b138e9a00e14bed.jpg
train	roboflow_team128_v5	train	roboflow_team128_v5_IMG_0379_jpg.rf.8cb498a914f57ba4959aa1737e9a34c2.jpg	roboflow_team128_v5_IMG_0379_jpg.rf.8cb498a914f57ba4959aa1737e9a34c2.txt	2	Watermelon Detection.v5-raw_annotations.coco-segmentation\train\IMG_0379_jpg.rf.8cb498a914f57ba4959aa1737e9a34c2.jpg
train	roboflow_team128_v5	train	roboflow_team128_v5_IMG_0380_jpg.rf.1ef35282ebdd882be5aedca82c789d01.jpg	roboflow_team128_v5_IMG_0380_jpg.rf.1ef35282ebdd882be5aedca82c789d01.txt	1	Watermelon Detection.v5-raw_annotations.coco-segmentation\train\IMG_0380_jpg.rf.1ef35282ebdd882be5aedca82c789d01.jpg
train	roboflow_team128_v5	train	roboflow_team128_v5_IMG_0382_jpg.rf.93eafe9829518ef17c27e7e5b4c09013.jpg	roboflow_team128_v5_IMG_0382_jpg.rf.93eafe9829518ef17c27e7e5b4c09013.txt	1	Watermelon Detection.v5-raw_annotations.coco-segmentation\train\IMG_0382_jpg.rf.93eafe9829518ef17c27e7e5b4c09013.jpg
train	roboflow_team128_v5	test	roboflow_team128_v5_IMG_0383_jpg.rf.58cffc4a4f0ac2ac4ab4b334b276b816.jpg	roboflow_team128_v5_IMG_0383_jpg.rf.58cffc4a4f0ac2ac4ab4b334b276b816.txt	1	Watermelon Detection.v5-raw_annotations.coco-segmentation\test\IMG_0383_jpg.rf.58cffc4a4f0ac2ac4ab4b334b276b816.jpg
train	roboflow_team128_v5	train	roboflow_team128_v5_IMG_0384_jpg.rf.26c270693c882db4951646933610c78d.jpg	roboflow_team128_v5_IMG_0384_jpg.rf.26c270693c882db4951646933610c78d.txt	1	Watermelon Detection.v5-raw_annotations.coco-segmentation\train\IMG_0384_jpg.rf.26c270693c882db4951646933610c78d.jpg
train	roboflow_team128_v5	train	roboflow_team128_v5_IMG_0385_jpg.rf.60f9dc6a3761eff2055bbe86a718cdb9.jpg	roboflow_team128_v5_IMG_0385_jpg.rf.60f9dc6a3761eff2055bbe86a718cdb9.txt	4	Watermelon Detection.v5-raw_annotations.coco-segmentation\train\IMG_0385_jpg.rf.60f9dc6a3761eff2055bbe86a718cdb9.jpg
train	roboflow_team128_v5	train	roboflow_team128_v5_IMG_0386_jpg.rf.f122f7f765d479d35fec211613da287c.jpg	roboflow_team128_v5_IMG_0386_jpg.rf.f122f7f765d479d35fec211613da287c.txt	3	Watermelon Detection.v5-raw_annotations.coco-segmentation\train\IMG_0386_jpg.rf.f122f7f765d479d35fec211613da287c.jpg
train	roboflow_team128_v5	valid	roboflow_team128_v5_IMG_0387_jpg.rf.22696b4752bea3ef1a0cc15ce2e90251.jpg	roboflow_team128_v5_IMG_0387_jpg.rf.22696b4752bea3ef1a0cc15ce2e90251.txt	2	Watermelon Detection.v5-raw_annotations.coco-segmentation\valid\IMG_0387_jpg.rf.22696b4752bea3ef1a0cc15ce2e90251.jpg
train	roboflow_team128_v5	test	roboflow_team128_v5_IMG_0388_jpg.rf.0a06963d0958cbd362a0d4c248ef94f7.jpg	roboflow_team128_v5_IMG_0388_jpg.rf.0a06963d0958cbd362a0d4c248ef94f7.txt	1	Watermelon Detection.v5-raw_annotations.coco-segmentation\test\IMG_0388_jpg.rf.0a06963d0958cbd362a0d4c248ef94f7.jpg
train	roboflow_team128_v5	valid	roboflow_team128_v5_IMG_0389_jpg.rf.46079741c4f626906d4c94b6fc7320f9.jpg	roboflow_team128_v5_IMG_0389_jpg.rf.46079741c4f626906d4c94b6fc7320f9.txt	3	Watermelon Detection.v5-raw_annotations.coco-segmentation\valid\IMG_0389_jpg.rf.46079741c4f626906d4c94b6fc7320f9.jpg
train	roboflow_team128_v5	test	roboflow_team128_v5_IMG_0390_jpg.rf.89b65697e58648d41e09f84b7b1c6246.jpg	roboflow_team128_v5_IMG_0390_jpg.rf.89b65697e58648d41e09f84b7b1c6246.txt	2	Watermelon Detection.v5-raw_annotations.coco-segmentation\test\IMG_0390_jpg.rf.89b65697e58648d41e09f84b7b1c6246.jpg
train	roboflow_team128_v5	train	roboflow_team128_v5_IMG_0391_jpg.rf.ad8aa379647494df75b6a77dcd5dd1ae.jpg	roboflow_team128_v5_IMG_0391_jpg.rf.ad8aa379647494df75b6a77dcd5dd1ae.txt	1	Watermelon Detection.v5-raw_annotations.coco-segmentation\train\IMG_0391_jpg.rf.ad8aa379647494df75b6a77dcd5dd1ae.jpg
train	roboflow_team128_v5	test	roboflow_team128_v5_IMG_0392_jpg.rf.cbb7eacf4c0905176c83da8dadac085b.jpg	roboflow_team128_v5_IMG_0392_jpg.rf.cbb7eacf4c0905176c83da8dadac085b.txt	1	Watermelon Detection.v5-raw_annotations.coco-segmentation\test\IMG_0392_jpg.rf.cbb7eacf4c0905176c83da8dadac085b.jpg
train	roboflow_team128_v5	train	roboflow_team128_v5_IMG_0394_jpg.rf.c8b499639291a0e0b7b7457c80ac1100.jpg	roboflow_team128_v5_IMG_0394_jpg.rf.c8b499639291a0e0b7b7457c80ac1100.txt	2	Watermelon Detection.v5-raw_annotations.coco-segmentation\train\IMG_0394_jpg.rf.c8b499639291a0e0b7b7457c80ac1100.jpg
train	roboflow_team128_v5	train	roboflow_team128_v5_IMG_0395_jpg.rf.c0412b823950a3176796e0837a074000.jpg	roboflow_team128_v5_IMG_0395_jpg.rf.c0412b823950a3176796e0837a074000.txt	2	Watermelon Detection.v5-raw_annotations.coco-segmentation\train\IMG_0395_jpg.rf.c0412b823950a3176796e0837a074000.jpg
train	roboflow_team128_v5	test	roboflow_team128_v5_IMG_0397_jpg.rf.936775a022f10c399d7a691f1729c536.jpg	roboflow_team128_v5_IMG_0397_jpg.rf.936775a022f10c399d7a691f1729c536.txt	2	Watermelon Detection.v5-raw_annotations.coco-segmentation\test\IMG_0397_jpg.rf.936775a022f10c399d7a691f1729c536.jpg
train	roboflow_team128_v5	train	roboflow_team128_v5_IMG_0398_jpg.rf.361fdde7c036b40581021944568dabbd.jpg	roboflow_team128_v5_IMG_0398_jpg.rf.361fdde7c036b40581021944568dabbd.txt	3	Watermelon Detection.v5-raw_annotations.coco-segmentation\train\IMG_0398_jpg.rf.361fdde7c036b40581021944568dabbd.jpg
train	roboflow_team128_v5	train	roboflow_team128_v5_IMG_0401_jpg.rf.5054b1f6e372e486bb9593fd2d99b405.jpg	roboflow_team128_v5_IMG_0401_jpg.rf.5054b1f6e372e486bb9593fd2d99b405.txt	3	Watermelon Detection.v5-raw_annotations.coco-segmentation\train\IMG_0401_jpg.rf.5054b1f6e372e486bb9593fd2d99b405.jpg
train	roboflow_team128_v5	test	roboflow_team128_v5_IMG_0403_jpg.rf.bd5df570cdf1f653425c3fb4f49b5a3c.jpg	roboflow_team128_v5_IMG_0403_jpg.rf.bd5df570cdf1f653425c3fb4f49b5a3c.txt	1	Watermelon Detection.v5-raw_annotations.coco-segmentation\test\IMG_0403_jpg.rf.bd5df570cdf1f653425c3fb4f49b5a3c.jpg
train	roboflow_team128_v5	train	roboflow_team128_v5_IMG_0406_jpg.rf.27ac02cfa4a093b7ec39ed20b54c6ad2.jpg	roboflow_team128_v5_IMG_0406_jpg.rf.27ac02cfa4a093b7ec39ed20b54c6ad2.txt	1	Watermelon Detection.v5-raw_annotations.coco-segmentation\train\IMG_0406_jpg.rf.27ac02cfa4a093b7ec39ed20b54c6ad2.jpg
train	roboflow_team128_v5	train	roboflow_team128_v5_IMG_0407_jpg.rf.c291f60637b4c8090a668b491e1d1415.jpg	roboflow_team128_v5_IMG_0407_jpg.rf.c291f60637b4c8090a668b491e1d1415.txt	1	Watermelon Detection.v5-raw_annotations.coco-segmentation\train\IMG_0407_jpg.rf.c291f60637b4c8090a668b491e1d1415.jpg
train	roboflow_team128_v5	train	roboflow_team128_v5_IMG_0408_jpg.rf.091c760cd5101a0a037004214fec631c.jpg	roboflow_team128_v5_IMG_0408_jpg.rf.091c760cd5101a0a037004214fec631c.txt	1	Watermelon Detection.v5-raw_annotations.coco-segmentation\train\IMG_0408_jpg.rf.091c760cd5101a0a037004214fec631c.jpg
train	roboflow_team128_v5	train	roboflow_team128_v5_IMG_0409_jpg.rf.8d08c819dc819fdba7b48320179bb87e.jpg	roboflow_team128_v5_IMG_0409_jpg.rf.8d08c819dc819fdba7b48320179bb87e.txt	1	Watermelon Detection.v5-raw_annotations.coco-segmentation\train\IMG_0409_jpg.rf.8d08c819dc819fdba7b48320179bb87e.jpg
train	roboflow_team128_v5	test	roboflow_team128_v5_IMG_0411_jpg.rf.06b181520e4952be4e982894c00d149f.jpg	roboflow_team128_v5_IMG_0411_jpg.rf.06b181520e4952be4e982894c00d149f.txt	6	Watermelon Detection.v5-raw_annotations.coco-segmentation\test\IMG_0411_jpg.rf.06b181520e4952be4e982894c00d149f.jpg
train	roboflow_team128_v5	train	roboflow_team128_v5_IMG_0412_jpg.rf.2f9cac9219bc4537281fedaada21a690.jpg	roboflow_team128_v5_IMG_0412_jpg.rf.2f9cac9219bc4537281fedaada21a690.txt	2	Watermelon Detection.v5-raw_annotations.coco-segmentation\train\IMG_0412_jpg.rf.2f9cac9219bc4537281fedaada21a690.jpg
train	roboflow_team128_v5	train	roboflow_team128_v5_IMG_0413_jpg.rf.2e2c71e25304fae8674c84820e658334.jpg	roboflow_team128_v5_IMG_0413_jpg.rf.2e2c71e25304fae8674c84820e658334.txt	3	Watermelon Detection.v5-raw_annotations.coco-segmentation\train\IMG_0413_jpg.rf.2e2c71e25304fae8674c84820e658334.jpg
train	roboflow_team128_v5	train	roboflow_team128_v5_IMG_0414_jpg.rf.641806d0bb35c02b2e54dc0aecfde271.jpg	roboflow_team128_v5_IMG_0414_jpg.rf.641806d0bb35c02b2e54dc0aecfde271.txt	1	Watermelon Detection.v5-raw_annotations.coco-segmentation\train\IMG_0414_jpg.rf.641806d0bb35c02b2e54dc0aecfde271.jpg
train	roboflow_team128_v5	train	roboflow_team128_v5_IMG_0415_jpg.rf.eadaee1e800d7b072712283611f7f64a.jpg	roboflow_team128_v5_IMG_0415_jpg.rf.eadaee1e800d7b072712283611f7f64a.txt	1	Watermelon Detection.v5-raw_annotations.coco-segmentation\train\IMG_0415_jpg.rf.eadaee1e800d7b072712283611f7f64a.jpg
train	roboflow_team128_v5	valid	roboflow_team128_v5_IMG_0416_jpg.rf.a8613a9c4bc0659a943885aa7efd0515.jpg	roboflow_team128_v5_IMG_0416_jpg.rf.a8613a9c4bc0659a943885aa7efd0515.txt	1	Watermelon Detection.v5-raw_annotations.coco-segmentation\valid\IMG_0416_jpg.rf.a8613a9c4bc0659a943885aa7efd0515.jpg
train	roboflow_team128_v5	train	roboflow_team128_v5_IMG_0419_jpg.rf.001e4b9a819dd07bbe0d78a1f9374dce.jpg	roboflow_team128_v5_IMG_0419_jpg.rf.001e4b9a819dd07bbe0d78a1f9374dce.txt	1	Watermelon Detection.v5-raw_annotations.coco-segmentation\train\IMG_0419_jpg.rf.001e4b9a819dd07bbe0d78a1f9374dce.jpg
train	roboflow_team128_v5	test	roboflow_team128_v5_IMG_0420_jpg.rf.da03c1d552b814d432b410848279879b.jpg	roboflow_team128_v5_IMG_0420_jpg.rf.da03c1d552b814d432b410848279879b.txt	1	Watermelon Detection.v5-raw_annotations.coco-segmentation\test\IMG_0420_jpg.rf.da03c1d552b814d432b410848279879b.jpg
train	roboflow_team128_v5	train	roboflow_team128_v5_IMG_0421_jpg.rf.1b203c1bd624ee736f5f689ec67c0c4d.jpg	roboflow_team128_v5_IMG_0421_jpg.rf.1b203c1bd624ee736f5f689ec67c0c4d.txt	1	Watermelon Detection.v5-raw_annotations.coco-segmentation\train\IMG_0421_jpg.rf.1b203c1bd624ee736f5f689ec67c0c4d.jpg
train	roboflow_team128_v5	valid	roboflow_team128_v5_IMG_0422_jpg.rf.2c04e28955f2c62f57034407165b2f30.jpg	roboflow_team128_v5_IMG_0422_jpg.rf.2c04e28955f2c62f57034407165b2f30.txt	1	Watermelon Detection.v5-raw_annotations.coco-segmentation\valid\IMG_0422_jpg.rf.2c04e28955f2c62f57034407165b2f30.jpg
train	roboflow_team128_v5	train	roboflow_team128_v5_IMG_0423_jpg.rf.f7f4a07fb4467e6cef6cb8e880729809.jpg	roboflow_team128_v5_IMG_0423_jpg.rf.f7f4a07fb4467e6cef6cb8e880729809.txt	1	Watermelon Detection.v5-raw_annotations.coco-segmentation\train\IMG_0423_jpg.rf.f7f4a07fb4467e6cef6cb8e880729809.jpg
train	roboflow_team128_v5	train	roboflow_team128_v5_IMG_0424_jpg.rf.954867957da3e9a08cd3e494448ec268.jpg	roboflow_team128_v5_IMG_0424_jpg.rf.954867957da3e9a08cd3e494448ec268.txt	1	Watermelon Detection.v5-raw_annotations.coco-segmentation\train\IMG_0424_jpg.rf.954867957da3e9a08cd3e494448ec268.jpg
train	roboflow_team128_v5	valid	roboflow_team128_v5_IMG_0425_jpg.rf.1d92e4f0252b3c51bf255e5b9b5bbee1.jpg	roboflow_team128_v5_IMG_0425_jpg.rf.1d92e4f0252b3c51bf255e5b9b5bbee1.txt	1	Watermelon Detection.v5-raw_annotations.coco-segmentation\valid\IMG_0425_jpg.rf.1d92e4f0252b3c51bf255e5b9b5bbee1.jpg
train	roboflow_team128_v5	train	roboflow_team128_v5_IMG_0429_jpg.rf.fb57fcfd57d6069238f28d1a13814eb8.jpg	roboflow_team128_v5_IMG_0429_jpg.rf.fb57fcfd57d6069238f28d1a13814eb8.txt	1	Watermelon Detection.v5-raw_annotations.coco-segmentation\train\IMG_0429_jpg.rf.fb57fcfd57d6069238f28d1a13814eb8.jpg
train	roboflow_team128_v5	valid	roboflow_team128_v5_IMG_0430_jpg.rf.6146d19c95bd6e20d09953ce7e51ef14.jpg	roboflow_team128_v5_IMG_0430_jpg.rf.6146d19c95bd6e20d09953ce7e51ef14.txt	4	Watermelon Detection.v5-raw_annotations.coco-segmentation\valid\IMG_0430_jpg.rf.6146d19c95bd6e20d09953ce7e51ef14.jpg
train	roboflow_team128_v5	train	roboflow_team128_v5_IMG_0433_jpg.rf.4e1128b627fcd454745d7ab9ad7f2927.jpg	roboflow_team128_v5_IMG_0433_jpg.rf.4e1128b627fcd454745d7ab9ad7f2927.txt	2	Watermelon Detection.v5-raw_annotations.coco-segmentation\train\IMG_0433_jpg.rf.4e1128b627fcd454745d7ab9ad7f2927.jpg
train	roboflow_team128_v5	train	roboflow_team128_v5_IMG_0434_jpg.rf.2cb57ac2e7d44f9bcb0931339713e514.jpg	roboflow_team128_v5_IMG_0434_jpg.rf.2cb57ac2e7d44f9bcb0931339713e514.txt	2	Watermelon Detection.v5-raw_annotations.coco-segmentation\train\IMG_0434_jpg.rf.2cb57ac2e7d44f9bcb0931339713e514.jpg
train	roboflow_team128_v5	train	roboflow_team128_v5_IMG_0435_jpg.rf.d14a73cbe4c77fa8529f4710cb403733.jpg	roboflow_team128_v5_IMG_0435_jpg.rf.d14a73cbe4c77fa8529f4710cb403733.txt	2	Watermelon Detection.v5-raw_annotations.coco-segmentation\train\IMG_0435_jpg.rf.d14a73cbe4c77fa8529f4710cb403733.jpg
train	roboflow_team128_v5	train	roboflow_team128_v5_IMG_0436_jpg.rf.2d928b273f80c8cfa5662456de097685.jpg	roboflow_team128_v5_IMG_0436_jpg.rf.2d928b273f80c8cfa5662456de097685.txt	3	Watermelon Detection.v5-raw_annotations.coco-segmentation\train\IMG_0436_jpg.rf.2d928b273f80c8cfa5662456de097685.jpg
train	roboflow_team128_v5	valid	roboflow_team128_v5_IMG_0437_jpg.rf.11692077872f61ea705cc1bc6715c612.jpg	roboflow_team128_v5_IMG_0437_jpg.rf.11692077872f61ea705cc1bc6715c612.txt	3	Watermelon Detection.v5-raw_annotations.coco-segmentation\valid\IMG_0437_jpg.rf.11692077872f61ea705cc1bc6715c612.jpg
train	roboflow_team128_v5	train	roboflow_team128_v5_IMG_0440_jpg.rf.bba292524b46dad1a77b0e499db3495f.jpg	roboflow_team128_v5_IMG_0440_jpg.rf.bba292524b46dad1a77b0e499db3495f.txt	1	Watermelon Detection.v5-raw_annotations.coco-segmentation\train\IMG_0440_jpg.rf.bba292524b46dad1a77b0e499db3495f.jpg
train	roboflow_team128_v5	train	roboflow_team128_v5_IMG_0441_jpg.rf.4951b08bd6e576e2c54207fe92d02854.jpg	roboflow_team128_v5_IMG_0441_jpg.rf.4951b08bd6e576e2c54207fe92d02854.txt	3	Watermelon Detection.v5-raw_annotations.coco-segmentation\train\IMG_0441_jpg.rf.4951b08bd6e576e2c54207fe92d02854.jpg
train	roboflow_team128_v5	train	roboflow_team128_v5_IMG_0442_jpg.rf.e8615349c65116658735767b1e944505.jpg	roboflow_team128_v5_IMG_0442_jpg.rf.e8615349c65116658735767b1e944505.txt	1	Watermelon Detection.v5-raw_annotations.coco-segmentation\train\IMG_0442_jpg.rf.e8615349c65116658735767b1e944505.jpg
train	roboflow_team128_v5	train	roboflow_team128_v5_IMG_0444_jpg.rf.83ad842fe4150a62a28712eeb9e307db.jpg	roboflow_team128_v5_IMG_0444_jpg.rf.83ad842fe4150a62a28712eeb9e307db.txt	2	Watermelon Detection.v5-raw_annotations.coco-segmentation\train\IMG_0444_jpg.rf.83ad842fe4150a62a28712eeb9e307db.jpg
train	roboflow_team128_v5	test	roboflow_team128_v5_IMG_0445_jpg.rf.567b784016c91fac8671ddd1bd414906.jpg	roboflow_team128_v5_IMG_0445_jpg.rf.567b784016c91fac8671ddd1bd414906.txt	3	Watermelon Detection.v5-raw_annotations.coco-segmentation\test\IMG_0445_jpg.rf.567b784016c91fac8671ddd1bd414906.jpg
train	roboflow_team128_v5	valid	roboflow_team128_v5_IMG_0446_jpg.rf.a7a958f8441612fb491fb98caba0320f.jpg	roboflow_team128_v5_IMG_0446_jpg.rf.a7a958f8441612fb491fb98caba0320f.txt	3	Watermelon Detection.v5-raw_annotations.coco-segmentation\valid\IMG_0446_jpg.rf.a7a958f8441612fb491fb98caba0320f.jpg
train	roboflow_team128_v5	train	roboflow_team128_v5_IMG_0448_jpg.rf.a1aa572b1ec1983c18d3ba9ce79796d7.jpg	roboflow_team128_v5_IMG_0448_jpg.rf.a1aa572b1ec1983c18d3ba9ce79796d7.txt	2	Watermelon Detection.v5-raw_annotations.coco-segmentation\train\IMG_0448_jpg.rf.a1aa572b1ec1983c18d3ba9ce79796d7.jpg
train	roboflow_team128_v5	valid	roboflow_team128_v5_IMG_0449_jpg.rf.066928ad230e4cc10786122961106627.jpg	roboflow_team128_v5_IMG_0449_jpg.rf.066928ad230e4cc10786122961106627.txt	4	Watermelon Detection.v5-raw_annotations.coco-segmentation\valid\IMG_0449_jpg.rf.066928ad230e4cc10786122961106627.jpg
train	roboflow_team128_v5	test	roboflow_team128_v5_IMG_0450_jpg.rf.e58bad54ccd145e8af2f1864d4dc1f72.jpg	roboflow_team128_v5_IMG_0450_jpg.rf.e58bad54ccd145e8af2f1864d4dc1f72.txt	2	Watermelon Detection.v5-raw_annotations.coco-segmentation\test\IMG_0450_jpg.rf.e58bad54ccd145e8af2f1864d4dc1f72.jpg
train	roboflow_team128_v5	train	roboflow_team128_v5_IMG_0451_jpg.rf.036f2b1d8423bcb53d0521767bce0e94.jpg	roboflow_team128_v5_IMG_0451_jpg.rf.036f2b1d8423bcb53d0521767bce0e94.txt	3	Watermelon Detection.v5-raw_annotations.coco-segmentation\train\IMG_0451_jpg.rf.036f2b1d8423bcb53d0521767bce0e94.jpg
train	roboflow_team128_v5	valid	roboflow_team128_v5_IMG_0452_jpg.rf.2694d730525b1b1dbb95bc362130f67c.jpg	roboflow_team128_v5_IMG_0452_jpg.rf.2694d730525b1b1dbb95bc362130f67c.txt	1	Watermelon Detection.v5-raw_annotations.coco-segmentation\valid\IMG_0452_jpg.rf.2694d730525b1b1dbb95bc362130f67c.jpg
train	roboflow_team128_v5	test	roboflow_team128_v5_IMG_0453_jpg.rf.604eb6762699fcffbe3e291a12cdcf18.jpg	roboflow_team128_v5_IMG_0453_jpg.rf.604eb6762699fcffbe3e291a12cdcf18.txt	1	Watermelon Detection.v5-raw_annotations.coco-segmentation\test\IMG_0453_jpg.rf.604eb6762699fcffbe3e291a12cdcf18.jpg
train	roboflow_team128_v5	valid	roboflow_team128_v5_IMG_0454_jpg.rf.c5bb17e1d932bda65819c72a2c2cb410.jpg	roboflow_team128_v5_IMG_0454_jpg.rf.c5bb17e1d932bda65819c72a2c2cb410.txt	1	Watermelon Detection.v5-raw_annotations.coco-segmentation\valid\IMG_0454_jpg.rf.c5bb17e1d932bda65819c72a2c2cb410.jpg
train	roboflow_team128_v5	train	roboflow_team128_v5_IMG_0455_jpg.rf.74711b9c912687081d18e7a313704a29.jpg	roboflow_team128_v5_IMG_0455_jpg.rf.74711b9c912687081d18e7a313704a29.txt	3	Watermelon Detection.v5-raw_annotations.coco-segmentation\train\IMG_0455_jpg.rf.74711b9c912687081d18e7a313704a29.jpg
train	roboflow_team128_v5	valid	roboflow_team128_v5_IMG_0456_jpg.rf.35a6c223dc82c4269784c7dd0fab8ab5.jpg	roboflow_team128_v5_IMG_0456_jpg.rf.35a6c223dc82c4269784c7dd0fab8ab5.txt	2	Watermelon Detection.v5-raw_annotations.coco-segmentation\valid\IMG_0456_jpg.rf.35a6c223dc82c4269784c7dd0fab8ab5.jpg
train	roboflow_team128_v5	valid	roboflow_team128_v5_IMG_0458_jpg.rf.e17d0cf82493d1f37dfb15136c85ecec.jpg	roboflow_team128_v5_IMG_0458_jpg.rf.e17d0cf82493d1f37dfb15136c85ecec.txt	1	Watermelon Detection.v5-raw_annotations.coco-segmentation\valid\IMG_0458_jpg.rf.e17d0cf82493d1f37dfb15136c85ecec.jpg
train	roboflow_team128_v5	train	roboflow_team128_v5_IMG_0459_jpg.rf.6162c4b12d341210db586bcf26d84507.jpg	roboflow_team128_v5_IMG_0459_jpg.rf.6162c4b12d341210db586bcf26d84507.txt	1	Watermelon Detection.v5-raw_annotations.coco-segmentation\train\IMG_0459_jpg.rf.6162c4b12d341210db586bcf26d84507.jpg
train	roboflow_team128_v5	valid	roboflow_team128_v5_IMG_0460_jpg.rf.b1397b023832816f0c79c80c9c6caa70.jpg	roboflow_team128_v5_IMG_0460_jpg.rf.b1397b023832816f0c79c80c9c6caa70.txt	1	Watermelon Detection.v5-raw_annotations.coco-segmentation\valid\IMG_0460_jpg.rf.b1397b023832816f0c79c80c9c6caa70.jpg
train	roboflow_team128_v5	test	roboflow_team128_v5_IMG_0461_jpg.rf.c858af5c0adbe19536d8ef53910f011e.jpg	roboflow_team128_v5_IMG_0461_jpg.rf.c858af5c0adbe19536d8ef53910f011e.txt	8	Watermelon Detection.v5-raw_annotations.coco-segmentation\test\IMG_0461_jpg.rf.c858af5c0adbe19536d8ef53910f011e.jpg
train	roboflow_team128_v5	train	roboflow_team128_v5_IMG_0462_jpg.rf.f729635d2b18eea82f15592cb1f566ef.jpg	roboflow_team128_v5_IMG_0462_jpg.rf.f729635d2b18eea82f15592cb1f566ef.txt	3	Watermelon Detection.v5-raw_annotations.coco-segmentation\train\IMG_0462_jpg.rf.f729635d2b18eea82f15592cb1f566ef.jpg
train	roboflow_team128_v5	valid	roboflow_team128_v5_IMG_0464_jpg.rf.c434e05e5f14d1c13e968f0479fe34ea.jpg	roboflow_team128_v5_IMG_0464_jpg.rf.c434e05e5f14d1c13e968f0479fe34ea.txt	1	Watermelon Detection.v5-raw_annotations.coco-segmentation\valid\IMG_0464_jpg.rf.c434e05e5f14d1c13e968f0479fe34ea.jpg
train	roboflow_team128_v5	valid	roboflow_team128_v5_IMG_0465_jpg.rf.4e3dbdd7cca16e55b6ca52a29bc9ff5b.jpg	roboflow_team128_v5_IMG_0465_jpg.rf.4e3dbdd7cca16e55b6ca52a29bc9ff5b.txt	1	Watermelon Detection.v5-raw_annotations.coco-segmentation\valid\IMG_0465_jpg.rf.4e3dbdd7cca16e55b6ca52a29bc9ff5b.jpg
train	roboflow_team128_v5	train	roboflow_team128_v5_IMG_0466_jpg.rf.80abd795e03ba0bcfad43cb9d0afb724.jpg	roboflow_team128_v5_IMG_0466_jpg.rf.80abd795e03ba0bcfad43cb9d0afb724.txt	1	Watermelon Detection.v5-raw_annotations.coco-segmentation\train\IMG_0466_jpg.rf.80abd795e03ba0bcfad43cb9d0afb724.jpg
train	roboflow_team128_v5	train	roboflow_team128_v5_IMG_0467_jpg.rf.4d2ad878815f47bbf5f7214c44349741.jpg	roboflow_team128_v5_IMG_0467_jpg.rf.4d2ad878815f47bbf5f7214c44349741.txt	3	Watermelon Detection.v5-raw_annotations.coco-segmentation\train\IMG_0467_jpg.rf.4d2ad878815f47bbf5f7214c44349741.jpg
train	roboflow_team128_v5	train	roboflow_team128_v5_IMG_0470_jpg.rf.995f5ffb61e3582f0b6a11fad2bc750c.jpg	roboflow_team128_v5_IMG_0470_jpg.rf.995f5ffb61e3582f0b6a11fad2bc750c.txt	2	Watermelon Detection.v5-raw_annotations.coco-segmentation\train\IMG_0470_jpg.rf.995f5ffb61e3582f0b6a11fad2bc750c.jpg
train	roboflow_team128_v5	train	roboflow_team128_v5_IMG_0471_jpg.rf.768b6ed93e44da1b15b75f292882b1db.jpg	roboflow_team128_v5_IMG_0471_jpg.rf.768b6ed93e44da1b15b75f292882b1db.txt	3	Watermelon Detection.v5-raw_annotations.coco-segmentation\train\IMG_0471_jpg.rf.768b6ed93e44da1b15b75f292882b1db.jpg
train	roboflow_team128_v5	train	roboflow_team128_v5_IMG_0472_jpg.rf.ba5a4c3bfd75a9f22332e71e99d29222.jpg	roboflow_team128_v5_IMG_0472_jpg.rf.ba5a4c3bfd75a9f22332e71e99d29222.txt	2	Watermelon Detection.v5-raw_annotations.coco-segmentation\train\IMG_0472_jpg.rf.ba5a4c3bfd75a9f22332e71e99d29222.jpg
train	roboflow_team128_v5	valid	roboflow_team128_v5_IMG_0473_jpg.rf.1aaaa16ce14ba886b792c724639a9868.jpg	roboflow_team128_v5_IMG_0473_jpg.rf.1aaaa16ce14ba886b792c724639a9868.txt	1	Watermelon Detection.v5-raw_annotations.coco-segmentation\valid\IMG_0473_jpg.rf.1aaaa16ce14ba886b792c724639a9868.jpg
train	roboflow_team128_v5	train	roboflow_team128_v5_IMG_0474_jpg.rf.7d1f66409e8ece6841f9a89ea524b53d.jpg	roboflow_team128_v5_IMG_0474_jpg.rf.7d1f66409e8ece6841f9a89ea524b53d.txt	1	Watermelon Detection.v5-raw_annotations.coco-segmentation\train\IMG_0474_jpg.rf.7d1f66409e8ece6841f9a89ea524b53d.jpg
train	roboflow_team128_v5	train	roboflow_team128_v5_IMG_0475_jpg.rf.ddd1bec14915085af67bb6d144f47960.jpg	roboflow_team128_v5_IMG_0475_jpg.rf.ddd1bec14915085af67bb6d144f47960.txt	4	Watermelon Detection.v5-raw_annotations.coco-segmentation\train\IMG_0475_jpg.rf.ddd1bec14915085af67bb6d144f47960.jpg
train	roboflow_team128_v5	train	roboflow_team128_v5_IMG_0476_jpg.rf.7575c9efef8069b4c18d3ec552f0c08f.jpg	roboflow_team128_v5_IMG_0476_jpg.rf.7575c9efef8069b4c18d3ec552f0c08f.txt	1	Watermelon Detection.v5-raw_annotations.coco-segmentation\train\IMG_0476_jpg.rf.7575c9efef8069b4c18d3ec552f0c08f.jpg
train	roboflow_team128_v5	valid	roboflow_team128_v5_IMG_0477_jpg.rf.e73d7bd7b98ff98b66f2414cc40acfb6.jpg	roboflow_team128_v5_IMG_0477_jpg.rf.e73d7bd7b98ff98b66f2414cc40acfb6.txt	1	Watermelon Detection.v5-raw_annotations.coco-segmentation\valid\IMG_0477_jpg.rf.e73d7bd7b98ff98b66f2414cc40acfb6.jpg
train	roboflow_team128_v5	train	roboflow_team128_v5_IMG_0478_jpg.rf.169afc743b012e862289cd7ca27c9c7e.jpg	roboflow_team128_v5_IMG_0478_jpg.rf.169afc743b012e862289cd7ca27c9c7e.txt	1	Watermelon Detection.v5-raw_annotations.coco-segmentation\train\IMG_0478_jpg.rf.169afc743b012e862289cd7ca27c9c7e.jpg
train	roboflow_team128_v5	train	roboflow_team128_v5_IMG_0479_jpg.rf.3d65ad09094edb84d31ae92f0b347a08.jpg	roboflow_team128_v5_IMG_0479_jpg.rf.3d65ad09094edb84d31ae92f0b347a08.txt	1	Watermelon Detection.v5-raw_annotations.coco-segmentation\train\IMG_0479_jpg.rf.3d65ad09094edb84d31ae92f0b347a08.jpg
train	roboflow_team128_v5	train	roboflow_team128_v5_IMG_0480_jpg.rf.ba506999e19d6dc484e5685acc4ce939.jpg	roboflow_team128_v5_IMG_0480_jpg.rf.ba506999e19d6dc484e5685acc4ce939.txt	2	Watermelon Detection.v5-raw_annotations.coco-segmentation\train\IMG_0480_jpg.rf.ba506999e19d6dc484e5685acc4ce939.jpg
train	roboflow_team128_v5	train	roboflow_team128_v5_IMG_0481_jpg.rf.c92b3fecf71079a9fdb7b0024481a75b.jpg	roboflow_team128_v5_IMG_0481_jpg.rf.c92b3fecf71079a9fdb7b0024481a75b.txt	1	Watermelon Detection.v5-raw_annotations.coco-segmentation\train\IMG_0481_jpg.rf.c92b3fecf71079a9fdb7b0024481a75b.jpg
train	roboflow_team128_v5	train	roboflow_team128_v5_IMG_0482_jpg.rf.6acdf96a2efc410b44844f992f950c3c.jpg	roboflow_team128_v5_IMG_0482_jpg.rf.6acdf96a2efc410b44844f992f950c3c.txt	3	Watermelon Detection.v5-raw_annotations.coco-segmentation\train\IMG_0482_jpg.rf.6acdf96a2efc410b44844f992f950c3c.jpg
train	roboflow_team128_v5	train	roboflow_team128_v5_IMG_0484_jpg.rf.50cccf3ec2edcae079f1d19048079dc8.jpg	roboflow_team128_v5_IMG_0484_jpg.rf.50cccf3ec2edcae079f1d19048079dc8.txt	1	Watermelon Detection.v5-raw_annotations.coco-segmentation\train\IMG_0484_jpg.rf.50cccf3ec2edcae079f1d19048079dc8.jpg
train	roboflow_team128_v5	train	roboflow_team128_v5_IMG_0486_jpg.rf.e9e465a6a9ff3c8b73faa05ffa356cb0.jpg	roboflow_team128_v5_IMG_0486_jpg.rf.e9e465a6a9ff3c8b73faa05ffa356cb0.txt	3	Watermelon Detection.v5-raw_annotations.coco-segmentation\train\IMG_0486_jpg.rf.e9e465a6a9ff3c8b73faa05ffa356cb0.jpg
train	roboflow_team128_v5	valid	roboflow_team128_v5_IMG_0487_jpg.rf.9d0b18e31943d6a16aac8f1b19d9baba.jpg	roboflow_team128_v5_IMG_0487_jpg.rf.9d0b18e31943d6a16aac8f1b19d9baba.txt	1	Watermelon Detection.v5-raw_annotations.coco-segmentation\valid\IMG_0487_jpg.rf.9d0b18e31943d6a16aac8f1b19d9baba.jpg
train	roboflow_team128_v5	train	roboflow_team128_v5_IMG_0488_jpg.rf.e16dadb1c76c83222065564ad3029ca0.jpg	roboflow_team128_v5_IMG_0488_jpg.rf.e16dadb1c76c83222065564ad3029ca0.txt	1	Watermelon Detection.v5-raw_annotations.coco-segmentation\train\IMG_0488_jpg.rf.e16dadb1c76c83222065564ad3029ca0.jpg
train	roboflow_team128_v5	train	roboflow_team128_v5_IMG_0489_jpg.rf.f029755bcf3187d0ab616dc4c9495a96.jpg	roboflow_team128_v5_IMG_0489_jpg.rf.f029755bcf3187d0ab616dc4c9495a96.txt	3	Watermelon Detection.v5-raw_annotations.coco-segmentation\train\IMG_0489_jpg.rf.f029755bcf3187d0ab616dc4c9495a96.jpg
train	roboflow_team128_v5	valid	roboflow_team128_v5_IMG_0490_jpg.rf.339b153323178a5b82aa259fd0697730.jpg	roboflow_team128_v5_IMG_0490_jpg.rf.339b153323178a5b82aa259fd0697730.txt	1	Watermelon Detection.v5-raw_annotations.coco-segmentation\valid\IMG_0490_jpg.rf.339b153323178a5b82aa259fd0697730.jpg
train	roboflow_team128_v5	valid	roboflow_team128_v5_IMG_0491_jpg.rf.d8044e731c2bd49718fb2f0bc36ee1f6.jpg	roboflow_team128_v5_IMG_0491_jpg.rf.d8044e731c2bd49718fb2f0bc36ee1f6.txt	1	Watermelon Detection.v5-raw_annotations.coco-segmentation\valid\IMG_0491_jpg.rf.d8044e731c2bd49718fb2f0bc36ee1f6.jpg
train	roboflow_team128_v5	train	roboflow_team128_v5_IMG_0492_jpg.rf.ed12c65b235fe4fa0234f2d3f281e171.jpg	roboflow_team128_v5_IMG_0492_jpg.rf.ed12c65b235fe4fa0234f2d3f281e171.txt	1	Watermelon Detection.v5-raw_annotations.coco-segmentation\train\IMG_0492_jpg.rf.ed12c65b235fe4fa0234f2d3f281e171.jpg
train	roboflow_team128_v5	train	roboflow_team128_v5_IMG_0495_jpg.rf.843aa8711b282635ef2f04c71bc85c1c.jpg	roboflow_team128_v5_IMG_0495_jpg.rf.843aa8711b282635ef2f04c71bc85c1c.txt	1	Watermelon Detection.v5-raw_annotations.coco-segmentation\train\IMG_0495_jpg.rf.843aa8711b282635ef2f04c71bc85c1c.jpg
train	roboflow_team128_v5	train	roboflow_team128_v5_IMG_0496_jpg.rf.125fd9c021226fbfdb8f102e01f7dcbe.jpg	roboflow_team128_v5_IMG_0496_jpg.rf.125fd9c021226fbfdb8f102e01f7dcbe.txt	2	Watermelon Detection.v5-raw_annotations.coco-segmentation\train\IMG_0496_jpg.rf.125fd9c021226fbfdb8f102e01f7dcbe.jpg
train	roboflow_team128_v5	train	roboflow_team128_v5_IMG_0497_jpg.rf.0106104d135bcf3fd3887100fd23983d.jpg	roboflow_team128_v5_IMG_0497_jpg.rf.0106104d135bcf3fd3887100fd23983d.txt	1	Watermelon Detection.v5-raw_annotations.coco-segmentation\train\IMG_0497_jpg.rf.0106104d135bcf3fd3887100fd23983d.jpg
train	roboflow_team128_v5	train	roboflow_team128_v5_IMG_0498_jpg.rf.c35abee359063858c89dcf4f1e8ce160.jpg	roboflow_team128_v5_IMG_0498_jpg.rf.c35abee359063858c89dcf4f1e8ce160.txt	1	Watermelon Detection.v5-raw_annotations.coco-segmentation\train\IMG_0498_jpg.rf.c35abee359063858c89dcf4f1e8ce160.jpg
train	roboflow_team128_v5	train	roboflow_team128_v5_IMG_0500_jpg.rf.4c3568046abe80c67b89ee6cd2d1fec9.jpg	roboflow_team128_v5_IMG_0500_jpg.rf.4c3568046abe80c67b89ee6cd2d1fec9.txt	2	Watermelon Detection.v5-raw_annotations.coco-segmentation\train\IMG_0500_jpg.rf.4c3568046abe80c67b89ee6cd2d1fec9.jpg
train	roboflow_team128_v5	train	roboflow_team128_v5_IMG_0501_jpg.rf.3e68b0973c0fc5768ba8056f17dec273.jpg	roboflow_team128_v5_IMG_0501_jpg.rf.3e68b0973c0fc5768ba8056f17dec273.txt	2	Watermelon Detection.v5-raw_annotations.coco-segmentation\train\IMG_0501_jpg.rf.3e68b0973c0fc5768ba8056f17dec273.jpg
train	roboflow_team128_v5	train	roboflow_team128_v5_IMG_0502_jpg.rf.1b3482825b57249215013be33fe8113f.jpg	roboflow_team128_v5_IMG_0502_jpg.rf.1b3482825b57249215013be33fe8113f.txt	1	Watermelon Detection.v5-raw_annotations.coco-segmentation\train\IMG_0502_jpg.rf.1b3482825b57249215013be33fe8113f.jpg
train	roboflow_team128_v5	train	roboflow_team128_v5_IMG_0503_jpg.rf.3f5a856c007e2386da794dfa5ce45f14.jpg	roboflow_team128_v5_IMG_0503_jpg.rf.3f5a856c007e2386da794dfa5ce45f14.txt	1	Watermelon Detection.v5-raw_annotations.coco-segmentation\train\IMG_0503_jpg.rf.3f5a856c007e2386da794dfa5ce45f14.jpg
train	roboflow_team128_v5	train	roboflow_team128_v5_IMG_0505_jpg.rf.784dd194d89fa557487e9d831a789f72.jpg	roboflow_team128_v5_IMG_0505_jpg.rf.784dd194d89fa557487e9d831a789f72.txt	1	Watermelon Detection.v5-raw_annotations.coco-segmentation\train\IMG_0505_jpg.rf.784dd194d89fa557487e9d831a789f72.jpg
train	roboflow_team128_v5	test	roboflow_team128_v5_IMG_0506_jpg.rf.64f397a784cf0727a56c20cb732be10e.jpg	roboflow_team128_v5_IMG_0506_jpg.rf.64f397a784cf0727a56c20cb732be10e.txt	1	Watermelon Detection.v5-raw_annotations.coco-segmentation\test\IMG_0506_jpg.rf.64f397a784cf0727a56c20cb732be10e.jpg
train	roboflow_team128_v5	train	roboflow_team128_v5_IMG_0509_jpg.rf.eb36b49bbff420ead4bb2f1835bc5c7d.jpg	roboflow_team128_v5_IMG_0509_jpg.rf.eb36b49bbff420ead4bb2f1835bc5c7d.txt	1	Watermelon Detection.v5-raw_annotations.coco-segmentation\train\IMG_0509_jpg.rf.eb36b49bbff420ead4bb2f1835bc5c7d.jpg
train	roboflow_team128_v5	train	roboflow_team128_v5_IMG_0510_jpg.rf.a8eb64433428896e9fc5a62029e82fec.jpg	roboflow_team128_v5_IMG_0510_jpg.rf.a8eb64433428896e9fc5a62029e82fec.txt	1	Watermelon Detection.v5-raw_annotations.coco-segmentation\train\IMG_0510_jpg.rf.a8eb64433428896e9fc5a62029e82fec.jpg
train	roboflow_team128_v5	train	roboflow_team128_v5_IMG_0511_jpg.rf.0d06adabe8d2e7e8284006237361549f.jpg	roboflow_team128_v5_IMG_0511_jpg.rf.0d06adabe8d2e7e8284006237361549f.txt	5	Watermelon Detection.v5-raw_annotations.coco-segmentation\train\IMG_0511_jpg.rf.0d06adabe8d2e7e8284006237361549f.jpg
train	roboflow_team128_v5	train	roboflow_team128_v5_IMG_0513_jpg.rf.59989d21dd13867a34a585b2cbb6844c.jpg	roboflow_team128_v5_IMG_0513_jpg.rf.59989d21dd13867a34a585b2cbb6844c.txt	1	Watermelon Detection.v5-raw_annotations.coco-segmentation\train\IMG_0513_jpg.rf.59989d21dd13867a34a585b2cbb6844c.jpg
train	roboflow_team128_v5	test	roboflow_team128_v5_IMG_0514_jpg.rf.f1be7e6ef8fa443d5b81676b84967f0b.jpg	roboflow_team128_v5_IMG_0514_jpg.rf.f1be7e6ef8fa443d5b81676b84967f0b.txt	2	Watermelon Detection.v5-raw_annotations.coco-segmentation\test\IMG_0514_jpg.rf.f1be7e6ef8fa443d5b81676b84967f0b.jpg
train	roboflow_team128_v5	train	roboflow_team128_v5_IMG_0515_jpg.rf.05a57f7ae410c4822868943be2901045.jpg	roboflow_team128_v5_IMG_0515_jpg.rf.05a57f7ae410c4822868943be2901045.txt	1	Watermelon Detection.v5-raw_annotations.coco-segmentation\train\IMG_0515_jpg.rf.05a57f7ae410c4822868943be2901045.jpg
train	roboflow_team128_v5	train	roboflow_team128_v5_IMG_0516_jpg.rf.19133fe687756a8e09b900cbb4edb884.jpg	roboflow_team128_v5_IMG_0516_jpg.rf.19133fe687756a8e09b900cbb4edb884.txt	5	Watermelon Detection.v5-raw_annotations.coco-segmentation\train\IMG_0516_jpg.rf.19133fe687756a8e09b900cbb4edb884.jpg
train	roboflow_team128_v5	test	roboflow_team128_v5_IMG_0518_jpg.rf.3c6dffa12ddca200d8abd00c3022fef0.jpg	roboflow_team128_v5_IMG_0518_jpg.rf.3c6dffa12ddca200d8abd00c3022fef0.txt	1	Watermelon Detection.v5-raw_annotations.coco-segmentation\test\IMG_0518_jpg.rf.3c6dffa12ddca200d8abd00c3022fef0.jpg
train	roboflow_team128_v5	train	roboflow_team128_v5_IMG_0519_jpg.rf.10d4bf50b9dbcfb11350e58613bb7669.jpg	roboflow_team128_v5_IMG_0519_jpg.rf.10d4bf50b9dbcfb11350e58613bb7669.txt	1	Watermelon Detection.v5-raw_annotations.coco-segmentation\train\IMG_0519_jpg.rf.10d4bf50b9dbcfb11350e58613bb7669.jpg
train	roboflow_team128_v5	test	roboflow_team128_v5_IMG_0520_jpg.rf.1cfcd172124423c85d09579a6b85dce1.jpg	roboflow_team128_v5_IMG_0520_jpg.rf.1cfcd172124423c85d09579a6b85dce1.txt	2	Watermelon Detection.v5-raw_annotations.coco-segmentation\test\IMG_0520_jpg.rf.1cfcd172124423c85d09579a6b85dce1.jpg
train	roboflow_team128_v5	test	roboflow_team128_v5_IMG_0521_jpg.rf.750d2407caf1395079eb3689f48caa55.jpg	roboflow_team128_v5_IMG_0521_jpg.rf.750d2407caf1395079eb3689f48caa55.txt	4	Watermelon Detection.v5-raw_annotations.coco-segmentation\test\IMG_0521_jpg.rf.750d2407caf1395079eb3689f48caa55.jpg
train	roboflow_team128_v5	train	roboflow_team128_v5_IMG_0524_jpg.rf.25c7fabdf4524430a6201a61018f1575.jpg	roboflow_team128_v5_IMG_0524_jpg.rf.25c7fabdf4524430a6201a61018f1575.txt	4	Watermelon Detection.v5-raw_annotations.coco-segmentation\train\IMG_0524_jpg.rf.25c7fabdf4524430a6201a61018f1575.jpg
train	roboflow_team128_v5	train	roboflow_team128_v5_IMG_0525_jpg.rf.3f49044d3c0e1faf4ebf83a2d50f5df6.jpg	roboflow_team128_v5_IMG_0525_jpg.rf.3f49044d3c0e1faf4ebf83a2d50f5df6.txt	1	Watermelon Detection.v5-raw_annotations.coco-segmentation\train\IMG_0525_jpg.rf.3f49044d3c0e1faf4ebf83a2d50f5df6.jpg
train	roboflow_team128_v5	train	roboflow_team128_v5_IMG_0526_jpg.rf.31bf045a38ebf33c7656c52b12f96add.jpg	roboflow_team128_v5_IMG_0526_jpg.rf.31bf045a38ebf33c7656c52b12f96add.txt	2	Watermelon Detection.v5-raw_annotations.coco-segmentation\train\IMG_0526_jpg.rf.31bf045a38ebf33c7656c52b12f96add.jpg
train	roboflow_team128_v5	test	roboflow_team128_v5_IMG_0527_jpg.rf.70c87c42648fbd30afe16a25e822cb39.jpg	roboflow_team128_v5_IMG_0527_jpg.rf.70c87c42648fbd30afe16a25e822cb39.txt	3	Watermelon Detection.v5-raw_annotations.coco-segmentation\test\IMG_0527_jpg.rf.70c87c42648fbd30afe16a25e822cb39.jpg
train	roboflow_team128_v5	train	roboflow_team128_v5_IMG_0528_jpg.rf.4b6e2496c9c39415f19c1ca289410296.jpg	roboflow_team128_v5_IMG_0528_jpg.rf.4b6e2496c9c39415f19c1ca289410296.txt	1	Watermelon Detection.v5-raw_annotations.coco-segmentation\train\IMG_0528_jpg.rf.4b6e2496c9c39415f19c1ca289410296.jpg
train	roboflow_team128_v5	train	roboflow_team128_v5_IMG_0529_jpg.rf.ae9111cd1bf5cd9f46e76683540982e3.jpg	roboflow_team128_v5_IMG_0529_jpg.rf.ae9111cd1bf5cd9f46e76683540982e3.txt	1	Watermelon Detection.v5-raw_annotations.coco-segmentation\train\IMG_0529_jpg.rf.ae9111cd1bf5cd9f46e76683540982e3.jpg
train	roboflow_team128_v5	valid	roboflow_team128_v5_IMG_0531_jpg.rf.6693955a4442124793ac508f9766d8d9.jpg	roboflow_team128_v5_IMG_0531_jpg.rf.6693955a4442124793ac508f9766d8d9.txt	1	Watermelon Detection.v5-raw_annotations.coco-segmentation\valid\IMG_0531_jpg.rf.6693955a4442124793ac508f9766d8d9.jpg
train	roboflow_team128_v5	train	roboflow_team128_v5_IMG_0533_jpg.rf.0753879b8f0f85c2aaaf7a2a9fd97464.jpg	roboflow_team128_v5_IMG_0533_jpg.rf.0753879b8f0f85c2aaaf7a2a9fd97464.txt	2	Watermelon Detection.v5-raw_annotations.coco-segmentation\train\IMG_0533_jpg.rf.0753879b8f0f85c2aaaf7a2a9fd97464.jpg
train	roboflow_team128_v5	train	roboflow_team128_v5_IMG_0534_jpg.rf.f7bcba5934b0e8340519b4745cabf1a0.jpg	roboflow_team128_v5_IMG_0534_jpg.rf.f7bcba5934b0e8340519b4745cabf1a0.txt	3	Watermelon Detection.v5-raw_annotations.coco-segmentation\train\IMG_0534_jpg.rf.f7bcba5934b0e8340519b4745cabf1a0.jpg
train	roboflow_team128_v5	valid	roboflow_team128_v5_IMG_0535_jpg.rf.310f07a7c35dfd782cd28814734af3fd.jpg	roboflow_team128_v5_IMG_0535_jpg.rf.310f07a7c35dfd782cd28814734af3fd.txt	1	Watermelon Detection.v5-raw_annotations.coco-segmentation\valid\IMG_0535_jpg.rf.310f07a7c35dfd782cd28814734af3fd.jpg
train	roboflow_team128_v5	valid	roboflow_team128_v5_IMG_0536_jpg.rf.534e995111525fa33a598464a05ee9ae.jpg	roboflow_team128_v5_IMG_0536_jpg.rf.534e995111525fa33a598464a05ee9ae.txt	1	Watermelon Detection.v5-raw_annotations.coco-segmentation\valid\IMG_0536_jpg.rf.534e995111525fa33a598464a05ee9ae.jpg
train	roboflow_team128_v5	train	roboflow_team128_v5_IMG_0537_jpg.rf.6d831690b1c030b1b55b673990d7e361.jpg	roboflow_team128_v5_IMG_0537_jpg.rf.6d831690b1c030b1b55b673990d7e361.txt	1	Watermelon Detection.v5-raw_annotations.coco-segmentation\train\IMG_0537_jpg.rf.6d831690b1c030b1b55b673990d7e361.jpg
train	roboflow_team128_v5	train	roboflow_team128_v5_IMG_0538_jpg.rf.93849dc0049ac8adce39e2d2951465e9.jpg	roboflow_team128_v5_IMG_0538_jpg.rf.93849dc0049ac8adce39e2d2951465e9.txt	2	Watermelon Detection.v5-raw_annotations.coco-segmentation\train\IMG_0538_jpg.rf.93849dc0049ac8adce39e2d2951465e9.jpg
train	roboflow_team128_v5	train	roboflow_team128_v5_IMG_0539_jpg.rf.2dc067d7e41f053887599101197c181d.jpg	roboflow_team128_v5_IMG_0539_jpg.rf.2dc067d7e41f053887599101197c181d.txt	2	Watermelon Detection.v5-raw_annotations.coco-segmentation\train\IMG_0539_jpg.rf.2dc067d7e41f053887599101197c181d.jpg
train	roboflow_team128_v5	train	roboflow_team128_v5_IMG_0540_jpg.rf.70cbf3900c8ef09ebeb4f89caffde888.jpg	roboflow_team128_v5_IMG_0540_jpg.rf.70cbf3900c8ef09ebeb4f89caffde888.txt	3	Watermelon Detection.v5-raw_annotations.coco-segmentation\train\IMG_0540_jpg.rf.70cbf3900c8ef09ebeb4f89caffde888.jpg
train	roboflow_team128_v5	valid	roboflow_team128_v5_IMG_0541_jpg.rf.34b854cc587390ee5b35b2129035262b.jpg	roboflow_team128_v5_IMG_0541_jpg.rf.34b854cc587390ee5b35b2129035262b.txt	2	Watermelon Detection.v5-raw_annotations.coco-segmentation\valid\IMG_0541_jpg.rf.34b854cc587390ee5b35b2129035262b.jpg
train	roboflow_team128_v5	train	roboflow_team128_v5_IMG_0542_jpg.rf.484010233cd8cee7463ae522dae6076b.jpg	roboflow_team128_v5_IMG_0542_jpg.rf.484010233cd8cee7463ae522dae6076b.txt	2	Watermelon Detection.v5-raw_annotations.coco-segmentation\train\IMG_0542_jpg.rf.484010233cd8cee7463ae522dae6076b.jpg
train	roboflow_team128_v5	train	roboflow_team128_v5_IMG_0543_jpg.rf.878217af3c1ac83eba85b8dae439b351.jpg	roboflow_team128_v5_IMG_0543_jpg.rf.878217af3c1ac83eba85b8dae439b351.txt	1	Watermelon Detection.v5-raw_annotations.coco-segmentation\train\IMG_0543_jpg.rf.878217af3c1ac83eba85b8dae439b351.jpg
train	roboflow_team128_v5	train	roboflow_team128_v5_IMG_0544_jpg.rf.272913fa675de9c1849bc99eeb6a2cec.jpg	roboflow_team128_v5_IMG_0544_jpg.rf.272913fa675de9c1849bc99eeb6a2cec.txt	2	Watermelon Detection.v5-raw_annotations.coco-segmentation\train\IMG_0544_jpg.rf.272913fa675de9c1849bc99eeb6a2cec.jpg
train	roboflow_team128_v5	train	roboflow_team128_v5_IMG_0545_jpg.rf.f9d920533777c65aac94c8ec84f976ed.jpg	roboflow_team128_v5_IMG_0545_jpg.rf.f9d920533777c65aac94c8ec84f976ed.txt	3	Watermelon Detection.v5-raw_annotations.coco-segmentation\train\IMG_0545_jpg.rf.f9d920533777c65aac94c8ec84f976ed.jpg
train	roboflow_team128_v5	valid	roboflow_team128_v5_IMG_0547_jpg.rf.8b9a0ad11e0ba7ce6d63c01457ee5137.jpg	roboflow_team128_v5_IMG_0547_jpg.rf.8b9a0ad11e0ba7ce6d63c01457ee5137.txt	1	Watermelon Detection.v5-raw_annotations.coco-segmentation\valid\IMG_0547_jpg.rf.8b9a0ad11e0ba7ce6d63c01457ee5137.jpg
train	roboflow_team128_v5	train	roboflow_team128_v5_IMG_0549_jpg.rf.d3cf40bf716d360ab915069c7f011afb.jpg	roboflow_team128_v5_IMG_0549_jpg.rf.d3cf40bf716d360ab915069c7f011afb.txt	2	Watermelon Detection.v5-raw_annotations.coco-segmentation\train\IMG_0549_jpg.rf.d3cf40bf716d360ab915069c7f011afb.jpg
train	roboflow_team128_v5	train	roboflow_team128_v5_IMG_0550_jpg.rf.77c4df721637c60572cb7c229f6cbc78.jpg	roboflow_team128_v5_IMG_0550_jpg.rf.77c4df721637c60572cb7c229f6cbc78.txt	5	Watermelon Detection.v5-raw_annotations.coco-segmentation\train\IMG_0550_jpg.rf.77c4df721637c60572cb7c229f6cbc78.jpg
train	roboflow_team128_v5	test	roboflow_team128_v5_IMG_0552_jpg.rf.fe6679c496d696a34cb2fcdb304fce9c.jpg	roboflow_team128_v5_IMG_0552_jpg.rf.fe6679c496d696a34cb2fcdb304fce9c.txt	2	Watermelon Detection.v5-raw_annotations.coco-segmentation\test\IMG_0552_jpg.rf.fe6679c496d696a34cb2fcdb304fce9c.jpg
train	roboflow_team128_v5	train	roboflow_team128_v5_IMG_0555_jpg.rf.047bcddb2a28cd2bfb2ffeed7456a0cf.jpg	roboflow_team128_v5_IMG_0555_jpg.rf.047bcddb2a28cd2bfb2ffeed7456a0cf.txt	1	Watermelon Detection.v5-raw_annotations.coco-segmentation\train\IMG_0555_jpg.rf.047bcddb2a28cd2bfb2ffeed7456a0cf.jpg
train	roboflow_team128_v5	test	roboflow_team128_v5_IMG_0556_jpg.rf.254ac0b4d9d132738f2d6bf6ae4ccd59.jpg	roboflow_team128_v5_IMG_0556_jpg.rf.254ac0b4d9d132738f2d6bf6ae4ccd59.txt	1	Watermelon Detection.v5-raw_annotations.coco-segmentation\test\IMG_0556_jpg.rf.254ac0b4d9d132738f2d6bf6ae4ccd59.jpg
train	roboflow_team128_v5	train	roboflow_team128_v5_IMG_0557_jpg.rf.7892b9cbc2ad8b86b5c8847fe38b5690.jpg	roboflow_team128_v5_IMG_0557_jpg.rf.7892b9cbc2ad8b86b5c8847fe38b5690.txt	4	Watermelon Detection.v5-raw_annotations.coco-segmentation\train\IMG_0557_jpg.rf.7892b9cbc2ad8b86b5c8847fe38b5690.jpg
train	roboflow_team128_v5	train	roboflow_team128_v5_IMG_0560_jpg.rf.8bf9422c75e8321a6224c55a52dad288.jpg	roboflow_team128_v5_IMG_0560_jpg.rf.8bf9422c75e8321a6224c55a52dad288.txt	2	Watermelon Detection.v5-raw_annotations.coco-segmentation\train\IMG_0560_jpg.rf.8bf9422c75e8321a6224c55a52dad288.jpg
train	roboflow_team128_v5	train	roboflow_team128_v5_IMG_0561_jpg.rf.5912857c1394dd2b3c1367a2bcde0ec2.jpg	roboflow_team128_v5_IMG_0561_jpg.rf.5912857c1394dd2b3c1367a2bcde0ec2.txt	1	Watermelon Detection.v5-raw_annotations.coco-segmentation\train\IMG_0561_jpg.rf.5912857c1394dd2b3c1367a2bcde0ec2.jpg
train	roboflow_team128_v5	train	roboflow_team128_v5_IMG_0563_jpg.rf.d8da1bec0e3511f710cfd3e459dcfb6b.jpg	roboflow_team128_v5_IMG_0563_jpg.rf.d8da1bec0e3511f710cfd3e459dcfb6b.txt	2	Watermelon Detection.v5-raw_annotations.coco-segmentation\train\IMG_0563_jpg.rf.d8da1bec0e3511f710cfd3e459dcfb6b.jpg
train	roboflow_team128_v5	test	roboflow_team128_v5_IMG_0564_jpg.rf.e690d7f470edc119ad47c2ced250fa2e.jpg	roboflow_team128_v5_IMG_0564_jpg.rf.e690d7f470edc119ad47c2ced250fa2e.txt	4	Watermelon Detection.v5-raw_annotations.coco-segmentation\test\IMG_0564_jpg.rf.e690d7f470edc119ad47c2ced250fa2e.jpg
train	roboflow_team128_v5	train	roboflow_team128_v5_IMG_0565_jpg.rf.9216a8ead3fc4389bb529ab3ff3a9bb1.jpg	roboflow_team128_v5_IMG_0565_jpg.rf.9216a8ead3fc4389bb529ab3ff3a9bb1.txt	2	Watermelon Detection.v5-raw_annotations.coco-segmentation\train\IMG_0565_jpg.rf.9216a8ead3fc4389bb529ab3ff3a9bb1.jpg
train	roboflow_team128_v5	train	roboflow_team128_v5_IMG_0566_jpg.rf.56272af13b781a386b236147f03e59c4.jpg	roboflow_team128_v5_IMG_0566_jpg.rf.56272af13b781a386b236147f03e59c4.txt	1	Watermelon Detection.v5-raw_annotations.coco-segmentation\train\IMG_0566_jpg.rf.56272af13b781a386b236147f03e59c4.jpg
train	roboflow_team128_v5	train	roboflow_team128_v5_IMG_0568_jpg.rf.2ae4924b91fa55cb0055d6fbb65fe21f.jpg	roboflow_team128_v5_IMG_0568_jpg.rf.2ae4924b91fa55cb0055d6fbb65fe21f.txt	1	Watermelon Detection.v5-raw_annotations.coco-segmentation\train\IMG_0568_jpg.rf.2ae4924b91fa55cb0055d6fbb65fe21f.jpg
train	roboflow_team128_v5	train	roboflow_team128_v5_IMG_0569_jpg.rf.7d11f4319c9deaebc25fa5b96c0dddfc.jpg	roboflow_team128_v5_IMG_0569_jpg.rf.7d11f4319c9deaebc25fa5b96c0dddfc.txt	4	Watermelon Detection.v5-raw_annotations.coco-segmentation\train\IMG_0569_jpg.rf.7d11f4319c9deaebc25fa5b96c0dddfc.jpg
train	roboflow_team128_v5	train	roboflow_team128_v5_IMG_0570_jpg.rf.eddb02ab79ba27ba9b68116e86200184.jpg	roboflow_team128_v5_IMG_0570_jpg.rf.eddb02ab79ba27ba9b68116e86200184.txt	1	Watermelon Detection.v5-raw_annotations.coco-segmentation\train\IMG_0570_jpg.rf.eddb02ab79ba27ba9b68116e86200184.jpg
train	roboflow_team128_v5	valid	roboflow_team128_v5_IMG_0575_jpg.rf.1df256e35f6a9d1e913842df4a164a06.jpg	roboflow_team128_v5_IMG_0575_jpg.rf.1df256e35f6a9d1e913842df4a164a06.txt	1	Watermelon Detection.v5-raw_annotations.coco-segmentation\valid\IMG_0575_jpg.rf.1df256e35f6a9d1e913842df4a164a06.jpg
train	roboflow_team128_v5	valid	roboflow_team128_v5_IMG_0576_jpg.rf.8b2f53d2de5f0b44756ceb6ff16d61d4.jpg	roboflow_team128_v5_IMG_0576_jpg.rf.8b2f53d2de5f0b44756ceb6ff16d61d4.txt	1	Watermelon Detection.v5-raw_annotations.coco-segmentation\valid\IMG_0576_jpg.rf.8b2f53d2de5f0b44756ceb6ff16d61d4.jpg
train	roboflow_team128_v5	train	roboflow_team128_v5_IMG_0577_jpg.rf.d9f17aa1fd8b702acddd0123c5ee97ad.jpg	roboflow_team128_v5_IMG_0577_jpg.rf.d9f17aa1fd8b702acddd0123c5ee97ad.txt	1	Watermelon Detection.v5-raw_annotations.coco-segmentation\train\IMG_0577_jpg.rf.d9f17aa1fd8b702acddd0123c5ee97ad.jpg
train	roboflow_team128_v5	valid	roboflow_team128_v5_IMG_0580_jpg.rf.c0a6d2efe6505c4dab10333847f414ba.jpg	roboflow_team128_v5_IMG_0580_jpg.rf.c0a6d2efe6505c4dab10333847f414ba.txt	3	Watermelon Detection.v5-raw_annotations.coco-segmentation\valid\IMG_0580_jpg.rf.c0a6d2efe6505c4dab10333847f414ba.jpg
train	roboflow_team128_v5	train	roboflow_team128_v5_IMG_0581_jpg.rf.51afcba2826be9e277f3fcf0ed47f50b.jpg	roboflow_team128_v5_IMG_0581_jpg.rf.51afcba2826be9e277f3fcf0ed47f50b.txt	5	Watermelon Detection.v5-raw_annotations.coco-segmentation\train\IMG_0581_jpg.rf.51afcba2826be9e277f3fcf0ed47f50b.jpg
train	roboflow_team128_v5	train	roboflow_team128_v5_IMG_0583_jpg.rf.342a2d6867f4efc4624a4236cc4ebdd4.jpg	roboflow_team128_v5_IMG_0583_jpg.rf.342a2d6867f4efc4624a4236cc4ebdd4.txt	5	Watermelon Detection.v5-raw_annotations.coco-segmentation\train\IMG_0583_jpg.rf.342a2d6867f4efc4624a4236cc4ebdd4.jpg
train	roboflow_team128_v5	train	roboflow_team128_v5_IMG_0584_jpg.rf.cc1c50266931557a13cf90a934cfab85.jpg	roboflow_team128_v5_IMG_0584_jpg.rf.cc1c50266931557a13cf90a934cfab85.txt	3	Watermelon Detection.v5-raw_annotations.coco-segmentation\train\IMG_0584_jpg.rf.cc1c50266931557a13cf90a934cfab85.jpg
train	roboflow_team128_v5	train	roboflow_team128_v5_IMG_0585_jpg.rf.e4e6cd253dc496f80313018cef983c8b.jpg	roboflow_team128_v5_IMG_0585_jpg.rf.e4e6cd253dc496f80313018cef983c8b.txt	3	Watermelon Detection.v5-raw_annotations.coco-segmentation\train\IMG_0585_jpg.rf.e4e6cd253dc496f80313018cef983c8b.jpg
train	roboflow_team128_v5	valid	roboflow_team128_v5_IMG_0589_jpg.rf.1007db406c0fa15bd4bef94933d2a7ad.jpg	roboflow_team128_v5_IMG_0589_jpg.rf.1007db406c0fa15bd4bef94933d2a7ad.txt	1	Watermelon Detection.v5-raw_annotations.coco-segmentation\valid\IMG_0589_jpg.rf.1007db406c0fa15bd4bef94933d2a7ad.jpg
train	roboflow_team128_v5	train	roboflow_team128_v5_IMG_0590_jpg.rf.94f1926da7e71469d057606ad182855e.jpg	roboflow_team128_v5_IMG_0590_jpg.rf.94f1926da7e71469d057606ad182855e.txt	7	Watermelon Detection.v5-raw_annotations.coco-segmentation\train\IMG_0590_jpg.rf.94f1926da7e71469d057606ad182855e.jpg
train	roboflow_team128_v5	valid	roboflow_team128_v5_IMG_0591_jpg.rf.e5b2eee1d85050c8e25f83e4aa8a4898.jpg	roboflow_team128_v5_IMG_0591_jpg.rf.e5b2eee1d85050c8e25f83e4aa8a4898.txt	1	Watermelon Detection.v5-raw_annotations.coco-segmentation\valid\IMG_0591_jpg.rf.e5b2eee1d85050c8e25f83e4aa8a4898.jpg
train	roboflow_team128_v5	train	roboflow_team128_v5_IMG_0593_jpg.rf.621b690310e2cd24f21b0ded3e2a64b6.jpg	roboflow_team128_v5_IMG_0593_jpg.rf.621b690310e2cd24f21b0ded3e2a64b6.txt	2	Watermelon Detection.v5-raw_annotations.coco-segmentation\train\IMG_0593_jpg.rf.621b690310e2cd24f21b0ded3e2a64b6.jpg
train	roboflow_team128_v5	train	roboflow_team128_v5_IMG_0595_jpg.rf.0676277daf53e51ff6b9e17cf64c808f.jpg	roboflow_team128_v5_IMG_0595_jpg.rf.0676277daf53e51ff6b9e17cf64c808f.txt	2	Watermelon Detection.v5-raw_annotations.coco-segmentation\train\IMG_0595_jpg.rf.0676277daf53e51ff6b9e17cf64c808f.jpg
train	roboflow_team128_v5	valid	roboflow_team128_v5_IMG_0597_jpg.rf.fe6ae1ef6354269927bab8bca302aa2a.jpg	roboflow_team128_v5_IMG_0597_jpg.rf.fe6ae1ef6354269927bab8bca302aa2a.txt	2	Watermelon Detection.v5-raw_annotations.coco-segmentation\valid\IMG_0597_jpg.rf.fe6ae1ef6354269927bab8bca302aa2a.jpg
train	roboflow_team128_v5	train	roboflow_team128_v5_IMG_0598_jpg.rf.3d5d481d1b2dbc2ff92d7adabbea37bc.jpg	roboflow_team128_v5_IMG_0598_jpg.rf.3d5d481d1b2dbc2ff92d7adabbea37bc.txt	2	Watermelon Detection.v5-raw_annotations.coco-segmentation\train\IMG_0598_jpg.rf.3d5d481d1b2dbc2ff92d7adabbea37bc.jpg
train	roboflow_team128_v5	valid	roboflow_team128_v5_IMG_0601_jpg.rf.61c962aa3ce9dd983ae325cd0a748757.jpg	roboflow_team128_v5_IMG_0601_jpg.rf.61c962aa3ce9dd983ae325cd0a748757.txt	2	Watermelon Detection.v5-raw_annotations.coco-segmentation\valid\IMG_0601_jpg.rf.61c962aa3ce9dd983ae325cd0a748757.jpg
train	roboflow_team128_v5	valid	roboflow_team128_v5_IMG_0602_jpg.rf.2e970aff825cb1df9383537eb570f914.jpg	roboflow_team128_v5_IMG_0602_jpg.rf.2e970aff825cb1df9383537eb570f914.txt	2	Watermelon Detection.v5-raw_annotations.coco-segmentation\valid\IMG_0602_jpg.rf.2e970aff825cb1df9383537eb570f914.jpg
train	roboflow_team128_v5	valid	roboflow_team128_v5_IMG_0603_jpg.rf.17311148a1655c314dac6eb8bfb66cdb.jpg	roboflow_team128_v5_IMG_0603_jpg.rf.17311148a1655c314dac6eb8bfb66cdb.txt	2	Watermelon Detection.v5-raw_annotations.coco-segmentation\valid\IMG_0603_jpg.rf.17311148a1655c314dac6eb8bfb66cdb.jpg
train	roboflow_team128_v5	train	roboflow_team128_v5_IMG_0605_jpg.rf.3aad68fbcf9d3914cbe3887ec3500407.jpg	roboflow_team128_v5_IMG_0605_jpg.rf.3aad68fbcf9d3914cbe3887ec3500407.txt	1	Watermelon Detection.v5-raw_annotations.coco-segmentation\train\IMG_0605_jpg.rf.3aad68fbcf9d3914cbe3887ec3500407.jpg
train	roboflow_team128_v5	valid	roboflow_team128_v5_IMG_0606_jpg.rf.5ee996e9b1028c58e13a8dae82f30432.jpg	roboflow_team128_v5_IMG_0606_jpg.rf.5ee996e9b1028c58e13a8dae82f30432.txt	3	Watermelon Detection.v5-raw_annotations.coco-segmentation\valid\IMG_0606_jpg.rf.5ee996e9b1028c58e13a8dae82f30432.jpg
train	roboflow_team128_v5	train	roboflow_team128_v5_IMG_0607_jpg.rf.7d2e296a6f166189c5ba711004a69236.jpg	roboflow_team128_v5_IMG_0607_jpg.rf.7d2e296a6f166189c5ba711004a69236.txt	4	Watermelon Detection.v5-raw_annotations.coco-segmentation\train\IMG_0607_jpg.rf.7d2e296a6f166189c5ba711004a69236.jpg
train	roboflow_team128_v5	train	roboflow_team128_v5_IMG_0608_jpg.rf.27f156b1007ac40f9c1302489bed70c9.jpg	roboflow_team128_v5_IMG_0608_jpg.rf.27f156b1007ac40f9c1302489bed70c9.txt	1	Watermelon Detection.v5-raw_annotations.coco-segmentation\train\IMG_0608_jpg.rf.27f156b1007ac40f9c1302489bed70c9.jpg
train	roboflow_team128_v5	train	roboflow_team128_v5_IMG_0613_jpg.rf.b15cc795f0cba48427ffd17849d344ef.jpg	roboflow_team128_v5_IMG_0613_jpg.rf.b15cc795f0cba48427ffd17849d344ef.txt	2	Watermelon Detection.v5-raw_annotations.coco-segmentation\train\IMG_0613_jpg.rf.b15cc795f0cba48427ffd17849d344ef.jpg
train	roboflow_team128_v5	train	roboflow_team128_v5_IMG_0615_jpg.rf.1408715b8407521b04fe3d25f2f725ed.jpg	roboflow_team128_v5_IMG_0615_jpg.rf.1408715b8407521b04fe3d25f2f725ed.txt	1	Watermelon Detection.v5-raw_annotations.coco-segmentation\train\IMG_0615_jpg.rf.1408715b8407521b04fe3d25f2f725ed.jpg
train	roboflow_team128_v5	train	roboflow_team128_v5_IMG_0616_jpg.rf.483e5652aeb55c9987c2f582e07ca746.jpg	roboflow_team128_v5_IMG_0616_jpg.rf.483e5652aeb55c9987c2f582e07ca746.txt	2	Watermelon Detection.v5-raw_annotations.coco-segmentation\train\IMG_0616_jpg.rf.483e5652aeb55c9987c2f582e07ca746.jpg
train	roboflow_team128_v5	train	roboflow_team128_v5_IMG_0617_jpg.rf.183b2780eca4dcfc06f4a3e2279d8518.jpg	roboflow_team128_v5_IMG_0617_jpg.rf.183b2780eca4dcfc06f4a3e2279d8518.txt	1	Watermelon Detection.v5-raw_annotations.coco-segmentation\train\IMG_0617_jpg.rf.183b2780eca4dcfc06f4a3e2279d8518.jpg
train	roboflow_team128_v5	train	roboflow_team128_v5_IMG_0618_jpg.rf.9576466bb0fd3e428e2f65b58af3c5a3.jpg	roboflow_team128_v5_IMG_0618_jpg.rf.9576466bb0fd3e428e2f65b58af3c5a3.txt	2	Watermelon Detection.v5-raw_annotations.coco-segmentation\train\IMG_0618_jpg.rf.9576466bb0fd3e428e2f65b58af3c5a3.jpg
train	roboflow_team128_v5	train	roboflow_team128_v5_IMG_0622_jpg.rf.6fe9c49994efabd33199ad1cccd1ba51.jpg	roboflow_team128_v5_IMG_0622_jpg.rf.6fe9c49994efabd33199ad1cccd1ba51.txt	2	Watermelon Detection.v5-raw_annotations.coco-segmentation\train\IMG_0622_jpg.rf.6fe9c49994efabd33199ad1cccd1ba51.jpg
train	roboflow_team128_v5	train	roboflow_team128_v5_IMG_0623_jpg.rf.d842d1d9261848feb3bce3de4e5acea0.jpg	roboflow_team128_v5_IMG_0623_jpg.rf.d842d1d9261848feb3bce3de4e5acea0.txt	2	Watermelon Detection.v5-raw_annotations.coco-segmentation\train\IMG_0623_jpg.rf.d842d1d9261848feb3bce3de4e5acea0.jpg
train	roboflow_team128_v5	valid	roboflow_team128_v5_IMG_0625_jpg.rf.7abc37ac63354fd9ebc4439f1c90d3e2.jpg	roboflow_team128_v5_IMG_0625_jpg.rf.7abc37ac63354fd9ebc4439f1c90d3e2.txt	3	Watermelon Detection.v5-raw_annotations.coco-segmentation\valid\IMG_0625_jpg.rf.7abc37ac63354fd9ebc4439f1c90d3e2.jpg
train	roboflow_team128_v5	train	roboflow_team128_v5_IMG_0628_jpg.rf.89837bc722f0dc51b19d543fe2fb05ba.jpg	roboflow_team128_v5_IMG_0628_jpg.rf.89837bc722f0dc51b19d543fe2fb05ba.txt	3	Watermelon Detection.v5-raw_annotations.coco-segmentation\train\IMG_0628_jpg.rf.89837bc722f0dc51b19d543fe2fb05ba.jpg
train	roboflow_team128_v5	train	roboflow_team128_v5_IMG_0629_jpg.rf.511ea2913151c8e5e24cb825c82dc82b.jpg	roboflow_team128_v5_IMG_0629_jpg.rf.511ea2913151c8e5e24cb825c82dc82b.txt	2	Watermelon Detection.v5-raw_annotations.coco-segmentation\train\IMG_0629_jpg.rf.511ea2913151c8e5e24cb825c82dc82b.jpg
train	roboflow_team128_v5	train	roboflow_team128_v5_IMG_0630_jpg.rf.f3ecb5e1d20d5ef7b30a7650068a32ee.jpg	roboflow_team128_v5_IMG_0630_jpg.rf.f3ecb5e1d20d5ef7b30a7650068a32ee.txt	3	Watermelon Detection.v5-raw_annotations.coco-segmentation\train\IMG_0630_jpg.rf.f3ecb5e1d20d5ef7b30a7650068a32ee.jpg
train	roboflow_team128_v5	train	roboflow_team128_v5_IMG_0631_jpg.rf.c6f432141428e515b9129bb8d85675fe.jpg	roboflow_team128_v5_IMG_0631_jpg.rf.c6f432141428e515b9129bb8d85675fe.txt	2	Watermelon Detection.v5-raw_annotations.coco-segmentation\train\IMG_0631_jpg.rf.c6f432141428e515b9129bb8d85675fe.jpg
train	roboflow_team128_v5	train	roboflow_team128_v5_IMG_0632_jpg.rf.7994e8524b74bf5c1c3090eb04dad7bc.jpg	roboflow_team128_v5_IMG_0632_jpg.rf.7994e8524b74bf5c1c3090eb04dad7bc.txt	2	Watermelon Detection.v5-raw_annotations.coco-segmentation\train\IMG_0632_jpg.rf.7994e8524b74bf5c1c3090eb04dad7bc.jpg
train	roboflow_team128_v5	train	roboflow_team128_v5_IMG_0635_jpg.rf.899e4f2b0594b6a401d557bbc0448c4b.jpg	roboflow_team128_v5_IMG_0635_jpg.rf.899e4f2b0594b6a401d557bbc0448c4b.txt	1	Watermelon Detection.v5-raw_annotations.coco-segmentation\train\IMG_0635_jpg.rf.899e4f2b0594b6a401d557bbc0448c4b.jpg
train	roboflow_team128_v5	train	roboflow_team128_v5_IMG_0636_jpg.rf.7c79637fc38d767cc788c0db0f948df4.jpg	roboflow_team128_v5_IMG_0636_jpg.rf.7c79637fc38d767cc788c0db0f948df4.txt	2	Watermelon Detection.v5-raw_annotations.coco-segmentation\train\IMG_0636_jpg.rf.7c79637fc38d767cc788c0db0f948df4.jpg
train	roboflow_team128_v5	valid	roboflow_team128_v5_IMG_0637_jpg.rf.5a75a8fcce4fe9c1b162fd8d45d84caa.jpg	roboflow_team128_v5_IMG_0637_jpg.rf.5a75a8fcce4fe9c1b162fd8d45d84caa.txt	3	Watermelon Detection.v5-raw_annotations.coco-segmentation\valid\IMG_0637_jpg.rf.5a75a8fcce4fe9c1b162fd8d45d84caa.jpg
train	roboflow_team128_v5	train	roboflow_team128_v5_IMG_0638_jpg.rf.b58584313c75c27d39dfc16ce284547b.jpg	roboflow_team128_v5_IMG_0638_jpg.rf.b58584313c75c27d39dfc16ce284547b.txt	1	Watermelon Detection.v5-raw_annotations.coco-segmentation\train\IMG_0638_jpg.rf.b58584313c75c27d39dfc16ce284547b.jpg
train	roboflow_team128_v5	test	roboflow_team128_v5_IMG_0639_jpg.rf.6c31cb18c0792a29cba28996eb0af296.jpg	roboflow_team128_v5_IMG_0639_jpg.rf.6c31cb18c0792a29cba28996eb0af296.txt	1	Watermelon Detection.v5-raw_annotations.coco-segmentation\test\IMG_0639_jpg.rf.6c31cb18c0792a29cba28996eb0af296.jpg
train	roboflow_team128_v5	train	roboflow_team128_v5_IMG_0641_jpg.rf.7e7c7a26e95fe118fe26dc3a1d3fc9a1.jpg	roboflow_team128_v5_IMG_0641_jpg.rf.7e7c7a26e95fe118fe26dc3a1d3fc9a1.txt	1	Watermelon Detection.v5-raw_annotations.coco-segmentation\train\IMG_0641_jpg.rf.7e7c7a26e95fe118fe26dc3a1d3fc9a1.jpg
train	roboflow_team128_v5	train	roboflow_team128_v5_IMG_0643_jpg.rf.779c71fc8d633901301b685f7292d989.jpg	roboflow_team128_v5_IMG_0643_jpg.rf.779c71fc8d633901301b685f7292d989.txt	1	Watermelon Detection.v5-raw_annotations.coco-segmentation\train\IMG_0643_jpg.rf.779c71fc8d633901301b685f7292d989.jpg
train	roboflow_team128_v5	train	roboflow_team128_v5_IMG_0645_jpg.rf.0e845204bef26b524329c9f779da2969.jpg	roboflow_team128_v5_IMG_0645_jpg.rf.0e845204bef26b524329c9f779da2969.txt	2	Watermelon Detection.v5-raw_annotations.coco-segmentation\train\IMG_0645_jpg.rf.0e845204bef26b524329c9f779da2969.jpg
train	roboflow_team128_v5	train	roboflow_team128_v5_IMG_0646_jpg.rf.c1435121b6d49affa581317c41c13c93.jpg	roboflow_team128_v5_IMG_0646_jpg.rf.c1435121b6d49affa581317c41c13c93.txt	5	Watermelon Detection.v5-raw_annotations.coco-segmentation\train\IMG_0646_jpg.rf.c1435121b6d49affa581317c41c13c93.jpg
train	roboflow_team128_v5	train	roboflow_team128_v5_IMG_0647_jpg.rf.940fdada07b3c9f1d036af35d3e02024.jpg	roboflow_team128_v5_IMG_0647_jpg.rf.940fdada07b3c9f1d036af35d3e02024.txt	2	Watermelon Detection.v5-raw_annotations.coco-segmentation\train\IMG_0647_jpg.rf.940fdada07b3c9f1d036af35d3e02024.jpg
train	roboflow_team128_v5	train	roboflow_team128_v5_IMG_0648_jpg.rf.ee4a2aff0c8d39d6db54a30f04b1c520.jpg	roboflow_team128_v5_IMG_0648_jpg.rf.ee4a2aff0c8d39d6db54a30f04b1c520.txt	3	Watermelon Detection.v5-raw_annotations.coco-segmentation\train\IMG_0648_jpg.rf.ee4a2aff0c8d39d6db54a30f04b1c520.jpg
train	roboflow_team128_v5	train	roboflow_team128_v5_IMG_0649_jpg.rf.4a5a35bb81e8ffe724cd06daa8a0df76.jpg	roboflow_team128_v5_IMG_0649_jpg.rf.4a5a35bb81e8ffe724cd06daa8a0df76.txt	1	Watermelon Detection.v5-raw_annotations.coco-segmentation\train\IMG_0649_jpg.rf.4a5a35bb81e8ffe724cd06daa8a0df76.jpg
train	roboflow_team128_v5	train	roboflow_team128_v5_IMG_0650_jpg.rf.f54983e6299d4bfa9745eb591a62ca8b.jpg	roboflow_team128_v5_IMG_0650_jpg.rf.f54983e6299d4bfa9745eb591a62ca8b.txt	1	Watermelon Detection.v5-raw_annotations.coco-segmentation\train\IMG_0650_jpg.rf.f54983e6299d4bfa9745eb591a62ca8b.jpg
train	roboflow_team128_v5	train	roboflow_team128_v5_IMG_0651_jpg.rf.987ba25c7481c6084d7e6a2a6baf8a50.jpg	roboflow_team128_v5_IMG_0651_jpg.rf.987ba25c7481c6084d7e6a2a6baf8a50.txt	2	Watermelon Detection.v5-raw_annotations.coco-segmentation\train\IMG_0651_jpg.rf.987ba25c7481c6084d7e6a2a6baf8a50.jpg
train	roboflow_team128_v5	train	roboflow_team128_v5_IMG_0652_jpg.rf.ac4888f86fe7cd0d5eddf3e2af5efea1.jpg	roboflow_team128_v5_IMG_0652_jpg.rf.ac4888f86fe7cd0d5eddf3e2af5efea1.txt	1	Watermelon Detection.v5-raw_annotations.coco-segmentation\train\IMG_0652_jpg.rf.ac4888f86fe7cd0d5eddf3e2af5efea1.jpg
train	roboflow_team128_v5	train	roboflow_team128_v5_IMG_0653_jpg.rf.e48a4a4217a480cd2daff9ae70113cff.jpg	roboflow_team128_v5_IMG_0653_jpg.rf.e48a4a4217a480cd2daff9ae70113cff.txt	2	Watermelon Detection.v5-raw_annotations.coco-segmentation\train\IMG_0653_jpg.rf.e48a4a4217a480cd2daff9ae70113cff.jpg
train	roboflow_team128_v5	valid	roboflow_team128_v5_IMG_0654_jpg.rf.3b4dcb6a8eb87638e9d15010401985f5.jpg	roboflow_team128_v5_IMG_0654_jpg.rf.3b4dcb6a8eb87638e9d15010401985f5.txt	3	Watermelon Detection.v5-raw_annotations.coco-segmentation\valid\IMG_0654_jpg.rf.3b4dcb6a8eb87638e9d15010401985f5.jpg
train	roboflow_team128_v5	train	roboflow_team128_v5_IMG_0655_jpg.rf.ab77d05a1aef670b65eaf647bcccaaac.jpg	roboflow_team128_v5_IMG_0655_jpg.rf.ab77d05a1aef670b65eaf647bcccaaac.txt	2	Watermelon Detection.v5-raw_annotations.coco-segmentation\train\IMG_0655_jpg.rf.ab77d05a1aef670b65eaf647bcccaaac.jpg
train	roboflow_team128_v5	train	roboflow_team128_v5_IMG_0656_jpg.rf.97742623977fc6e6a79ae12a8f2769f2.jpg	roboflow_team128_v5_IMG_0656_jpg.rf.97742623977fc6e6a79ae12a8f2769f2.txt	3	Watermelon Detection.v5-raw_annotations.coco-segmentation\train\IMG_0656_jpg.rf.97742623977fc6e6a79ae12a8f2769f2.jpg
train	roboflow_team128_v5	test	roboflow_team128_v5_IMG_0660_jpg.rf.9cda13245fe063576aa2125b3349aa1b.jpg	roboflow_team128_v5_IMG_0660_jpg.rf.9cda13245fe063576aa2125b3349aa1b.txt	1	Watermelon Detection.v5-raw_annotations.coco-segmentation\test\IMG_0660_jpg.rf.9cda13245fe063576aa2125b3349aa1b.jpg
train	roboflow_team128_v5	train	roboflow_team128_v5_IMG_0661_jpg.rf.759f8f4ab0505eeab76b3acba6281fe5.jpg	roboflow_team128_v5_IMG_0661_jpg.rf.759f8f4ab0505eeab76b3acba6281fe5.txt	2	Watermelon Detection.v5-raw_annotations.coco-segmentation\train\IMG_0661_jpg.rf.759f8f4ab0505eeab76b3acba6281fe5.jpg
train	roboflow_team128_v5	train	roboflow_team128_v5_IMG_0662_jpg.rf.fbdbc13754fb34cf610193c77100dfae.jpg	roboflow_team128_v5_IMG_0662_jpg.rf.fbdbc13754fb34cf610193c77100dfae.txt	3	Watermelon Detection.v5-raw_annotations.coco-segmentation\train\IMG_0662_jpg.rf.fbdbc13754fb34cf610193c77100dfae.jpg
train	roboflow_team128_v5	train	roboflow_team128_v5_IMG_0663_jpg.rf.d8dc408ee8d881c7e11afd2310d4442e.jpg	roboflow_team128_v5_IMG_0663_jpg.rf.d8dc408ee8d881c7e11afd2310d4442e.txt	6	Watermelon Detection.v5-raw_annotations.coco-segmentation\train\IMG_0663_jpg.rf.d8dc408ee8d881c7e11afd2310d4442e.jpg
train	roboflow_team128_v5	train	roboflow_team128_v5_IMG_0664_jpg.rf.d60b89c6b75e9e1f973714c34ad7e30d.jpg	roboflow_team128_v5_IMG_0664_jpg.rf.d60b89c6b75e9e1f973714c34ad7e30d.txt	1	Watermelon Detection.v5-raw_annotations.coco-segmentation\train\IMG_0664_jpg.rf.d60b89c6b75e9e1f973714c34ad7e30d.jpg
train	roboflow_team128_v5	test	roboflow_team128_v5_IMG_0665_jpg.rf.1bfe4e56e2433c8ef30f388d78b0c85d.jpg	roboflow_team128_v5_IMG_0665_jpg.rf.1bfe4e56e2433c8ef30f388d78b0c85d.txt	2	Watermelon Detection.v5-raw_annotations.coco-segmentation\test\IMG_0665_jpg.rf.1bfe4e56e2433c8ef30f388d78b0c85d.jpg
train	roboflow_team128_v5	train	roboflow_team128_v5_IMG_0667_jpg.rf.bbe9c4f29d5189975a15f82cf89ee59a.jpg	roboflow_team128_v5_IMG_0667_jpg.rf.bbe9c4f29d5189975a15f82cf89ee59a.txt	1	Watermelon Detection.v5-raw_annotations.coco-segmentation\train\IMG_0667_jpg.rf.bbe9c4f29d5189975a15f82cf89ee59a.jpg
train	roboflow_team128_v5	train	roboflow_team128_v5_IMG_0668_jpg.rf.40f7c02c16aed82cb8c396409fb0970e.jpg	roboflow_team128_v5_IMG_0668_jpg.rf.40f7c02c16aed82cb8c396409fb0970e.txt	1	Watermelon Detection.v5-raw_annotations.coco-segmentation\train\IMG_0668_jpg.rf.40f7c02c16aed82cb8c396409fb0970e.jpg
train	roboflow_team128_v5	valid	roboflow_team128_v5_IMG_0669_jpg.rf.5ccc04b7d9711abf67420efbfa80c581.jpg	roboflow_team128_v5_IMG_0669_jpg.rf.5ccc04b7d9711abf67420efbfa80c581.txt	1	Watermelon Detection.v5-raw_annotations.coco-segmentation\valid\IMG_0669_jpg.rf.5ccc04b7d9711abf67420efbfa80c581.jpg
train	roboflow_team128_v5	test	roboflow_team128_v5_IMG_0672_jpg.rf.069a84423e7e25028b6170dd14e8ffd3.jpg	roboflow_team128_v5_IMG_0672_jpg.rf.069a84423e7e25028b6170dd14e8ffd3.txt	2	Watermelon Detection.v5-raw_annotations.coco-segmentation\test\IMG_0672_jpg.rf.069a84423e7e25028b6170dd14e8ffd3.jpg
train	roboflow_team128_v5	train	roboflow_team128_v5_IMG_0673_jpg.rf.e6d01f3289441ff491866dba3a677725.jpg	roboflow_team128_v5_IMG_0673_jpg.rf.e6d01f3289441ff491866dba3a677725.txt	3	Watermelon Detection.v5-raw_annotations.coco-segmentation\train\IMG_0673_jpg.rf.e6d01f3289441ff491866dba3a677725.jpg
train	roboflow_team128_v5	train	roboflow_team128_v5_IMG_0674_jpg.rf.9963b24e8de374f613523f711013ca08.jpg	roboflow_team128_v5_IMG_0674_jpg.rf.9963b24e8de374f613523f711013ca08.txt	4	Watermelon Detection.v5-raw_annotations.coco-segmentation\train\IMG_0674_jpg.rf.9963b24e8de374f613523f711013ca08.jpg
train	roboflow_team128_v5	train	roboflow_team128_v5_IMG_0675_jpg.rf.d72cc97964209168e59021d1599a4606.jpg	roboflow_team128_v5_IMG_0675_jpg.rf.d72cc97964209168e59021d1599a4606.txt	6	Watermelon Detection.v5-raw_annotations.coco-segmentation\train\IMG_0675_jpg.rf.d72cc97964209168e59021d1599a4606.jpg
train	roboflow_team128_v5	valid	roboflow_team128_v5_IMG_0676_jpg.rf.feff758f1ef417bb4dcab49a4b647ddf.jpg	roboflow_team128_v5_IMG_0676_jpg.rf.feff758f1ef417bb4dcab49a4b647ddf.txt	2	Watermelon Detection.v5-raw_annotations.coco-segmentation\valid\IMG_0676_jpg.rf.feff758f1ef417bb4dcab49a4b647ddf.jpg
train	roboflow_team128_v5	train	roboflow_team128_v5_IMG_0677_jpg.rf.9d21c9ec8b52722cc2c63cae05de4900.jpg	roboflow_team128_v5_IMG_0677_jpg.rf.9d21c9ec8b52722cc2c63cae05de4900.txt	4	Watermelon Detection.v5-raw_annotations.coco-segmentation\train\IMG_0677_jpg.rf.9d21c9ec8b52722cc2c63cae05de4900.jpg
train	roboflow_team128_v5	train	roboflow_team128_v5_IMG_0679_jpg.rf.f83872c3f064f1bb1d3fccf49647cc96.jpg	roboflow_team128_v5_IMG_0679_jpg.rf.f83872c3f064f1bb1d3fccf49647cc96.txt	2	Watermelon Detection.v5-raw_annotations.coco-segmentation\train\IMG_0679_jpg.rf.f83872c3f064f1bb1d3fccf49647cc96.jpg
train	roboflow_team128_v5	train	roboflow_team128_v5_IMG_0681_jpg.rf.645153ccebe37c63e8d2638525901c98.jpg	roboflow_team128_v5_IMG_0681_jpg.rf.645153ccebe37c63e8d2638525901c98.txt	3	Watermelon Detection.v5-raw_annotations.coco-segmentation\train\IMG_0681_jpg.rf.645153ccebe37c63e8d2638525901c98.jpg
train	roboflow_team128_v5	test	roboflow_team128_v5_IMG_0682_jpg.rf.a84b4c664230fd0c34a3db333a1106ec.jpg	roboflow_team128_v5_IMG_0682_jpg.rf.a84b4c664230fd0c34a3db333a1106ec.txt	2	Watermelon Detection.v5-raw_annotations.coco-segmentation\test\IMG_0682_jpg.rf.a84b4c664230fd0c34a3db333a1106ec.jpg
train	roboflow_team128_v5	train	roboflow_team128_v5_IMG_0683_jpg.rf.3fbf16c9a141538d3e4318bc3f2dbf60.jpg	roboflow_team128_v5_IMG_0683_jpg.rf.3fbf16c9a141538d3e4318bc3f2dbf60.txt	1	Watermelon Detection.v5-raw_annotations.coco-segmentation\train\IMG_0683_jpg.rf.3fbf16c9a141538d3e4318bc3f2dbf60.jpg
train	roboflow_team128_v5	train	roboflow_team128_v5_IMG_0684_jpg.rf.fbe08372394c862ba50fcc5a0de67935.jpg	roboflow_team128_v5_IMG_0684_jpg.rf.fbe08372394c862ba50fcc5a0de67935.txt	1	Watermelon Detection.v5-raw_annotations.coco-segmentation\train\IMG_0684_jpg.rf.fbe08372394c862ba50fcc5a0de67935.jpg
train	roboflow_team128_v5	train	roboflow_team128_v5_IMG_0685_jpg.rf.336a5020e8b91ad2261e5a51b4221fb7.jpg	roboflow_team128_v5_IMG_0685_jpg.rf.336a5020e8b91ad2261e5a51b4221fb7.txt	1	Watermelon Detection.v5-raw_annotations.coco-segmentation\train\IMG_0685_jpg.rf.336a5020e8b91ad2261e5a51b4221fb7.jpg
train	roboflow_team128_v5	train	roboflow_team128_v5_IMG_0686_jpg.rf.3ecc69f9a94c26b30b98010ab7cf4d45.jpg	roboflow_team128_v5_IMG_0686_jpg.rf.3ecc69f9a94c26b30b98010ab7cf4d45.txt	2	Watermelon Detection.v5-raw_annotations.coco-segmentation\train\IMG_0686_jpg.rf.3ecc69f9a94c26b30b98010ab7cf4d45.jpg
train	roboflow_team128_v5	test	roboflow_team128_v5_IMG_0689_jpg.rf.f12c74152ae7bcf34c17357c4a85c3b7.jpg	roboflow_team128_v5_IMG_0689_jpg.rf.f12c74152ae7bcf34c17357c4a85c3b7.txt	2	Watermelon Detection.v5-raw_annotations.coco-segmentation\test\IMG_0689_jpg.rf.f12c74152ae7bcf34c17357c4a85c3b7.jpg
train	roboflow_team128_v5	train	roboflow_team128_v5_IMG_0690_jpg.rf.7f374ee61a1e6e39031088d3952f2277.jpg	roboflow_team128_v5_IMG_0690_jpg.rf.7f374ee61a1e6e39031088d3952f2277.txt	4	Watermelon Detection.v5-raw_annotations.coco-segmentation\train\IMG_0690_jpg.rf.7f374ee61a1e6e39031088d3952f2277.jpg
train	roboflow_team128_v5	valid	roboflow_team128_v5_IMG_0694_jpg.rf.4d96dd384a707b708b119a719abb9f16.jpg	roboflow_team128_v5_IMG_0694_jpg.rf.4d96dd384a707b708b119a719abb9f16.txt	5	Watermelon Detection.v5-raw_annotations.coco-segmentation\valid\IMG_0694_jpg.rf.4d96dd384a707b708b119a719abb9f16.jpg
train	roboflow_team128_v5	train	roboflow_team128_v5_IMG_0696_jpg.rf.d95973b6603c0b837cc1a2a232d5898a.jpg	roboflow_team128_v5_IMG_0696_jpg.rf.d95973b6603c0b837cc1a2a232d5898a.txt	4	Watermelon Detection.v5-raw_annotations.coco-segmentation\train\IMG_0696_jpg.rf.d95973b6603c0b837cc1a2a232d5898a.jpg
train	roboflow_team128_v5	valid	roboflow_team128_v5_IMG_0697_jpg.rf.2226fb8940ce1315b1acc1e5f5cbd406.jpg	roboflow_team128_v5_IMG_0697_jpg.rf.2226fb8940ce1315b1acc1e5f5cbd406.txt	4	Watermelon Detection.v5-raw_annotations.coco-segmentation\valid\IMG_0697_jpg.rf.2226fb8940ce1315b1acc1e5f5cbd406.jpg
train	roboflow_team128_v5	train	roboflow_team128_v5_IMG_0700_jpg.rf.43df7986f0b3986f1ea06886a6d42d39.jpg	roboflow_team128_v5_IMG_0700_jpg.rf.43df7986f0b3986f1ea06886a6d42d39.txt	1	Watermelon Detection.v5-raw_annotations.coco-segmentation\train\IMG_0700_jpg.rf.43df7986f0b3986f1ea06886a6d42d39.jpg
train	roboflow_team128_v5	train	roboflow_team128_v5_IMG_0701_jpg.rf.6f6b08f56882573619dbcc733747311c.jpg	roboflow_team128_v5_IMG_0701_jpg.rf.6f6b08f56882573619dbcc733747311c.txt	3	Watermelon Detection.v5-raw_annotations.coco-segmentation\train\IMG_0701_jpg.rf.6f6b08f56882573619dbcc733747311c.jpg
train	roboflow_team128_v5	valid	roboflow_team128_v5_IMG_0702_jpg.rf.c491eeeda916683b2c200826c32d9c66.jpg	roboflow_team128_v5_IMG_0702_jpg.rf.c491eeeda916683b2c200826c32d9c66.txt	2	Watermelon Detection.v5-raw_annotations.coco-segmentation\valid\IMG_0702_jpg.rf.c491eeeda916683b2c200826c32d9c66.jpg
train	roboflow_team128_v5	valid	roboflow_team128_v5_IMG_0703_jpg.rf.c0dc0f1bc373b41e72b2aae3c03e869b.jpg	roboflow_team128_v5_IMG_0703_jpg.rf.c0dc0f1bc373b41e72b2aae3c03e869b.txt	1	Watermelon Detection.v5-raw_annotations.coco-segmentation\valid\IMG_0703_jpg.rf.c0dc0f1bc373b41e72b2aae3c03e869b.jpg
train	roboflow_team128_v5	train	roboflow_team128_v5_IMG_0704_jpg.rf.ffdc22e319de0dc826fa8d89b405b787.jpg	roboflow_team128_v5_IMG_0704_jpg.rf.ffdc22e319de0dc826fa8d89b405b787.txt	1	Watermelon Detection.v5-raw_annotations.coco-segmentation\train\IMG_0704_jpg.rf.ffdc22e319de0dc826fa8d89b405b787.jpg
train	roboflow_team128_v5	train	roboflow_team128_v5_IMG_0705_jpg.rf.fe4169b811ebff8d2d89102d6466b678.jpg	roboflow_team128_v5_IMG_0705_jpg.rf.fe4169b811ebff8d2d89102d6466b678.txt	4	Watermelon Detection.v5-raw_annotations.coco-segmentation\train\IMG_0705_jpg.rf.fe4169b811ebff8d2d89102d6466b678.jpg
train	roboflow_team128_v5	valid	roboflow_team128_v5_IMG_0706_jpg.rf.655061599ab1784a59fe4151c5e10681.jpg	roboflow_team128_v5_IMG_0706_jpg.rf.655061599ab1784a59fe4151c5e10681.txt	4	Watermelon Detection.v5-raw_annotations.coco-segmentation\valid\IMG_0706_jpg.rf.655061599ab1784a59fe4151c5e10681.jpg
train	roboflow_team128_v5	train	roboflow_team128_v5_IMG_0708_jpg.rf.b7bfff9fcc83206511014450e3c60200.jpg	roboflow_team128_v5_IMG_0708_jpg.rf.b7bfff9fcc83206511014450e3c60200.txt	3	Watermelon Detection.v5-raw_annotations.coco-segmentation\train\IMG_0708_jpg.rf.b7bfff9fcc83206511014450e3c60200.jpg
train	roboflow_team128_v5	train	roboflow_team128_v5_IMG_0709_jpg.rf.6a58bdcabb2eb68dfab33a91891d4db3.jpg	roboflow_team128_v5_IMG_0709_jpg.rf.6a58bdcabb2eb68dfab33a91891d4db3.txt	2	Watermelon Detection.v5-raw_annotations.coco-segmentation\train\IMG_0709_jpg.rf.6a58bdcabb2eb68dfab33a91891d4db3.jpg
train	roboflow_team128_v5	train	roboflow_team128_v5_IMG_0710_jpg.rf.bbb08dd84521dae12b2e006010f972aa.jpg	roboflow_team128_v5_IMG_0710_jpg.rf.bbb08dd84521dae12b2e006010f972aa.txt	5	Watermelon Detection.v5-raw_annotations.coco-segmentation\train\IMG_0710_jpg.rf.bbb08dd84521dae12b2e006010f972aa.jpg
train	roboflow_team128_v5	train	roboflow_team128_v5_IMG_0712_jpg.rf.6b0e56a40c24900b491c4f2ce55e74a2.jpg	roboflow_team128_v5_IMG_0712_jpg.rf.6b0e56a40c24900b491c4f2ce55e74a2.txt	3	Watermelon Detection.v5-raw_annotations.coco-segmentation\train\IMG_0712_jpg.rf.6b0e56a40c24900b491c4f2ce55e74a2.jpg
train	roboflow_team128_v5	train	roboflow_team128_v5_IMG_0718_jpg.rf.194c858799b61b740dd0bdb9c1383924.jpg	roboflow_team128_v5_IMG_0718_jpg.rf.194c858799b61b740dd0bdb9c1383924.txt	4	Watermelon Detection.v5-raw_annotations.coco-segmentation\train\IMG_0718_jpg.rf.194c858799b61b740dd0bdb9c1383924.jpg
train	roboflow_team128_v5	train	roboflow_team128_v5_IMG_0719_jpg.rf.dfcf018b95cd357a42473c79bbad5dc3.jpg	roboflow_team128_v5_IMG_0719_jpg.rf.dfcf018b95cd357a42473c79bbad5dc3.txt	4	Watermelon Detection.v5-raw_annotations.coco-segmentation\train\IMG_0719_jpg.rf.dfcf018b95cd357a42473c79bbad5dc3.jpg
train	roboflow_team128_v5	train	roboflow_team128_v5_IMG_0720_jpg.rf.98c6a9eaa035f1b7d46078a8846c1003.jpg	roboflow_team128_v5_IMG_0720_jpg.rf.98c6a9eaa035f1b7d46078a8846c1003.txt	4	Watermelon Detection.v5-raw_annotations.coco-segmentation\train\IMG_0720_jpg.rf.98c6a9eaa035f1b7d46078a8846c1003.jpg
train	roboflow_team128_v5	train	roboflow_team128_v5_IMG_0721_jpg.rf.9eaf871c5ea9359c63dc4481989a4b3c.jpg	roboflow_team128_v5_IMG_0721_jpg.rf.9eaf871c5ea9359c63dc4481989a4b3c.txt	2	Watermelon Detection.v5-raw_annotations.coco-segmentation\train\IMG_0721_jpg.rf.9eaf871c5ea9359c63dc4481989a4b3c.jpg
train	roboflow_team128_v5	train	roboflow_team128_v5_IMG_0722_jpg.rf.6d212a3564c1d2ea8c1c70516cf92baa.jpg	roboflow_team128_v5_IMG_0722_jpg.rf.6d212a3564c1d2ea8c1c70516cf92baa.txt	2	Watermelon Detection.v5-raw_annotations.coco-segmentation\train\IMG_0722_jpg.rf.6d212a3564c1d2ea8c1c70516cf92baa.jpg
train	roboflow_team128_v5	train	roboflow_team128_v5_IMG_0723_jpg.rf.9ea89289f28084ee7c9107befa3806ba.jpg	roboflow_team128_v5_IMG_0723_jpg.rf.9ea89289f28084ee7c9107befa3806ba.txt	5	Watermelon Detection.v5-raw_annotations.coco-segmentation\train\IMG_0723_jpg.rf.9ea89289f28084ee7c9107befa3806ba.jpg
train	roboflow_team128_v5	train	roboflow_team128_v5_IMG_0724_jpg.rf.506abfe9cd2090f42d7888220a6db817.jpg	roboflow_team128_v5_IMG_0724_jpg.rf.506abfe9cd2090f42d7888220a6db817.txt	7	Watermelon Detection.v5-raw_annotations.coco-segmentation\train\IMG_0724_jpg.rf.506abfe9cd2090f42d7888220a6db817.jpg
train	roboflow_team128_v5	train	roboflow_team128_v5_IMG_0726_jpg.rf.0050de1060fca13d4d9e13575ce79410.jpg	roboflow_team128_v5_IMG_0726_jpg.rf.0050de1060fca13d4d9e13575ce79410.txt	2	Watermelon Detection.v5-raw_annotations.coco-segmentation\train\IMG_0726_jpg.rf.0050de1060fca13d4d9e13575ce79410.jpg
train	roboflow_team128_v5	train	roboflow_team128_v5_IMG_0727_jpg.rf.1d4205c5ad385afb65ca1e3487c12c0c.jpg	roboflow_team128_v5_IMG_0727_jpg.rf.1d4205c5ad385afb65ca1e3487c12c0c.txt	4	Watermelon Detection.v5-raw_annotations.coco-segmentation\train\IMG_0727_jpg.rf.1d4205c5ad385afb65ca1e3487c12c0c.jpg
train	roboflow_team128_v5	train	roboflow_team128_v5_IMG_0728_jpg.rf.e90070eaba11e46ae0d36b9d761fa34a.jpg	roboflow_team128_v5_IMG_0728_jpg.rf.e90070eaba11e46ae0d36b9d761fa34a.txt	3	Watermelon Detection.v5-raw_annotations.coco-segmentation\train\IMG_0728_jpg.rf.e90070eaba11e46ae0d36b9d761fa34a.jpg
train	roboflow_team128_v5	train	roboflow_team128_v5_IMG_0729_jpg.rf.ab3159c332681b6346c533ec4c05a1f0.jpg	roboflow_team128_v5_IMG_0729_jpg.rf.ab3159c332681b6346c533ec4c05a1f0.txt	2	Watermelon Detection.v5-raw_annotations.coco-segmentation\train\IMG_0729_jpg.rf.ab3159c332681b6346c533ec4c05a1f0.jpg
train	roboflow_team128_v5	train	roboflow_team128_v5_IMG_0730_jpg.rf.de580129c912414ba4323f6eb634b0e6.jpg	roboflow_team128_v5_IMG_0730_jpg.rf.de580129c912414ba4323f6eb634b0e6.txt	1	Watermelon Detection.v5-raw_annotations.coco-segmentation\train\IMG_0730_jpg.rf.de580129c912414ba4323f6eb634b0e6.jpg
train	roboflow_team128_v5	train	roboflow_team128_v5_IMG_0731_jpg.rf.f72f041010b3a505070c552fc4438ac4.jpg	roboflow_team128_v5_IMG_0731_jpg.rf.f72f041010b3a505070c552fc4438ac4.txt	1	Watermelon Detection.v5-raw_annotations.coco-segmentation\train\IMG_0731_jpg.rf.f72f041010b3a505070c552fc4438ac4.jpg
train	roboflow_team128_v5	train	roboflow_team128_v5_IMG_0732_jpg.rf.a566ae222150b4237607e9d5d3b08fb0.jpg	roboflow_team128_v5_IMG_0732_jpg.rf.a566ae222150b4237607e9d5d3b08fb0.txt	2	Watermelon Detection.v5-raw_annotations.coco-segmentation\train\IMG_0732_jpg.rf.a566ae222150b4237607e9d5d3b08fb0.jpg
train	roboflow_team128_v5	valid	roboflow_team128_v5_IMG_0733_jpg.rf.a98745ff225da3bdd904323093122998.jpg	roboflow_team128_v5_IMG_0733_jpg.rf.a98745ff225da3bdd904323093122998.txt	2	Watermelon Detection.v5-raw_annotations.coco-segmentation\valid\IMG_0733_jpg.rf.a98745ff225da3bdd904323093122998.jpg
train	roboflow_team128_v5	test	roboflow_team128_v5_IMG_0734_jpg.rf.e4aaec5a9d8f632df5ae4e0eb15b7c71.jpg	roboflow_team128_v5_IMG_0734_jpg.rf.e4aaec5a9d8f632df5ae4e0eb15b7c71.txt	1	Watermelon Detection.v5-raw_annotations.coco-segmentation\test\IMG_0734_jpg.rf.e4aaec5a9d8f632df5ae4e0eb15b7c71.jpg
train	roboflow_team128_v5	train	roboflow_team128_v5_IMG_0735_jpg.rf.30eea7c6730f9659f62b49297ac4cd76.jpg	roboflow_team128_v5_IMG_0735_jpg.rf.30eea7c6730f9659f62b49297ac4cd76.txt	2	Watermelon Detection.v5-raw_annotations.coco-segmentation\train\IMG_0735_jpg.rf.30eea7c6730f9659f62b49297ac4cd76.jpg
train	roboflow_team128_v5	valid	roboflow_team128_v5_IMG_0736_jpg.rf.7ae581489d2a48ab7aee193c8e18a525.jpg	roboflow_team128_v5_IMG_0736_jpg.rf.7ae581489d2a48ab7aee193c8e18a525.txt	2	Watermelon Detection.v5-raw_annotations.coco-segmentation\valid\IMG_0736_jpg.rf.7ae581489d2a48ab7aee193c8e18a525.jpg
train	roboflow_team128_v5	train	roboflow_team128_v5_IMG_0737_jpg.rf.9f3a6950233274324fe05405e0f1ecc2.jpg	roboflow_team128_v5_IMG_0737_jpg.rf.9f3a6950233274324fe05405e0f1ecc2.txt	5	Watermelon Detection.v5-raw_annotations.coco-segmentation\train\IMG_0737_jpg.rf.9f3a6950233274324fe05405e0f1ecc2.jpg
train	roboflow_team128_v5	valid	roboflow_team128_v5_IMG_0738_jpg.rf.0f618952a7eb46e7b6803571b9038f40.jpg	roboflow_team128_v5_IMG_0738_jpg.rf.0f618952a7eb46e7b6803571b9038f40.txt	8	Watermelon Detection.v5-raw_annotations.coco-segmentation\valid\IMG_0738_jpg.rf.0f618952a7eb46e7b6803571b9038f40.jpg
train	roboflow_team128_v5	train	roboflow_team128_v5_IMG_0739_jpg.rf.96deb8b0a41ac8be4823223328355629.jpg	roboflow_team128_v5_IMG_0739_jpg.rf.96deb8b0a41ac8be4823223328355629.txt	8	Watermelon Detection.v5-raw_annotations.coco-segmentation\train\IMG_0739_jpg.rf.96deb8b0a41ac8be4823223328355629.jpg
train	roboflow_team128_v5	test	roboflow_team128_v5_IMG_0740_jpg.rf.b8919e26d257e5a1a36fa8ea4f146450.jpg	roboflow_team128_v5_IMG_0740_jpg.rf.b8919e26d257e5a1a36fa8ea4f146450.txt	2	Watermelon Detection.v5-raw_annotations.coco-segmentation\test\IMG_0740_jpg.rf.b8919e26d257e5a1a36fa8ea4f146450.jpg
train	roboflow_team128_v5	train	roboflow_team128_v5_IMG_0741_jpg.rf.2445970cf530539d79937b903ed2d8ad.jpg	roboflow_team128_v5_IMG_0741_jpg.rf.2445970cf530539d79937b903ed2d8ad.txt	3	Watermelon Detection.v5-raw_annotations.coco-segmentation\train\IMG_0741_jpg.rf.2445970cf530539d79937b903ed2d8ad.jpg
train	roboflow_team128_v5	train	roboflow_team128_v5_IMG_0743_jpg.rf.d3e0f98a6e5d0e9ebf5aa79bed82124a.jpg	roboflow_team128_v5_IMG_0743_jpg.rf.d3e0f98a6e5d0e9ebf5aa79bed82124a.txt	2	Watermelon Detection.v5-raw_annotations.coco-segmentation\train\IMG_0743_jpg.rf.d3e0f98a6e5d0e9ebf5aa79bed82124a.jpg
train	roboflow_team128_v5	train	roboflow_team128_v5_IMG_0744_jpg.rf.5a711d6ddfb2f210b47070523e17f109.jpg	roboflow_team128_v5_IMG_0744_jpg.rf.5a711d6ddfb2f210b47070523e17f109.txt	5	Watermelon Detection.v5-raw_annotations.coco-segmentation\train\IMG_0744_jpg.rf.5a711d6ddfb2f210b47070523e17f109.jpg
train	roboflow_team128_v5	train	roboflow_team128_v5_IMG_0745_jpg.rf.6604260de9c3d5a1560b1888c9234c4b.jpg	roboflow_team128_v5_IMG_0745_jpg.rf.6604260de9c3d5a1560b1888c9234c4b.txt	1	Watermelon Detection.v5-raw_annotations.coco-segmentation\train\IMG_0745_jpg.rf.6604260de9c3d5a1560b1888c9234c4b.jpg
train	roboflow_team128_v5	train	roboflow_team128_v5_IMG_0746_jpg.rf.27c84b2b61ca52529b798881d2637d51.jpg	roboflow_team128_v5_IMG_0746_jpg.rf.27c84b2b61ca52529b798881d2637d51.txt	2	Watermelon Detection.v5-raw_annotations.coco-segmentation\train\IMG_0746_jpg.rf.27c84b2b61ca52529b798881d2637d51.jpg
train	roboflow_team128_v5	train	roboflow_team128_v5_IMG_0747_jpg.rf.7d1c778f093e7f12eb3ca5b95330749c.jpg	roboflow_team128_v5_IMG_0747_jpg.rf.7d1c778f093e7f12eb3ca5b95330749c.txt	3	Watermelon Detection.v5-raw_annotations.coco-segmentation\train\IMG_0747_jpg.rf.7d1c778f093e7f12eb3ca5b95330749c.jpg
train	roboflow_team128_v5	train	roboflow_team128_v5_IMG_0748_jpg.rf.f92beb6618ec98bc33b10e387a8cba9d.jpg	roboflow_team128_v5_IMG_0748_jpg.rf.f92beb6618ec98bc33b10e387a8cba9d.txt	1	Watermelon Detection.v5-raw_annotations.coco-segmentation\train\IMG_0748_jpg.rf.f92beb6618ec98bc33b10e387a8cba9d.jpg
train	roboflow_team128_v5	train	roboflow_team128_v5_IMG_0749_jpg.rf.c8275cbcdb4ffaac374f1e20a0abb63c.jpg	roboflow_team128_v5_IMG_0749_jpg.rf.c8275cbcdb4ffaac374f1e20a0abb63c.txt	3	Watermelon Detection.v5-raw_annotations.coco-segmentation\train\IMG_0749_jpg.rf.c8275cbcdb4ffaac374f1e20a0abb63c.jpg
train	roboflow_team128_v5	train	roboflow_team128_v5_IMG_0751_jpg.rf.bae4c5aeffe0ea613ce4d56089766607.jpg	roboflow_team128_v5_IMG_0751_jpg.rf.bae4c5aeffe0ea613ce4d56089766607.txt	8	Watermelon Detection.v5-raw_annotations.coco-segmentation\train\IMG_0751_jpg.rf.bae4c5aeffe0ea613ce4d56089766607.jpg
train	roboflow_team128_v5	train	roboflow_team128_v5_IMG_0752_jpg.rf.323e9eaaca7fadd5756845d378633bdc.jpg	roboflow_team128_v5_IMG_0752_jpg.rf.323e9eaaca7fadd5756845d378633bdc.txt	3	Watermelon Detection.v5-raw_annotations.coco-segmentation\train\IMG_0752_jpg.rf.323e9eaaca7fadd5756845d378633bdc.jpg
train	roboflow_team128_v5	train	roboflow_team128_v5_IMG_0753_jpg.rf.e6a224ac9e9227f44a6e1b2e8eeb89a9.jpg	roboflow_team128_v5_IMG_0753_jpg.rf.e6a224ac9e9227f44a6e1b2e8eeb89a9.txt	3	Watermelon Detection.v5-raw_annotations.coco-segmentation\train\IMG_0753_jpg.rf.e6a224ac9e9227f44a6e1b2e8eeb89a9.jpg
train	roboflow_team128_v5	train	roboflow_team128_v5_IMG_0754_jpg.rf.979a12d17eebc02bb3195e6f9ee934b0.jpg	roboflow_team128_v5_IMG_0754_jpg.rf.979a12d17eebc02bb3195e6f9ee934b0.txt	3	Watermelon Detection.v5-raw_annotations.coco-segmentation\train\IMG_0754_jpg.rf.979a12d17eebc02bb3195e6f9ee934b0.jpg
train	roboflow_team128_v5	train	roboflow_team128_v5_IMG_0755_jpg.rf.192e72841cc1290890aa17f7d15dc69d.jpg	roboflow_team128_v5_IMG_0755_jpg.rf.192e72841cc1290890aa17f7d15dc69d.txt	1	Watermelon Detection.v5-raw_annotations.coco-segmentation\train\IMG_0755_jpg.rf.192e72841cc1290890aa17f7d15dc69d.jpg
train	roboflow_team128_v5	train	roboflow_team128_v5_IMG_0756_jpg.rf.ed8d59d8ba709c9286842c6692188867.jpg	roboflow_team128_v5_IMG_0756_jpg.rf.ed8d59d8ba709c9286842c6692188867.txt	3	Watermelon Detection.v5-raw_annotations.coco-segmentation\train\IMG_0756_jpg.rf.ed8d59d8ba709c9286842c6692188867.jpg
train	roboflow_team128_v5	train	roboflow_team128_v5_IMG_0757_jpg.rf.07cb19044152b2f376a6768491d8568e.jpg	roboflow_team128_v5_IMG_0757_jpg.rf.07cb19044152b2f376a6768491d8568e.txt	5	Watermelon Detection.v5-raw_annotations.coco-segmentation\train\IMG_0757_jpg.rf.07cb19044152b2f376a6768491d8568e.jpg
train	roboflow_team128_v5	train	roboflow_team128_v5_IMG_0758_jpg.rf.59fc8bb4a2d8366b0e3132b4faad09bc.jpg	roboflow_team128_v5_IMG_0758_jpg.rf.59fc8bb4a2d8366b0e3132b4faad09bc.txt	8	Watermelon Detection.v5-raw_annotations.coco-segmentation\train\IMG_0758_jpg.rf.59fc8bb4a2d8366b0e3132b4faad09bc.jpg
train	roboflow_team128_v5	valid	roboflow_team128_v5_IMG_0759_jpg.rf.d66a5f9749f6b6a3437428c484fafea5.jpg	roboflow_team128_v5_IMG_0759_jpg.rf.d66a5f9749f6b6a3437428c484fafea5.txt	9	Watermelon Detection.v5-raw_annotations.coco-segmentation\valid\IMG_0759_jpg.rf.d66a5f9749f6b6a3437428c484fafea5.jpg
train	roboflow_team128_v5	train	roboflow_team128_v5_IMG_0760_jpg.rf.f3ebfd299a71d33b548c56367889aaf6.jpg	roboflow_team128_v5_IMG_0760_jpg.rf.f3ebfd299a71d33b548c56367889aaf6.txt	2	Watermelon Detection.v5-raw_annotations.coco-segmentation\train\IMG_0760_jpg.rf.f3ebfd299a71d33b548c56367889aaf6.jpg
train	roboflow_team128_v5	train	roboflow_team128_v5_IMG_0761_jpg.rf.20acb6a8d93cded9797b3129baa045d5.jpg	roboflow_team128_v5_IMG_0761_jpg.rf.20acb6a8d93cded9797b3129baa045d5.txt	2	Watermelon Detection.v5-raw_annotations.coco-segmentation\train\IMG_0761_jpg.rf.20acb6a8d93cded9797b3129baa045d5.jpg
train	roboflow_team128_v5	train	roboflow_team128_v5_IMG_0762_jpg.rf.12bbc9d95080971413347b84296b1b09.jpg	roboflow_team128_v5_IMG_0762_jpg.rf.12bbc9d95080971413347b84296b1b09.txt	5	Watermelon Detection.v5-raw_annotations.coco-segmentation\train\IMG_0762_jpg.rf.12bbc9d95080971413347b84296b1b09.jpg
train	roboflow_team128_v5	train	roboflow_team128_v5_IMG_0763_jpg.rf.cb245ad0a641c49b7f40727282c273c4.jpg	roboflow_team128_v5_IMG_0763_jpg.rf.cb245ad0a641c49b7f40727282c273c4.txt	5	Watermelon Detection.v5-raw_annotations.coco-segmentation\train\IMG_0763_jpg.rf.cb245ad0a641c49b7f40727282c273c4.jpg
train	roboflow_team128_v5	train	roboflow_team128_v5_IMG_0764_jpg.rf.bbf552208e14af07bb0a3a999843765e.jpg	roboflow_team128_v5_IMG_0764_jpg.rf.bbf552208e14af07bb0a3a999843765e.txt	3	Watermelon Detection.v5-raw_annotations.coco-segmentation\train\IMG_0764_jpg.rf.bbf552208e14af07bb0a3a999843765e.jpg
train	roboflow_team128_v5	train	roboflow_team128_v5_IMG_0765_jpg.rf.28286a7fb81f51832ce6ff9df7bde128.jpg	roboflow_team128_v5_IMG_0765_jpg.rf.28286a7fb81f51832ce6ff9df7bde128.txt	3	Watermelon Detection.v5-raw_annotations.coco-segmentation\train\IMG_0765_jpg.rf.28286a7fb81f51832ce6ff9df7bde128.jpg
train	roboflow_team128_v5	train	roboflow_team128_v5_IMG_0766_jpg.rf.4546ed645b27eb3ccd49661cecbfe582.jpg	roboflow_team128_v5_IMG_0766_jpg.rf.4546ed645b27eb3ccd49661cecbfe582.txt	3	Watermelon Detection.v5-raw_annotations.coco-segmentation\train\IMG_0766_jpg.rf.4546ed645b27eb3ccd49661cecbfe582.jpg
train	roboflow_team128_v5	train	roboflow_team128_v5_IMG_0767_jpg.rf.2e13cc081a846595b0033bb60c1f0d09.jpg	roboflow_team128_v5_IMG_0767_jpg.rf.2e13cc081a846595b0033bb60c1f0d09.txt	2	Watermelon Detection.v5-raw_annotations.coco-segmentation\train\IMG_0767_jpg.rf.2e13cc081a846595b0033bb60c1f0d09.jpg
train	roboflow_team128_v5	train	roboflow_team128_v5_IMG_0768_jpg.rf.80de8504953a28f1674531be59e1f45f.jpg	roboflow_team128_v5_IMG_0768_jpg.rf.80de8504953a28f1674531be59e1f45f.txt	9	Watermelon Detection.v5-raw_annotations.coco-segmentation\train\IMG_0768_jpg.rf.80de8504953a28f1674531be59e1f45f.jpg
train	roboflow_team128_v5	train	roboflow_team128_v5_IMG_0769_jpg.rf.4201007fa71658500d6fae3955651f92.jpg	roboflow_team128_v5_IMG_0769_jpg.rf.4201007fa71658500d6fae3955651f92.txt	12	Watermelon Detection.v5-raw_annotations.coco-segmentation\train\IMG_0769_jpg.rf.4201007fa71658500d6fae3955651f92.jpg
train	roboflow_team128_v5	train	roboflow_team128_v5_IMG_0771_jpg.rf.a0457dcc823e7f726342c4b955d20701.jpg	roboflow_team128_v5_IMG_0771_jpg.rf.a0457dcc823e7f726342c4b955d20701.txt	12	Watermelon Detection.v5-raw_annotations.coco-segmentation\train\IMG_0771_jpg.rf.a0457dcc823e7f726342c4b955d20701.jpg
train	roboflow_team128_v5	valid	roboflow_team128_v5_IMG_0774_jpg.rf.050925a991754fdb33949fa91422dcf4.jpg	roboflow_team128_v5_IMG_0774_jpg.rf.050925a991754fdb33949fa91422dcf4.txt	2	Watermelon Detection.v5-raw_annotations.coco-segmentation\valid\IMG_0774_jpg.rf.050925a991754fdb33949fa91422dcf4.jpg
train	roboflow_team128_v5	train	roboflow_team128_v5_IMG_0775_jpg.rf.46c91d16443325774a7e8c6c0fc74539.jpg	roboflow_team128_v5_IMG_0775_jpg.rf.46c91d16443325774a7e8c6c0fc74539.txt	2	Watermelon Detection.v5-raw_annotations.coco-segmentation\train\IMG_0775_jpg.rf.46c91d16443325774a7e8c6c0fc74539.jpg
train	roboflow_team128_v5	train	roboflow_team128_v5_IMG_0776_jpg.rf.0998c17e77d4567e205f30500d464197.jpg	roboflow_team128_v5_IMG_0776_jpg.rf.0998c17e77d4567e205f30500d464197.txt	2	Watermelon Detection.v5-raw_annotations.coco-segmentation\train\IMG_0776_jpg.rf.0998c17e77d4567e205f30500d464197.jpg
train	roboflow_team128_v5	train	roboflow_team128_v5_IMG_0777_jpg.rf.4b551d554d5292f1604a500858e23753.jpg	roboflow_team128_v5_IMG_0777_jpg.rf.4b551d554d5292f1604a500858e23753.txt	7	Watermelon Detection.v5-raw_annotations.coco-segmentation\train\IMG_0777_jpg.rf.4b551d554d5292f1604a500858e23753.jpg
train	roboflow_team128_v5	valid	roboflow_team128_v5_IMG_0778_jpg.rf.f0ff174e2432e395b8feb3036c4077bd.jpg	roboflow_team128_v5_IMG_0778_jpg.rf.f0ff174e2432e395b8feb3036c4077bd.txt	1	Watermelon Detection.v5-raw_annotations.coco-segmentation\valid\IMG_0778_jpg.rf.f0ff174e2432e395b8feb3036c4077bd.jpg
train	roboflow_team128_v5	train	roboflow_team128_v5_IMG_0779_jpg.rf.80f0f6461ec5d7e5aadc63d06243a241.jpg	roboflow_team128_v5_IMG_0779_jpg.rf.80f0f6461ec5d7e5aadc63d06243a241.txt	3	Watermelon Detection.v5-raw_annotations.coco-segmentation\train\IMG_0779_jpg.rf.80f0f6461ec5d7e5aadc63d06243a241.jpg
train	roboflow_team128_v5	train	roboflow_team128_v5_IMG_0780_jpg.rf.0a3ebd62cee3d8f43dd7eb46928e7aeb.jpg	roboflow_team128_v5_IMG_0780_jpg.rf.0a3ebd62cee3d8f43dd7eb46928e7aeb.txt	3	Watermelon Detection.v5-raw_annotations.coco-segmentation\train\IMG_0780_jpg.rf.0a3ebd62cee3d8f43dd7eb46928e7aeb.jpg
train	roboflow_team128_v5	train	roboflow_team128_v5_IMG_0781_jpg.rf.0aa25dee0b9fb0420d8c2294a5163308.jpg	roboflow_team128_v5_IMG_0781_jpg.rf.0aa25dee0b9fb0420d8c2294a5163308.txt	4	Watermelon Detection.v5-raw_annotations.coco-segmentation\train\IMG_0781_jpg.rf.0aa25dee0b9fb0420d8c2294a5163308.jpg
train	roboflow_team128_v5	train	roboflow_team128_v5_IMG_0782_jpg.rf.0ab023eff99bc125f4eb8198618a1c7c.jpg	roboflow_team128_v5_IMG_0782_jpg.rf.0ab023eff99bc125f4eb8198618a1c7c.txt	3	Watermelon Detection.v5-raw_annotations.coco-segmentation\train\IMG_0782_jpg.rf.0ab023eff99bc125f4eb8198618a1c7c.jpg
train	roboflow_team128_v5	valid	roboflow_team128_v5_IMG_0784_jpg.rf.d7637595c84a75c8b46e46487c682aa7.jpg	roboflow_team128_v5_IMG_0784_jpg.rf.d7637595c84a75c8b46e46487c682aa7.txt	2	Watermelon Detection.v5-raw_annotations.coco-segmentation\valid\IMG_0784_jpg.rf.d7637595c84a75c8b46e46487c682aa7.jpg
train	roboflow_team128_v5	valid	roboflow_team128_v5_IMG_0785_jpg.rf.e45fc5315006a9c7e62c68e2980f87c7.jpg	roboflow_team128_v5_IMG_0785_jpg.rf.e45fc5315006a9c7e62c68e2980f87c7.txt	3	Watermelon Detection.v5-raw_annotations.coco-segmentation\valid\IMG_0785_jpg.rf.e45fc5315006a9c7e62c68e2980f87c7.jpg
train	roboflow_team128_v5	train	roboflow_team128_v5_IMG_0786_jpg.rf.77a31a3bbf13fbc1f4fc7a2abf14016a.jpg	roboflow_team128_v5_IMG_0786_jpg.rf.77a31a3bbf13fbc1f4fc7a2abf14016a.txt	2	Watermelon Detection.v5-raw_annotations.coco-segmentation\train\IMG_0786_jpg.rf.77a31a3bbf13fbc1f4fc7a2abf14016a.jpg
train	roboflow_team128_v5	train	roboflow_team128_v5_IMG_0787_jpg.rf.d0f316d2881f8794004ca91f5d101741.jpg	roboflow_team128_v5_IMG_0787_jpg.rf.d0f316d2881f8794004ca91f5d101741.txt	3	Watermelon Detection.v5-raw_annotations.coco-segmentation\train\IMG_0787_jpg.rf.d0f316d2881f8794004ca91f5d101741.jpg
train	roboflow_team128_v5	valid	roboflow_team128_v5_IMG_0788_jpg.rf.e3ea38a4d762ea77f501821e6f9dadd1.jpg	roboflow_team128_v5_IMG_0788_jpg.rf.e3ea38a4d762ea77f501821e6f9dadd1.txt	2	Watermelon Detection.v5-raw_annotations.coco-segmentation\valid\IMG_0788_jpg.rf.e3ea38a4d762ea77f501821e6f9dadd1.jpg
train	roboflow_team128_v5	valid	roboflow_team128_v5_IMG_0789_jpg.rf.7902c866d88b72d3b03f4dfd0ac99fb2.jpg	roboflow_team128_v5_IMG_0789_jpg.rf.7902c866d88b72d3b03f4dfd0ac99fb2.txt	3	Watermelon Detection.v5-raw_annotations.coco-segmentation\valid\IMG_0789_jpg.rf.7902c866d88b72d3b03f4dfd0ac99fb2.jpg
train	roboflow_team128_v5	valid	roboflow_team128_v5_IMG_0790_jpg.rf.cab732489061af7481d607881aa4bf67.jpg	roboflow_team128_v5_IMG_0790_jpg.rf.cab732489061af7481d607881aa4bf67.txt	13	Watermelon Detection.v5-raw_annotations.coco-segmentation\valid\IMG_0790_jpg.rf.cab732489061af7481d607881aa4bf67.jpg
train	roboflow_team128_v5	train	roboflow_team128_v5_IMG_0792_jpg.rf.5c8198dfb9667570199f797c362fba1f.jpg	roboflow_team128_v5_IMG_0792_jpg.rf.5c8198dfb9667570199f797c362fba1f.txt	4	Watermelon Detection.v5-raw_annotations.coco-segmentation\train\IMG_0792_jpg.rf.5c8198dfb9667570199f797c362fba1f.jpg
train	roboflow_team128_v5	train	roboflow_team128_v5_IMG_0794_jpg.rf.1b7c6f31ede4331cde29b5d20921c33d.jpg	roboflow_team128_v5_IMG_0794_jpg.rf.1b7c6f31ede4331cde29b5d20921c33d.txt	1	Watermelon Detection.v5-raw_annotations.coco-segmentation\train\IMG_0794_jpg.rf.1b7c6f31ede4331cde29b5d20921c33d.jpg
train	roboflow_team128_v5	train	roboflow_team128_v5_IMG_0795_jpg.rf.19036d8784fa5c4b3403418e5b74eb0c.jpg	roboflow_team128_v5_IMG_0795_jpg.rf.19036d8784fa5c4b3403418e5b74eb0c.txt	1	Watermelon Detection.v5-raw_annotations.coco-segmentation\train\IMG_0795_jpg.rf.19036d8784fa5c4b3403418e5b74eb0c.jpg
train	roboflow_team128_v5	train	roboflow_team128_v5_IMG_0796_jpg.rf.20d9e5d4b9e99650602b22c4dff2f512.jpg	roboflow_team128_v5_IMG_0796_jpg.rf.20d9e5d4b9e99650602b22c4dff2f512.txt	1	Watermelon Detection.v5-raw_annotations.coco-segmentation\train\IMG_0796_jpg.rf.20d9e5d4b9e99650602b22c4dff2f512.jpg
train	roboflow_team128_v5	train	roboflow_team128_v5_IMG_0797_jpg.rf.3c25ba5dffd0cec2f074345d2d34c6ab.jpg	roboflow_team128_v5_IMG_0797_jpg.rf.3c25ba5dffd0cec2f074345d2d34c6ab.txt	2	Watermelon Detection.v5-raw_annotations.coco-segmentation\train\IMG_0797_jpg.rf.3c25ba5dffd0cec2f074345d2d34c6ab.jpg
train	roboflow_team128_v5	train	roboflow_team128_v5_IMG_0798_jpg.rf.7ee18c056195eeb55f0808ad62be9fe6.jpg	roboflow_team128_v5_IMG_0798_jpg.rf.7ee18c056195eeb55f0808ad62be9fe6.txt	1	Watermelon Detection.v5-raw_annotations.coco-segmentation\train\IMG_0798_jpg.rf.7ee18c056195eeb55f0808ad62be9fe6.jpg
train	roboflow_team128_v5	train	roboflow_team128_v5_IMG_0799_jpg.rf.6d3d2a9cb085506a124d7f2ff5e9e370.jpg	roboflow_team128_v5_IMG_0799_jpg.rf.6d3d2a9cb085506a124d7f2ff5e9e370.txt	2	Watermelon Detection.v5-raw_annotations.coco-segmentation\train\IMG_0799_jpg.rf.6d3d2a9cb085506a124d7f2ff5e9e370.jpg
train	roboflow_team128_v5	train	roboflow_team128_v5_IMG_0800_jpg.rf.cbdba2d02ac6dbc0356dad58bb2cd2ca.jpg	roboflow_team128_v5_IMG_0800_jpg.rf.cbdba2d02ac6dbc0356dad58bb2cd2ca.txt	4	Watermelon Detection.v5-raw_annotations.coco-segmentation\train\IMG_0800_jpg.rf.cbdba2d02ac6dbc0356dad58bb2cd2ca.jpg
train	roboflow_team128_v5	test	roboflow_team128_v5_IMG_0801_jpg.rf.e01c1cfa9c69be726a8e99bc5c3944a9.jpg	roboflow_team128_v5_IMG_0801_jpg.rf.e01c1cfa9c69be726a8e99bc5c3944a9.txt	1	Watermelon Detection.v5-raw_annotations.coco-segmentation\test\IMG_0801_jpg.rf.e01c1cfa9c69be726a8e99bc5c3944a9.jpg
train	roboflow_team128_v5	test	roboflow_team128_v5_IMG_0802_jpg.rf.1541b116db9c5ee62ba95856703df672.jpg	roboflow_team128_v5_IMG_0802_jpg.rf.1541b116db9c5ee62ba95856703df672.txt	2	Watermelon Detection.v5-raw_annotations.coco-segmentation\test\IMG_0802_jpg.rf.1541b116db9c5ee62ba95856703df672.jpg
train	roboflow_team128_v5	train	roboflow_team128_v5_IMG_0803_jpg.rf.8cf2bbbf068feca5345e666d31fe3e45.jpg	roboflow_team128_v5_IMG_0803_jpg.rf.8cf2bbbf068feca5345e666d31fe3e45.txt	6	Watermelon Detection.v5-raw_annotations.coco-segmentation\train\IMG_0803_jpg.rf.8cf2bbbf068feca5345e666d31fe3e45.jpg
train	roboflow_team128_v5	test	roboflow_team128_v5_IMG_0804_jpg.rf.95a5a20873e445cc7bacc01e89221c53.jpg	roboflow_team128_v5_IMG_0804_jpg.rf.95a5a20873e445cc7bacc01e89221c53.txt	3	Watermelon Detection.v5-raw_annotations.coco-segmentation\test\IMG_0804_jpg.rf.95a5a20873e445cc7bacc01e89221c53.jpg
train	roboflow_team128_v5	valid	roboflow_team128_v5_IMG_0805_jpg.rf.cd920cc70e9c25bc5f838f846c9b7dad.jpg	roboflow_team128_v5_IMG_0805_jpg.rf.cd920cc70e9c25bc5f838f846c9b7dad.txt	3	Watermelon Detection.v5-raw_annotations.coco-segmentation\valid\IMG_0805_jpg.rf.cd920cc70e9c25bc5f838f846c9b7dad.jpg
train	roboflow_team128_v5	train	roboflow_team128_v5_IMG_0806_jpg.rf.52b2c5c8185de6fb55a986b272ba5fdd.jpg	roboflow_team128_v5_IMG_0806_jpg.rf.52b2c5c8185de6fb55a986b272ba5fdd.txt	1	Watermelon Detection.v5-raw_annotations.coco-segmentation\train\IMG_0806_jpg.rf.52b2c5c8185de6fb55a986b272ba5fdd.jpg
train	roboflow_team128_v5	train	roboflow_team128_v5_IMG_0807_jpg.rf.2f55402297319e8346bf9ced4a6ee51b.jpg	roboflow_team128_v5_IMG_0807_jpg.rf.2f55402297319e8346bf9ced4a6ee51b.txt	2	Watermelon Detection.v5-raw_annotations.coco-segmentation\train\IMG_0807_jpg.rf.2f55402297319e8346bf9ced4a6ee51b.jpg
train	roboflow_team128_v5	train	roboflow_team128_v5_IMG_0808_jpg.rf.a73668913c9c2fad9def927745c45c95.jpg	roboflow_team128_v5_IMG_0808_jpg.rf.a73668913c9c2fad9def927745c45c95.txt	1	Watermelon Detection.v5-raw_annotations.coco-segmentation\train\IMG_0808_jpg.rf.a73668913c9c2fad9def927745c45c95.jpg
train	roboflow_team128_v5	train	roboflow_team128_v5_IMG_1961_jpg.rf.7e24fd065e53c34962cf78db225f8b3a.jpg	roboflow_team128_v5_IMG_1961_jpg.rf.7e24fd065e53c34962cf78db225f8b3a.txt	1	Watermelon Detection.v5-raw_annotations.coco-segmentation\train\IMG_1961_jpg.rf.7e24fd065e53c34962cf78db225f8b3a.jpg
train	roboflow_team128_v5	valid	roboflow_team128_v5_IMG_1962_jpg.rf.828d8997d74c4a367a8468081bfbe600.jpg	roboflow_team128_v5_IMG_1962_jpg.rf.828d8997d74c4a367a8468081bfbe600.txt	1	Watermelon Detection.v5-raw_annotations.coco-segmentation\valid\IMG_1962_jpg.rf.828d8997d74c4a367a8468081bfbe600.jpg
train	roboflow_team128_v5	train	roboflow_team128_v5_IMG_1963_jpg.rf.3016df3cf3487378b6b192560cb0bac6.jpg	roboflow_team128_v5_IMG_1963_jpg.rf.3016df3cf3487378b6b192560cb0bac6.txt	1	Watermelon Detection.v5-raw_annotations.coco-segmentation\train\IMG_1963_jpg.rf.3016df3cf3487378b6b192560cb0bac6.jpg
train	roboflow_team128_v5	train	roboflow_team128_v5_IMG_1964_jpg.rf.3e0372f645932bbfe55d12fd4e3bb8f1.jpg	roboflow_team128_v5_IMG_1964_jpg.rf.3e0372f645932bbfe55d12fd4e3bb8f1.txt	1	Watermelon Detection.v5-raw_annotations.coco-segmentation\train\IMG_1964_jpg.rf.3e0372f645932bbfe55d12fd4e3bb8f1.jpg
val	local_test_images_20260707	manual_labelme	local_test_images_20260707_0010.jpg	local_test_images_20260707_0010.txt	13	test_images/微信图片_20260707154836_16_2.jpg
val	my_labelme	manual	my_labelme_color_000001.png	my_labelme_color_000001.txt	11	raw\color_000001.png
val	my_labelme	manual	my_labelme_color_000034.png	my_labelme_color_000034.txt	11	raw\color_000034.png
val	my_labelme	manual	my_labelme_color_000045.png	my_labelme_color_000045.txt	13	raw\color_000045.png
val	my_labelme	manual	my_labelme_color_000068.png	my_labelme_color_000068.txt	10	raw\color_000068.png
val	my_labelme	manual	my_labelme_color_000070.png	my_labelme_color_000070.txt	12	raw\color_000070.png
val	roboflow_drago_v1	valid	roboflow_drago_v1_102_jpg.rf.335300f2a14298135e6d25d88d958567.jpg	roboflow_drago_v1_102_jpg.rf.335300f2a14298135e6d25d88d958567.txt	1	Watermelon Detector.v1i.coco-segmentation\valid\102_jpg.rf.335300f2a14298135e6d25d88d958567.jpg
val	roboflow_drago_v1	test	roboflow_drago_v1_122_jpg.rf.15a0773b516816b3d33dfb100207a524.jpg	roboflow_drago_v1_122_jpg.rf.15a0773b516816b3d33dfb100207a524.txt	1	Watermelon Detector.v1i.coco-segmentation\test\122_jpg.rf.15a0773b516816b3d33dfb100207a524.jpg
val	roboflow_drago_v1	train	roboflow_drago_v1_139_jpg.rf.ea8fcaa725f59fc91f0c79a4e92d1cf2.jpg	roboflow_drago_v1_139_jpg.rf.ea8fcaa725f59fc91f0c79a4e92d1cf2.txt	1	Watermelon Detector.v1i.coco-segmentation\train\139_jpg.rf.ea8fcaa725f59fc91f0c79a4e92d1cf2.jpg
val	roboflow_drago_v1	train	roboflow_drago_v1_157_jpg.rf.2aa2ef027f84e148d25ae2e7695d1da0.jpg	roboflow_drago_v1_157_jpg.rf.2aa2ef027f84e148d25ae2e7695d1da0.txt	1	Watermelon Detector.v1i.coco-segmentation\train\157_jpg.rf.2aa2ef027f84e148d25ae2e7695d1da0.jpg
val	roboflow_drago_v1	train	roboflow_drago_v1_172_jpg.rf.11c06eb42a75712b1ba0b992af40bb4e.jpg	roboflow_drago_v1_172_jpg.rf.11c06eb42a75712b1ba0b992af40bb4e.txt	1	Watermelon Detector.v1i.coco-segmentation\train\172_jpg.rf.11c06eb42a75712b1ba0b992af40bb4e.jpg
val	roboflow_drago_v1	test	roboflow_drago_v1_179_jpg.rf.db77f25c8ff621a9fbeca3836548b48a.jpg	roboflow_drago_v1_179_jpg.rf.db77f25c8ff621a9fbeca3836548b48a.txt	2	Watermelon Detector.v1i.coco-segmentation\test\179_jpg.rf.db77f25c8ff621a9fbeca3836548b48a.jpg
val	roboflow_drago_v1	train	roboflow_drago_v1_184_jpg.rf.93b4ac59f66ad8e4b348735c190b2c35.jpg	roboflow_drago_v1_184_jpg.rf.93b4ac59f66ad8e4b348735c190b2c35.txt	1	Watermelon Detector.v1i.coco-segmentation\train\184_jpg.rf.93b4ac59f66ad8e4b348735c190b2c35.jpg
val	roboflow_drago_v1	test	roboflow_drago_v1_186_jpg.rf.fa676c403c7e1ea765de774c0312754d.jpg	roboflow_drago_v1_186_jpg.rf.fa676c403c7e1ea765de774c0312754d.txt	1	Watermelon Detector.v1i.coco-segmentation\test\186_jpg.rf.fa676c403c7e1ea765de774c0312754d.jpg
val	roboflow_drago_v1	train	roboflow_drago_v1_212_jpg.rf.a3fae81bc7ff2d6c9982107ce8ce5f49.jpg	roboflow_drago_v1_212_jpg.rf.a3fae81bc7ff2d6c9982107ce8ce5f49.txt	1	Watermelon Detector.v1i.coco-segmentation\train\212_jpg.rf.a3fae81bc7ff2d6c9982107ce8ce5f49.jpg
val	roboflow_drago_v1	train	roboflow_drago_v1_218_jpg.rf.0ae8fc7743958724f539b6e0caabc6a3.jpg	roboflow_drago_v1_218_jpg.rf.0ae8fc7743958724f539b6e0caabc6a3.txt	4	Watermelon Detector.v1i.coco-segmentation\train\218_jpg.rf.0ae8fc7743958724f539b6e0caabc6a3.jpg
val	roboflow_drago_v1	train	roboflow_drago_v1_222_jpg.rf.14537528471e9c96b6c6a8fff28cef1e.jpg	roboflow_drago_v1_222_jpg.rf.14537528471e9c96b6c6a8fff28cef1e.txt	1	Watermelon Detector.v1i.coco-segmentation\train\222_jpg.rf.14537528471e9c96b6c6a8fff28cef1e.jpg
val	roboflow_drago_v1	train	roboflow_drago_v1_232_jpg.rf.93d402802a53dc622213a7d846630637.jpg	roboflow_drago_v1_232_jpg.rf.93d402802a53dc622213a7d846630637.txt	1	Watermelon Detector.v1i.coco-segmentation\train\232_jpg.rf.93d402802a53dc622213a7d846630637.jpg
val	roboflow_drago_v1	train	roboflow_drago_v1_281_jpg.rf.9dc7d5c2874917cac768a4182030e944.jpg	roboflow_drago_v1_281_jpg.rf.9dc7d5c2874917cac768a4182030e944.txt	1	Watermelon Detector.v1i.coco-segmentation\train\281_jpg.rf.9dc7d5c2874917cac768a4182030e944.jpg
val	roboflow_drago_v1	train	roboflow_drago_v1_284_jpg.rf.2f1bb22df409e24cd332141bcf4e54c4.jpg	roboflow_drago_v1_284_jpg.rf.2f1bb22df409e24cd332141bcf4e54c4.txt	1	Watermelon Detector.v1i.coco-segmentation\train\284_jpg.rf.2f1bb22df409e24cd332141bcf4e54c4.jpg
val	roboflow_drago_v1	train	roboflow_drago_v1_326_jpg.rf.64e4a316c3eb59f105533211c8d822c7.jpg	roboflow_drago_v1_326_jpg.rf.64e4a316c3eb59f105533211c8d822c7.txt	1	Watermelon Detector.v1i.coco-segmentation\train\326_jpg.rf.64e4a316c3eb59f105533211c8d822c7.jpg
val	roboflow_drago_v1	train	roboflow_drago_v1_339_jpg.rf.5b3937653389b16477481695a9ce151a.jpg	roboflow_drago_v1_339_jpg.rf.5b3937653389b16477481695a9ce151a.txt	2	Watermelon Detector.v1i.coco-segmentation\train\339_jpg.rf.5b3937653389b16477481695a9ce151a.jpg
val	roboflow_drago_v1	train	roboflow_drago_v1_339_jpg.rf.aa6371b430e9c68076d8749a479be8e1.jpg	roboflow_drago_v1_339_jpg.rf.aa6371b430e9c68076d8749a479be8e1.txt	2	Watermelon Detector.v1i.coco-segmentation\train\339_jpg.rf.aa6371b430e9c68076d8749a479be8e1.jpg
val	roboflow_drago_v1	train	roboflow_drago_v1_349_jpg.rf.2fb66e2a93ed621f622a58981e73e75a.jpg	roboflow_drago_v1_349_jpg.rf.2fb66e2a93ed621f622a58981e73e75a.txt	1	Watermelon Detector.v1i.coco-segmentation\train\349_jpg.rf.2fb66e2a93ed621f622a58981e73e75a.jpg
val	roboflow_drago_v1	train	roboflow_drago_v1_356_jpg.rf.67651798d7cd24e703032632b3f5c4fb.jpg	roboflow_drago_v1_356_jpg.rf.67651798d7cd24e703032632b3f5c4fb.txt	1	Watermelon Detector.v1i.coco-segmentation\train\356_jpg.rf.67651798d7cd24e703032632b3f5c4fb.jpg
val	roboflow_drago_v1	valid	roboflow_drago_v1_364_jpg.rf.205e69ab53891010e8ad39bf1db49376.jpg	roboflow_drago_v1_364_jpg.rf.205e69ab53891010e8ad39bf1db49376.txt	1	Watermelon Detector.v1i.coco-segmentation\valid\364_jpg.rf.205e69ab53891010e8ad39bf1db49376.jpg
val	roboflow_drago_v1	train	roboflow_drago_v1_379_jpg.rf.0b8563f9ebcbdaceeb4ac37c9a37c6c7.jpg	roboflow_drago_v1_379_jpg.rf.0b8563f9ebcbdaceeb4ac37c9a37c6c7.txt	1	Watermelon Detector.v1i.coco-segmentation\train\379_jpg.rf.0b8563f9ebcbdaceeb4ac37c9a37c6c7.jpg
val	roboflow_drago_v1	train	roboflow_drago_v1_391-Copy_jpg.rf.5c2477670f63155058a34c4e66c25da1.jpg	roboflow_drago_v1_391-Copy_jpg.rf.5c2477670f63155058a34c4e66c25da1.txt	1	Watermelon Detector.v1i.coco-segmentation\train\391-Copy_jpg.rf.5c2477670f63155058a34c4e66c25da1.jpg
val	roboflow_drago_v1	train	roboflow_drago_v1_392-Copy_jpg.rf.2253b4de0ffe0c3ff5036356b951f8ff.jpg	roboflow_drago_v1_392-Copy_jpg.rf.2253b4de0ffe0c3ff5036356b951f8ff.txt	1	Watermelon Detector.v1i.coco-segmentation\train\392-Copy_jpg.rf.2253b4de0ffe0c3ff5036356b951f8ff.jpg
val	roboflow_drago_v1	train	roboflow_drago_v1_413-Copy_jpg.rf.4b8bb25aed89ad35ac02fab3db2abf73.jpg	roboflow_drago_v1_413-Copy_jpg.rf.4b8bb25aed89ad35ac02fab3db2abf73.txt	1	Watermelon Detector.v1i.coco-segmentation\train\413-Copy_jpg.rf.4b8bb25aed89ad35ac02fab3db2abf73.jpg
val	roboflow_drago_v1	train	roboflow_drago_v1_413-Copy_jpg.rf.7aa6e3c1171e4e8bd9c5e88d43fdddfc.jpg	roboflow_drago_v1_413-Copy_jpg.rf.7aa6e3c1171e4e8bd9c5e88d43fdddfc.txt	1	Watermelon Detector.v1i.coco-segmentation\train\413-Copy_jpg.rf.7aa6e3c1171e4e8bd9c5e88d43fdddfc.jpg
val	roboflow_drago_v1	valid	roboflow_drago_v1_431-Copy_jpg.rf.7109ee4da7b2f79696f637bbb5904d25.jpg	roboflow_drago_v1_431-Copy_jpg.rf.7109ee4da7b2f79696f637bbb5904d25.txt	1	Watermelon Detector.v1i.coco-segmentation\valid\431-Copy_jpg.rf.7109ee4da7b2f79696f637bbb5904d25.jpg
val	roboflow_drago_v1	train	roboflow_drago_v1_433-Copy_jpg.rf.065aea2f1e3934d57edea16268d8e5ae.jpg	roboflow_drago_v1_433-Copy_jpg.rf.065aea2f1e3934d57edea16268d8e5ae.txt	1	Watermelon Detector.v1i.coco-segmentation\train\433-Copy_jpg.rf.065aea2f1e3934d57edea16268d8e5ae.jpg
val	roboflow_drago_v1	train	roboflow_drago_v1_464-Copy_jpg.rf.958d393aaedfbb6ebfc2594c2e94ed8e.jpg	roboflow_drago_v1_464-Copy_jpg.rf.958d393aaedfbb6ebfc2594c2e94ed8e.txt	2	Watermelon Detector.v1i.coco-segmentation\train\464-Copy_jpg.rf.958d393aaedfbb6ebfc2594c2e94ed8e.jpg
val	roboflow_drago_v1	train	roboflow_drago_v1_479-Copy_jpg.rf.e828f11cd8bf7440767397dff8b71e60.jpg	roboflow_drago_v1_479-Copy_jpg.rf.e828f11cd8bf7440767397dff8b71e60.txt	1	Watermelon Detector.v1i.coco-segmentation\train\479-Copy_jpg.rf.e828f11cd8bf7440767397dff8b71e60.jpg
val	roboflow_drago_v1	train	roboflow_drago_v1_506-Copy_jpg.rf.2e3b988e30c6749e2e64239988d092a5.jpg	roboflow_drago_v1_506-Copy_jpg.rf.2e3b988e30c6749e2e64239988d092a5.txt	0	Watermelon Detector.v1i.coco-segmentation\train\506-Copy_jpg.rf.2e3b988e30c6749e2e64239988d092a5.jpg
val	roboflow_drago_v1	train	roboflow_drago_v1_523-Copy_jpg.rf.4140de792276c0e9a04eeca69d30d745.jpg	roboflow_drago_v1_523-Copy_jpg.rf.4140de792276c0e9a04eeca69d30d745.txt	2	Watermelon Detector.v1i.coco-segmentation\train\523-Copy_jpg.rf.4140de792276c0e9a04eeca69d30d745.jpg
val	roboflow_drago_v1	train	roboflow_drago_v1_525-Copy_jpg.rf.0f4b28e9a0ff783438cd40f1b5386f7e.jpg	roboflow_drago_v1_525-Copy_jpg.rf.0f4b28e9a0ff783438cd40f1b5386f7e.txt	2	Watermelon Detector.v1i.coco-segmentation\train\525-Copy_jpg.rf.0f4b28e9a0ff783438cd40f1b5386f7e.jpg
val	roboflow_drago_v1	valid	roboflow_drago_v1_555-Copy_jpg.rf.a8603921babb80d734bfae7054094ab3.jpg	roboflow_drago_v1_555-Copy_jpg.rf.a8603921babb80d734bfae7054094ab3.txt	1	Watermelon Detector.v1i.coco-segmentation\valid\555-Copy_jpg.rf.a8603921babb80d734bfae7054094ab3.jpg
val	roboflow_drago_v1	train	roboflow_drago_v1_556-Copy_jpg.rf.90cf33d2c8ca1da36b30a8d07759d55f.jpg	roboflow_drago_v1_556-Copy_jpg.rf.90cf33d2c8ca1da36b30a8d07759d55f.txt	1	Watermelon Detector.v1i.coco-segmentation\train\556-Copy_jpg.rf.90cf33d2c8ca1da36b30a8d07759d55f.jpg
val	roboflow_drago_v1	train	roboflow_drago_v1_594_jpg.rf.018bb85d7897ab94ae011921f035a482.jpg	roboflow_drago_v1_594_jpg.rf.018bb85d7897ab94ae011921f035a482.txt	2	Watermelon Detector.v1i.coco-segmentation\train\594_jpg.rf.018bb85d7897ab94ae011921f035a482.jpg
val	roboflow_drago_v1	train	roboflow_drago_v1_616_jpg.rf.8c08435f7d3766496de7f37fe16b7912.jpg	roboflow_drago_v1_616_jpg.rf.8c08435f7d3766496de7f37fe16b7912.txt	1	Watermelon Detector.v1i.coco-segmentation\train\616_jpg.rf.8c08435f7d3766496de7f37fe16b7912.jpg
val	roboflow_drago_v1	train	roboflow_drago_v1_63_jpg.rf.ee90112407b018927a857670f21dda02.jpg	roboflow_drago_v1_63_jpg.rf.ee90112407b018927a857670f21dda02.txt	1	Watermelon Detector.v1i.coco-segmentation\train\63_jpg.rf.ee90112407b018927a857670f21dda02.jpg
val	roboflow_drago_v1	train	roboflow_drago_v1_663_jpg.rf.7b8695f84242b3f04b639463ff91971a.jpg	roboflow_drago_v1_663_jpg.rf.7b8695f84242b3f04b639463ff91971a.txt	2	Watermelon Detector.v1i.coco-segmentation\train\663_jpg.rf.7b8695f84242b3f04b639463ff91971a.jpg
val	roboflow_drago_v1	train	roboflow_drago_v1_664_jpg.rf.2575bbe565ee3dceaff6fec276f5bc0b.jpg	roboflow_drago_v1_664_jpg.rf.2575bbe565ee3dceaff6fec276f5bc0b.txt	1	Watermelon Detector.v1i.coco-segmentation\train\664_jpg.rf.2575bbe565ee3dceaff6fec276f5bc0b.jpg
val	roboflow_drago_v1	train	roboflow_drago_v1_665_jpg.rf.a0027db04b4cafd76d4ff1109c93a94a.jpg	roboflow_drago_v1_665_jpg.rf.a0027db04b4cafd76d4ff1109c93a94a.txt	1	Watermelon Detector.v1i.coco-segmentation\train\665_jpg.rf.a0027db04b4cafd76d4ff1109c93a94a.jpg
val	roboflow_drago_v1	train	roboflow_drago_v1_683_jpg.rf.9a4806cd8375b3976e06af8365895d5c.jpg	roboflow_drago_v1_683_jpg.rf.9a4806cd8375b3976e06af8365895d5c.txt	1	Watermelon Detector.v1i.coco-segmentation\train\683_jpg.rf.9a4806cd8375b3976e06af8365895d5c.jpg
val	roboflow_drago_v1	train	roboflow_drago_v1_95_jpg.rf.417aecf8e9ce31d8f171c1975d64dce5.jpg	roboflow_drago_v1_95_jpg.rf.417aecf8e9ce31d8f171c1975d64dce5.txt	2	Watermelon Detector.v1i.coco-segmentation\train\95_jpg.rf.417aecf8e9ce31d8f171c1975d64dce5.jpg
val	roboflow_team128_v5	valid	roboflow_team128_v5_IMG_0336_jpg.rf.dca59f6e142f72c3673d97616da9d3f5.jpg	roboflow_team128_v5_IMG_0336_jpg.rf.dca59f6e142f72c3673d97616da9d3f5.txt	2	Watermelon Detection.v5-raw_annotations.coco-segmentation\valid\IMG_0336_jpg.rf.dca59f6e142f72c3673d97616da9d3f5.jpg
val	roboflow_team128_v5	train	roboflow_team128_v5_IMG_0357_jpg.rf.19028946bdbd76a19ce4669273a656fd.jpg	roboflow_team128_v5_IMG_0357_jpg.rf.19028946bdbd76a19ce4669273a656fd.txt	1	Watermelon Detection.v5-raw_annotations.coco-segmentation\train\IMG_0357_jpg.rf.19028946bdbd76a19ce4669273a656fd.jpg
val	roboflow_team128_v5	train	roboflow_team128_v5_IMG_0374_jpg.rf.530e61bfe3c08d70a2925717211eba8f.jpg	roboflow_team128_v5_IMG_0374_jpg.rf.530e61bfe3c08d70a2925717211eba8f.txt	3	Watermelon Detection.v5-raw_annotations.coco-segmentation\train\IMG_0374_jpg.rf.530e61bfe3c08d70a2925717211eba8f.jpg
val	roboflow_team128_v5	train	roboflow_team128_v5_IMG_0378_jpg.rf.fb79ed4d9b3f12385fbedad447b16cb7.jpg	roboflow_team128_v5_IMG_0378_jpg.rf.fb79ed4d9b3f12385fbedad447b16cb7.txt	1	Watermelon Detection.v5-raw_annotations.coco-segmentation\train\IMG_0378_jpg.rf.fb79ed4d9b3f12385fbedad447b16cb7.jpg
val	roboflow_team128_v5	train	roboflow_team128_v5_IMG_0393_jpg.rf.93481bebb07ef77e433bd38c6ee95659.jpg	roboflow_team128_v5_IMG_0393_jpg.rf.93481bebb07ef77e433bd38c6ee95659.txt	3	Watermelon Detection.v5-raw_annotations.coco-segmentation\train\IMG_0393_jpg.rf.93481bebb07ef77e433bd38c6ee95659.jpg
val	roboflow_team128_v5	train	roboflow_team128_v5_IMG_0396_jpg.rf.00569b78c27c0a8af2ee09fa843caafa.jpg	roboflow_team128_v5_IMG_0396_jpg.rf.00569b78c27c0a8af2ee09fa843caafa.txt	2	Watermelon Detection.v5-raw_annotations.coco-segmentation\train\IMG_0396_jpg.rf.00569b78c27c0a8af2ee09fa843caafa.jpg
val	roboflow_team128_v5	test	roboflow_team128_v5_IMG_0400_jpg.rf.f1c8063b744dfbdfa4733b33bde2a0a8.jpg	roboflow_team128_v5_IMG_0400_jpg.rf.f1c8063b744dfbdfa4733b33bde2a0a8.txt	6	Watermelon Detection.v5-raw_annotations.coco-segmentation\test\IMG_0400_jpg.rf.f1c8063b744dfbdfa4733b33bde2a0a8.jpg
val	roboflow_team128_v5	valid	roboflow_team128_v5_IMG_0402_jpg.rf.815d64736730ccf8d8284b4426e4db4b.jpg	roboflow_team128_v5_IMG_0402_jpg.rf.815d64736730ccf8d8284b4426e4db4b.txt	5	Watermelon Detection.v5-raw_annotations.coco-segmentation\valid\IMG_0402_jpg.rf.815d64736730ccf8d8284b4426e4db4b.jpg
val	roboflow_team128_v5	train	roboflow_team128_v5_IMG_0404_jpg.rf.b3cf9579cb5bc70e66c9831c076519d3.jpg	roboflow_team128_v5_IMG_0404_jpg.rf.b3cf9579cb5bc70e66c9831c076519d3.txt	1	Watermelon Detection.v5-raw_annotations.coco-segmentation\train\IMG_0404_jpg.rf.b3cf9579cb5bc70e66c9831c076519d3.jpg
val	roboflow_team128_v5	train	roboflow_team128_v5_IMG_0405_jpg.rf.69f5649abe63ff474ce6c469826bb7a6.jpg	roboflow_team128_v5_IMG_0405_jpg.rf.69f5649abe63ff474ce6c469826bb7a6.txt	1	Watermelon Detection.v5-raw_annotations.coco-segmentation\train\IMG_0405_jpg.rf.69f5649abe63ff474ce6c469826bb7a6.jpg
val	roboflow_team128_v5	train	roboflow_team128_v5_IMG_0410_jpg.rf.784d6b4c333f45c86d8c70f091e2621b.jpg	roboflow_team128_v5_IMG_0410_jpg.rf.784d6b4c333f45c86d8c70f091e2621b.txt	5	Watermelon Detection.v5-raw_annotations.coco-segmentation\train\IMG_0410_jpg.rf.784d6b4c333f45c86d8c70f091e2621b.jpg
val	roboflow_team128_v5	valid	roboflow_team128_v5_IMG_0418_jpg.rf.f8f4f354c83030d016a29f9f314a5c7d.jpg	roboflow_team128_v5_IMG_0418_jpg.rf.f8f4f354c83030d016a29f9f314a5c7d.txt	2	Watermelon Detection.v5-raw_annotations.coco-segmentation\valid\IMG_0418_jpg.rf.f8f4f354c83030d016a29f9f314a5c7d.jpg
val	roboflow_team128_v5	train	roboflow_team128_v5_IMG_0427_jpg.rf.e0f477428ad7c915df351c4cebd7195f.jpg	roboflow_team128_v5_IMG_0427_jpg.rf.e0f477428ad7c915df351c4cebd7195f.txt	1	Watermelon Detection.v5-raw_annotations.coco-segmentation\train\IMG_0427_jpg.rf.e0f477428ad7c915df351c4cebd7195f.jpg
val	roboflow_team128_v5	train	roboflow_team128_v5_IMG_0438_jpg.rf.34340ce707d0a253382447af22c3b9a2.jpg	roboflow_team128_v5_IMG_0438_jpg.rf.34340ce707d0a253382447af22c3b9a2.txt	2	Watermelon Detection.v5-raw_annotations.coco-segmentation\train\IMG_0438_jpg.rf.34340ce707d0a253382447af22c3b9a2.jpg
val	roboflow_team128_v5	train	roboflow_team128_v5_IMG_0439_jpg.rf.f7d38698618bc6fb9594dcfaf8ed7e92.jpg	roboflow_team128_v5_IMG_0439_jpg.rf.f7d38698618bc6fb9594dcfaf8ed7e92.txt	1	Watermelon Detection.v5-raw_annotations.coco-segmentation\train\IMG_0439_jpg.rf.f7d38698618bc6fb9594dcfaf8ed7e92.jpg
val	roboflow_team128_v5	train	roboflow_team128_v5_IMG_0443_jpg.rf.0d613e28b269e7dedb8d5c56c3ca9f92.jpg	roboflow_team128_v5_IMG_0443_jpg.rf.0d613e28b269e7dedb8d5c56c3ca9f92.txt	8	Watermelon Detection.v5-raw_annotations.coco-segmentation\train\IMG_0443_jpg.rf.0d613e28b269e7dedb8d5c56c3ca9f92.jpg
val	roboflow_team128_v5	train	roboflow_team128_v5_IMG_0447_jpg.rf.7798a39c6626118742e66d31979630ca.jpg	roboflow_team128_v5_IMG_0447_jpg.rf.7798a39c6626118742e66d31979630ca.txt	3	Watermelon Detection.v5-raw_annotations.coco-segmentation\train\IMG_0447_jpg.rf.7798a39c6626118742e66d31979630ca.jpg
val	roboflow_team128_v5	train	roboflow_team128_v5_IMG_0457_jpg.rf.cd467227d8b834ce10890d0369e07b9d.jpg	roboflow_team128_v5_IMG_0457_jpg.rf.cd467227d8b834ce10890d0369e07b9d.txt	4	Watermelon Detection.v5-raw_annotations.coco-segmentation\train\IMG_0457_jpg.rf.cd467227d8b834ce10890d0369e07b9d.jpg
val	roboflow_team128_v5	valid	roboflow_team128_v5_IMG_0468_jpg.rf.492da32a6f9e22a5c10b41dfe5f41efd.jpg	roboflow_team128_v5_IMG_0468_jpg.rf.492da32a6f9e22a5c10b41dfe5f41efd.txt	3	Watermelon Detection.v5-raw_annotations.coco-segmentation\valid\IMG_0468_jpg.rf.492da32a6f9e22a5c10b41dfe5f41efd.jpg
val	roboflow_team128_v5	train	roboflow_team128_v5_IMG_0483_jpg.rf.ed702ef3e5d843ed0ef94db00954d6dc.jpg	roboflow_team128_v5_IMG_0483_jpg.rf.ed702ef3e5d843ed0ef94db00954d6dc.txt	3	Watermelon Detection.v5-raw_annotations.coco-segmentation\train\IMG_0483_jpg.rf.ed702ef3e5d843ed0ef94db00954d6dc.jpg
val	roboflow_team128_v5	train	roboflow_team128_v5_IMG_0504_jpg.rf.005bbaa129630c9aa3ba640a30a9c0a6.jpg	roboflow_team128_v5_IMG_0504_jpg.rf.005bbaa129630c9aa3ba640a30a9c0a6.txt	1	Watermelon Detection.v5-raw_annotations.coco-segmentation\train\IMG_0504_jpg.rf.005bbaa129630c9aa3ba640a30a9c0a6.jpg
val	roboflow_team128_v5	train	roboflow_team128_v5_IMG_0517_jpg.rf.28d6755c0b1886d5fca37119534e79c3.jpg	roboflow_team128_v5_IMG_0517_jpg.rf.28d6755c0b1886d5fca37119534e79c3.txt	1	Watermelon Detection.v5-raw_annotations.coco-segmentation\train\IMG_0517_jpg.rf.28d6755c0b1886d5fca37119534e79c3.jpg
val	roboflow_team128_v5	train	roboflow_team128_v5_IMG_0523_jpg.rf.055aa5564423e43ca3252dedbf586fde.jpg	roboflow_team128_v5_IMG_0523_jpg.rf.055aa5564423e43ca3252dedbf586fde.txt	1	Watermelon Detection.v5-raw_annotations.coco-segmentation\train\IMG_0523_jpg.rf.055aa5564423e43ca3252dedbf586fde.jpg
val	roboflow_team128_v5	train	roboflow_team128_v5_IMG_0530_jpg.rf.7f0e4611c9953bbbb3615868a543bb8c.jpg	roboflow_team128_v5_IMG_0530_jpg.rf.7f0e4611c9953bbbb3615868a543bb8c.txt	1	Watermelon Detection.v5-raw_annotations.coco-segmentation\train\IMG_0530_jpg.rf.7f0e4611c9953bbbb3615868a543bb8c.jpg
val	roboflow_team128_v5	valid	roboflow_team128_v5_IMG_0548_jpg.rf.d9baa4401817328aba3ff18a6a1ca193.jpg	roboflow_team128_v5_IMG_0548_jpg.rf.d9baa4401817328aba3ff18a6a1ca193.txt	1	Watermelon Detection.v5-raw_annotations.coco-segmentation\valid\IMG_0548_jpg.rf.d9baa4401817328aba3ff18a6a1ca193.jpg
val	roboflow_team128_v5	train	roboflow_team128_v5_IMG_0551_jpg.rf.b211b13d930bf945f0f37ff70dfc7a11.jpg	roboflow_team128_v5_IMG_0551_jpg.rf.b211b13d930bf945f0f37ff70dfc7a11.txt	4	Watermelon Detection.v5-raw_annotations.coco-segmentation\train\IMG_0551_jpg.rf.b211b13d930bf945f0f37ff70dfc7a11.jpg
val	roboflow_team128_v5	train	roboflow_team128_v5_IMG_0567_jpg.rf.ebcbfdb0a783a28e566a11c126227051.jpg	roboflow_team128_v5_IMG_0567_jpg.rf.ebcbfdb0a783a28e566a11c126227051.txt	2	Watermelon Detection.v5-raw_annotations.coco-segmentation\train\IMG_0567_jpg.rf.ebcbfdb0a783a28e566a11c126227051.jpg
val	roboflow_team128_v5	test	roboflow_team128_v5_IMG_0582_jpg.rf.6f012684d67805f69887db483cc07deb.jpg	roboflow_team128_v5_IMG_0582_jpg.rf.6f012684d67805f69887db483cc07deb.txt	1	Watermelon Detection.v5-raw_annotations.coco-segmentation\test\IMG_0582_jpg.rf.6f012684d67805f69887db483cc07deb.jpg
val	roboflow_team128_v5	valid	roboflow_team128_v5_IMG_0588_jpg.rf.02f3c3beb98360fc1fbe3039821d9e3c.jpg	roboflow_team128_v5_IMG_0588_jpg.rf.02f3c3beb98360fc1fbe3039821d9e3c.txt	1	Watermelon Detection.v5-raw_annotations.coco-segmentation\valid\IMG_0588_jpg.rf.02f3c3beb98360fc1fbe3039821d9e3c.jpg
val	roboflow_team128_v5	valid	roboflow_team128_v5_IMG_0610_jpg.rf.29af45116f1f1b6d048921918880d7b6.jpg	roboflow_team128_v5_IMG_0610_jpg.rf.29af45116f1f1b6d048921918880d7b6.txt	2	Watermelon Detection.v5-raw_annotations.coco-segmentation\valid\IMG_0610_jpg.rf.29af45116f1f1b6d048921918880d7b6.jpg
val	roboflow_team128_v5	test	roboflow_team128_v5_IMG_0612_jpg.rf.2e35402ff506f965f0cf0335d4ac6074.jpg	roboflow_team128_v5_IMG_0612_jpg.rf.2e35402ff506f965f0cf0335d4ac6074.txt	2	Watermelon Detection.v5-raw_annotations.coco-segmentation\test\IMG_0612_jpg.rf.2e35402ff506f965f0cf0335d4ac6074.jpg
val	roboflow_team128_v5	train	roboflow_team128_v5_IMG_0619_jpg.rf.a98e19d52c698ba06cdd03fe05e8a375.jpg	roboflow_team128_v5_IMG_0619_jpg.rf.a98e19d52c698ba06cdd03fe05e8a375.txt	1	Watermelon Detection.v5-raw_annotations.coco-segmentation\train\IMG_0619_jpg.rf.a98e19d52c698ba06cdd03fe05e8a375.jpg
val	roboflow_team128_v5	train	roboflow_team128_v5_IMG_0620_jpg.rf.ba2118369299a89372c037ffaedf6731.jpg	roboflow_team128_v5_IMG_0620_jpg.rf.ba2118369299a89372c037ffaedf6731.txt	1	Watermelon Detection.v5-raw_annotations.coco-segmentation\train\IMG_0620_jpg.rf.ba2118369299a89372c037ffaedf6731.jpg
val	roboflow_team128_v5	train	roboflow_team128_v5_IMG_0624_jpg.rf.f594b997972052c093d57596192d0eca.jpg	roboflow_team128_v5_IMG_0624_jpg.rf.f594b997972052c093d57596192d0eca.txt	1	Watermelon Detection.v5-raw_annotations.coco-segmentation\train\IMG_0624_jpg.rf.f594b997972052c093d57596192d0eca.jpg
val	roboflow_team128_v5	train	roboflow_team128_v5_IMG_0627_jpg.rf.160b431f74ade153efb8b48ed8b863af.jpg	roboflow_team128_v5_IMG_0627_jpg.rf.160b431f74ade153efb8b48ed8b863af.txt	3	Watermelon Detection.v5-raw_annotations.coco-segmentation\train\IMG_0627_jpg.rf.160b431f74ade153efb8b48ed8b863af.jpg
val	roboflow_team128_v5	valid	roboflow_team128_v5_IMG_0644_jpg.rf.d7cc4778980ef104e8514d3545bbd27a.jpg	roboflow_team128_v5_IMG_0644_jpg.rf.d7cc4778980ef104e8514d3545bbd27a.txt	2	Watermelon Detection.v5-raw_annotations.coco-segmentation\valid\IMG_0644_jpg.rf.d7cc4778980ef104e8514d3545bbd27a.jpg
val	roboflow_team128_v5	valid	roboflow_team128_v5_IMG_0657_jpg.rf.9e8cea511f98253e7e38611157431623.jpg	roboflow_team128_v5_IMG_0657_jpg.rf.9e8cea511f98253e7e38611157431623.txt	1	Watermelon Detection.v5-raw_annotations.coco-segmentation\valid\IMG_0657_jpg.rf.9e8cea511f98253e7e38611157431623.jpg
val	roboflow_team128_v5	train	roboflow_team128_v5_IMG_0671_jpg.rf.b786650609541d5a125145236bf381f3.jpg	roboflow_team128_v5_IMG_0671_jpg.rf.b786650609541d5a125145236bf381f3.txt	2	Watermelon Detection.v5-raw_annotations.coco-segmentation\train\IMG_0671_jpg.rf.b786650609541d5a125145236bf381f3.jpg
val	roboflow_team128_v5	valid	roboflow_team128_v5_IMG_0678_jpg.rf.f345834fbcc2483c67ed242a99ccfab5.jpg	roboflow_team128_v5_IMG_0678_jpg.rf.f345834fbcc2483c67ed242a99ccfab5.txt	2	Watermelon Detection.v5-raw_annotations.coco-segmentation\valid\IMG_0678_jpg.rf.f345834fbcc2483c67ed242a99ccfab5.jpg
val	roboflow_team128_v5	train	roboflow_team128_v5_IMG_0680_jpg.rf.01375aa7e88750ccf789695074e64399.jpg	roboflow_team128_v5_IMG_0680_jpg.rf.01375aa7e88750ccf789695074e64399.txt	2	Watermelon Detection.v5-raw_annotations.coco-segmentation\train\IMG_0680_jpg.rf.01375aa7e88750ccf789695074e64399.jpg
val	roboflow_team128_v5	valid	roboflow_team128_v5_IMG_0687_jpg.rf.20897fb4f96a879a2bd5fbbdb60cc4d8.jpg	roboflow_team128_v5_IMG_0687_jpg.rf.20897fb4f96a879a2bd5fbbdb60cc4d8.txt	1	Watermelon Detection.v5-raw_annotations.coco-segmentation\valid\IMG_0687_jpg.rf.20897fb4f96a879a2bd5fbbdb60cc4d8.jpg
val	roboflow_team128_v5	train	roboflow_team128_v5_IMG_0693_jpg.rf.47123a8c6d6035564aec038024bc87e7.jpg	roboflow_team128_v5_IMG_0693_jpg.rf.47123a8c6d6035564aec038024bc87e7.txt	1	Watermelon Detection.v5-raw_annotations.coco-segmentation\train\IMG_0693_jpg.rf.47123a8c6d6035564aec038024bc87e7.jpg
val	roboflow_team128_v5	train	roboflow_team128_v5_IMG_0695_jpg.rf.ef7ce3011cc61fc11047b9a0f6f5942b.jpg	roboflow_team128_v5_IMG_0695_jpg.rf.ef7ce3011cc61fc11047b9a0f6f5942b.txt	4	Watermelon Detection.v5-raw_annotations.coco-segmentation\train\IMG_0695_jpg.rf.ef7ce3011cc61fc11047b9a0f6f5942b.jpg
val	roboflow_team128_v5	train	roboflow_team128_v5_IMG_0699_jpg.rf.d68534020dcff76b363f3a4b163102f4.jpg	roboflow_team128_v5_IMG_0699_jpg.rf.d68534020dcff76b363f3a4b163102f4.txt	1	Watermelon Detection.v5-raw_annotations.coco-segmentation\train\IMG_0699_jpg.rf.d68534020dcff76b363f3a4b163102f4.jpg
val	roboflow_team128_v5	valid	roboflow_team128_v5_IMG_0713_jpg.rf.8cdb70f735b9983b85d7557aa777e39d.jpg	roboflow_team128_v5_IMG_0713_jpg.rf.8cdb70f735b9983b85d7557aa777e39d.txt	6	Watermelon Detection.v5-raw_annotations.coco-segmentation\valid\IMG_0713_jpg.rf.8cdb70f735b9983b85d7557aa777e39d.jpg
val	roboflow_team128_v5	train	roboflow_team128_v5_IMG_0714_jpg.rf.975c51537d4ef67b3bb60b6eade690c1.jpg	roboflow_team128_v5_IMG_0714_jpg.rf.975c51537d4ef67b3bb60b6eade690c1.txt	8	Watermelon Detection.v5-raw_annotations.coco-segmentation\train\IMG_0714_jpg.rf.975c51537d4ef67b3bb60b6eade690c1.jpg
val	roboflow_team128_v5	train	roboflow_team128_v5_IMG_0715_jpg.rf.88d467a024f3a6a0850c275de365286c.jpg	roboflow_team128_v5_IMG_0715_jpg.rf.88d467a024f3a6a0850c275de365286c.txt	1	Watermelon Detection.v5-raw_annotations.coco-segmentation\train\IMG_0715_jpg.rf.88d467a024f3a6a0850c275de365286c.jpg
val	roboflow_team128_v5	train	roboflow_team128_v5_IMG_0725_jpg.rf.4d3525a3cb5c1078f661758cf5b9486d.jpg	roboflow_team128_v5_IMG_0725_jpg.rf.4d3525a3cb5c1078f661758cf5b9486d.txt	5	Watermelon Detection.v5-raw_annotations.coco-segmentation\train\IMG_0725_jpg.rf.4d3525a3cb5c1078f661758cf5b9486d.jpg
val	roboflow_team128_v5	valid	roboflow_team128_v5_IMG_0742_jpg.rf.a79241e17c8cf2192ba924bf879ce834.jpg	roboflow_team128_v5_IMG_0742_jpg.rf.a79241e17c8cf2192ba924bf879ce834.txt	1	Watermelon Detection.v5-raw_annotations.coco-segmentation\valid\IMG_0742_jpg.rf.a79241e17c8cf2192ba924bf879ce834.jpg
val	roboflow_team128_v5	test	roboflow_team128_v5_IMG_0783_jpg.rf.893ea1337db89ef1b67821572ff2b38d.jpg	roboflow_team128_v5_IMG_0783_jpg.rf.893ea1337db89ef1b67821572ff2b38d.txt	8	Watermelon Detection.v5-raw_annotations.coco-segmentation\test\IMG_0783_jpg.rf.893ea1337db89ef1b67821572ff2b38d.jpg
val	roboflow_team128_v5	valid	roboflow_team128_v5_IMG_0793_jpg.rf.332277e07c3983b627da6c168ea68c10.jpg	roboflow_team128_v5_IMG_0793_jpg.rf.332277e07c3983b627da6c168ea68c10.txt	2	Watermelon Detection.v5-raw_annotations.coco-segmentation\valid\IMG_0793_jpg.rf.332277e07c3983b627da6c168ea68c10.jpg
val	roboflow_team128_v5	train	roboflow_team128_v5_IMG_0809_jpg.rf.aab2612f6dfd97f555ade65b18161300.jpg	roboflow_team128_v5_IMG_0809_jpg.rf.aab2612f6dfd97f555ade65b18161300.txt	7	Watermelon Detection.v5-raw_annotations.coco-segmentation\train\IMG_0809_jpg.rf.aab2612f6dfd97f555ade65b18161300.jpg
test	local_test_images_20260707	manual_labelme	local_test_images_20260707_0007.jpg	local_test_images_20260707_0007.txt	14	test_images/微信图片_20260707154831_13_2.jpg
test	my_labelme	manual	my_labelme_color_000012.png	my_labelme_color_000012.txt	10	raw\color_000012.png
test	my_labelme	manual	my_labelme_color_000026.png	my_labelme_color_000026.txt	12	raw\color_000026.png
test	my_labelme	manual	my_labelme_color_000027.png	my_labelme_color_000027.txt	10	raw\color_000027.png
test	my_labelme	manual	my_labelme_color_000030.png	my_labelme_color_000030.txt	12	raw\color_000030.png
test	my_labelme	manual	my_labelme_color_000031.png	my_labelme_color_000031.txt	10	raw\color_000031.png
test	my_labelme	manual	my_labelme_color_000046.png	my_labelme_color_000046.txt	12	raw\color_000046.png
test	my_labelme	manual	my_labelme_color_000052.png	my_labelme_color_000052.txt	9	raw\color_000052.png
test	roboflow_drago_v1	train	roboflow_drago_v1_100_jpg.rf.e972dd24f78147fb3c090ef1ca467ba7.jpg	roboflow_drago_v1_100_jpg.rf.e972dd24f78147fb3c090ef1ca467ba7.txt	1	Watermelon Detector.v1i.coco-segmentation\train\100_jpg.rf.e972dd24f78147fb3c090ef1ca467ba7.jpg
test	roboflow_drago_v1	train	roboflow_drago_v1_127_jpg.rf.76c8359d93f56cc4c30d5d1de1963710.jpg	roboflow_drago_v1_127_jpg.rf.76c8359d93f56cc4c30d5d1de1963710.txt	2	Watermelon Detector.v1i.coco-segmentation\train\127_jpg.rf.76c8359d93f56cc4c30d5d1de1963710.jpg
test	roboflow_drago_v1	train	roboflow_drago_v1_154_jpg.rf.657c2c046c918d1587b9f00e455fc9a4.jpg	roboflow_drago_v1_154_jpg.rf.657c2c046c918d1587b9f00e455fc9a4.txt	1	Watermelon Detector.v1i.coco-segmentation\train\154_jpg.rf.657c2c046c918d1587b9f00e455fc9a4.jpg
test	roboflow_drago_v1	test	roboflow_drago_v1_181_jpg.rf.57cb92301c474caf66072dbf09c1c35c.jpg	roboflow_drago_v1_181_jpg.rf.57cb92301c474caf66072dbf09c1c35c.txt	1	Watermelon Detector.v1i.coco-segmentation\test\181_jpg.rf.57cb92301c474caf66072dbf09c1c35c.jpg
test	roboflow_drago_v1	train	roboflow_drago_v1_187_jpg.rf.7dba89109f7a86f482b13656666ebb20.jpg	roboflow_drago_v1_187_jpg.rf.7dba89109f7a86f482b13656666ebb20.txt	1	Watermelon Detector.v1i.coco-segmentation\train\187_jpg.rf.7dba89109f7a86f482b13656666ebb20.jpg
test	roboflow_drago_v1	train	roboflow_drago_v1_203_jpg.rf.56c1458f1dcba5c72666cf1ae7094e0c.jpg	roboflow_drago_v1_203_jpg.rf.56c1458f1dcba5c72666cf1ae7094e0c.txt	1	Watermelon Detector.v1i.coco-segmentation\train\203_jpg.rf.56c1458f1dcba5c72666cf1ae7094e0c.jpg
test	roboflow_drago_v1	train	roboflow_drago_v1_215_jpg.rf.baeb4997028e36a69c47cb32aa40fa19.jpg	roboflow_drago_v1_215_jpg.rf.baeb4997028e36a69c47cb32aa40fa19.txt	1	Watermelon Detector.v1i.coco-segmentation\train\215_jpg.rf.baeb4997028e36a69c47cb32aa40fa19.jpg
test	roboflow_drago_v1	train	roboflow_drago_v1_227_jpg.rf.d9756d62b76a811298500a07361b2a52.jpg	roboflow_drago_v1_227_jpg.rf.d9756d62b76a811298500a07361b2a52.txt	3	Watermelon Detector.v1i.coco-segmentation\train\227_jpg.rf.d9756d62b76a811298500a07361b2a52.jpg
test	roboflow_drago_v1	train	roboflow_drago_v1_233_jpg.rf.b1ec54bd3de17dda5c0b2981c23fcc1b.jpg	roboflow_drago_v1_233_jpg.rf.b1ec54bd3de17dda5c0b2981c23fcc1b.txt	1	Watermelon Detector.v1i.coco-segmentation\train\233_jpg.rf.b1ec54bd3de17dda5c0b2981c23fcc1b.jpg
test	roboflow_drago_v1	valid	roboflow_drago_v1_238_jpg.rf.acd1ab3940d22309d45b4560f4ff062d.jpg	roboflow_drago_v1_238_jpg.rf.acd1ab3940d22309d45b4560f4ff062d.txt	1	Watermelon Detector.v1i.coco-segmentation\valid\238_jpg.rf.acd1ab3940d22309d45b4560f4ff062d.jpg
test	roboflow_drago_v1	train	roboflow_drago_v1_242_jpg.rf.cb648acd69f117d90040470eca161beb.jpg	roboflow_drago_v1_242_jpg.rf.cb648acd69f117d90040470eca161beb.txt	1	Watermelon Detector.v1i.coco-segmentation\train\242_jpg.rf.cb648acd69f117d90040470eca161beb.jpg
test	roboflow_drago_v1	test	roboflow_drago_v1_280_jpg.rf.1100110ff43affb85db6106b879770ae.jpg	roboflow_drago_v1_280_jpg.rf.1100110ff43affb85db6106b879770ae.txt	1	Watermelon Detector.v1i.coco-segmentation\test\280_jpg.rf.1100110ff43affb85db6106b879770ae.jpg
test	roboflow_drago_v1	train	roboflow_drago_v1_282_jpg.rf.9d418b607d8b48173971c4dffc4566c3.jpg	roboflow_drago_v1_282_jpg.rf.9d418b607d8b48173971c4dffc4566c3.txt	1	Watermelon Detector.v1i.coco-segmentation\train\282_jpg.rf.9d418b607d8b48173971c4dffc4566c3.jpg
test	roboflow_drago_v1	train	roboflow_drago_v1_284_jpg.rf.050456339fae5374bbc187b8d8359e24.jpg	roboflow_drago_v1_284_jpg.rf.050456339fae5374bbc187b8d8359e24.txt	1	Watermelon Detector.v1i.coco-segmentation\train\284_jpg.rf.050456339fae5374bbc187b8d8359e24.jpg
test	roboflow_drago_v1	train	roboflow_drago_v1_289_jpg.rf.0fa9a1c7e2754be1d41e8ea7ba5ec52d.jpg	roboflow_drago_v1_289_jpg.rf.0fa9a1c7e2754be1d41e8ea7ba5ec52d.txt	1	Watermelon Detector.v1i.coco-segmentation\train\289_jpg.rf.0fa9a1c7e2754be1d41e8ea7ba5ec52d.jpg
test	roboflow_drago_v1	train	roboflow_drago_v1_304_jpg.rf.196712f4502fca41fd800cd9abf6419e.jpg	roboflow_drago_v1_304_jpg.rf.196712f4502fca41fd800cd9abf6419e.txt	1	Watermelon Detector.v1i.coco-segmentation\train\304_jpg.rf.196712f4502fca41fd800cd9abf6419e.jpg
test	roboflow_drago_v1	train	roboflow_drago_v1_328_jpg.rf.c656d4ed3be395497f349189498ac9a0.jpg	roboflow_drago_v1_328_jpg.rf.c656d4ed3be395497f349189498ac9a0.txt	1	Watermelon Detector.v1i.coco-segmentation\train\328_jpg.rf.c656d4ed3be395497f349189498ac9a0.jpg
test	roboflow_drago_v1	train	roboflow_drago_v1_340_jpg.rf.986a6aaacdb040984d04f5d4914cc9de.jpg	roboflow_drago_v1_340_jpg.rf.986a6aaacdb040984d04f5d4914cc9de.txt	1	Watermelon Detector.v1i.coco-segmentation\train\340_jpg.rf.986a6aaacdb040984d04f5d4914cc9de.jpg
test	roboflow_drago_v1	test	roboflow_drago_v1_343_jpg.rf.d6fbb327ddb29062b2eebcb3cec2615d.jpg	roboflow_drago_v1_343_jpg.rf.d6fbb327ddb29062b2eebcb3cec2615d.txt	1	Watermelon Detector.v1i.coco-segmentation\test\343_jpg.rf.d6fbb327ddb29062b2eebcb3cec2615d.jpg
test	roboflow_drago_v1	train	roboflow_drago_v1_345_jpg.rf.f3df455c943f86d16a403bc0ecf79a10.jpg	roboflow_drago_v1_345_jpg.rf.f3df455c943f86d16a403bc0ecf79a10.txt	1	Watermelon Detector.v1i.coco-segmentation\train\345_jpg.rf.f3df455c943f86d16a403bc0ecf79a10.jpg
test	roboflow_drago_v1	train	roboflow_drago_v1_380_jpg.rf.da64aacc30a2fd2abe645d0bc98ffb00.jpg	roboflow_drago_v1_380_jpg.rf.da64aacc30a2fd2abe645d0bc98ffb00.txt	1	Watermelon Detector.v1i.coco-segmentation\train\380_jpg.rf.da64aacc30a2fd2abe645d0bc98ffb00.jpg
test	roboflow_drago_v1	train	roboflow_drago_v1_384_jpg.rf.bf15d7bd3c96755256c0b8b310d76631.jpg	roboflow_drago_v1_384_jpg.rf.bf15d7bd3c96755256c0b8b310d76631.txt	1	Watermelon Detector.v1i.coco-segmentation\train\384_jpg.rf.bf15d7bd3c96755256c0b8b310d76631.jpg
test	roboflow_drago_v1	train	roboflow_drago_v1_384_jpg.rf.e0670ea7fc6bc1fbfacb44e0462e536f.jpg	roboflow_drago_v1_384_jpg.rf.e0670ea7fc6bc1fbfacb44e0462e536f.txt	1	Watermelon Detector.v1i.coco-segmentation\train\384_jpg.rf.e0670ea7fc6bc1fbfacb44e0462e536f.jpg
test	roboflow_drago_v1	train	roboflow_drago_v1_391-Copy_jpg.rf.49ab37767b8ae248b567ae54d59ad7be.jpg	roboflow_drago_v1_391-Copy_jpg.rf.49ab37767b8ae248b567ae54d59ad7be.txt	1	Watermelon Detector.v1i.coco-segmentation\train\391-Copy_jpg.rf.49ab37767b8ae248b567ae54d59ad7be.jpg
test	roboflow_drago_v1	train	roboflow_drago_v1_392-Copy_jpg.rf.684d8c9621fefb4592e51878e129b3d1.jpg	roboflow_drago_v1_392-Copy_jpg.rf.684d8c9621fefb4592e51878e129b3d1.txt	1	Watermelon Detector.v1i.coco-segmentation\train\392-Copy_jpg.rf.684d8c9621fefb4592e51878e129b3d1.jpg
test	roboflow_drago_v1	train	roboflow_drago_v1_395_jpg.rf.202233b0c670b3183b27df60b7e5336e.jpg	roboflow_drago_v1_395_jpg.rf.202233b0c670b3183b27df60b7e5336e.txt	1	Watermelon Detector.v1i.coco-segmentation\train\395_jpg.rf.202233b0c670b3183b27df60b7e5336e.jpg
test	roboflow_drago_v1	train	roboflow_drago_v1_397_jpg.rf.2b52427f8f5bfe7f827723a500239082.jpg	roboflow_drago_v1_397_jpg.rf.2b52427f8f5bfe7f827723a500239082.txt	1	Watermelon Detector.v1i.coco-segmentation\train\397_jpg.rf.2b52427f8f5bfe7f827723a500239082.jpg
test	roboflow_drago_v1	train	roboflow_drago_v1_46_jpg.rf.2227e03485d0bf985f3ffe25e5104fe2.jpg	roboflow_drago_v1_46_jpg.rf.2227e03485d0bf985f3ffe25e5104fe2.txt	1	Watermelon Detector.v1i.coco-segmentation\train\46_jpg.rf.2227e03485d0bf985f3ffe25e5104fe2.jpg
test	roboflow_drago_v1	train	roboflow_drago_v1_46_jpg.rf.63f646555fca40a3834869cfbb1cdb39.jpg	roboflow_drago_v1_46_jpg.rf.63f646555fca40a3834869cfbb1cdb39.txt	1	Watermelon Detector.v1i.coco-segmentation\train\46_jpg.rf.63f646555fca40a3834869cfbb1cdb39.jpg
test	roboflow_drago_v1	valid	roboflow_drago_v1_483-Copy_jpg.rf.59c24b68a2b762ceb92740c3d8623723.jpg	roboflow_drago_v1_483-Copy_jpg.rf.59c24b68a2b762ceb92740c3d8623723.txt	1	Watermelon Detector.v1i.coco-segmentation\valid\483-Copy_jpg.rf.59c24b68a2b762ceb92740c3d8623723.jpg
test	roboflow_drago_v1	train	roboflow_drago_v1_502-Copy_jpg.rf.a0adf7b16be52ae8f529d357acd241f8.jpg	roboflow_drago_v1_502-Copy_jpg.rf.a0adf7b16be52ae8f529d357acd241f8.txt	1	Watermelon Detector.v1i.coco-segmentation\train\502-Copy_jpg.rf.a0adf7b16be52ae8f529d357acd241f8.jpg
test	roboflow_drago_v1	train	roboflow_drago_v1_507-Copy_jpg.rf.5e469cf1f95ac30a6f69ef6f04d17b79.jpg	roboflow_drago_v1_507-Copy_jpg.rf.5e469cf1f95ac30a6f69ef6f04d17b79.txt	2	Watermelon Detector.v1i.coco-segmentation\train\507-Copy_jpg.rf.5e469cf1f95ac30a6f69ef6f04d17b79.jpg
test	roboflow_drago_v1	train	roboflow_drago_v1_525-Copy_jpg.rf.71fd7ca5a1f48e482ebcc103789de8a1.jpg	roboflow_drago_v1_525-Copy_jpg.rf.71fd7ca5a1f48e482ebcc103789de8a1.txt	2	Watermelon Detector.v1i.coco-segmentation\train\525-Copy_jpg.rf.71fd7ca5a1f48e482ebcc103789de8a1.jpg
test	roboflow_drago_v1	train	roboflow_drago_v1_52_jpg.rf.d594d7eb84d829edc42d29a829870d92.jpg	roboflow_drago_v1_52_jpg.rf.d594d7eb84d829edc42d29a829870d92.txt	1	Watermelon Detector.v1i.coco-segmentation\train\52_jpg.rf.d594d7eb84d829edc42d29a829870d92.jpg
test	roboflow_drago_v1	train	roboflow_drago_v1_537-Copy_jpg.rf.29cca7fecc6c2998205fb201920ffcec.jpg	roboflow_drago_v1_537-Copy_jpg.rf.29cca7fecc6c2998205fb201920ffcec.txt	1	Watermelon Detector.v1i.coco-segmentation\train\537-Copy_jpg.rf.29cca7fecc6c2998205fb201920ffcec.jpg
test	roboflow_drago_v1	train	roboflow_drago_v1_544-Copy_jpg.rf.01d21a5a9dde6006edf3e58aaa92510b.jpg	roboflow_drago_v1_544-Copy_jpg.rf.01d21a5a9dde6006edf3e58aaa92510b.txt	1	Watermelon Detector.v1i.coco-segmentation\train\544-Copy_jpg.rf.01d21a5a9dde6006edf3e58aaa92510b.jpg
test	roboflow_drago_v1	train	roboflow_drago_v1_577_jpg.rf.2dfc6b917ab618de64129a827cdae067.jpg	roboflow_drago_v1_577_jpg.rf.2dfc6b917ab618de64129a827cdae067.txt	1	Watermelon Detector.v1i.coco-segmentation\train\577_jpg.rf.2dfc6b917ab618de64129a827cdae067.jpg
test	roboflow_drago_v1	train	roboflow_drago_v1_577_jpg.rf.cf0439c19ed3a20b4c5ff7a2fda00df4.jpg	roboflow_drago_v1_577_jpg.rf.cf0439c19ed3a20b4c5ff7a2fda00df4.txt	1	Watermelon Detector.v1i.coco-segmentation\train\577_jpg.rf.cf0439c19ed3a20b4c5ff7a2fda00df4.jpg
test	roboflow_drago_v1	train	roboflow_drago_v1_580_jpg.rf.fc9c7e543ec1d82a0c2ed7c06d99bd9c.jpg	roboflow_drago_v1_580_jpg.rf.fc9c7e543ec1d82a0c2ed7c06d99bd9c.txt	2	Watermelon Detector.v1i.coco-segmentation\train\580_jpg.rf.fc9c7e543ec1d82a0c2ed7c06d99bd9c.jpg
test	roboflow_drago_v1	train	roboflow_drago_v1_587_jpg.rf.e745480e54dd422abcd65f8625e6f101.jpg	roboflow_drago_v1_587_jpg.rf.e745480e54dd422abcd65f8625e6f101.txt	1	Watermelon Detector.v1i.coco-segmentation\train\587_jpg.rf.e745480e54dd422abcd65f8625e6f101.jpg
test	roboflow_drago_v1	train	roboflow_drago_v1_594_jpg.rf.b6fbcc197c504e9d3876e25e48336b72.jpg	roboflow_drago_v1_594_jpg.rf.b6fbcc197c504e9d3876e25e48336b72.txt	2	Watermelon Detector.v1i.coco-segmentation\train\594_jpg.rf.b6fbcc197c504e9d3876e25e48336b72.jpg
test	roboflow_drago_v1	train	roboflow_drago_v1_594_jpg.rf.f417240d87fec5c61c8fad1cb95e53cd.jpg	roboflow_drago_v1_594_jpg.rf.f417240d87fec5c61c8fad1cb95e53cd.txt	2	Watermelon Detector.v1i.coco-segmentation\train\594_jpg.rf.f417240d87fec5c61c8fad1cb95e53cd.jpg
test	roboflow_drago_v1	train	roboflow_drago_v1_59_jpg.rf.999e63cedf9999cd13b0c7beed9275d1.jpg	roboflow_drago_v1_59_jpg.rf.999e63cedf9999cd13b0c7beed9275d1.txt	1	Watermelon Detector.v1i.coco-segmentation\train\59_jpg.rf.999e63cedf9999cd13b0c7beed9275d1.jpg
test	roboflow_drago_v1	train	roboflow_drago_v1_604_jpg.rf.d00edbea37080a232bb90fe53af8725d.jpg	roboflow_drago_v1_604_jpg.rf.d00edbea37080a232bb90fe53af8725d.txt	1	Watermelon Detector.v1i.coco-segmentation\train\604_jpg.rf.d00edbea37080a232bb90fe53af8725d.jpg
test	roboflow_drago_v1	train	roboflow_drago_v1_605_jpg.rf.fb3314540ed9ec6df0242febb1884167.jpg	roboflow_drago_v1_605_jpg.rf.fb3314540ed9ec6df0242febb1884167.txt	1	Watermelon Detector.v1i.coco-segmentation\train\605_jpg.rf.fb3314540ed9ec6df0242febb1884167.jpg
test	roboflow_drago_v1	train	roboflow_drago_v1_650_jpg.rf.311f9aa31a2bea90824a6c6be55ba90d.jpg	roboflow_drago_v1_650_jpg.rf.311f9aa31a2bea90824a6c6be55ba90d.txt	1	Watermelon Detector.v1i.coco-segmentation\train\650_jpg.rf.311f9aa31a2bea90824a6c6be55ba90d.jpg
test	roboflow_drago_v1	train	roboflow_drago_v1_654_jpg.rf.b9430fe4f3475a33ac236e0c7089684c.jpg	roboflow_drago_v1_654_jpg.rf.b9430fe4f3475a33ac236e0c7089684c.txt	1	Watermelon Detector.v1i.coco-segmentation\train\654_jpg.rf.b9430fe4f3475a33ac236e0c7089684c.jpg
test	roboflow_drago_v1	test	roboflow_drago_v1_669_jpg.rf.59ffedbe419923073d687df680600da9.jpg	roboflow_drago_v1_669_jpg.rf.59ffedbe419923073d687df680600da9.txt	1	Watermelon Detector.v1i.coco-segmentation\test\669_jpg.rf.59ffedbe419923073d687df680600da9.jpg
test	roboflow_drago_v1	train	roboflow_drago_v1_75_jpg.rf.62a46cc3ac65d7bd431779fb11fd72b8.jpg	roboflow_drago_v1_75_jpg.rf.62a46cc3ac65d7bd431779fb11fd72b8.txt	1	Watermelon Detector.v1i.coco-segmentation\train\75_jpg.rf.62a46cc3ac65d7bd431779fb11fd72b8.jpg
test	roboflow_drago_v1	train	roboflow_drago_v1_91_jpg.rf.f215ca07979f92c842f5b9e615a35d09.jpg	roboflow_drago_v1_91_jpg.rf.f215ca07979f92c842f5b9e615a35d09.txt	1	Watermelon Detector.v1i.coco-segmentation\train\91_jpg.rf.f215ca07979f92c842f5b9e615a35d09.jpg
test	roboflow_drago_v1	train	roboflow_drago_v1_99_jpg.rf.79fd902b277525d613fbc4e6d7b98467.jpg	roboflow_drago_v1_99_jpg.rf.79fd902b277525d613fbc4e6d7b98467.txt	1	Watermelon Detector.v1i.coco-segmentation\train\99_jpg.rf.79fd902b277525d613fbc4e6d7b98467.jpg
test	roboflow_team128_v5	train	roboflow_team128_v5_IMG_0355_jpg.rf.8a9e70ebed26c92d7d9fffccfd5bd666.jpg	roboflow_team128_v5_IMG_0355_jpg.rf.8a9e70ebed26c92d7d9fffccfd5bd666.txt	1	Watermelon Detection.v5-raw_annotations.coco-segmentation\train\IMG_0355_jpg.rf.8a9e70ebed26c92d7d9fffccfd5bd666.jpg
test	roboflow_team128_v5	train	roboflow_team128_v5_IMG_0362_jpg.rf.a5f58c653a6870883bf83322af7d1509.jpg	roboflow_team128_v5_IMG_0362_jpg.rf.a5f58c653a6870883bf83322af7d1509.txt	1	Watermelon Detection.v5-raw_annotations.coco-segmentation\train\IMG_0362_jpg.rf.a5f58c653a6870883bf83322af7d1509.jpg
test	roboflow_team128_v5	train	roboflow_team128_v5_IMG_0426_jpg.rf.466bb35a3d8ecc4fb49b8f674760ff9f.jpg	roboflow_team128_v5_IMG_0426_jpg.rf.466bb35a3d8ecc4fb49b8f674760ff9f.txt	1	Watermelon Detection.v5-raw_annotations.coco-segmentation\train\IMG_0426_jpg.rf.466bb35a3d8ecc4fb49b8f674760ff9f.jpg
test	roboflow_team128_v5	train	roboflow_team128_v5_IMG_0428_jpg.rf.d05a1018dc5805dedbcda2b837d62832.jpg	roboflow_team128_v5_IMG_0428_jpg.rf.d05a1018dc5805dedbcda2b837d62832.txt	1	Watermelon Detection.v5-raw_annotations.coco-segmentation\train\IMG_0428_jpg.rf.d05a1018dc5805dedbcda2b837d62832.jpg
test	roboflow_team128_v5	train	roboflow_team128_v5_IMG_0431_jpg.rf.9fd4fc4af8c103f1dbeeaea02029479a.jpg	roboflow_team128_v5_IMG_0431_jpg.rf.9fd4fc4af8c103f1dbeeaea02029479a.txt	2	Watermelon Detection.v5-raw_annotations.coco-segmentation\train\IMG_0431_jpg.rf.9fd4fc4af8c103f1dbeeaea02029479a.jpg
test	roboflow_team128_v5	train	roboflow_team128_v5_IMG_0432_jpg.rf.4cad5e7e070b2dc0593fa088b9487aa3.jpg	roboflow_team128_v5_IMG_0432_jpg.rf.4cad5e7e070b2dc0593fa088b9487aa3.txt	3	Watermelon Detection.v5-raw_annotations.coco-segmentation\train\IMG_0432_jpg.rf.4cad5e7e070b2dc0593fa088b9487aa3.jpg
test	roboflow_team128_v5	train	roboflow_team128_v5_IMG_0463_jpg.rf.dd56dc254f9a560af852dd704b604a88.jpg	roboflow_team128_v5_IMG_0463_jpg.rf.dd56dc254f9a560af852dd704b604a88.txt	2	Watermelon Detection.v5-raw_annotations.coco-segmentation\train\IMG_0463_jpg.rf.dd56dc254f9a560af852dd704b604a88.jpg
test	roboflow_team128_v5	valid	roboflow_team128_v5_IMG_0485_jpg.rf.dfc0abf63fb099384b6e57a95afb2258.jpg	roboflow_team128_v5_IMG_0485_jpg.rf.dfc0abf63fb099384b6e57a95afb2258.txt	3	Watermelon Detection.v5-raw_annotations.coco-segmentation\valid\IMG_0485_jpg.rf.dfc0abf63fb099384b6e57a95afb2258.jpg
test	roboflow_team128_v5	train	roboflow_team128_v5_IMG_0499_jpg.rf.09478d1722ccf12faa9ba96f9bb09547.jpg	roboflow_team128_v5_IMG_0499_jpg.rf.09478d1722ccf12faa9ba96f9bb09547.txt	2	Watermelon Detection.v5-raw_annotations.coco-segmentation\train\IMG_0499_jpg.rf.09478d1722ccf12faa9ba96f9bb09547.jpg
test	roboflow_team128_v5	train	roboflow_team128_v5_IMG_0507_jpg.rf.95c8674ddfba5bd1ccd6719a60dc556b.jpg	roboflow_team128_v5_IMG_0507_jpg.rf.95c8674ddfba5bd1ccd6719a60dc556b.txt	2	Watermelon Detection.v5-raw_annotations.coco-segmentation\train\IMG_0507_jpg.rf.95c8674ddfba5bd1ccd6719a60dc556b.jpg
test	roboflow_team128_v5	train	roboflow_team128_v5_IMG_0508_jpg.rf.03f459c90abc29aaa1f185fd19b787b1.jpg	roboflow_team128_v5_IMG_0508_jpg.rf.03f459c90abc29aaa1f185fd19b787b1.txt	4	Watermelon Detection.v5-raw_annotations.coco-segmentation\train\IMG_0508_jpg.rf.03f459c90abc29aaa1f185fd19b787b1.jpg
test	roboflow_team128_v5	train	roboflow_team128_v5_IMG_0512_jpg.rf.1e7600f473692910436ba508177f37c6.jpg	roboflow_team128_v5_IMG_0512_jpg.rf.1e7600f473692910436ba508177f37c6.txt	1	Watermelon Detection.v5-raw_annotations.coco-segmentation\train\IMG_0512_jpg.rf.1e7600f473692910436ba508177f37c6.jpg
test	roboflow_team128_v5	train	roboflow_team128_v5_IMG_0522_jpg.rf.94f9d6d6ecea2ae3bf6ec4f58ea66d92.jpg	roboflow_team128_v5_IMG_0522_jpg.rf.94f9d6d6ecea2ae3bf6ec4f58ea66d92.txt	4	Watermelon Detection.v5-raw_annotations.coco-segmentation\train\IMG_0522_jpg.rf.94f9d6d6ecea2ae3bf6ec4f58ea66d92.jpg
test	roboflow_team128_v5	train	roboflow_team128_v5_IMG_0546_jpg.rf.ebe85f656d51e48167c8b106992860f3.jpg	roboflow_team128_v5_IMG_0546_jpg.rf.ebe85f656d51e48167c8b106992860f3.txt	2	Watermelon Detection.v5-raw_annotations.coco-segmentation\train\IMG_0546_jpg.rf.ebe85f656d51e48167c8b106992860f3.jpg
test	roboflow_team128_v5	test	roboflow_team128_v5_IMG_0554_jpg.rf.7c88268e01d88b9f7937ce412a78f9c1.jpg	roboflow_team128_v5_IMG_0554_jpg.rf.7c88268e01d88b9f7937ce412a78f9c1.txt	1	Watermelon Detection.v5-raw_annotations.coco-segmentation\test\IMG_0554_jpg.rf.7c88268e01d88b9f7937ce412a78f9c1.jpg
test	roboflow_team128_v5	train	roboflow_team128_v5_IMG_0562_jpg.rf.fff4c4b052ba7d696cb1b35bb07f4d9a.jpg	roboflow_team128_v5_IMG_0562_jpg.rf.fff4c4b052ba7d696cb1b35bb07f4d9a.txt	2	Watermelon Detection.v5-raw_annotations.coco-segmentation\train\IMG_0562_jpg.rf.fff4c4b052ba7d696cb1b35bb07f4d9a.jpg
test	roboflow_team128_v5	valid	roboflow_team128_v5_IMG_0587_jpg.rf.83c21537e123cd2c061a7a3a4f3fc166.jpg	roboflow_team128_v5_IMG_0587_jpg.rf.83c21537e123cd2c061a7a3a4f3fc166.txt	1	Watermelon Detection.v5-raw_annotations.coco-segmentation\valid\IMG_0587_jpg.rf.83c21537e123cd2c061a7a3a4f3fc166.jpg
test	roboflow_team128_v5	train	roboflow_team128_v5_IMG_0592_jpg.rf.89876994b3f0bc843763916bad2d1466.jpg	roboflow_team128_v5_IMG_0592_jpg.rf.89876994b3f0bc843763916bad2d1466.txt	2	Watermelon Detection.v5-raw_annotations.coco-segmentation\train\IMG_0592_jpg.rf.89876994b3f0bc843763916bad2d1466.jpg
test	roboflow_team128_v5	valid	roboflow_team128_v5_IMG_0596_jpg.rf.8611d0f155e411c1d8db4171ce7729a8.jpg	roboflow_team128_v5_IMG_0596_jpg.rf.8611d0f155e411c1d8db4171ce7729a8.txt	1	Watermelon Detection.v5-raw_annotations.coco-segmentation\valid\IMG_0596_jpg.rf.8611d0f155e411c1d8db4171ce7729a8.jpg
test	roboflow_team128_v5	train	roboflow_team128_v5_IMG_0604_jpg.rf.1d0496eb99fc38bd4153ddacdc59304b.jpg	roboflow_team128_v5_IMG_0604_jpg.rf.1d0496eb99fc38bd4153ddacdc59304b.txt	1	Watermelon Detection.v5-raw_annotations.coco-segmentation\train\IMG_0604_jpg.rf.1d0496eb99fc38bd4153ddacdc59304b.jpg
test	roboflow_team128_v5	valid	roboflow_team128_v5_IMG_0609_jpg.rf.92eb3cc93a408e20962343ac501c396d.jpg	roboflow_team128_v5_IMG_0609_jpg.rf.92eb3cc93a408e20962343ac501c396d.txt	3	Watermelon Detection.v5-raw_annotations.coco-segmentation\valid\IMG_0609_jpg.rf.92eb3cc93a408e20962343ac501c396d.jpg
test	roboflow_team128_v5	valid	roboflow_team128_v5_IMG_0611_jpg.rf.64211474bfeb9c4ef303c78b13bd5ff4.jpg	roboflow_team128_v5_IMG_0611_jpg.rf.64211474bfeb9c4ef303c78b13bd5ff4.txt	1	Watermelon Detection.v5-raw_annotations.coco-segmentation\valid\IMG_0611_jpg.rf.64211474bfeb9c4ef303c78b13bd5ff4.jpg
test	roboflow_team128_v5	train	roboflow_team128_v5_IMG_0614_jpg.rf.9ea3fcf52bfc6c4f8a51db170d564c6a.jpg	roboflow_team128_v5_IMG_0614_jpg.rf.9ea3fcf52bfc6c4f8a51db170d564c6a.txt	1	Watermelon Detection.v5-raw_annotations.coco-segmentation\train\IMG_0614_jpg.rf.9ea3fcf52bfc6c4f8a51db170d564c6a.jpg
test	roboflow_team128_v5	train	roboflow_team128_v5_IMG_0621_jpg.rf.23d48b90c510915c8dbba7c050d0d298.jpg	roboflow_team128_v5_IMG_0621_jpg.rf.23d48b90c510915c8dbba7c050d0d298.txt	2	Watermelon Detection.v5-raw_annotations.coco-segmentation\train\IMG_0621_jpg.rf.23d48b90c510915c8dbba7c050d0d298.jpg
test	roboflow_team128_v5	train	roboflow_team128_v5_IMG_0626_jpg.rf.d79a2382ea7bac8cb110da1d4fcc3119.jpg	roboflow_team128_v5_IMG_0626_jpg.rf.d79a2382ea7bac8cb110da1d4fcc3119.txt	2	Watermelon Detection.v5-raw_annotations.coco-segmentation\train\IMG_0626_jpg.rf.d79a2382ea7bac8cb110da1d4fcc3119.jpg
test	roboflow_team128_v5	train	roboflow_team128_v5_IMG_0634_jpg.rf.b89ae1e90a1adac5a1c0be66e4ada0ad.jpg	roboflow_team128_v5_IMG_0634_jpg.rf.b89ae1e90a1adac5a1c0be66e4ada0ad.txt	4	Watermelon Detection.v5-raw_annotations.coco-segmentation\train\IMG_0634_jpg.rf.b89ae1e90a1adac5a1c0be66e4ada0ad.jpg
test	roboflow_team128_v5	train	roboflow_team128_v5_IMG_0640_jpg.rf.f29e609c071d64068d5bbebdd78294bc.jpg	roboflow_team128_v5_IMG_0640_jpg.rf.f29e609c071d64068d5bbebdd78294bc.txt	2	Watermelon Detection.v5-raw_annotations.coco-segmentation\train\IMG_0640_jpg.rf.f29e609c071d64068d5bbebdd78294bc.jpg
test	roboflow_team128_v5	train	roboflow_team128_v5_IMG_0642_jpg.rf.b8f41433e29c3e7241cb7300d68f8f48.jpg	roboflow_team128_v5_IMG_0642_jpg.rf.b8f41433e29c3e7241cb7300d68f8f48.txt	3	Watermelon Detection.v5-raw_annotations.coco-segmentation\train\IMG_0642_jpg.rf.b8f41433e29c3e7241cb7300d68f8f48.jpg
test	roboflow_team128_v5	train	roboflow_team128_v5_IMG_0659_jpg.rf.ef5c3c2a2e8e7a7a1a82b0b8082f4d8f.jpg	roboflow_team128_v5_IMG_0659_jpg.rf.ef5c3c2a2e8e7a7a1a82b0b8082f4d8f.txt	1	Watermelon Detection.v5-raw_annotations.coco-segmentation\train\IMG_0659_jpg.rf.ef5c3c2a2e8e7a7a1a82b0b8082f4d8f.jpg
test	roboflow_team128_v5	train	roboflow_team128_v5_IMG_0670_jpg.rf.2815cf6a316de94548caf4e7f2f83f09.jpg	roboflow_team128_v5_IMG_0670_jpg.rf.2815cf6a316de94548caf4e7f2f83f09.txt	1	Watermelon Detection.v5-raw_annotations.coco-segmentation\train\IMG_0670_jpg.rf.2815cf6a316de94548caf4e7f2f83f09.jpg
test	roboflow_team128_v5	test	roboflow_team128_v5_IMG_0688_jpg.rf.94f5a7889e904f8072647923247b72e2.jpg	roboflow_team128_v5_IMG_0688_jpg.rf.94f5a7889e904f8072647923247b72e2.txt	1	Watermelon Detection.v5-raw_annotations.coco-segmentation\test\IMG_0688_jpg.rf.94f5a7889e904f8072647923247b72e2.jpg
test	roboflow_team128_v5	valid	roboflow_team128_v5_IMG_0691_jpg.rf.6e9a1726fd2b737f253ef0fd57c420c0.jpg	roboflow_team128_v5_IMG_0691_jpg.rf.6e9a1726fd2b737f253ef0fd57c420c0.txt	4	Watermelon Detection.v5-raw_annotations.coco-segmentation\valid\IMG_0691_jpg.rf.6e9a1726fd2b737f253ef0fd57c420c0.jpg
test	roboflow_team128_v5	train	roboflow_team128_v5_IMG_0692_jpg.rf.c3efdf229af3b762ce4655359fb6d1e1.jpg	roboflow_team128_v5_IMG_0692_jpg.rf.c3efdf229af3b762ce4655359fb6d1e1.txt	3	Watermelon Detection.v5-raw_annotations.coco-segmentation\train\IMG_0692_jpg.rf.c3efdf229af3b762ce4655359fb6d1e1.jpg
test	roboflow_team128_v5	test	roboflow_team128_v5_IMG_0707_jpg.rf.27f725dcaa86169b51581396141c9600.jpg	roboflow_team128_v5_IMG_0707_jpg.rf.27f725dcaa86169b51581396141c9600.txt	3	Watermelon Detection.v5-raw_annotations.coco-segmentation\test\IMG_0707_jpg.rf.27f725dcaa86169b51581396141c9600.jpg
test	roboflow_team128_v5	train	roboflow_team128_v5_IMG_0711_jpg.rf.ba7c48c9b64fa69c472456c345017be7.jpg	roboflow_team128_v5_IMG_0711_jpg.rf.ba7c48c9b64fa69c472456c345017be7.txt	9	Watermelon Detection.v5-raw_annotations.coco-segmentation\train\IMG_0711_jpg.rf.ba7c48c9b64fa69c472456c345017be7.jpg
test	roboflow_team128_v5	train	roboflow_team128_v5_IMG_0716_jpg.rf.ba52c8c3a0a0230f7176f6bbb6180bab.jpg	roboflow_team128_v5_IMG_0716_jpg.rf.ba52c8c3a0a0230f7176f6bbb6180bab.txt	5	Watermelon Detection.v5-raw_annotations.coco-segmentation\train\IMG_0716_jpg.rf.ba52c8c3a0a0230f7176f6bbb6180bab.jpg
test	roboflow_team128_v5	train	roboflow_team128_v5_IMG_0717_jpg.rf.0473c399234d4ccfc47669444efc833f.jpg	roboflow_team128_v5_IMG_0717_jpg.rf.0473c399234d4ccfc47669444efc833f.txt	4	Watermelon Detection.v5-raw_annotations.coco-segmentation\train\IMG_0717_jpg.rf.0473c399234d4ccfc47669444efc833f.jpg
test	roboflow_team128_v5	valid	roboflow_team128_v5_IMG_0750_jpg.rf.4825d92ad85302bb949911cde64a0749.jpg	roboflow_team128_v5_IMG_0750_jpg.rf.4825d92ad85302bb949911cde64a0749.txt	2	Watermelon Detection.v5-raw_annotations.coco-segmentation\valid\IMG_0750_jpg.rf.4825d92ad85302bb949911cde64a0749.jpg
test	roboflow_team128_v5	train	roboflow_team128_v5_IMG_0770_jpg.rf.69bf0a0f1fe9542259c19882d91fe587.jpg	roboflow_team128_v5_IMG_0770_jpg.rf.69bf0a0f1fe9542259c19882d91fe587.txt	2	Watermelon Detection.v5-raw_annotations.coco-segmentation\train\IMG_0770_jpg.rf.69bf0a0f1fe9542259c19882d91fe587.jpg
test	roboflow_team128_v5	valid	roboflow_team128_v5_IMG_0772_jpg.rf.084e672a7fcf52893b930eb552b07e0a.jpg	roboflow_team128_v5_IMG_0772_jpg.rf.084e672a7fcf52893b930eb552b07e0a.txt	6	Watermelon Detection.v5-raw_annotations.coco-segmentation\valid\IMG_0772_jpg.rf.084e672a7fcf52893b930eb552b07e0a.jpg
test	roboflow_team128_v5	train	roboflow_team128_v5_IMG_0773_jpg.rf.5b5c41720d2632686eb94263b243fbc3.jpg	roboflow_team128_v5_IMG_0773_jpg.rf.5b5c41720d2632686eb94263b243fbc3.txt	4	Watermelon Detection.v5-raw_annotations.coco-segmentation\train\IMG_0773_jpg.rf.5b5c41720d2632686eb94263b243fbc3.jpg
test	roboflow_team128_v5	train	roboflow_team128_v5_IMG_0791_jpg.rf.33f3aa54c1893620d02409c2e096afd8.jpg	roboflow_team128_v5_IMG_0791_jpg.rf.33f3aa54c1893620d02409c2e096afd8.txt	6	Watermelon Detection.v5-raw_annotations.coco-segmentation\train\IMG_0791_jpg.rf.33f3aa54c1893620d02409c2e096afd8.jpg
