derived_split	source_split	source	upstream_split	source_image	image	label	relative_image_path	relative_label_path	width	height	instances	scene_key	canonical_asset	image_sha256	label_sha256	coco_image_id	included_in_test_scene_unique	test_scene_unique_coco_image_id
train_clean	train	local_test_images_20260707	manual_labelme	test_images/微信图片_20260707154823_7_2.jpg	local_test_images_20260707_0001.jpg	local_test_images_20260707_0001.txt	images/train/local_test_images_20260707_0001.jpg	labels/train/local_test_images_20260707_0001.txt	1280	1707	11	local_test_images_20260707::local_test_images_20260707_0001	local_test_images_20260707_0001	365a54cde395f3b49a4ca8df4e74d3af6eae1701e0105f9b9672df91cedb223f	3f70ff978d436f4b1f20c5644ab6c888982ea466fd9ca1592bd0c5e6f6e52875	1	false	
train_clean	train	local_test_images_20260707	manual_labelme	test_images/微信图片_20260707154824_8_2.jpg	local_test_images_20260707_0002.jpg	local_test_images_20260707_0002.txt	images/train/local_test_images_20260707_0002.jpg	labels/train/local_test_images_20260707_0002.txt	960	1280	9	local_test_images_20260707::local_test_images_20260707_0002	local_test_images_20260707_0002	7a466b5ed0e0af2af9597e92770936d7359038c12410389d3ce59ab1c3556451	93f41b240c65e8e6897b464167042c0845eea2c45cc0d869217f31d35a5a4020	2	false	
train_clean	train	local_test_images_20260707	manual_labelme	test_images/微信图片_20260707154824_9_2.jpg	local_test_images_20260707_0003.jpg	local_test_images_20260707_0003.txt	images/train/local_test_images_20260707_0003.jpg	labels/train/local_test_images_20260707_0003.txt	1280	1707	12	local_test_images_20260707::local_test_images_20260707_0003	local_test_images_20260707_0003	f5e4fdee6749793e95f66012840d0d8b78bce8b160d294df4d1d1a575ae85e17	bc588dfeaf5b8b3484b3eea36f4d8a8852dd8ac379d9537ae30da1e65b48e772	3	false	
train_clean	train	local_test_images_20260707	manual_labelme	test_images/微信图片_20260707154825_10_2.jpg	local_test_images_20260707_0004.jpg	local_test_images_20260707_0004.txt	images/train/local_test_images_20260707_0004.jpg	labels/train/local_test_images_20260707_0004.txt	1280	1707	10	local_test_images_20260707::local_test_images_20260707_0004	local_test_images_20260707_0004	bdc5bdefb7faca18d7bed1878c742df6d2441b7afc2981994d2729b4e77bdbf0	de73b4403ca3dad47f96e3174a924cd9f85384882db3454a05f6225263b7f011	4	false	
train_clean	train	local_test_images_20260707	manual_labelme	test_images/微信图片_20260707154827_11_2.jpg	local_test_images_20260707_0005.jpg	local_test_images_20260707_0005.txt	images/train/local_test_images_20260707_0005.jpg	labels/train/local_test_images_20260707_0005.txt	1280	1707	11	local_test_images_20260707::local_test_images_20260707_0005	local_test_images_20260707_0005	380e8c2cfa852c0c07a138fbcbaccd75f5744bf624051a82457006a3f8927919	00a1505247ce501398fa80fc7096f54af0c6fd28595785d7f519fc1968d3542d	5	false	
train_clean	train	local_test_images_20260707	manual_labelme	test_images/微信图片_20260707154829_12_2.jpg	local_test_images_20260707_0006.jpg	local_test_images_20260707_0006.txt	images/train/local_test_images_20260707_0006.jpg	labels/train/local_test_images_20260707_0006.txt	1024	1366	9	local_test_images_20260707::local_test_images_20260707_0006	local_test_images_20260707_0006	9fc048b83181aede1bed5109f3d1aa9ff5ed2231d9f962d37ac82ea555fe912b	be771b93355f2e70410eca15a22503aa1e6182c09ee4e6d9011835ec37a18468	6	false	
train_clean	train	local_test_images_20260707	manual_labelme	test_images/微信图片_20260707154832_14_2.jpg	local_test_images_20260707_0008.jpg	local_test_images_20260707_0008.txt	images/train/local_test_images_20260707_0008.jpg	labels/train/local_test_images_20260707_0008.txt	1707	1280	13	local_test_images_20260707::local_test_images_20260707_0008	local_test_images_20260707_0008	bc27d0772fbee2673bbcb52756961ccd3306d0d8cb4bffbad3da55390a435115	cbf03688ad7965c4057b0e349317b55b6617598edc116638013976f22a218c93	7	false	
train_clean	train	local_test_images_20260707	manual_labelme	test_images/微信图片_20260707154834_15_2.jpg	local_test_images_20260707_0009.jpg	local_test_images_20260707_0009.txt	images/train/local_test_images_20260707_0009.jpg	labels/train/local_test_images_20260707_0009.txt	1707	1280	14	local_test_images_20260707::local_test_images_20260707_0009	local_test_images_20260707_0009	b13d323d17b5547de86736de92137cc8561e6aee6cbc366d2b5b415b2da7fc45	2e97e2c6fad11fb289cce1b77fe06df8569595b22c5d911075c8f38a6ade1f76	8	false	
train_clean	train	my_labelme	manual	raw\color_000007.png	my_labelme_color_000007.png	my_labelme_color_000007.txt	images/train/my_labelme_color_000007.png	labels/train/my_labelme_color_000007.txt	1280	800	10	my_labelme::my_labelme_color_000007	my_labelme_color_000007	903a551d4238944d71539e0c9da8e9458f4c57fd862bb21e2a322b27d99c8d4b	23637c770fc7a98423056c36769559e1b576700ad5be5861710e992c4d9facc7	9	false	
train_clean	train	my_labelme	manual	raw\color_000008.png	my_labelme_color_000008.png	my_labelme_color_000008.txt	images/train/my_labelme_color_000008.png	labels/train/my_labelme_color_000008.txt	1280	800	10	my_labelme::my_labelme_color_000008	my_labelme_color_000008	b8fd3a23ddddd9f7d89f38b2b307716c6e0477aed4552e39e509b3ef5226a2e8	23637c770fc7a98423056c36769559e1b576700ad5be5861710e992c4d9facc7	10	false	
train_clean	train	my_labelme	manual	raw\color_000009.png	my_labelme_color_000009.png	my_labelme_color_000009.txt	images/train/my_labelme_color_000009.png	labels/train/my_labelme_color_000009.txt	1280	800	10	my_labelme::my_labelme_color_000009	my_labelme_color_000009	91fefdb577729edded99879182315536856ec1f0674ccbb0624baee0834b5c48	23637c770fc7a98423056c36769559e1b576700ad5be5861710e992c4d9facc7	11	false	
train_clean	train	my_labelme	manual	raw\color_000010.png	my_labelme_color_000010.png	my_labelme_color_000010.txt	images/train/my_labelme_color_000010.png	labels/train/my_labelme_color_000010.txt	1280	800	10	my_labelme::my_labelme_color_000010	my_labelme_color_000010	669421c01e294893129e08aafc2e35267b31d5217dfc2102235938854009d6a0	23637c770fc7a98423056c36769559e1b576700ad5be5861710e992c4d9facc7	12	false	
train_clean	train	my_labelme	manual	raw\color_000011.png	my_labelme_color_000011.png	my_labelme_color_000011.txt	images/train/my_labelme_color_000011.png	labels/train/my_labelme_color_000011.txt	1280	800	8	my_labelme::my_labelme_color_000011	my_labelme_color_000011	1eb5c43f0bbce44f1026ed72419d86f3bf94202d465732b30e94b26122ab12e7	823e9c833fe00e38a1442d38eb33b9278209ac96fe925ada7e49e0b2ffee18cc	13	false	
train_clean	train	my_labelme	manual	raw\color_000014.png	my_labelme_color_000014.png	my_labelme_color_000014.txt	images/train/my_labelme_color_000014.png	labels/train/my_labelme_color_000014.txt	1280	800	9	my_labelme::my_labelme_color_000014	my_labelme_color_000014	9cb7a1f6454638c717e4301fce7329f341b2d292c9e2b6605914e4be6067687c	c3273038b70e069dcb5e0509a847f740ca8ef7ee2a86237d513c44e13d4da616	14	false	
train_clean	train	my_labelme	manual	raw\color_000015.png	my_labelme_color_000015.png	my_labelme_color_000015.txt	images/train/my_labelme_color_000015.png	labels/train/my_labelme_color_000015.txt	1280	800	9	my_labelme::my_labelme_color_000015	my_labelme_color_000015	6fa02454e8034cef2794131a996a9c3b433ac4a8815fd13c6e6f2ad770e5af3c	a507aa2caa564e45f9e6cc90b4f2fb387ddef9d8115d19fd69c53395395f8fae	15	false	
train_clean	train	my_labelme	manual	raw\color_000017.png	my_labelme_color_000017.png	my_labelme_color_000017.txt	images/train/my_labelme_color_000017.png	labels/train/my_labelme_color_000017.txt	1280	800	12	my_labelme::my_labelme_color_000017	my_labelme_color_000017	88fb4766c266237a1029c56a602f8f429635cd677d707149522542c563da93d2	e671bf7e2c5ec63bbddc800a014caa43d464de866d6e5f07ba7f029388804faa	16	false	
train_clean	train	my_labelme	manual	raw\color_000018.png	my_labelme_color_000018.png	my_labelme_color_000018.txt	images/train/my_labelme_color_000018.png	labels/train/my_labelme_color_000018.txt	1280	800	13	my_labelme::my_labelme_color_000018	my_labelme_color_000018	e1fc06115d2955b114e11dbfdc55f4d2c1942d1fcab601a16bc51e5228656e92	003894c40faf1a849b68d4d0c62e5bc91b56a867fb0683ddb512e77099b25f2b	17	false	
train_clean	train	my_labelme	manual	raw\color_000019.png	my_labelme_color_000019.png	my_labelme_color_000019.txt	images/train/my_labelme_color_000019.png	labels/train/my_labelme_color_000019.txt	1280	800	12	my_labelme::my_labelme_color_000019	my_labelme_color_000019	1507851aeb272aca22ac88cf1e2bca9edde269fbd9b30034b9b9d427b949d60c	0fa553c498a82191f458b190278fea1b06e0337d76918c77317a8510327a53ae	18	false	
train_clean	train	my_labelme	manual	raw\color_000020.png	my_labelme_color_000020.png	my_labelme_color_000020.txt	images/train/my_labelme_color_000020.png	labels/train/my_labelme_color_000020.txt	1280	800	11	my_labelme::my_labelme_color_000020	my_labelme_color_000020	95ba49035297094bb931ce0becfce72af45b75f3d87637066d066aab11455c15	0deca8dd5f5a3bfd23be5f9da63bc5ff52aa3b326d9cd10953da6b8708949eb7	19	false	
train_clean	train	my_labelme	manual	raw\color_000021.png	my_labelme_color_000021.png	my_labelme_color_000021.txt	images/train/my_labelme_color_000021.png	labels/train/my_labelme_color_000021.txt	1280	800	10	my_labelme::my_labelme_color_000021	my_labelme_color_000021	a02b2415315f58a7735362ade29a4cbe683821f078ec2dd1e612b01acbcc8021	9c26ec7805c543d12fabd83d260d601aeebe68c405c1edc6c9709e793b954fde	20	false	
train_clean	train	my_labelme	manual	raw\color_000022.png	my_labelme_color_000022.png	my_labelme_color_000022.txt	images/train/my_labelme_color_000022.png	labels/train/my_labelme_color_000022.txt	1280	800	13	my_labelme::my_labelme_color_000022	my_labelme_color_000022	dee89773969ef619dc45a0614404ca4e22dc2a8e234e65a55fa3d8943202dca0	10f60fbb32501d04340cc3650afec195c342318526dc7b84edce4bc8dc3f7a38	21	false	
train_clean	train	my_labelme	manual	raw\color_000023.png	my_labelme_color_000023.png	my_labelme_color_000023.txt	images/train/my_labelme_color_000023.png	labels/train/my_labelme_color_000023.txt	1280	800	11	my_labelme::my_labelme_color_000023	my_labelme_color_000023	91fd6d9dc2e3509b7f2e6e4e2b8e84eec658784d84e8ee06bb4942e50b6cc035	617b6e030621448c814e1358674fff5a11c312218dac59fa3c3f035d20a90623	22	false	
train_clean	train	my_labelme	manual	raw\color_000024.png	my_labelme_color_000024.png	my_labelme_color_000024.txt	images/train/my_labelme_color_000024.png	labels/train/my_labelme_color_000024.txt	1280	800	9	my_labelme::my_labelme_color_000024	my_labelme_color_000024	d38bc422ce637e6d6b01c83dcc06ab2351646501ab120de680e9bdda45ef29c7	fc205c8efad0da9f27b5fb94d10ba24303b2e7cb08c78867212b7d0294cc2f23	23	false	
train_clean	train	my_labelme	manual	raw\color_000025.png	my_labelme_color_000025.png	my_labelme_color_000025.txt	images/train/my_labelme_color_000025.png	labels/train/my_labelme_color_000025.txt	1280	800	9	my_labelme::my_labelme_color_000025	my_labelme_color_000025	6d56cc0b1d460159ce709dfcbec9f89b82d00734895f61f6acfbf10cb944550f	f23f99bbb869149f33459f60716175e52302fb48a502210f7b8b793380810e62	24	false	
train_clean	train	my_labelme	manual	raw\color_000032.png	my_labelme_color_000032.png	my_labelme_color_000032.txt	images/train/my_labelme_color_000032.png	labels/train/my_labelme_color_000032.txt	1280	800	11	my_labelme::my_labelme_color_000032	my_labelme_color_000032	5ffe5020681accd50520946621dad8ba1f4159af18ca372eb6bce69b22c59e8c	67d97a9a4d4c02303d0fdeab39b7813048b7a5c8d88a8474d590a059a92830b8	25	false	
train_clean	train	my_labelme	manual	raw\color_000033.png	my_labelme_color_000033.png	my_labelme_color_000033.txt	images/train/my_labelme_color_000033.png	labels/train/my_labelme_color_000033.txt	1280	800	10	my_labelme::my_labelme_color_000033	my_labelme_color_000033	cf82d5779ea2c9db7fdedfdb0db8a3ad5ac890d62906c5ff0acee124da5d84c8	b039bbd0ca466a01a2cb9eb771c700eef569e9ff79bfaa5a713711a412c6a932	26	false	
train_clean	train	my_labelme	manual	raw\color_000035.png	my_labelme_color_000035.png	my_labelme_color_000035.txt	images/train/my_labelme_color_000035.png	labels/train/my_labelme_color_000035.txt	1280	800	13	my_labelme::my_labelme_color_000035	my_labelme_color_000035	786bc673383340fa7e70f915d6bc3ab117a9f6d402d3a2be2e41686c6af85586	2f7cfbff5fbf9a7ffb4c7f3ef9b3918bd76f9df4564fc3d1ceab32541a58cc92	27	false	
train_clean	train	my_labelme	manual	raw\color_000038.png	my_labelme_color_000038.png	my_labelme_color_000038.txt	images/train/my_labelme_color_000038.png	labels/train/my_labelme_color_000038.txt	1280	800	13	my_labelme::my_labelme_color_000038	my_labelme_color_000038	7ffedb0311cfac014c05d67ad8de0086f77fa492bdd95530d4285c84531928e4	89bde50279adbefb856b989ee333d2025ca0b0e2e2a3be531e9bb36f89823100	28	false	
train_clean	train	my_labelme	manual	raw\color_000039.png	my_labelme_color_000039.png	my_labelme_color_000039.txt	images/train/my_labelme_color_000039.png	labels/train/my_labelme_color_000039.txt	1280	800	12	my_labelme::my_labelme_color_000039	my_labelme_color_000039	c2eedc849219502b2797db62cd4e9e6e870bcb3d77ae20222c57b265ab4caa56	3929cb462a8be9b7b1b2ea8477f13bdfd0dc5ebcac27ecf441b149982cd94dfa	29	false	
train_clean	train	my_labelme	manual	raw\color_000044.png	my_labelme_color_000044.png	my_labelme_color_000044.txt	images/train/my_labelme_color_000044.png	labels/train/my_labelme_color_000044.txt	1280	800	15	my_labelme::my_labelme_color_000044	my_labelme_color_000044	657fdc5685da6357cf0fe2faf39119290b8113168d3f1ab743342e3ef2a72625	1e341f57ff537d88d5aae809eb4d916521d33ebd6fa0e83ead759bce7c9676a0	30	false	
train_clean	train	my_labelme	manual	raw\color_000048.png	my_labelme_color_000048.png	my_labelme_color_000048.txt	images/train/my_labelme_color_000048.png	labels/train/my_labelme_color_000048.txt	1280	800	9	my_labelme::my_labelme_color_000048	my_labelme_color_000048	3b3be91735a185e1fbf3ca4f00df3196594e3dc419d64772a721fc4dbdd820ed	69f293cd104c58c0922efbead814ef8ad65fec33cdfd978f27467bdb0919ac6b	31	false	
train_clean	train	my_labelme	manual	raw\color_000049.png	my_labelme_color_000049.png	my_labelme_color_000049.txt	images/train/my_labelme_color_000049.png	labels/train/my_labelme_color_000049.txt	1280	800	8	my_labelme::my_labelme_color_000049	my_labelme_color_000049	e17549efc4e6d4841ae046a19da0c0c46e95cbc9524d9deeb48aaaf7a160f0f0	92a8d98b90ff60aa5b6e6e27f1187a501dde98e967bc53e53daeef68e2557412	32	false	
train_clean	train	my_labelme	manual	raw\color_000051.png	my_labelme_color_000051.png	my_labelme_color_000051.txt	images/train/my_labelme_color_000051.png	labels/train/my_labelme_color_000051.txt	1280	800	10	my_labelme::my_labelme_color_000051	my_labelme_color_000051	33566795f126436a50f50fd65b9c6b3b7c905da99904d45512976e97327fd1ff	471ae56ee1b70ff60172ad3d99c76a297de9a5c94268c8a4b08ccf3648b64092	33	false	
train_clean	train	my_labelme	manual	raw\color_000053.png	my_labelme_color_000053.png	my_labelme_color_000053.txt	images/train/my_labelme_color_000053.png	labels/train/my_labelme_color_000053.txt	1280	800	9	my_labelme::my_labelme_color_000053	my_labelme_color_000053	e0750a489beee04ce00b167de301f40da9812ae1ce9dca689536e4ee01717b24	2019e6e13d5354d83163b7f7e6b7d034d049c18e97e63e2996498e10df2bbc87	34	false	
train_clean	train	my_labelme	manual	raw\color_000054.png	my_labelme_color_000054.png	my_labelme_color_000054.txt	images/train/my_labelme_color_000054.png	labels/train/my_labelme_color_000054.txt	1280	800	10	my_labelme::my_labelme_color_000054	my_labelme_color_000054	484128f1769d715de230dc9e7c2be85faf831de95e2239b979775ecac9f98363	2af82077d72241e3e54c548078b79f73afd3cb6cb0266e014466662364a34a40	35	false	
train_clean	train	my_labelme	manual	raw\color_000055.png	my_labelme_color_000055.png	my_labelme_color_000055.txt	images/train/my_labelme_color_000055.png	labels/train/my_labelme_color_000055.txt	1280	800	12	my_labelme::my_labelme_color_000055	my_labelme_color_000055	206fdd152377b469cd16f8697195425ad9c6f68c5e1fdd3c8f08b25d11756e72	8df6b4288b9908e3413879216e2a81d2cc9cb3d3d5e3b9a7d876c878195e4973	36	false	
train_clean	train	my_labelme	manual	raw\color_000056.png	my_labelme_color_000056.png	my_labelme_color_000056.txt	images/train/my_labelme_color_000056.png	labels/train/my_labelme_color_000056.txt	1280	800	13	my_labelme::my_labelme_color_000056	my_labelme_color_000056	d24fd789a65ba73d32612d650db53e84a5511efb936b40495b1529efb9a53df6	80ed2fe186186bd2b9ddc9379acac6ad5fc1df4bd757411da5aad75f022536ed	37	false	
train_clean	train	my_labelme	manual	raw\color_000057.png	my_labelme_color_000057.png	my_labelme_color_000057.txt	images/train/my_labelme_color_000057.png	labels/train/my_labelme_color_000057.txt	1280	800	13	my_labelme::my_labelme_color_000057	my_labelme_color_000057	890e51aa6a478c25483024969c30727ebb3733facfc36878e6e2d676a5b9f4c2	80cb0a8cc0a2ba66a3d05771803f4de88268f4aea82f00ebdc517a5411a083e0	38	false	
train_clean	train	my_labelme	manual	raw\color_000058.png	my_labelme_color_000058.png	my_labelme_color_000058.txt	images/train/my_labelme_color_000058.png	labels/train/my_labelme_color_000058.txt	1280	800	11	my_labelme::my_labelme_color_000058	my_labelme_color_000058	fb3dcef7208a16a15cbe3eb5e412831a0d2325a78a8162dd4e39603c38371c0f	ab254f7cd4b707067112184447921ab5496a2769b4f38d8d0089811dbb1f808f	39	false	
train_clean	train	my_labelme	manual	raw\color_000059.png	my_labelme_color_000059.png	my_labelme_color_000059.txt	images/train/my_labelme_color_000059.png	labels/train/my_labelme_color_000059.txt	1280	800	11	my_labelme::my_labelme_color_000059	my_labelme_color_000059	3733396fc7b2d6cffc93a6a6a18227fe7c754fb6b162ef3868cfbbf8df7c5085	1a0d76f5889da71cadc907fba4681f9222b0d8a38ceee7a0a85355c7d2292efd	40	false	
train_clean	train	my_labelme	manual	raw\color_000060.png	my_labelme_color_000060.png	my_labelme_color_000060.txt	images/train/my_labelme_color_000060.png	labels/train/my_labelme_color_000060.txt	1280	800	13	my_labelme::my_labelme_color_000060	my_labelme_color_000060	1ec9da6ccdd535042daff2ea32c2d818a9830b85603081876ba8e6a8990297e3	1d0fbcd2cb8052302e328bbc26382e4268b6143fcaadd2d378ff85d7e5f442e9	41	false	
train_clean	train	my_labelme	manual	raw\color_000064.png	my_labelme_color_000064.png	my_labelme_color_000064.txt	images/train/my_labelme_color_000064.png	labels/train/my_labelme_color_000064.txt	1280	800	9	my_labelme::my_labelme_color_000064	my_labelme_color_000064	0463ba1090817fa31bd183a78013b23e46fe1ab86079f0f889ef3659b69657bd	9f2e3b42cc529b973e8012897bfa317b5174538f9ac9aa1b0ea36f35a5eb4be6	42	false	
train_clean	train	my_labelme	manual	raw\color_000067.png	my_labelme_color_000067.png	my_labelme_color_000067.txt	images/train/my_labelme_color_000067.png	labels/train/my_labelme_color_000067.txt	1280	800	11	my_labelme::my_labelme_color_000067	my_labelme_color_000067	c1f45b45aee7c6ac49632cb050ac7c4568af2b7525ff65cfde1758bd2b624671	ff346882fa474e3f325a8a665c0b5d9211606bc174f527b0dcf4540898f95cbb	43	false	
train_clean	train	roboflow_drago_v1	train	Watermelon Detector.v1i.coco-segmentation\train\108_jpg.rf.51d22f7b68106c2874f81f6d601b2e82.jpg	roboflow_drago_v1_108_jpg.rf.51d22f7b68106c2874f81f6d601b2e82.jpg	roboflow_drago_v1_108_jpg.rf.51d22f7b68106c2874f81f6d601b2e82.txt	images/train/roboflow_drago_v1_108_jpg.rf.51d22f7b68106c2874f81f6d601b2e82.jpg	labels/train/roboflow_drago_v1_108_jpg.rf.51d22f7b68106c2874f81f6d601b2e82.txt	640	640	1	roboflow_drago_v1::roboflow_drago_v1_108_jpg	roboflow_drago_v1_108_jpg	fa66d6906402b899d2290ba4558ca4185c489ce59c68d8003dc91b392f5bbf5e	bed741eec4761510def9867fa98490ed7cbe381eabd3e11f5838ffcee5e937f0	44	false	
train_clean	train	roboflow_drago_v1	train	Watermelon Detector.v1i.coco-segmentation\train\108_jpg.rf.6bdf4ec338c7927e264e5edc5560acec.jpg	roboflow_drago_v1_108_jpg.rf.6bdf4ec338c7927e264e5edc5560acec.jpg	roboflow_drago_v1_108_jpg.rf.6bdf4ec338c7927e264e5edc5560acec.txt	images/train/roboflow_drago_v1_108_jpg.rf.6bdf4ec338c7927e264e5edc5560acec.jpg	labels/train/roboflow_drago_v1_108_jpg.rf.6bdf4ec338c7927e264e5edc5560acec.txt	640	640	1	roboflow_drago_v1::roboflow_drago_v1_108_jpg	roboflow_drago_v1_108_jpg	11d23eeb903e8c67bf9c0bf4bb0f64599d8e979330f6ebec2a7ef13091784d24	350b431badb71108617752f5190cbda26941c0747f324a7a692005f9b4cf0bbc	45	false	
train_clean	train	roboflow_drago_v1	valid	Watermelon Detector.v1i.coco-segmentation\valid\116_jpg.rf.c6a769705e749646bf3bebf88a9a0e09.jpg	roboflow_drago_v1_116_jpg.rf.c6a769705e749646bf3bebf88a9a0e09.jpg	roboflow_drago_v1_116_jpg.rf.c6a769705e749646bf3bebf88a9a0e09.txt	images/train/roboflow_drago_v1_116_jpg.rf.c6a769705e749646bf3bebf88a9a0e09.jpg	labels/train/roboflow_drago_v1_116_jpg.rf.c6a769705e749646bf3bebf88a9a0e09.txt	640	640	1	roboflow_drago_v1::roboflow_drago_v1_116_jpg	roboflow_drago_v1_116_jpg	b6cb7660299aaad009bc69c9a43e7c69f0d1457e11b5694b087a8b996a19e944	cbdeaec2559377ac8858481f140b0b6ab23874d7f18e57d4e869598c4741e3f7	46	false	
train_clean	train	roboflow_drago_v1	train	Watermelon Detector.v1i.coco-segmentation\train\118_jpg.rf.2ab1a59ccfa374697ff4683a8a7b9b27.jpg	roboflow_drago_v1_118_jpg.rf.2ab1a59ccfa374697ff4683a8a7b9b27.jpg	roboflow_drago_v1_118_jpg.rf.2ab1a59ccfa374697ff4683a8a7b9b27.txt	images/train/roboflow_drago_v1_118_jpg.rf.2ab1a59ccfa374697ff4683a8a7b9b27.jpg	labels/train/roboflow_drago_v1_118_jpg.rf.2ab1a59ccfa374697ff4683a8a7b9b27.txt	640	640	1	roboflow_drago_v1::roboflow_drago_v1_118_jpg	roboflow_drago_v1_118_jpg	b751eda89adf552ec1c5ea006834aa99c6564287ee40e119dffe20e8a1be867e	7cc7cd9b7d4d98de3407c6a2fc872d1f3617cc110748307da0a47e792f94d15f	47	false	
train_clean	train	roboflow_drago_v1	test	Watermelon Detector.v1i.coco-segmentation\test\119_jpg.rf.7af0e6530d2ec5a258fe31770612a7f9.jpg	roboflow_drago_v1_119_jpg.rf.7af0e6530d2ec5a258fe31770612a7f9.jpg	roboflow_drago_v1_119_jpg.rf.7af0e6530d2ec5a258fe31770612a7f9.txt	images/train/roboflow_drago_v1_119_jpg.rf.7af0e6530d2ec5a258fe31770612a7f9.jpg	labels/train/roboflow_drago_v1_119_jpg.rf.7af0e6530d2ec5a258fe31770612a7f9.txt	640	640	1	roboflow_drago_v1::roboflow_drago_v1_119_jpg	roboflow_drago_v1_119_jpg	e62ff9825d29238c8f3af5b045aab5ba22ea63620645ab4860a5fd0c091fa82f	b0548f3b3a84fe8a03fe124cd01e42d2bfdfc50247824b036b6889836c12e977	48	false	
train_clean	train	roboflow_drago_v1	valid	Watermelon Detector.v1i.coco-segmentation\valid\121_jpg.rf.b6b7a746cd3771e7f7a607ec16997edd.jpg	roboflow_drago_v1_121_jpg.rf.b6b7a746cd3771e7f7a607ec16997edd.jpg	roboflow_drago_v1_121_jpg.rf.b6b7a746cd3771e7f7a607ec16997edd.txt	images/train/roboflow_drago_v1_121_jpg.rf.b6b7a746cd3771e7f7a607ec16997edd.jpg	labels/train/roboflow_drago_v1_121_jpg.rf.b6b7a746cd3771e7f7a607ec16997edd.txt	640	640	2	roboflow_drago_v1::roboflow_drago_v1_121_jpg	roboflow_drago_v1_121_jpg	373a97d279e01c19b042fa74f547dc350a75a4cf19605f7a51bf01954f32eb84	4c091389d8337153800d1b70ec5aefea3cd3a623cb59c95c1eed9981bc1ae654	49	false	
train_clean	train	roboflow_drago_v1	train	Watermelon Detector.v1i.coco-segmentation\train\136_jpg.rf.2fd1d3fa57e17ddc58b2cb0da14eeb0e.jpg	roboflow_drago_v1_136_jpg.rf.2fd1d3fa57e17ddc58b2cb0da14eeb0e.jpg	roboflow_drago_v1_136_jpg.rf.2fd1d3fa57e17ddc58b2cb0da14eeb0e.txt	images/train/roboflow_drago_v1_136_jpg.rf.2fd1d3fa57e17ddc58b2cb0da14eeb0e.jpg	labels/train/roboflow_drago_v1_136_jpg.rf.2fd1d3fa57e17ddc58b2cb0da14eeb0e.txt	640	640	1	roboflow_drago_v1::roboflow_drago_v1_136_jpg	roboflow_drago_v1_136_jpg	93fc8c884bdad1c61f586e621cacb8ebf4cabc60c9aa4d7542239566be869be3	069db9efbc50fb9a2b982f9f89bc524e4ad6ecb6f3b08c3841f7e121ade69444	50	false	
train_clean	train	roboflow_drago_v1	train	Watermelon Detector.v1i.coco-segmentation\train\136_jpg.rf.fb2933e8e7bbe1ccc9970c46d0075aa3.jpg	roboflow_drago_v1_136_jpg.rf.fb2933e8e7bbe1ccc9970c46d0075aa3.jpg	roboflow_drago_v1_136_jpg.rf.fb2933e8e7bbe1ccc9970c46d0075aa3.txt	images/train/roboflow_drago_v1_136_jpg.rf.fb2933e8e7bbe1ccc9970c46d0075aa3.jpg	labels/train/roboflow_drago_v1_136_jpg.rf.fb2933e8e7bbe1ccc9970c46d0075aa3.txt	640	640	1	roboflow_drago_v1::roboflow_drago_v1_136_jpg	roboflow_drago_v1_136_jpg	11bc3c4983321d2a3be5bf8fd4b9172a098c35dae7e1e7d4a1d5077a77a61162	e93d14aeb8ce9e35d458dae6d8cfbbc87ac949f146e634c40e16dec218ff6610	51	false	
train_clean	train	roboflow_drago_v1	train	Watermelon Detector.v1i.coco-segmentation\train\137_jpg.rf.620c81a7e016943b86a4c039c9baf91b.jpg	roboflow_drago_v1_137_jpg.rf.620c81a7e016943b86a4c039c9baf91b.jpg	roboflow_drago_v1_137_jpg.rf.620c81a7e016943b86a4c039c9baf91b.txt	images/train/roboflow_drago_v1_137_jpg.rf.620c81a7e016943b86a4c039c9baf91b.jpg	labels/train/roboflow_drago_v1_137_jpg.rf.620c81a7e016943b86a4c039c9baf91b.txt	640	640	1	roboflow_drago_v1::roboflow_drago_v1_137_jpg	roboflow_drago_v1_137_jpg	7fe4c1a8714e9932c745802167b1f1603283df2e0a07d642d0bec4fd2b91d0d3	8705a4c875f3721970bd164e065467e5b3d6dc3f99f93ee94c922dea5db28505	52	false	
train_clean	train	roboflow_drago_v1	train	Watermelon Detector.v1i.coco-segmentation\train\145_jpg.rf.3c627c3f169ae98b080d588bbd0cccf2.jpg	roboflow_drago_v1_145_jpg.rf.3c627c3f169ae98b080d588bbd0cccf2.jpg	roboflow_drago_v1_145_jpg.rf.3c627c3f169ae98b080d588bbd0cccf2.txt	images/train/roboflow_drago_v1_145_jpg.rf.3c627c3f169ae98b080d588bbd0cccf2.jpg	labels/train/roboflow_drago_v1_145_jpg.rf.3c627c3f169ae98b080d588bbd0cccf2.txt	640	640	1	roboflow_drago_v1::roboflow_drago_v1_145_jpg	roboflow_drago_v1_145_jpg	a4cd082ccdedfda8d8eb11d238f7230f28614195820bc82fb5df9cefcc2d8e80	b4bfb471236a495a04b39ccd854585d0a7fc0ce5357b725774ac9d4b2a0bb398	53	false	
train_clean	train	roboflow_drago_v1	train	Watermelon Detector.v1i.coco-segmentation\train\145_jpg.rf.6765900d5306683d3c6c5fd01278efdc.jpg	roboflow_drago_v1_145_jpg.rf.6765900d5306683d3c6c5fd01278efdc.jpg	roboflow_drago_v1_145_jpg.rf.6765900d5306683d3c6c5fd01278efdc.txt	images/train/roboflow_drago_v1_145_jpg.rf.6765900d5306683d3c6c5fd01278efdc.jpg	labels/train/roboflow_drago_v1_145_jpg.rf.6765900d5306683d3c6c5fd01278efdc.txt	640	640	1	roboflow_drago_v1::roboflow_drago_v1_145_jpg	roboflow_drago_v1_145_jpg	dff4b45f738cec86da8af30206ccbcb76165120dbb247e0cf73107273c4a7154	34dde05108ec8cfd228a1a6756c3b1fe0f958ab6f46b466ccbc4af6facd6c103	54	false	
train_clean	train	roboflow_drago_v1	valid	Watermelon Detector.v1i.coco-segmentation\valid\158_jpg.rf.1d133ec0fb57b236d036fdd31a98314e.jpg	roboflow_drago_v1_158_jpg.rf.1d133ec0fb57b236d036fdd31a98314e.jpg	roboflow_drago_v1_158_jpg.rf.1d133ec0fb57b236d036fdd31a98314e.txt	images/train/roboflow_drago_v1_158_jpg.rf.1d133ec0fb57b236d036fdd31a98314e.jpg	labels/train/roboflow_drago_v1_158_jpg.rf.1d133ec0fb57b236d036fdd31a98314e.txt	640	640	1	roboflow_drago_v1::roboflow_drago_v1_158_jpg	roboflow_drago_v1_158_jpg	c359b1dbda0817afe8a2f8428da3d0bea8703a5eb6c0bb9c9dd8802aad8ca999	f492fde9609310a2fa6f19ba3e52839308d9f59bcf02295228cdf3e7b6fd86f4	55	false	
train_clean	train	roboflow_drago_v1	train	Watermelon Detector.v1i.coco-segmentation\train\162_jpg.rf.0937f1501e60988840d9d27abc381e6c.jpg	roboflow_drago_v1_162_jpg.rf.0937f1501e60988840d9d27abc381e6c.jpg	roboflow_drago_v1_162_jpg.rf.0937f1501e60988840d9d27abc381e6c.txt	images/train/roboflow_drago_v1_162_jpg.rf.0937f1501e60988840d9d27abc381e6c.jpg	labels/train/roboflow_drago_v1_162_jpg.rf.0937f1501e60988840d9d27abc381e6c.txt	640	640	1	roboflow_drago_v1::roboflow_drago_v1_162_jpg	roboflow_drago_v1_162_jpg	13f4997e395dca31ccc0131f8cc4dc6bcf92a5660abf69854f136e879ed67754	eef25f222558358e0766904fd8b936eb124d8712af1e9f3d3adbf14b79961a69	56	false	
train_clean	train	roboflow_drago_v1	valid	Watermelon Detector.v1i.coco-segmentation\valid\164_jpg.rf.9a5b54601617698f6ee46e39a8ad4af7.jpg	roboflow_drago_v1_164_jpg.rf.9a5b54601617698f6ee46e39a8ad4af7.jpg	roboflow_drago_v1_164_jpg.rf.9a5b54601617698f6ee46e39a8ad4af7.txt	images/train/roboflow_drago_v1_164_jpg.rf.9a5b54601617698f6ee46e39a8ad4af7.jpg	labels/train/roboflow_drago_v1_164_jpg.rf.9a5b54601617698f6ee46e39a8ad4af7.txt	640	640	1	roboflow_drago_v1::roboflow_drago_v1_164_jpg	roboflow_drago_v1_164_jpg	46fdcd38f27f2f4a9e54412e76b873f1c69f9fa8197abd9a043eedd60d4fd7cb	cc6daf6a7f89021b5667b77bb737cdab7312e5bc6f248128dc5509e4d8f1fe1f	57	false	
train_clean	train	roboflow_drago_v1	train	Watermelon Detector.v1i.coco-segmentation\train\165_jpg.rf.04fa8f509fe0a6d588077645b4c979be.jpg	roboflow_drago_v1_165_jpg.rf.04fa8f509fe0a6d588077645b4c979be.jpg	roboflow_drago_v1_165_jpg.rf.04fa8f509fe0a6d588077645b4c979be.txt	images/train/roboflow_drago_v1_165_jpg.rf.04fa8f509fe0a6d588077645b4c979be.jpg	labels/train/roboflow_drago_v1_165_jpg.rf.04fa8f509fe0a6d588077645b4c979be.txt	640	640	1	roboflow_drago_v1::roboflow_drago_v1_165_jpg	roboflow_drago_v1_165_jpg	cd2d01762069d62f0283e9d57b5b3da299473f0be31bac412874edc3160842d6	1afa0446cab07c7a7720629f8e0fa1c374550fab49a2a1bcb3a15548f03e98d6	58	false	
train_clean	train	roboflow_drago_v1	train	Watermelon Detector.v1i.coco-segmentation\train\165_jpg.rf.8f16844591050283077fa3e433f66838.jpg	roboflow_drago_v1_165_jpg.rf.8f16844591050283077fa3e433f66838.jpg	roboflow_drago_v1_165_jpg.rf.8f16844591050283077fa3e433f66838.txt	images/train/roboflow_drago_v1_165_jpg.rf.8f16844591050283077fa3e433f66838.jpg	labels/train/roboflow_drago_v1_165_jpg.rf.8f16844591050283077fa3e433f66838.txt	640	640	1	roboflow_drago_v1::roboflow_drago_v1_165_jpg	roboflow_drago_v1_165_jpg	1ca61ed792ad802753ae3dc56fc7ef59e21dc0483c2f6b4813ed8c4762ebac24	3ce4bef5c754e7123eb72bdea616e5ca04991f6ccbb9b810ea5adee8c1d720a2	59	false	
train_clean	train	roboflow_drago_v1	valid	Watermelon Detector.v1i.coco-segmentation\valid\167_jpg.rf.19d3e9f777cbcd02263bfc3fa200916b.jpg	roboflow_drago_v1_167_jpg.rf.19d3e9f777cbcd02263bfc3fa200916b.jpg	roboflow_drago_v1_167_jpg.rf.19d3e9f777cbcd02263bfc3fa200916b.txt	images/train/roboflow_drago_v1_167_jpg.rf.19d3e9f777cbcd02263bfc3fa200916b.jpg	labels/train/roboflow_drago_v1_167_jpg.rf.19d3e9f777cbcd02263bfc3fa200916b.txt	640	640	1	roboflow_drago_v1::roboflow_drago_v1_167_jpg	roboflow_drago_v1_167_jpg	143284441ddf9a531aeac3525e3e56b5be3f353c96e4b8eb8aea10d1e6d1948b	15bfa1bd1458374dc7dd7f555de6a1eb0f80414059574f97615a045a1a508a16	60	false	
train_clean	train	roboflow_drago_v1	train	Watermelon Detector.v1i.coco-segmentation\train\168_jpg.rf.01888e227526f72971462297ddb1c750.jpg	roboflow_drago_v1_168_jpg.rf.01888e227526f72971462297ddb1c750.jpg	roboflow_drago_v1_168_jpg.rf.01888e227526f72971462297ddb1c750.txt	images/train/roboflow_drago_v1_168_jpg.rf.01888e227526f72971462297ddb1c750.jpg	labels/train/roboflow_drago_v1_168_jpg.rf.01888e227526f72971462297ddb1c750.txt	640	640	1	roboflow_drago_v1::roboflow_drago_v1_168_jpg	roboflow_drago_v1_168_jpg	172f152a79d5283daacbd4e2b9c08680d92d4454198a43fb92490b8b8bb91815	ac2b11bfb399e31a54375ab63ca44870f1021591f17b263f0dacb74b3b129636	61	false	
train_clean	train	roboflow_drago_v1	train	Watermelon Detector.v1i.coco-segmentation\train\168_jpg.rf.9d87ddc1a4d8a51929316d6397d4da36.jpg	roboflow_drago_v1_168_jpg.rf.9d87ddc1a4d8a51929316d6397d4da36.jpg	roboflow_drago_v1_168_jpg.rf.9d87ddc1a4d8a51929316d6397d4da36.txt	images/train/roboflow_drago_v1_168_jpg.rf.9d87ddc1a4d8a51929316d6397d4da36.jpg	labels/train/roboflow_drago_v1_168_jpg.rf.9d87ddc1a4d8a51929316d6397d4da36.txt	640	640	1	roboflow_drago_v1::roboflow_drago_v1_168_jpg	roboflow_drago_v1_168_jpg	a94381bac9e0ebefe860199a3391cf53ad64113913faa750501739b0c4974c10	b25d7690a4a6fab200f43c1f845e052ab5f65ad05299faae5f989e8663e2e23f	62	false	
train_clean	train	roboflow_drago_v1	train	Watermelon Detector.v1i.coco-segmentation\train\169_jpg.rf.1c6ef8a41ce5193901d9867d8a150062.jpg	roboflow_drago_v1_169_jpg.rf.1c6ef8a41ce5193901d9867d8a150062.jpg	roboflow_drago_v1_169_jpg.rf.1c6ef8a41ce5193901d9867d8a150062.txt	images/train/roboflow_drago_v1_169_jpg.rf.1c6ef8a41ce5193901d9867d8a150062.jpg	labels/train/roboflow_drago_v1_169_jpg.rf.1c6ef8a41ce5193901d9867d8a150062.txt	640	640	2	roboflow_drago_v1::roboflow_drago_v1_169_jpg	roboflow_drago_v1_169_jpg	9ab8370ddf34d9c3ccf37f85534c0c9aefb13db7f4dec600765257afaeec96b2	34932e0867d63a6a2aee8c1aa7b8844508e31a6d9aab51fe399faefcf61e44d4	63	false	
train_clean	train	roboflow_drago_v1	train	Watermelon Detector.v1i.coco-segmentation\train\169_jpg.rf.513794fe995c292f3fbb20e9e559c53f.jpg	roboflow_drago_v1_169_jpg.rf.513794fe995c292f3fbb20e9e559c53f.jpg	roboflow_drago_v1_169_jpg.rf.513794fe995c292f3fbb20e9e559c53f.txt	images/train/roboflow_drago_v1_169_jpg.rf.513794fe995c292f3fbb20e9e559c53f.jpg	labels/train/roboflow_drago_v1_169_jpg.rf.513794fe995c292f3fbb20e9e559c53f.txt	640	640	2	roboflow_drago_v1::roboflow_drago_v1_169_jpg	roboflow_drago_v1_169_jpg	5771f0a7fefd40cb911ee9886cc7b23fed5b5ffd3819a2f9ab37a79082068ff0	d36deae40822bb289b679844fe970b0a57ec7c84bffce30ab2694c672b6af7d0	64	false	
train_clean	train	roboflow_drago_v1	valid	Watermelon Detector.v1i.coco-segmentation\valid\170_jpg.rf.d726b116045f93e1b9cf3cba4595d163.jpg	roboflow_drago_v1_170_jpg.rf.d726b116045f93e1b9cf3cba4595d163.jpg	roboflow_drago_v1_170_jpg.rf.d726b116045f93e1b9cf3cba4595d163.txt	images/train/roboflow_drago_v1_170_jpg.rf.d726b116045f93e1b9cf3cba4595d163.jpg	labels/train/roboflow_drago_v1_170_jpg.rf.d726b116045f93e1b9cf3cba4595d163.txt	640	640	1	roboflow_drago_v1::roboflow_drago_v1_170_jpg	roboflow_drago_v1_170_jpg	e1be2089d7fbcbd2a90181b7bbc454f0ce2500ad9dd6d83ccfd90f913154d2c2	dd2690be8271fc52ddf42a2e8a6cbb682c474836bacbc0c337d7b5ad20df5b83	65	false	
train_clean	train	roboflow_drago_v1	valid	Watermelon Detector.v1i.coco-segmentation\valid\171_jpg.rf.c9f1b4d4b610c7fe46702a930608892c.jpg	roboflow_drago_v1_171_jpg.rf.c9f1b4d4b610c7fe46702a930608892c.jpg	roboflow_drago_v1_171_jpg.rf.c9f1b4d4b610c7fe46702a930608892c.txt	images/train/roboflow_drago_v1_171_jpg.rf.c9f1b4d4b610c7fe46702a930608892c.jpg	labels/train/roboflow_drago_v1_171_jpg.rf.c9f1b4d4b610c7fe46702a930608892c.txt	640	640	1	roboflow_drago_v1::roboflow_drago_v1_171_jpg	roboflow_drago_v1_171_jpg	0ab6f2f01159e7456e4fcf366e9d6dbfe0bc6b9e04ee4344c831c2b16b055408	fba199da95d0141493b7dd5d018c046dcbd56d2ff9c4f1e09fb6f33a09fa9948	66	false	
train_clean	train	roboflow_drago_v1	valid	Watermelon Detector.v1i.coco-segmentation\valid\174_jpg.rf.a54ebd3a5839b0beed895b943d578a2d.jpg	roboflow_drago_v1_174_jpg.rf.a54ebd3a5839b0beed895b943d578a2d.jpg	roboflow_drago_v1_174_jpg.rf.a54ebd3a5839b0beed895b943d578a2d.txt	images/train/roboflow_drago_v1_174_jpg.rf.a54ebd3a5839b0beed895b943d578a2d.jpg	labels/train/roboflow_drago_v1_174_jpg.rf.a54ebd3a5839b0beed895b943d578a2d.txt	640	640	3	roboflow_drago_v1::roboflow_drago_v1_174_jpg	roboflow_drago_v1_174_jpg	7ff0f3810eb5f017b4420ee6039052e30164075dd700f69d3b00ac4a32f5a0fc	1b66750de4179aeacc0981079fb017b777fa0655a7ceb8620004b7e94d3bda55	67	false	
train_clean	train	roboflow_drago_v1	valid	Watermelon Detector.v1i.coco-segmentation\valid\175_jpg.rf.ae9af188f2c283adb21924ad2ad121f0.jpg	roboflow_drago_v1_175_jpg.rf.ae9af188f2c283adb21924ad2ad121f0.jpg	roboflow_drago_v1_175_jpg.rf.ae9af188f2c283adb21924ad2ad121f0.txt	images/train/roboflow_drago_v1_175_jpg.rf.ae9af188f2c283adb21924ad2ad121f0.jpg	labels/train/roboflow_drago_v1_175_jpg.rf.ae9af188f2c283adb21924ad2ad121f0.txt	640	640	1	roboflow_drago_v1::roboflow_drago_v1_175_jpg	roboflow_drago_v1_175_jpg	7e9e042bf2ee47335f988082cf23ed43f769e9b20aeb71a9912c3c4c3be0259c	a506a504bdb291c11d88d12d52ac37302d9302c0e0a001f31bfd985b6dfdb27a	68	false	
train_clean	train	roboflow_drago_v1	train	Watermelon Detector.v1i.coco-segmentation\train\177_jpg.rf.b53a89e61dd1cc59e727d9bdbd832539.jpg	roboflow_drago_v1_177_jpg.rf.b53a89e61dd1cc59e727d9bdbd832539.jpg	roboflow_drago_v1_177_jpg.rf.b53a89e61dd1cc59e727d9bdbd832539.txt	images/train/roboflow_drago_v1_177_jpg.rf.b53a89e61dd1cc59e727d9bdbd832539.jpg	labels/train/roboflow_drago_v1_177_jpg.rf.b53a89e61dd1cc59e727d9bdbd832539.txt	640	640	1	roboflow_drago_v1::roboflow_drago_v1_177_jpg	roboflow_drago_v1_177_jpg	05c1c448d1858960100a7c4440bcce7d67324fd30cd2c7ddebbe876cd5ceda46	a73bdaca7993421e519f7deb37c30a7f1d0935bd8e1858160d022ed608846ac9	69	false	
train_clean	train	roboflow_drago_v1	valid	Watermelon Detector.v1i.coco-segmentation\valid\182_jpg.rf.fb7f9134e928d22d7d854054c0721c46.jpg	roboflow_drago_v1_182_jpg.rf.fb7f9134e928d22d7d854054c0721c46.jpg	roboflow_drago_v1_182_jpg.rf.fb7f9134e928d22d7d854054c0721c46.txt	images/train/roboflow_drago_v1_182_jpg.rf.fb7f9134e928d22d7d854054c0721c46.jpg	labels/train/roboflow_drago_v1_182_jpg.rf.fb7f9134e928d22d7d854054c0721c46.txt	640	640	1	roboflow_drago_v1::roboflow_drago_v1_182_jpg	roboflow_drago_v1_182_jpg	2eecb984a90cb841f3b27233e0cb1c01025dff0e6a04eea6403e4f08218d04e8	60f89123fd36825e31e6eb160b74523e18062a3b17a158653e2aa3c8529208d7	70	false	
train_clean	train	roboflow_drago_v1	train	Watermelon Detector.v1i.coco-segmentation\train\183_jpg.rf.4c3a679ea6e2c464b4dfe8ca9911caeb.jpg	roboflow_drago_v1_183_jpg.rf.4c3a679ea6e2c464b4dfe8ca9911caeb.jpg	roboflow_drago_v1_183_jpg.rf.4c3a679ea6e2c464b4dfe8ca9911caeb.txt	images/train/roboflow_drago_v1_183_jpg.rf.4c3a679ea6e2c464b4dfe8ca9911caeb.jpg	labels/train/roboflow_drago_v1_183_jpg.rf.4c3a679ea6e2c464b4dfe8ca9911caeb.txt	640	640	1	roboflow_drago_v1::roboflow_drago_v1_183_jpg	roboflow_drago_v1_183_jpg	87a8b1c79fd9b0d6d28edf2d0ffb3137660026196ca3b0c4dfeac6a4e7d568b3	35fb1f27c9361d958dc5a0ef22961aa2a9fc196729f5dcfea2128f545ef929d5	71	false	
train_clean	train	roboflow_drago_v1	train	Watermelon Detector.v1i.coco-segmentation\train\183_jpg.rf.79def08c1923831d561858cf2a0d0f3f.jpg	roboflow_drago_v1_183_jpg.rf.79def08c1923831d561858cf2a0d0f3f.jpg	roboflow_drago_v1_183_jpg.rf.79def08c1923831d561858cf2a0d0f3f.txt	images/train/roboflow_drago_v1_183_jpg.rf.79def08c1923831d561858cf2a0d0f3f.jpg	labels/train/roboflow_drago_v1_183_jpg.rf.79def08c1923831d561858cf2a0d0f3f.txt	640	640	1	roboflow_drago_v1::roboflow_drago_v1_183_jpg	roboflow_drago_v1_183_jpg	d7642fadf855ab5445aec00bd4b8a5656c4feec558bc4c64c5f20605eb95ab4f	ca347df9d3af0cc932ce435dc8631436de2c05e320c76c36c47552575cb30295	72	false	
train_clean	train	roboflow_drago_v1	train	Watermelon Detector.v1i.coco-segmentation\train\185_jpg.rf.2e41762dd375f2705233d3b85aafdda3.jpg	roboflow_drago_v1_185_jpg.rf.2e41762dd375f2705233d3b85aafdda3.jpg	roboflow_drago_v1_185_jpg.rf.2e41762dd375f2705233d3b85aafdda3.txt	images/train/roboflow_drago_v1_185_jpg.rf.2e41762dd375f2705233d3b85aafdda3.jpg	labels/train/roboflow_drago_v1_185_jpg.rf.2e41762dd375f2705233d3b85aafdda3.txt	640	640	1	roboflow_drago_v1::roboflow_drago_v1_185_jpg	roboflow_drago_v1_185_jpg	0f853022d94631babe491ecbbda44bf66f5d699418449591ec2637c974b0d5cf	ae8ba7702558845e5024181a2fa081fe03a226387813fe6fb8053b41d87f9b74	73	false	
train_clean	train	roboflow_drago_v1	train	Watermelon Detector.v1i.coco-segmentation\train\185_jpg.rf.5b9585bcf742ee186bbeb0fa8c013d0a.jpg	roboflow_drago_v1_185_jpg.rf.5b9585bcf742ee186bbeb0fa8c013d0a.jpg	roboflow_drago_v1_185_jpg.rf.5b9585bcf742ee186bbeb0fa8c013d0a.txt	images/train/roboflow_drago_v1_185_jpg.rf.5b9585bcf742ee186bbeb0fa8c013d0a.jpg	labels/train/roboflow_drago_v1_185_jpg.rf.5b9585bcf742ee186bbeb0fa8c013d0a.txt	640	640	1	roboflow_drago_v1::roboflow_drago_v1_185_jpg	roboflow_drago_v1_185_jpg	db8e77f295508f7647cc64b7409b492d8f9c9df969eda8f4d89872f36bf3d370	27d7396d6884ab1019a118d5d889ae997e6161268e7dbb10bbddeeee725403de	74	false	
train_clean	train	roboflow_drago_v1	test	Watermelon Detector.v1i.coco-segmentation\test\196_jpg.rf.f2cbd056e0e6c2796b81e5637b105930.jpg	roboflow_drago_v1_196_jpg.rf.f2cbd056e0e6c2796b81e5637b105930.jpg	roboflow_drago_v1_196_jpg.rf.f2cbd056e0e6c2796b81e5637b105930.txt	images/train/roboflow_drago_v1_196_jpg.rf.f2cbd056e0e6c2796b81e5637b105930.jpg	labels/train/roboflow_drago_v1_196_jpg.rf.f2cbd056e0e6c2796b81e5637b105930.txt	640	640	1	roboflow_drago_v1::roboflow_drago_v1_196_jpg	roboflow_drago_v1_196_jpg	87a3339a7c96b461e9146a531edf837bada2e8b02c38cbc2fb4777f54e3c9c02	7f8f0a689231e87829722d8dc11176ea34f4da187d6ac3b06452fb0bd408e9ea	75	false	
train_clean	train	roboflow_drago_v1	train	Watermelon Detector.v1i.coco-segmentation\train\198_jpg.rf.4ea0ef38339f8e580707d86a09384887.jpg	roboflow_drago_v1_198_jpg.rf.4ea0ef38339f8e580707d86a09384887.jpg	roboflow_drago_v1_198_jpg.rf.4ea0ef38339f8e580707d86a09384887.txt	images/train/roboflow_drago_v1_198_jpg.rf.4ea0ef38339f8e580707d86a09384887.jpg	labels/train/roboflow_drago_v1_198_jpg.rf.4ea0ef38339f8e580707d86a09384887.txt	640	640	1	roboflow_drago_v1::roboflow_drago_v1_198_jpg	roboflow_drago_v1_198_jpg	d2fa84713e432e19e7692afc878a6e7d380aa905e67ed5550f4f7a2c58864b40	e927c6a7286fea80e7289b7d592e039a4c864e63e7fefdd4bd5c52b585de5e4e	76	false	
train_clean	train	roboflow_drago_v1	train	Watermelon Detector.v1i.coco-segmentation\train\198_jpg.rf.b4f79bdac26a704ab9204dace09bf72c.jpg	roboflow_drago_v1_198_jpg.rf.b4f79bdac26a704ab9204dace09bf72c.jpg	roboflow_drago_v1_198_jpg.rf.b4f79bdac26a704ab9204dace09bf72c.txt	images/train/roboflow_drago_v1_198_jpg.rf.b4f79bdac26a704ab9204dace09bf72c.jpg	labels/train/roboflow_drago_v1_198_jpg.rf.b4f79bdac26a704ab9204dace09bf72c.txt	640	640	1	roboflow_drago_v1::roboflow_drago_v1_198_jpg	roboflow_drago_v1_198_jpg	806475e985e0c21be7c2b8597fe2ca06d226368c65d385a07da0c387b2d79fcc	92f7b9ac7c2163846ad335ab2c79240463e161b6757732747bd98e88d8c65a74	77	false	
train_clean	train	roboflow_drago_v1	valid	Watermelon Detector.v1i.coco-segmentation\valid\205_jpg.rf.d8e04ad288f98807587a8eae847e3ded.jpg	roboflow_drago_v1_205_jpg.rf.d8e04ad288f98807587a8eae847e3ded.jpg	roboflow_drago_v1_205_jpg.rf.d8e04ad288f98807587a8eae847e3ded.txt	images/train/roboflow_drago_v1_205_jpg.rf.d8e04ad288f98807587a8eae847e3ded.jpg	labels/train/roboflow_drago_v1_205_jpg.rf.d8e04ad288f98807587a8eae847e3ded.txt	640	640	1	roboflow_drago_v1::roboflow_drago_v1_205_jpg	roboflow_drago_v1_205_jpg	8e98fa90718f57ad04903bfc9b82c0e2b5b071667bd17a0112b9f0a192906f79	a95ceca8af538077519cc9bdfade70a02b7b951ecb87a289fbf802e30478698c	78	false	
train_clean	train	roboflow_drago_v1	train	Watermelon Detector.v1i.coco-segmentation\train\209_jpg.rf.5d6b9bc0de55d3066b5dee9d29de907b.jpg	roboflow_drago_v1_209_jpg.rf.5d6b9bc0de55d3066b5dee9d29de907b.jpg	roboflow_drago_v1_209_jpg.rf.5d6b9bc0de55d3066b5dee9d29de907b.txt	images/train/roboflow_drago_v1_209_jpg.rf.5d6b9bc0de55d3066b5dee9d29de907b.jpg	labels/train/roboflow_drago_v1_209_jpg.rf.5d6b9bc0de55d3066b5dee9d29de907b.txt	640	640	2	roboflow_drago_v1::roboflow_drago_v1_209_jpg	roboflow_drago_v1_209_jpg	b8e9ff5d02815cdd313fc7ede387f9c4ef2b8812267ae17ba1dfc4964c19c710	3a0f2233491122b6f85fd38c1fecbe0f53e5c7be795cd76638d6d1a06961bf13	79	false	
train_clean	train	roboflow_drago_v1	train	Watermelon Detector.v1i.coco-segmentation\train\211_jpg.rf.345eb25809a1537287ac8348d461c93b.jpg	roboflow_drago_v1_211_jpg.rf.345eb25809a1537287ac8348d461c93b.jpg	roboflow_drago_v1_211_jpg.rf.345eb25809a1537287ac8348d461c93b.txt	images/train/roboflow_drago_v1_211_jpg.rf.345eb25809a1537287ac8348d461c93b.jpg	labels/train/roboflow_drago_v1_211_jpg.rf.345eb25809a1537287ac8348d461c93b.txt	640	640	1	roboflow_drago_v1::roboflow_drago_v1_211_jpg	roboflow_drago_v1_211_jpg	047703db13d208f1bfd3902845b00878bb4d885a5b8200cb809cce2dc97ff613	b621e68282cebb8a75ee9f14c9ab4158a1cb737f253a754dd367ab1f64ef1c14	80	false	
train_clean	train	roboflow_drago_v1	train	Watermelon Detector.v1i.coco-segmentation\train\211_jpg.rf.35fdbfe55872c75211530ded80d0f980.jpg	roboflow_drago_v1_211_jpg.rf.35fdbfe55872c75211530ded80d0f980.jpg	roboflow_drago_v1_211_jpg.rf.35fdbfe55872c75211530ded80d0f980.txt	images/train/roboflow_drago_v1_211_jpg.rf.35fdbfe55872c75211530ded80d0f980.jpg	labels/train/roboflow_drago_v1_211_jpg.rf.35fdbfe55872c75211530ded80d0f980.txt	640	640	1	roboflow_drago_v1::roboflow_drago_v1_211_jpg	roboflow_drago_v1_211_jpg	8fc947b9d960c0d6ca433404e3daf4d91cbf753ff4a671c6caa10bd870b0e757	531e8d5fa1a2399095221243d5631a3d505be98cd7d3a1f23892a8405026d348	81	false	
train_clean	train	roboflow_drago_v1	valid	Watermelon Detector.v1i.coco-segmentation\valid\214_jpg.rf.f7d5c9257431f46686bdb081298dd347.jpg	roboflow_drago_v1_214_jpg.rf.f7d5c9257431f46686bdb081298dd347.jpg	roboflow_drago_v1_214_jpg.rf.f7d5c9257431f46686bdb081298dd347.txt	images/train/roboflow_drago_v1_214_jpg.rf.f7d5c9257431f46686bdb081298dd347.jpg	labels/train/roboflow_drago_v1_214_jpg.rf.f7d5c9257431f46686bdb081298dd347.txt	640	640	2	roboflow_drago_v1::roboflow_drago_v1_214_jpg	roboflow_drago_v1_214_jpg	125f2a4488a39be8950826303c28b41e73cf2473e42509eddb1826497bfea395	49c022c6e487713c216f13a70e887c92a0ee2f043583f47be156497e836852e7	82	false	
train_clean	train	roboflow_drago_v1	valid	Watermelon Detector.v1i.coco-segmentation\valid\216_jpg.rf.09b6e4a0c225259133775c9f2e1ab474.jpg	roboflow_drago_v1_216_jpg.rf.09b6e4a0c225259133775c9f2e1ab474.jpg	roboflow_drago_v1_216_jpg.rf.09b6e4a0c225259133775c9f2e1ab474.txt	images/train/roboflow_drago_v1_216_jpg.rf.09b6e4a0c225259133775c9f2e1ab474.jpg	labels/train/roboflow_drago_v1_216_jpg.rf.09b6e4a0c225259133775c9f2e1ab474.txt	640	640	1	roboflow_drago_v1::roboflow_drago_v1_216_jpg	roboflow_drago_v1_216_jpg	7a5f5c7c1e961bcac080b9180d0ff87ef89d974063b533dccead5f7f197476f0	7358991977ec09d0557c449ab4f702b9cc49f6171b50e6a1c593725ab74b70d1	83	false	
train_clean	train	roboflow_drago_v1	train	Watermelon Detector.v1i.coco-segmentation\train\217_jpg.rf.5d05b3f8fdc7a38c6a611de3cca2ab9d.jpg	roboflow_drago_v1_217_jpg.rf.5d05b3f8fdc7a38c6a611de3cca2ab9d.jpg	roboflow_drago_v1_217_jpg.rf.5d05b3f8fdc7a38c6a611de3cca2ab9d.txt	images/train/roboflow_drago_v1_217_jpg.rf.5d05b3f8fdc7a38c6a611de3cca2ab9d.jpg	labels/train/roboflow_drago_v1_217_jpg.rf.5d05b3f8fdc7a38c6a611de3cca2ab9d.txt	640	640	1	roboflow_drago_v1::roboflow_drago_v1_217_jpg	roboflow_drago_v1_217_jpg	9a9e87a8c06feda79c37fca19989818b3910e7db1b84bc631a6ebcb08ecc442b	4bf4cc28c55134b0b1a63d8ac710262defe99415136ba076dd0cfe6fd198aeb5	84	false	
train_clean	train	roboflow_drago_v1	train	Watermelon Detector.v1i.coco-segmentation\train\217_jpg.rf.a7c85463103b0820ff778fe4ec3cf8a4.jpg	roboflow_drago_v1_217_jpg.rf.a7c85463103b0820ff778fe4ec3cf8a4.jpg	roboflow_drago_v1_217_jpg.rf.a7c85463103b0820ff778fe4ec3cf8a4.txt	images/train/roboflow_drago_v1_217_jpg.rf.a7c85463103b0820ff778fe4ec3cf8a4.jpg	labels/train/roboflow_drago_v1_217_jpg.rf.a7c85463103b0820ff778fe4ec3cf8a4.txt	640	640	1	roboflow_drago_v1::roboflow_drago_v1_217_jpg	roboflow_drago_v1_217_jpg	aea050490d69146a6eadb4e3d5c71a44f5de46c0ee9b55dccf0919c28b9993f7	4b389db0dd7e6eb6144e5d33751a4d5d34958885fb4e74b83d51e65cd0524b7b	85	false	
train_clean	train	roboflow_drago_v1	train	Watermelon Detector.v1i.coco-segmentation\train\21_jpg.rf.947b7681f6e2bba91f607d631c303ef2.jpg	roboflow_drago_v1_21_jpg.rf.947b7681f6e2bba91f607d631c303ef2.jpg	roboflow_drago_v1_21_jpg.rf.947b7681f6e2bba91f607d631c303ef2.txt	images/train/roboflow_drago_v1_21_jpg.rf.947b7681f6e2bba91f607d631c303ef2.jpg	labels/train/roboflow_drago_v1_21_jpg.rf.947b7681f6e2bba91f607d631c303ef2.txt	640	640	2	roboflow_drago_v1::roboflow_drago_v1_21_jpg	roboflow_drago_v1_21_jpg	516023b28690a1922b5d304bfbf6b7661ca0444b4b6423e15ab776da5634c9b5	ed11386429a7747d8af7e4b3dbb98678688290fb3eb2133d45eee3543ef86f48	86	false	
train_clean	train	roboflow_drago_v1	train	Watermelon Detector.v1i.coco-segmentation\train\21_jpg.rf.963a251753b2af7113c47287e2c746bc.jpg	roboflow_drago_v1_21_jpg.rf.963a251753b2af7113c47287e2c746bc.jpg	roboflow_drago_v1_21_jpg.rf.963a251753b2af7113c47287e2c746bc.txt	images/train/roboflow_drago_v1_21_jpg.rf.963a251753b2af7113c47287e2c746bc.jpg	labels/train/roboflow_drago_v1_21_jpg.rf.963a251753b2af7113c47287e2c746bc.txt	640	640	2	roboflow_drago_v1::roboflow_drago_v1_21_jpg	roboflow_drago_v1_21_jpg	b88ec9a3d2ef3d0f47068089300f053149543b99f19c02aace7979277ce06969	5154b875a64b2e5d63336c5657090785c2ea3618c9f8ce1216de2b989a9ee094	87	false	
train_clean	train	roboflow_drago_v1	train	Watermelon Detector.v1i.coco-segmentation\train\21_jpg.rf.ea476f2d6aa8c90b9df0ae377a4ccb9d.jpg	roboflow_drago_v1_21_jpg.rf.ea476f2d6aa8c90b9df0ae377a4ccb9d.jpg	roboflow_drago_v1_21_jpg.rf.ea476f2d6aa8c90b9df0ae377a4ccb9d.txt	images/train/roboflow_drago_v1_21_jpg.rf.ea476f2d6aa8c90b9df0ae377a4ccb9d.jpg	labels/train/roboflow_drago_v1_21_jpg.rf.ea476f2d6aa8c90b9df0ae377a4ccb9d.txt	640	640	2	roboflow_drago_v1::roboflow_drago_v1_21_jpg	roboflow_drago_v1_21_jpg	392604075c18cdb58e624e20b767a28f75f38084e12de7fc5170089018af2cf9	1e42a6b8b4171ce78087e545a17af1adff061637a310c3163cd4108d58ba6d77	88	false	
train_clean	train	roboflow_drago_v1	train	Watermelon Detector.v1i.coco-segmentation\train\220_jpg.rf.0699d63e4e4246e13f14f931f0ff3701.jpg	roboflow_drago_v1_220_jpg.rf.0699d63e4e4246e13f14f931f0ff3701.jpg	roboflow_drago_v1_220_jpg.rf.0699d63e4e4246e13f14f931f0ff3701.txt	images/train/roboflow_drago_v1_220_jpg.rf.0699d63e4e4246e13f14f931f0ff3701.jpg	labels/train/roboflow_drago_v1_220_jpg.rf.0699d63e4e4246e13f14f931f0ff3701.txt	640	640	1	roboflow_drago_v1::roboflow_drago_v1_220_jpg	roboflow_drago_v1_220_jpg	49b4bb18de5983f6debc63db033791b6617958b936a9d49964827cd91fd558dd	810812372ebfd0e06e616c8b81d27cc3845f7be53ea945d4c51c2bb0a73825cf	89	false	
train_clean	train	roboflow_drago_v1	train	Watermelon Detector.v1i.coco-segmentation\train\220_jpg.rf.d4ae3ba1df19d69bb84ab1d969cad268.jpg	roboflow_drago_v1_220_jpg.rf.d4ae3ba1df19d69bb84ab1d969cad268.jpg	roboflow_drago_v1_220_jpg.rf.d4ae3ba1df19d69bb84ab1d969cad268.txt	images/train/roboflow_drago_v1_220_jpg.rf.d4ae3ba1df19d69bb84ab1d969cad268.jpg	labels/train/roboflow_drago_v1_220_jpg.rf.d4ae3ba1df19d69bb84ab1d969cad268.txt	640	640	1	roboflow_drago_v1::roboflow_drago_v1_220_jpg	roboflow_drago_v1_220_jpg	a323124dfb11c844cedf4cc7b2952693b79ab9dfb578f60babeb968cc3e84370	56a95d5f7ab00b9f3057d89044fc501a4d7965def3b1c04fc22a591cac88be87	90	false	
train_clean	train	roboflow_drago_v1	train	Watermelon Detector.v1i.coco-segmentation\train\221_jpg.rf.6339745d5d5c298c984d45a581e9cdc2.jpg	roboflow_drago_v1_221_jpg.rf.6339745d5d5c298c984d45a581e9cdc2.jpg	roboflow_drago_v1_221_jpg.rf.6339745d5d5c298c984d45a581e9cdc2.txt	images/train/roboflow_drago_v1_221_jpg.rf.6339745d5d5c298c984d45a581e9cdc2.jpg	labels/train/roboflow_drago_v1_221_jpg.rf.6339745d5d5c298c984d45a581e9cdc2.txt	640	640	1	roboflow_drago_v1::roboflow_drago_v1_221_jpg	roboflow_drago_v1_221_jpg	1fbc9fe258931ecf0d52b92634c2a3b4f68076a4d0fd5c3f49e95d9cdfcd2ec5	20ef64cab516f14e1cec0908ff67a77f8bb461da69423bf0c2b96e1f77424921	91	false	
train_clean	train	roboflow_drago_v1	train	Watermelon Detector.v1i.coco-segmentation\train\221_jpg.rf.c02995a27e1c04d1ca4c879f06055c79.jpg	roboflow_drago_v1_221_jpg.rf.c02995a27e1c04d1ca4c879f06055c79.jpg	roboflow_drago_v1_221_jpg.rf.c02995a27e1c04d1ca4c879f06055c79.txt	images/train/roboflow_drago_v1_221_jpg.rf.c02995a27e1c04d1ca4c879f06055c79.jpg	labels/train/roboflow_drago_v1_221_jpg.rf.c02995a27e1c04d1ca4c879f06055c79.txt	640	640	1	roboflow_drago_v1::roboflow_drago_v1_221_jpg	roboflow_drago_v1_221_jpg	56fca8feae55a8ee1e3d74f0f58ce178883bebc0282bf93b95e58d05bf4c99c7	d2342a7fc15cf82d9d3e11c0256d533ac508913c6bf25f17e74dc15d08c8b226	92	false	
train_clean	train	roboflow_drago_v1	test	Watermelon Detector.v1i.coco-segmentation\test\223_jpg.rf.e2f3ecf6fdccb0180c91358a5530de60.jpg	roboflow_drago_v1_223_jpg.rf.e2f3ecf6fdccb0180c91358a5530de60.jpg	roboflow_drago_v1_223_jpg.rf.e2f3ecf6fdccb0180c91358a5530de60.txt	images/train/roboflow_drago_v1_223_jpg.rf.e2f3ecf6fdccb0180c91358a5530de60.jpg	labels/train/roboflow_drago_v1_223_jpg.rf.e2f3ecf6fdccb0180c91358a5530de60.txt	640	640	1	roboflow_drago_v1::roboflow_drago_v1_223_jpg	roboflow_drago_v1_223_jpg	a7d816048a9a685d3bdb965b7d48b85e90d76d54873043bd084c72ea26e35a1a	b50029a2230a4abcad6aebd0b6fd2e191502829cf260dab707bb5f32e3be3a36	93	false	
train_clean	train	roboflow_drago_v1	train	Watermelon Detector.v1i.coco-segmentation\train\225_jpg.rf.2a11fbde92c1ec988f6a2625437b562e.jpg	roboflow_drago_v1_225_jpg.rf.2a11fbde92c1ec988f6a2625437b562e.jpg	roboflow_drago_v1_225_jpg.rf.2a11fbde92c1ec988f6a2625437b562e.txt	images/train/roboflow_drago_v1_225_jpg.rf.2a11fbde92c1ec988f6a2625437b562e.jpg	labels/train/roboflow_drago_v1_225_jpg.rf.2a11fbde92c1ec988f6a2625437b562e.txt	640	640	1	roboflow_drago_v1::roboflow_drago_v1_225_jpg	roboflow_drago_v1_225_jpg	1629778197a6e3610a81db1db051bf11e1dfb71b0989a38146cc7f8248022dc5	9ed1743c689fc22ee6b9ecfe7f9af424ed2d200543c6b0689b1f242257ef81cb	94	false	
train_clean	train	roboflow_drago_v1	train	Watermelon Detector.v1i.coco-segmentation\train\225_jpg.rf.62f2eb0432e0615a3444796ebcd530b5.jpg	roboflow_drago_v1_225_jpg.rf.62f2eb0432e0615a3444796ebcd530b5.jpg	roboflow_drago_v1_225_jpg.rf.62f2eb0432e0615a3444796ebcd530b5.txt	images/train/roboflow_drago_v1_225_jpg.rf.62f2eb0432e0615a3444796ebcd530b5.jpg	labels/train/roboflow_drago_v1_225_jpg.rf.62f2eb0432e0615a3444796ebcd530b5.txt	640	640	1	roboflow_drago_v1::roboflow_drago_v1_225_jpg	roboflow_drago_v1_225_jpg	61078f4a5ba84138f0425ede3937a721c4bed594b86f6ef8d3b11da699607276	040bc9326d37a184b3e5cb5bf49dce14a150eb5688daf3322927dc627d5443d1	95	false	
train_clean	train	roboflow_drago_v1	train	Watermelon Detector.v1i.coco-segmentation\train\226_jpg.rf.071bb548b4cbb258892218bf58c051ac.jpg	roboflow_drago_v1_226_jpg.rf.071bb548b4cbb258892218bf58c051ac.jpg	roboflow_drago_v1_226_jpg.rf.071bb548b4cbb258892218bf58c051ac.txt	images/train/roboflow_drago_v1_226_jpg.rf.071bb548b4cbb258892218bf58c051ac.jpg	labels/train/roboflow_drago_v1_226_jpg.rf.071bb548b4cbb258892218bf58c051ac.txt	640	640	1	roboflow_drago_v1::roboflow_drago_v1_226_jpg	roboflow_drago_v1_226_jpg	6bd7a164436560b9d621c3b28638b42461f733f5da93d8838d1c1089c9863ed2	1cede7ba2da9835421ac9943a5a51d5357adfde96b352ce3e46d55b65bf5d2f4	96	false	
train_clean	train	roboflow_drago_v1	train	Watermelon Detector.v1i.coco-segmentation\train\226_jpg.rf.7f5c91d532c83b1bcec09ffe1d8278be.jpg	roboflow_drago_v1_226_jpg.rf.7f5c91d532c83b1bcec09ffe1d8278be.jpg	roboflow_drago_v1_226_jpg.rf.7f5c91d532c83b1bcec09ffe1d8278be.txt	images/train/roboflow_drago_v1_226_jpg.rf.7f5c91d532c83b1bcec09ffe1d8278be.jpg	labels/train/roboflow_drago_v1_226_jpg.rf.7f5c91d532c83b1bcec09ffe1d8278be.txt	640	640	1	roboflow_drago_v1::roboflow_drago_v1_226_jpg	roboflow_drago_v1_226_jpg	695794e353f026240b1d5ef65c1528353a3b83d930fc837fa9b947cce5b3b4a1	f8b2c937f1e86de2769737e21997f57f4dcf336922c1dc94bd419ee5e3c37dce	97	false	
train_clean	train	roboflow_drago_v1	valid	Watermelon Detector.v1i.coco-segmentation\valid\229_jpg.rf.068fe78e8d0c8ef48fc5f92d20f118f1.jpg	roboflow_drago_v1_229_jpg.rf.068fe78e8d0c8ef48fc5f92d20f118f1.jpg	roboflow_drago_v1_229_jpg.rf.068fe78e8d0c8ef48fc5f92d20f118f1.txt	images/train/roboflow_drago_v1_229_jpg.rf.068fe78e8d0c8ef48fc5f92d20f118f1.jpg	labels/train/roboflow_drago_v1_229_jpg.rf.068fe78e8d0c8ef48fc5f92d20f118f1.txt	640	640	1	roboflow_drago_v1::roboflow_drago_v1_229_jpg	roboflow_drago_v1_229_jpg	87f8f07761e2752e0aee5fc8061208f929c611d25c589d8a83d59dd6944900d3	3b888f7bed51e8bf43e2b53a6d95dd724ba0f67cf6c21898eff8d26c1e07684e	98	false	
train_clean	train	roboflow_drago_v1	train	Watermelon Detector.v1i.coco-segmentation\train\235_jpg.rf.4336c1ca60a9e03c8d65471308be0824.jpg	roboflow_drago_v1_235_jpg.rf.4336c1ca60a9e03c8d65471308be0824.jpg	roboflow_drago_v1_235_jpg.rf.4336c1ca60a9e03c8d65471308be0824.txt	images/train/roboflow_drago_v1_235_jpg.rf.4336c1ca60a9e03c8d65471308be0824.jpg	labels/train/roboflow_drago_v1_235_jpg.rf.4336c1ca60a9e03c8d65471308be0824.txt	640	640	1	roboflow_drago_v1::roboflow_drago_v1_235_jpg	roboflow_drago_v1_235_jpg	60af0cd6de2ca2be00c28600cb95ad1f0310c2014f427d48c124f5d28440a89e	258db6a0c38aee7a82c4421264e13152ffcdf3304640fb8a437273f729d1764a	99	false	
train_clean	train	roboflow_drago_v1	train	Watermelon Detector.v1i.coco-segmentation\train\235_jpg.rf.74d17ae21510f27c8b196a724d0395cd.jpg	roboflow_drago_v1_235_jpg.rf.74d17ae21510f27c8b196a724d0395cd.jpg	roboflow_drago_v1_235_jpg.rf.74d17ae21510f27c8b196a724d0395cd.txt	images/train/roboflow_drago_v1_235_jpg.rf.74d17ae21510f27c8b196a724d0395cd.jpg	labels/train/roboflow_drago_v1_235_jpg.rf.74d17ae21510f27c8b196a724d0395cd.txt	640	640	1	roboflow_drago_v1::roboflow_drago_v1_235_jpg	roboflow_drago_v1_235_jpg	a49cc1cc048b40b10b90848926fa3aa224b75c82e378dfb25cb6342008afbf69	517351773d547fa7adfedc4e9b4a374578f68226242dc32bcb5f3ae51d767247	100	false	
train_clean	train	roboflow_drago_v1	train	Watermelon Detector.v1i.coco-segmentation\train\235_jpg.rf.7d110ab058fca80a166bb784b703b114.jpg	roboflow_drago_v1_235_jpg.rf.7d110ab058fca80a166bb784b703b114.jpg	roboflow_drago_v1_235_jpg.rf.7d110ab058fca80a166bb784b703b114.txt	images/train/roboflow_drago_v1_235_jpg.rf.7d110ab058fca80a166bb784b703b114.jpg	labels/train/roboflow_drago_v1_235_jpg.rf.7d110ab058fca80a166bb784b703b114.txt	640	640	1	roboflow_drago_v1::roboflow_drago_v1_235_jpg	roboflow_drago_v1_235_jpg	ae29626ef23f37ca411de64e06fd43fa38ebddc01e107b5c31ac836f4e86cb26	f7d920426b7d6339434589993b557b89ead1efe34e04102a70d72fe8775a87da	101	false	
train_clean	train	roboflow_drago_v1	train	Watermelon Detector.v1i.coco-segmentation\train\236_jpg.rf.0c79066f9b3a31c4fb79f541f1c870b9.jpg	roboflow_drago_v1_236_jpg.rf.0c79066f9b3a31c4fb79f541f1c870b9.jpg	roboflow_drago_v1_236_jpg.rf.0c79066f9b3a31c4fb79f541f1c870b9.txt	images/train/roboflow_drago_v1_236_jpg.rf.0c79066f9b3a31c4fb79f541f1c870b9.jpg	labels/train/roboflow_drago_v1_236_jpg.rf.0c79066f9b3a31c4fb79f541f1c870b9.txt	640	640	1	roboflow_drago_v1::roboflow_drago_v1_236_jpg	roboflow_drago_v1_236_jpg	3d3f557aaa8e9ab4313926bf1a2b4d3e278124183a9d82745b1f5e297d717231	81de1b231010a79fe7be190a90483b0b561a683c50e1d64ad82091dbbcea6fe4	102	false	
train_clean	train	roboflow_drago_v1	train	Watermelon Detector.v1i.coco-segmentation\train\236_jpg.rf.47a0e733480ee8ee3910529f382e0505.jpg	roboflow_drago_v1_236_jpg.rf.47a0e733480ee8ee3910529f382e0505.jpg	roboflow_drago_v1_236_jpg.rf.47a0e733480ee8ee3910529f382e0505.txt	images/train/roboflow_drago_v1_236_jpg.rf.47a0e733480ee8ee3910529f382e0505.jpg	labels/train/roboflow_drago_v1_236_jpg.rf.47a0e733480ee8ee3910529f382e0505.txt	640	640	1	roboflow_drago_v1::roboflow_drago_v1_236_jpg	roboflow_drago_v1_236_jpg	c171bbb5f8cca43ca3335d6bdb34bdc8335ab8dce7724d4f3d7af45ba7b4abec	e2cdc84aff6da44b95d83d6829c0eb89acd505b95911d146c04d351c9706efbc	103	false	
train_clean	train	roboflow_drago_v1	test	Watermelon Detector.v1i.coco-segmentation\test\237_jpg.rf.20f2a58ade06d43ffadbe8f5d0df81c2.jpg	roboflow_drago_v1_237_jpg.rf.20f2a58ade06d43ffadbe8f5d0df81c2.jpg	roboflow_drago_v1_237_jpg.rf.20f2a58ade06d43ffadbe8f5d0df81c2.txt	images/train/roboflow_drago_v1_237_jpg.rf.20f2a58ade06d43ffadbe8f5d0df81c2.jpg	labels/train/roboflow_drago_v1_237_jpg.rf.20f2a58ade06d43ffadbe8f5d0df81c2.txt	640	640	1	roboflow_drago_v1::roboflow_drago_v1_237_jpg	roboflow_drago_v1_237_jpg	fce28d18a6cbd80085fce2389e31ab92624c5c579af02343a59210b7088dd8cf	7b256728adc4d14c832b2e223e0496f52a82d70108869ea6018927e7460e96a1	104	false	
train_clean	train	roboflow_drago_v1	test	Watermelon Detector.v1i.coco-segmentation\test\240_jpg.rf.56087491c8099ae2077699f559c960ff.jpg	roboflow_drago_v1_240_jpg.rf.56087491c8099ae2077699f559c960ff.jpg	roboflow_drago_v1_240_jpg.rf.56087491c8099ae2077699f559c960ff.txt	images/train/roboflow_drago_v1_240_jpg.rf.56087491c8099ae2077699f559c960ff.jpg	labels/train/roboflow_drago_v1_240_jpg.rf.56087491c8099ae2077699f559c960ff.txt	640	640	1	roboflow_drago_v1::roboflow_drago_v1_240_jpg	roboflow_drago_v1_240_jpg	127ba22d4812323b31e4205dfd28df464682a5315e9addc93588759a21a705d1	21209f21453c777774b3c7dbdd3ea3f0864f006350643b2918199da92719c72a	105	false	
train_clean	train	roboflow_drago_v1	train	Watermelon Detector.v1i.coco-segmentation\train\24_jpg.rf.139ebe062363aa59942e22d43ec3aac1.jpg	roboflow_drago_v1_24_jpg.rf.139ebe062363aa59942e22d43ec3aac1.jpg	roboflow_drago_v1_24_jpg.rf.139ebe062363aa59942e22d43ec3aac1.txt	images/train/roboflow_drago_v1_24_jpg.rf.139ebe062363aa59942e22d43ec3aac1.jpg	labels/train/roboflow_drago_v1_24_jpg.rf.139ebe062363aa59942e22d43ec3aac1.txt	640	640	1	roboflow_drago_v1::roboflow_drago_v1_24_jpg	roboflow_drago_v1_24_jpg	3a422ec269e3a5e8c27dd3fc80be862ba250c057a1b56a8b5564334ed9e93235	efeb5f55995621f8cb0493d2a2ea708c5ea3271e09f01b498499131d8248058a	106	false	
train_clean	train	roboflow_drago_v1	train	Watermelon Detector.v1i.coco-segmentation\train\24_jpg.rf.de5f080bb7f3e7eea9fd3ec23d670d01.jpg	roboflow_drago_v1_24_jpg.rf.de5f080bb7f3e7eea9fd3ec23d670d01.jpg	roboflow_drago_v1_24_jpg.rf.de5f080bb7f3e7eea9fd3ec23d670d01.txt	images/train/roboflow_drago_v1_24_jpg.rf.de5f080bb7f3e7eea9fd3ec23d670d01.jpg	labels/train/roboflow_drago_v1_24_jpg.rf.de5f080bb7f3e7eea9fd3ec23d670d01.txt	640	640	1	roboflow_drago_v1::roboflow_drago_v1_24_jpg	roboflow_drago_v1_24_jpg	b3fe908782faaf08276d84bb5f1d04a19178a4c843ff273a6abd1089f78fbd0e	78d45c73ac45502e1756374199867b8a974703572bc2942cfd16dbb7a78446e6	107	false	
train_clean	train	roboflow_drago_v1	valid	Watermelon Detector.v1i.coco-segmentation\valid\250_jpg.rf.85bda60ee16db8e4e366bf4932ae0fd4.jpg	roboflow_drago_v1_250_jpg.rf.85bda60ee16db8e4e366bf4932ae0fd4.jpg	roboflow_drago_v1_250_jpg.rf.85bda60ee16db8e4e366bf4932ae0fd4.txt	images/train/roboflow_drago_v1_250_jpg.rf.85bda60ee16db8e4e366bf4932ae0fd4.jpg	labels/train/roboflow_drago_v1_250_jpg.rf.85bda60ee16db8e4e366bf4932ae0fd4.txt	640	640	1	roboflow_drago_v1::roboflow_drago_v1_250_jpg	roboflow_drago_v1_250_jpg	824382904fd4a7672dc1d7fa3e614fbf08cfc73fd0f1f17cb9172954fabe1c45	64854e248c39a0f8faed2450b4bddb5750f2580938ba703b79a80ad5447862db	108	false	
train_clean	train	roboflow_drago_v1	train	Watermelon Detector.v1i.coco-segmentation\train\258_jpg.rf.4dc05e7a2af03b3b74352eb94352888a.jpg	roboflow_drago_v1_258_jpg.rf.4dc05e7a2af03b3b74352eb94352888a.jpg	roboflow_drago_v1_258_jpg.rf.4dc05e7a2af03b3b74352eb94352888a.txt	images/train/roboflow_drago_v1_258_jpg.rf.4dc05e7a2af03b3b74352eb94352888a.jpg	labels/train/roboflow_drago_v1_258_jpg.rf.4dc05e7a2af03b3b74352eb94352888a.txt	640	640	1	roboflow_drago_v1::roboflow_drago_v1_258_jpg	roboflow_drago_v1_258_jpg	2f9088b82a2be16830ef86444d2a1bdbe695ebf000d7123e84277ab48e5201f0	e5f1a054bf6c8925c8877596fb02714d6efe81ae7ac8d5618507ae03955bbb32	109	false	
train_clean	train	roboflow_drago_v1	train	Watermelon Detector.v1i.coco-segmentation\train\258_jpg.rf.b3f80cd7ada3ab0061cef8d91f34b35f.jpg	roboflow_drago_v1_258_jpg.rf.b3f80cd7ada3ab0061cef8d91f34b35f.jpg	roboflow_drago_v1_258_jpg.rf.b3f80cd7ada3ab0061cef8d91f34b35f.txt	images/train/roboflow_drago_v1_258_jpg.rf.b3f80cd7ada3ab0061cef8d91f34b35f.jpg	labels/train/roboflow_drago_v1_258_jpg.rf.b3f80cd7ada3ab0061cef8d91f34b35f.txt	640	640	1	roboflow_drago_v1::roboflow_drago_v1_258_jpg	roboflow_drago_v1_258_jpg	21c6944af48b338e6eb6cacefba02f676b4994c79c217bbb7946cc73d6d8ad50	aa0cdec80b9eca3058a13e1e277370527a710d96dd0118308895fd76fb1e27b1	110	false	
train_clean	train	roboflow_drago_v1	train	Watermelon Detector.v1i.coco-segmentation\train\258_jpg.rf.e7b49e6c18d762bf45b00efd303defba.jpg	roboflow_drago_v1_258_jpg.rf.e7b49e6c18d762bf45b00efd303defba.jpg	roboflow_drago_v1_258_jpg.rf.e7b49e6c18d762bf45b00efd303defba.txt	images/train/roboflow_drago_v1_258_jpg.rf.e7b49e6c18d762bf45b00efd303defba.jpg	labels/train/roboflow_drago_v1_258_jpg.rf.e7b49e6c18d762bf45b00efd303defba.txt	640	640	1	roboflow_drago_v1::roboflow_drago_v1_258_jpg	roboflow_drago_v1_258_jpg	2c6d85d8f8bb1ace85be5d7be4d37450d01e8406abf5163c1e7cd4bf7096b187	9daeafb75b70dc67569768777dcc4ca8fbf4cf22c96c0b3653fe54989b8825de	111	false	
train_clean	train	roboflow_drago_v1	train	Watermelon Detector.v1i.coco-segmentation\train\261_jpg.rf.03d6391694dceca1ef020ef6b402d94e.jpg	roboflow_drago_v1_261_jpg.rf.03d6391694dceca1ef020ef6b402d94e.jpg	roboflow_drago_v1_261_jpg.rf.03d6391694dceca1ef020ef6b402d94e.txt	images/train/roboflow_drago_v1_261_jpg.rf.03d6391694dceca1ef020ef6b402d94e.jpg	labels/train/roboflow_drago_v1_261_jpg.rf.03d6391694dceca1ef020ef6b402d94e.txt	640	640	1	roboflow_drago_v1::roboflow_drago_v1_261_jpg	roboflow_drago_v1_261_jpg	34bf512279e295dd772fc4269e2abe231cd1836c42c72e7133f4a0f46c0c43db	59b9411086e1d968e5e70e1aa14abc6a6a85869f038f996a4dae0dc118eaffeb	112	false	
train_clean	train	roboflow_drago_v1	train	Watermelon Detector.v1i.coco-segmentation\train\261_jpg.rf.47569d2dea91b4dfda8d2f6cc6a7ba8d.jpg	roboflow_drago_v1_261_jpg.rf.47569d2dea91b4dfda8d2f6cc6a7ba8d.jpg	roboflow_drago_v1_261_jpg.rf.47569d2dea91b4dfda8d2f6cc6a7ba8d.txt	images/train/roboflow_drago_v1_261_jpg.rf.47569d2dea91b4dfda8d2f6cc6a7ba8d.jpg	labels/train/roboflow_drago_v1_261_jpg.rf.47569d2dea91b4dfda8d2f6cc6a7ba8d.txt	640	640	1	roboflow_drago_v1::roboflow_drago_v1_261_jpg	roboflow_drago_v1_261_jpg	b45c16c45d06c167f2b634486a94d34555d73a1c7860431c74d677b4b394d090	48af685b271eda4130f09fce20e0f71980ea61a2992d0513c835bce0c5dc6428	113	false	
train_clean	train	roboflow_drago_v1	train	Watermelon Detector.v1i.coco-segmentation\train\261_jpg.rf.cc56868f7ac99cf56a2275b59a769fda.jpg	roboflow_drago_v1_261_jpg.rf.cc56868f7ac99cf56a2275b59a769fda.jpg	roboflow_drago_v1_261_jpg.rf.cc56868f7ac99cf56a2275b59a769fda.txt	images/train/roboflow_drago_v1_261_jpg.rf.cc56868f7ac99cf56a2275b59a769fda.jpg	labels/train/roboflow_drago_v1_261_jpg.rf.cc56868f7ac99cf56a2275b59a769fda.txt	640	640	1	roboflow_drago_v1::roboflow_drago_v1_261_jpg	roboflow_drago_v1_261_jpg	f1ade90402a5fdb544651048e3b830d75c02874a5e32a9dde0ba8f6b5181b0ac	f4073207daacda94c9c0241870df64e09c80c39555adc4d12a81b32c82b27b32	114	false	
train_clean	train	roboflow_drago_v1	train	Watermelon Detector.v1i.coco-segmentation\train\263_jpg.rf.10acbd736f101369086eb2196cb8471d.jpg	roboflow_drago_v1_263_jpg.rf.10acbd736f101369086eb2196cb8471d.jpg	roboflow_drago_v1_263_jpg.rf.10acbd736f101369086eb2196cb8471d.txt	images/train/roboflow_drago_v1_263_jpg.rf.10acbd736f101369086eb2196cb8471d.jpg	labels/train/roboflow_drago_v1_263_jpg.rf.10acbd736f101369086eb2196cb8471d.txt	640	640	1	roboflow_drago_v1::roboflow_drago_v1_263_jpg	roboflow_drago_v1_263_jpg	0f9b55676ab9bde5224e533fda9dbfee4b6be626ab84c5d1f47492e57a717dc4	a29810677976d710578a7aef0a17dbc8395edce1c21442e9d3b8b325d56f2aab	115	false	
train_clean	train	roboflow_drago_v1	train	Watermelon Detector.v1i.coco-segmentation\train\263_jpg.rf.7cd3c6c1124f28a1ce6011c153913c16.jpg	roboflow_drago_v1_263_jpg.rf.7cd3c6c1124f28a1ce6011c153913c16.jpg	roboflow_drago_v1_263_jpg.rf.7cd3c6c1124f28a1ce6011c153913c16.txt	images/train/roboflow_drago_v1_263_jpg.rf.7cd3c6c1124f28a1ce6011c153913c16.jpg	labels/train/roboflow_drago_v1_263_jpg.rf.7cd3c6c1124f28a1ce6011c153913c16.txt	640	640	1	roboflow_drago_v1::roboflow_drago_v1_263_jpg	roboflow_drago_v1_263_jpg	213378dc892bd604f1f3b9018cbe68ff12d9508f78b269dfc5075d9db20f5d11	6ab1e46a7f9ade1d51e2baede530f5056f185000500fc9834d04b951e023853d	116	false	
train_clean	train	roboflow_drago_v1	train	Watermelon Detector.v1i.coco-segmentation\train\263_jpg.rf.fab5170a2516368430e21afdd3616dda.jpg	roboflow_drago_v1_263_jpg.rf.fab5170a2516368430e21afdd3616dda.jpg	roboflow_drago_v1_263_jpg.rf.fab5170a2516368430e21afdd3616dda.txt	images/train/roboflow_drago_v1_263_jpg.rf.fab5170a2516368430e21afdd3616dda.jpg	labels/train/roboflow_drago_v1_263_jpg.rf.fab5170a2516368430e21afdd3616dda.txt	640	640	1	roboflow_drago_v1::roboflow_drago_v1_263_jpg	roboflow_drago_v1_263_jpg	cb5b4ba66fba520c134cca076327a937e5d22f3c2aaeaf920dafe203fb04c584	9f99cf623c201c672e71d56a4cc48339bdf767863d49314022f335c487cd4d75	117	false	
train_clean	train	roboflow_drago_v1	train	Watermelon Detector.v1i.coco-segmentation\train\265_jpg.rf.50657aaeb5a8d8aafa457ac0e92cd3b7.jpg	roboflow_drago_v1_265_jpg.rf.50657aaeb5a8d8aafa457ac0e92cd3b7.jpg	roboflow_drago_v1_265_jpg.rf.50657aaeb5a8d8aafa457ac0e92cd3b7.txt	images/train/roboflow_drago_v1_265_jpg.rf.50657aaeb5a8d8aafa457ac0e92cd3b7.jpg	labels/train/roboflow_drago_v1_265_jpg.rf.50657aaeb5a8d8aafa457ac0e92cd3b7.txt	640	640	1	roboflow_drago_v1::roboflow_drago_v1_265_jpg	roboflow_drago_v1_265_jpg	7ad048b5bf1bf0dfe9bac9ce172bb3d8adc1f4d88dc9b1df318a43362c0316cd	adab2832d179243e0c6930f721e4798e508b9932b692e7f665d13d2f2443458a	118	false	
train_clean	train	roboflow_drago_v1	train	Watermelon Detector.v1i.coco-segmentation\train\265_jpg.rf.81cf6b0c261e60d00e2fd9dd091edc09.jpg	roboflow_drago_v1_265_jpg.rf.81cf6b0c261e60d00e2fd9dd091edc09.jpg	roboflow_drago_v1_265_jpg.rf.81cf6b0c261e60d00e2fd9dd091edc09.txt	images/train/roboflow_drago_v1_265_jpg.rf.81cf6b0c261e60d00e2fd9dd091edc09.jpg	labels/train/roboflow_drago_v1_265_jpg.rf.81cf6b0c261e60d00e2fd9dd091edc09.txt	640	640	1	roboflow_drago_v1::roboflow_drago_v1_265_jpg	roboflow_drago_v1_265_jpg	3546377731f90b7828933cbd31b429877ca30b522fc0b076da0b9d79aa527c1b	9c7273bbb7859eee192ad99a5fdbc250e75d0da05d9ff2ce4b5dfc5d2e98c8bc	119	false	
train_clean	train	roboflow_drago_v1	train	Watermelon Detector.v1i.coco-segmentation\train\270_jpg.rf.781b65fcea4bb4fdc299d61e90c0da1b.jpg	roboflow_drago_v1_270_jpg.rf.781b65fcea4bb4fdc299d61e90c0da1b.jpg	roboflow_drago_v1_270_jpg.rf.781b65fcea4bb4fdc299d61e90c0da1b.txt	images/train/roboflow_drago_v1_270_jpg.rf.781b65fcea4bb4fdc299d61e90c0da1b.jpg	labels/train/roboflow_drago_v1_270_jpg.rf.781b65fcea4bb4fdc299d61e90c0da1b.txt	640	640	1	roboflow_drago_v1::roboflow_drago_v1_270_jpg	roboflow_drago_v1_270_jpg	6b27308b34c02bb7961a87a306e2df54d4bbc4b90df48f1f3f3b2fdf55b62347	11d203691cea602472e01ab15a411c14ee6ac1ee39ed88d6b500c82a209e86b8	120	false	
train_clean	train	roboflow_drago_v1	train	Watermelon Detector.v1i.coco-segmentation\train\270_jpg.rf.897a5cc4abd7c27e88abca34cf80998e.jpg	roboflow_drago_v1_270_jpg.rf.897a5cc4abd7c27e88abca34cf80998e.jpg	roboflow_drago_v1_270_jpg.rf.897a5cc4abd7c27e88abca34cf80998e.txt	images/train/roboflow_drago_v1_270_jpg.rf.897a5cc4abd7c27e88abca34cf80998e.jpg	labels/train/roboflow_drago_v1_270_jpg.rf.897a5cc4abd7c27e88abca34cf80998e.txt	640	640	1	roboflow_drago_v1::roboflow_drago_v1_270_jpg	roboflow_drago_v1_270_jpg	b5691c08ed2642ab7e0078e3738638da08f9ec8cd22c2cc2562a0255dd8d95da	fd2aa7b5523b9e7444cc785882b9f750c2bb0bd4e0a10b3e1c25469736cef496	121	false	
train_clean	train	roboflow_drago_v1	train	Watermelon Detector.v1i.coco-segmentation\train\272_jpg.rf.07b7f24fde9a0835ba7b2b9804a31e53.jpg	roboflow_drago_v1_272_jpg.rf.07b7f24fde9a0835ba7b2b9804a31e53.jpg	roboflow_drago_v1_272_jpg.rf.07b7f24fde9a0835ba7b2b9804a31e53.txt	images/train/roboflow_drago_v1_272_jpg.rf.07b7f24fde9a0835ba7b2b9804a31e53.jpg	labels/train/roboflow_drago_v1_272_jpg.rf.07b7f24fde9a0835ba7b2b9804a31e53.txt	640	640	1	roboflow_drago_v1::roboflow_drago_v1_272_jpg	roboflow_drago_v1_272_jpg	b7ad7c4f40b4726443e35ff3326205d158f1d825f525e53c39dc7cf28976a5f1	0aa1855c74dc3ddcbd14f64d1b44ba18828cf98abd21054b389b372b97b6a2c5	122	false	
train_clean	train	roboflow_drago_v1	train	Watermelon Detector.v1i.coco-segmentation\train\272_jpg.rf.1c30ea028c258b73da965894daeb7f8e.jpg	roboflow_drago_v1_272_jpg.rf.1c30ea028c258b73da965894daeb7f8e.jpg	roboflow_drago_v1_272_jpg.rf.1c30ea028c258b73da965894daeb7f8e.txt	images/train/roboflow_drago_v1_272_jpg.rf.1c30ea028c258b73da965894daeb7f8e.jpg	labels/train/roboflow_drago_v1_272_jpg.rf.1c30ea028c258b73da965894daeb7f8e.txt	640	640	1	roboflow_drago_v1::roboflow_drago_v1_272_jpg	roboflow_drago_v1_272_jpg	98920ce09558445110e34e221dcf9fe9efd3cb3a66f2001ba06bbbdfe8018963	905fbae40af41d3ff8709ce531a0643946bc0dc501adcb4b78cf06a18b3bfa6e	123	false	
train_clean	train	roboflow_drago_v1	valid	Watermelon Detector.v1i.coco-segmentation\valid\273_jpg.rf.443d40ae4d41919bf04dd969fe21b0ab.jpg	roboflow_drago_v1_273_jpg.rf.443d40ae4d41919bf04dd969fe21b0ab.jpg	roboflow_drago_v1_273_jpg.rf.443d40ae4d41919bf04dd969fe21b0ab.txt	images/train/roboflow_drago_v1_273_jpg.rf.443d40ae4d41919bf04dd969fe21b0ab.jpg	labels/train/roboflow_drago_v1_273_jpg.rf.443d40ae4d41919bf04dd969fe21b0ab.txt	640	640	2	roboflow_drago_v1::roboflow_drago_v1_273_jpg	roboflow_drago_v1_273_jpg	731d60347e96ec27daf733dad33cd3b7da11eeb3c4af066b92a79dd08b9fc8fe	12d5ca53e4023f5f45b510bba3536c75d5cd207aeffe6526053b4bce427be4ee	124	false	
train_clean	train	roboflow_drago_v1	test	Watermelon Detector.v1i.coco-segmentation\test\274_jpg.rf.03ba288cc5071f78648be4d7c9f7efb6.jpg	roboflow_drago_v1_274_jpg.rf.03ba288cc5071f78648be4d7c9f7efb6.jpg	roboflow_drago_v1_274_jpg.rf.03ba288cc5071f78648be4d7c9f7efb6.txt	images/train/roboflow_drago_v1_274_jpg.rf.03ba288cc5071f78648be4d7c9f7efb6.jpg	labels/train/roboflow_drago_v1_274_jpg.rf.03ba288cc5071f78648be4d7c9f7efb6.txt	640	640	1	roboflow_drago_v1::roboflow_drago_v1_274_jpg	roboflow_drago_v1_274_jpg	77a511fc3da6be0c197f352abf668727cb916fb9b8585eec2178550549809d6f	982996bb1288145cab3946e606a48e159e309333988f7ff83d1189b42f17d8fd	125	false	
train_clean	train	roboflow_drago_v1	train	Watermelon Detector.v1i.coco-segmentation\train\277_jpg.rf.49444b24f93a8e66542f372abbccd467.jpg	roboflow_drago_v1_277_jpg.rf.49444b24f93a8e66542f372abbccd467.jpg	roboflow_drago_v1_277_jpg.rf.49444b24f93a8e66542f372abbccd467.txt	images/train/roboflow_drago_v1_277_jpg.rf.49444b24f93a8e66542f372abbccd467.jpg	labels/train/roboflow_drago_v1_277_jpg.rf.49444b24f93a8e66542f372abbccd467.txt	640	640	1	roboflow_drago_v1::roboflow_drago_v1_277_jpg	roboflow_drago_v1_277_jpg	fe4a4afb2ee050ff3770f7c51464d3b077ee4f3d89773c0943751436ee22d432	a779280d4adf26998bfe39fea3269e13eb2db40c48f624b5951aacccb5c8bbcb	126	false	
train_clean	train	roboflow_drago_v1	train	Watermelon Detector.v1i.coco-segmentation\train\277_jpg.rf.69b3e843f4a144f8276a19b162cf6d46.jpg	roboflow_drago_v1_277_jpg.rf.69b3e843f4a144f8276a19b162cf6d46.jpg	roboflow_drago_v1_277_jpg.rf.69b3e843f4a144f8276a19b162cf6d46.txt	images/train/roboflow_drago_v1_277_jpg.rf.69b3e843f4a144f8276a19b162cf6d46.jpg	labels/train/roboflow_drago_v1_277_jpg.rf.69b3e843f4a144f8276a19b162cf6d46.txt	640	640	1	roboflow_drago_v1::roboflow_drago_v1_277_jpg	roboflow_drago_v1_277_jpg	74dd04a78a9ee1ab3a5f7c30f21080f793a2c6469ce4a9131d2d03033d46b2cd	490c437c3d2a479f21ad3206be0d9281ce0009161621d8977218d7b4e6f9ba77	127	false	
train_clean	train	roboflow_drago_v1	train	Watermelon Detector.v1i.coco-segmentation\train\277_jpg.rf.dae28f4c761fa8f29788d65ad9559ec5.jpg	roboflow_drago_v1_277_jpg.rf.dae28f4c761fa8f29788d65ad9559ec5.jpg	roboflow_drago_v1_277_jpg.rf.dae28f4c761fa8f29788d65ad9559ec5.txt	images/train/roboflow_drago_v1_277_jpg.rf.dae28f4c761fa8f29788d65ad9559ec5.jpg	labels/train/roboflow_drago_v1_277_jpg.rf.dae28f4c761fa8f29788d65ad9559ec5.txt	640	640	1	roboflow_drago_v1::roboflow_drago_v1_277_jpg	roboflow_drago_v1_277_jpg	17039dc7af049aec55f19e5241caf583712480b5492df7c3fcc4d279b246326d	f29ed656b3b372b61048c9fb62db2238eb0e890e36de9803b1a4fbc2b6791dcc	128	false	
train_clean	train	roboflow_drago_v1	valid	Watermelon Detector.v1i.coco-segmentation\valid\278_jpg.rf.4d4c143b193aafe456f0ea9e8efb79ab.jpg	roboflow_drago_v1_278_jpg.rf.4d4c143b193aafe456f0ea9e8efb79ab.jpg	roboflow_drago_v1_278_jpg.rf.4d4c143b193aafe456f0ea9e8efb79ab.txt	images/train/roboflow_drago_v1_278_jpg.rf.4d4c143b193aafe456f0ea9e8efb79ab.jpg	labels/train/roboflow_drago_v1_278_jpg.rf.4d4c143b193aafe456f0ea9e8efb79ab.txt	640	640	1	roboflow_drago_v1::roboflow_drago_v1_278_jpg	roboflow_drago_v1_278_jpg	e68e629d042c8fe344f0b4c13c6bbd2d61d4ce54e6d46b17ac4e9e236e5368cd	51e5a3ae21446e492f7de148119a7da0350e7c98b15ee82d1b30c493144ebd1c	129	false	
train_clean	train	roboflow_drago_v1	train	Watermelon Detector.v1i.coco-segmentation\train\279_jpg.rf.12e314ee3a50739b601fe87d1b13e6b2.jpg	roboflow_drago_v1_279_jpg.rf.12e314ee3a50739b601fe87d1b13e6b2.jpg	roboflow_drago_v1_279_jpg.rf.12e314ee3a50739b601fe87d1b13e6b2.txt	images/train/roboflow_drago_v1_279_jpg.rf.12e314ee3a50739b601fe87d1b13e6b2.jpg	labels/train/roboflow_drago_v1_279_jpg.rf.12e314ee3a50739b601fe87d1b13e6b2.txt	640	640	1	roboflow_drago_v1::roboflow_drago_v1_279_jpg	roboflow_drago_v1_279_jpg	fc2bcbfc4be72b522f0af5a99270f7ab54895abe1913b1372efdd2f916436eb5	6f7a1ab4dc5c54e7a0d25df818255b0ea9409aaff78cc4ff93eb072613cae0f0	130	false	
train_clean	train	roboflow_drago_v1	train	Watermelon Detector.v1i.coco-segmentation\train\279_jpg.rf.6cf69e970d432f3138ef629fc7f10439.jpg	roboflow_drago_v1_279_jpg.rf.6cf69e970d432f3138ef629fc7f10439.jpg	roboflow_drago_v1_279_jpg.rf.6cf69e970d432f3138ef629fc7f10439.txt	images/train/roboflow_drago_v1_279_jpg.rf.6cf69e970d432f3138ef629fc7f10439.jpg	labels/train/roboflow_drago_v1_279_jpg.rf.6cf69e970d432f3138ef629fc7f10439.txt	640	640	1	roboflow_drago_v1::roboflow_drago_v1_279_jpg	roboflow_drago_v1_279_jpg	aa977f00bbf475ffec1b1c46ae25faf60097313efe9a621205ab6845b63a34b9	f91b33956f5af12e9c0c23874ded1a41fdd50e62805da80b18a62db0eca2fcfc	131	false	
train_clean	train	roboflow_drago_v1	train	Watermelon Detector.v1i.coco-segmentation\train\290_jpg.rf.b05798b3dd2a71da3d865b1828c8c61d.jpg	roboflow_drago_v1_290_jpg.rf.b05798b3dd2a71da3d865b1828c8c61d.jpg	roboflow_drago_v1_290_jpg.rf.b05798b3dd2a71da3d865b1828c8c61d.txt	images/train/roboflow_drago_v1_290_jpg.rf.b05798b3dd2a71da3d865b1828c8c61d.jpg	labels/train/roboflow_drago_v1_290_jpg.rf.b05798b3dd2a71da3d865b1828c8c61d.txt	640	640	1	roboflow_drago_v1::roboflow_drago_v1_290_jpg	roboflow_drago_v1_290_jpg	5330a2cd9e8b35c9885894063cf4d40f7ab582f8e2797e857087b1142bd7ebc7	0bd29b58b65ddd467fd9c8a86c879c06d609cdd02d7f36511f79b2ed9a46cccc	132	false	
train_clean	train	roboflow_drago_v1	train	Watermelon Detector.v1i.coco-segmentation\train\290_jpg.rf.eea77a48a163acbb47a10dbfe7d8d099.jpg	roboflow_drago_v1_290_jpg.rf.eea77a48a163acbb47a10dbfe7d8d099.jpg	roboflow_drago_v1_290_jpg.rf.eea77a48a163acbb47a10dbfe7d8d099.txt	images/train/roboflow_drago_v1_290_jpg.rf.eea77a48a163acbb47a10dbfe7d8d099.jpg	labels/train/roboflow_drago_v1_290_jpg.rf.eea77a48a163acbb47a10dbfe7d8d099.txt	640	640	1	roboflow_drago_v1::roboflow_drago_v1_290_jpg	roboflow_drago_v1_290_jpg	0262dc62451165ced20233dd459fb1b393c1d25be90137639e4c57acf8374aab	da4a3d72321221e707de32117d4d266f5f14c1dc2101b85b006ac5afd469ec99	133	false	
train_clean	train	roboflow_drago_v1	test	Watermelon Detector.v1i.coco-segmentation\test\291_jpg.rf.c0e450fe6c4c4d93bdfb8a446782452f.jpg	roboflow_drago_v1_291_jpg.rf.c0e450fe6c4c4d93bdfb8a446782452f.jpg	roboflow_drago_v1_291_jpg.rf.c0e450fe6c4c4d93bdfb8a446782452f.txt	images/train/roboflow_drago_v1_291_jpg.rf.c0e450fe6c4c4d93bdfb8a446782452f.jpg	labels/train/roboflow_drago_v1_291_jpg.rf.c0e450fe6c4c4d93bdfb8a446782452f.txt	640	640	1	roboflow_drago_v1::roboflow_drago_v1_291_jpg	roboflow_drago_v1_291_jpg	372f7dd9db4d5f0d1846191f998ad1aa85662fa83628914abf91d21c59fb8dd2	de6d2dba20fac640cbcc7d27637bcfcfbb1005b5dd0691dedd387528c431eccc	134	false	
train_clean	train	roboflow_drago_v1	valid	Watermelon Detector.v1i.coco-segmentation\valid\293_jpg.rf.065b4c8955cec1394336e9bdb4f98e50.jpg	roboflow_drago_v1_293_jpg.rf.065b4c8955cec1394336e9bdb4f98e50.jpg	roboflow_drago_v1_293_jpg.rf.065b4c8955cec1394336e9bdb4f98e50.txt	images/train/roboflow_drago_v1_293_jpg.rf.065b4c8955cec1394336e9bdb4f98e50.jpg	labels/train/roboflow_drago_v1_293_jpg.rf.065b4c8955cec1394336e9bdb4f98e50.txt	640	640	1	roboflow_drago_v1::roboflow_drago_v1_293_jpg	roboflow_drago_v1_293_jpg	dcfe64b255168525c8e16727292e80857fb572e1995a13bafc0c81f5d5ac54a0	5445ef2a066fa9729c2b92e649f242a5ede9731e7339c6121c99da0a60a45214	135	false	
train_clean	train	roboflow_drago_v1	train	Watermelon Detector.v1i.coco-segmentation\train\302_jpg.rf.3156e3f7cd55007bc04da9d2e94aa616.jpg	roboflow_drago_v1_302_jpg.rf.3156e3f7cd55007bc04da9d2e94aa616.jpg	roboflow_drago_v1_302_jpg.rf.3156e3f7cd55007bc04da9d2e94aa616.txt	images/train/roboflow_drago_v1_302_jpg.rf.3156e3f7cd55007bc04da9d2e94aa616.jpg	labels/train/roboflow_drago_v1_302_jpg.rf.3156e3f7cd55007bc04da9d2e94aa616.txt	640	640	1	roboflow_drago_v1::roboflow_drago_v1_302_jpg	roboflow_drago_v1_302_jpg	bcb336b3e8be3c29ddc3af1585bd823f8d80c3537ebc111cf7543eb7dccb9571	c904c2439ab6c162693eea4cc3a51fb671010a472d359c628080b4b527d8f9b4	136	false	
train_clean	train	roboflow_drago_v1	train	Watermelon Detector.v1i.coco-segmentation\train\302_jpg.rf.a13691135e38a940888f4f00c6f1b7dc.jpg	roboflow_drago_v1_302_jpg.rf.a13691135e38a940888f4f00c6f1b7dc.jpg	roboflow_drago_v1_302_jpg.rf.a13691135e38a940888f4f00c6f1b7dc.txt	images/train/roboflow_drago_v1_302_jpg.rf.a13691135e38a940888f4f00c6f1b7dc.jpg	labels/train/roboflow_drago_v1_302_jpg.rf.a13691135e38a940888f4f00c6f1b7dc.txt	640	640	1	roboflow_drago_v1::roboflow_drago_v1_302_jpg	roboflow_drago_v1_302_jpg	09815e95a58c9e68786dff615170f30f135289c0bb48cfef7b5c424652dc0fcd	cceafed04600762e384fd7ce9821e2acd46c6a0d9774547e0d834230ccecc3cb	137	false	
train_clean	train	roboflow_drago_v1	train	Watermelon Detector.v1i.coco-segmentation\train\302_jpg.rf.d84f3e96d3164d5f8865ae087befef6d.jpg	roboflow_drago_v1_302_jpg.rf.d84f3e96d3164d5f8865ae087befef6d.jpg	roboflow_drago_v1_302_jpg.rf.d84f3e96d3164d5f8865ae087befef6d.txt	images/train/roboflow_drago_v1_302_jpg.rf.d84f3e96d3164d5f8865ae087befef6d.jpg	labels/train/roboflow_drago_v1_302_jpg.rf.d84f3e96d3164d5f8865ae087befef6d.txt	640	640	1	roboflow_drago_v1::roboflow_drago_v1_302_jpg	roboflow_drago_v1_302_jpg	04734cd7aceac9b3b57180adde26bd25cd1ca6e84719cda4aa3ae74e7797819e	d8a090f0cc281e1a9e490dd89d2c2f85c080244324c4dd312e5260f7c1723d0d	138	false	
train_clean	train	roboflow_drago_v1	train	Watermelon Detector.v1i.coco-segmentation\train\303_jpg.rf.42d52224e93a46df5f852a0959cad645.jpg	roboflow_drago_v1_303_jpg.rf.42d52224e93a46df5f852a0959cad645.jpg	roboflow_drago_v1_303_jpg.rf.42d52224e93a46df5f852a0959cad645.txt	images/train/roboflow_drago_v1_303_jpg.rf.42d52224e93a46df5f852a0959cad645.jpg	labels/train/roboflow_drago_v1_303_jpg.rf.42d52224e93a46df5f852a0959cad645.txt	640	640	1	roboflow_drago_v1::roboflow_drago_v1_303_jpg	roboflow_drago_v1_303_jpg	cf592e628588f7d806b78dcfed7159fec18f189ec8776a61db9d6f79a8e03b50	d9541f6050d2de9d34be1daaaf4c2742f4d37640a94b3d7143b20820d84a1fc0	139	false	
train_clean	train	roboflow_drago_v1	train	Watermelon Detector.v1i.coco-segmentation\train\303_jpg.rf.8ffd9cf96edc48af333a523b7cc7baf1.jpg	roboflow_drago_v1_303_jpg.rf.8ffd9cf96edc48af333a523b7cc7baf1.jpg	roboflow_drago_v1_303_jpg.rf.8ffd9cf96edc48af333a523b7cc7baf1.txt	images/train/roboflow_drago_v1_303_jpg.rf.8ffd9cf96edc48af333a523b7cc7baf1.jpg	labels/train/roboflow_drago_v1_303_jpg.rf.8ffd9cf96edc48af333a523b7cc7baf1.txt	640	640	1	roboflow_drago_v1::roboflow_drago_v1_303_jpg	roboflow_drago_v1_303_jpg	2f7c779d3b6c7d0889511e299f83dac3314cb847a385a301caa0c8781cfe3f19	c39e075f35d1083d6e709e64ae383481b4879d17bf2ceaa3a638701b36eb57e0	140	false	
train_clean	train	roboflow_drago_v1	train	Watermelon Detector.v1i.coco-segmentation\train\303_jpg.rf.fe97777ac6b3a8821edc5b2379a00fdc.jpg	roboflow_drago_v1_303_jpg.rf.fe97777ac6b3a8821edc5b2379a00fdc.jpg	roboflow_drago_v1_303_jpg.rf.fe97777ac6b3a8821edc5b2379a00fdc.txt	images/train/roboflow_drago_v1_303_jpg.rf.fe97777ac6b3a8821edc5b2379a00fdc.jpg	labels/train/roboflow_drago_v1_303_jpg.rf.fe97777ac6b3a8821edc5b2379a00fdc.txt	640	640	1	roboflow_drago_v1::roboflow_drago_v1_303_jpg	roboflow_drago_v1_303_jpg	ac6d4fd93069e81142408b8b08969c12709647d9899a7ac49eceed5c7f4f0644	ebc1afa611e175f045b1e7cf2416aabca8ce24d043eda2f2a49ecc9ebc6ddc0e	141	false	
train_clean	train	roboflow_drago_v1	valid	Watermelon Detector.v1i.coco-segmentation\valid\314_jpg.rf.0803bf26b6fd7ecb120254615354e981.jpg	roboflow_drago_v1_314_jpg.rf.0803bf26b6fd7ecb120254615354e981.jpg	roboflow_drago_v1_314_jpg.rf.0803bf26b6fd7ecb120254615354e981.txt	images/train/roboflow_drago_v1_314_jpg.rf.0803bf26b6fd7ecb120254615354e981.jpg	labels/train/roboflow_drago_v1_314_jpg.rf.0803bf26b6fd7ecb120254615354e981.txt	640	640	1	roboflow_drago_v1::roboflow_drago_v1_314_jpg	roboflow_drago_v1_314_jpg	78dc934dfd618647333eb4758eaffb9404cff37866f65c25a9bc245b8d80ad4d	a0a54930c553bf5398a3bbdef0ed407951e8f4f2ba073a51843ae92a79623a69	142	false	
train_clean	train	roboflow_drago_v1	train	Watermelon Detector.v1i.coco-segmentation\train\31_jpg.rf.18bdc815d24f35367b0e43e41406fc4e.jpg	roboflow_drago_v1_31_jpg.rf.18bdc815d24f35367b0e43e41406fc4e.jpg	roboflow_drago_v1_31_jpg.rf.18bdc815d24f35367b0e43e41406fc4e.txt	images/train/roboflow_drago_v1_31_jpg.rf.18bdc815d24f35367b0e43e41406fc4e.jpg	labels/train/roboflow_drago_v1_31_jpg.rf.18bdc815d24f35367b0e43e41406fc4e.txt	640	640	1	roboflow_drago_v1::roboflow_drago_v1_31_jpg	roboflow_drago_v1_31_jpg	b20e73d444d4543008be1f1ec714bbc9014fa5e0e48e1824a77d175140dc1155	894ae500d4aad5213c371d7cd5bb9de39f294dd123561770e1a3c49c348488ad	143	false	
train_clean	train	roboflow_drago_v1	train	Watermelon Detector.v1i.coco-segmentation\train\31_jpg.rf.5da74d0ee2a34ca1be16219433d1c70c.jpg	roboflow_drago_v1_31_jpg.rf.5da74d0ee2a34ca1be16219433d1c70c.jpg	roboflow_drago_v1_31_jpg.rf.5da74d0ee2a34ca1be16219433d1c70c.txt	images/train/roboflow_drago_v1_31_jpg.rf.5da74d0ee2a34ca1be16219433d1c70c.jpg	labels/train/roboflow_drago_v1_31_jpg.rf.5da74d0ee2a34ca1be16219433d1c70c.txt	640	640	1	roboflow_drago_v1::roboflow_drago_v1_31_jpg	roboflow_drago_v1_31_jpg	c7a3ce2f99ee2998e5619e32240824fe98238ab306dae58cc7c15b51fe700433	c881278ec804b1b861f00b25e2a32bae7ea94835a61c4d5c06176f46c396ff4e	144	false	
train_clean	train	roboflow_drago_v1	train	Watermelon Detector.v1i.coco-segmentation\train\31_jpg.rf.d966d0a0fa3fc4dc817eeae3f1b39f37.jpg	roboflow_drago_v1_31_jpg.rf.d966d0a0fa3fc4dc817eeae3f1b39f37.jpg	roboflow_drago_v1_31_jpg.rf.d966d0a0fa3fc4dc817eeae3f1b39f37.txt	images/train/roboflow_drago_v1_31_jpg.rf.d966d0a0fa3fc4dc817eeae3f1b39f37.jpg	labels/train/roboflow_drago_v1_31_jpg.rf.d966d0a0fa3fc4dc817eeae3f1b39f37.txt	640	640	1	roboflow_drago_v1::roboflow_drago_v1_31_jpg	roboflow_drago_v1_31_jpg	c12fa16e124606978458d366add76f9b90f2b42391c446f1c5025b216400dca3	4fd5be2f75918961225fb5b89a7dfcbfe4d9d65fdba1676b467ba7796bab9f12	145	false	
train_clean	train	roboflow_drago_v1	train	Watermelon Detector.v1i.coco-segmentation\train\323_jpg.rf.8ed69e83ba9b0ac4096f44366c70e881.jpg	roboflow_drago_v1_323_jpg.rf.8ed69e83ba9b0ac4096f44366c70e881.jpg	roboflow_drago_v1_323_jpg.rf.8ed69e83ba9b0ac4096f44366c70e881.txt	images/train/roboflow_drago_v1_323_jpg.rf.8ed69e83ba9b0ac4096f44366c70e881.jpg	labels/train/roboflow_drago_v1_323_jpg.rf.8ed69e83ba9b0ac4096f44366c70e881.txt	640	640	1	roboflow_drago_v1::roboflow_drago_v1_323_jpg	roboflow_drago_v1_323_jpg	06d8096b78def382b8454caa8a36e5b832d1a766942af83742d411bdd097194e	920345b81c3142caa6e89b2647f6c8232fe942b208aebe51d5cba17c35d4224d	146	false	
train_clean	train	roboflow_drago_v1	train	Watermelon Detector.v1i.coco-segmentation\train\323_jpg.rf.d8b33e608eea90218d1a7d54282f3a74.jpg	roboflow_drago_v1_323_jpg.rf.d8b33e608eea90218d1a7d54282f3a74.jpg	roboflow_drago_v1_323_jpg.rf.d8b33e608eea90218d1a7d54282f3a74.txt	images/train/roboflow_drago_v1_323_jpg.rf.d8b33e608eea90218d1a7d54282f3a74.jpg	labels/train/roboflow_drago_v1_323_jpg.rf.d8b33e608eea90218d1a7d54282f3a74.txt	640	640	1	roboflow_drago_v1::roboflow_drago_v1_323_jpg	roboflow_drago_v1_323_jpg	6a0d37374594a13702b1311f6acca00cf937bd98e5fd7e1761e4e1a017fb729d	ef1e8da2661d116669e6a9dbfc18c3ec972bcf39aa277740bdd5ea3cb0bd2736	147	false	
train_clean	train	roboflow_drago_v1	train	Watermelon Detector.v1i.coco-segmentation\train\325_jpg.rf.0892691c6457054ef018ae21345392e3.jpg	roboflow_drago_v1_325_jpg.rf.0892691c6457054ef018ae21345392e3.jpg	roboflow_drago_v1_325_jpg.rf.0892691c6457054ef018ae21345392e3.txt	images/train/roboflow_drago_v1_325_jpg.rf.0892691c6457054ef018ae21345392e3.jpg	labels/train/roboflow_drago_v1_325_jpg.rf.0892691c6457054ef018ae21345392e3.txt	640	640	1	roboflow_drago_v1::roboflow_drago_v1_325_jpg	roboflow_drago_v1_325_jpg	f7e58df50ce86e803fe555ab5ab5fc250f97b455522dc2434cd4ab99451cd62a	088cc7846b1689083cbc04371c4619e9381baa0d143345965f6257786fff816f	148	false	
train_clean	train	roboflow_drago_v1	train	Watermelon Detector.v1i.coco-segmentation\train\325_jpg.rf.c271098099d943d79dc16a29763fa4cd.jpg	roboflow_drago_v1_325_jpg.rf.c271098099d943d79dc16a29763fa4cd.jpg	roboflow_drago_v1_325_jpg.rf.c271098099d943d79dc16a29763fa4cd.txt	images/train/roboflow_drago_v1_325_jpg.rf.c271098099d943d79dc16a29763fa4cd.jpg	labels/train/roboflow_drago_v1_325_jpg.rf.c271098099d943d79dc16a29763fa4cd.txt	640	640	1	roboflow_drago_v1::roboflow_drago_v1_325_jpg	roboflow_drago_v1_325_jpg	da9f201f3b4fadad09f14e2d7e743dae99430d1c969fc5fa415b55b90f880481	54c692caa7f8a24614f331ccef1da0154dadaf3a51cee0a1155de5a9eac05358	149	false	
train_clean	train	roboflow_drago_v1	train	Watermelon Detector.v1i.coco-segmentation\train\327_jpg.rf.8d34a479d0646b47432a75c44f40c969.jpg	roboflow_drago_v1_327_jpg.rf.8d34a479d0646b47432a75c44f40c969.jpg	roboflow_drago_v1_327_jpg.rf.8d34a479d0646b47432a75c44f40c969.txt	images/train/roboflow_drago_v1_327_jpg.rf.8d34a479d0646b47432a75c44f40c969.jpg	labels/train/roboflow_drago_v1_327_jpg.rf.8d34a479d0646b47432a75c44f40c969.txt	640	640	1	roboflow_drago_v1::roboflow_drago_v1_327_jpg	roboflow_drago_v1_327_jpg	601eca7f79cfac51e43a2fa7ebb66a7dcb39799649f07a1e0e0159cc08749249	ee511a1a018b33b5de4f6b77f3816c1ec5d8580888e1beb4a9ecd21961446d30	150	false	
train_clean	train	roboflow_drago_v1	train	Watermelon Detector.v1i.coco-segmentation\train\327_jpg.rf.c8c357432ef79c6c57807a938fddf686.jpg	roboflow_drago_v1_327_jpg.rf.c8c357432ef79c6c57807a938fddf686.jpg	roboflow_drago_v1_327_jpg.rf.c8c357432ef79c6c57807a938fddf686.txt	images/train/roboflow_drago_v1_327_jpg.rf.c8c357432ef79c6c57807a938fddf686.jpg	labels/train/roboflow_drago_v1_327_jpg.rf.c8c357432ef79c6c57807a938fddf686.txt	640	640	1	roboflow_drago_v1::roboflow_drago_v1_327_jpg	roboflow_drago_v1_327_jpg	9d2e345ca6586880c4b8fa29021184efeadd3cbcff2640d72bbfd50beccc4fb6	00ba8b2e00847b1653f253ec7bf669142bce79f248f4de128ed192293c8a80ae	151	false	
train_clean	train	roboflow_drago_v1	train	Watermelon Detector.v1i.coco-segmentation\train\329_jpg.rf.a81269f70a018c4b20e736463fc10bdc.jpg	roboflow_drago_v1_329_jpg.rf.a81269f70a018c4b20e736463fc10bdc.jpg	roboflow_drago_v1_329_jpg.rf.a81269f70a018c4b20e736463fc10bdc.txt	images/train/roboflow_drago_v1_329_jpg.rf.a81269f70a018c4b20e736463fc10bdc.jpg	labels/train/roboflow_drago_v1_329_jpg.rf.a81269f70a018c4b20e736463fc10bdc.txt	640	640	1	roboflow_drago_v1::roboflow_drago_v1_329_jpg	roboflow_drago_v1_329_jpg	b027d67a30aecbf61ee7d3d516d642c1bcb4a50adee3b71d488f4beeb21e5fdc	451343aed30bca4e1e937dde854135d6d35f7132dc2bda01ada90b6566f0018d	152	false	
train_clean	train	roboflow_drago_v1	train	Watermelon Detector.v1i.coco-segmentation\train\329_jpg.rf.abe414ce8ee144e4c29986c68e6b31be.jpg	roboflow_drago_v1_329_jpg.rf.abe414ce8ee144e4c29986c68e6b31be.jpg	roboflow_drago_v1_329_jpg.rf.abe414ce8ee144e4c29986c68e6b31be.txt	images/train/roboflow_drago_v1_329_jpg.rf.abe414ce8ee144e4c29986c68e6b31be.jpg	labels/train/roboflow_drago_v1_329_jpg.rf.abe414ce8ee144e4c29986c68e6b31be.txt	640	640	1	roboflow_drago_v1::roboflow_drago_v1_329_jpg	roboflow_drago_v1_329_jpg	dfb8930b9eadb3a0afcc88b09ede1bc91651e4ca69175b5782d0cfe9665fc237	ce29cc45cfa3cd9f7c92b0845bacde52f0cf303647dc6dcd926eda91575f501b	153	false	
train_clean	train	roboflow_drago_v1	train	Watermelon Detector.v1i.coco-segmentation\train\330_jpg.rf.627bbd983800519e4db5b89ef12bb1a6.jpg	roboflow_drago_v1_330_jpg.rf.627bbd983800519e4db5b89ef12bb1a6.jpg	roboflow_drago_v1_330_jpg.rf.627bbd983800519e4db5b89ef12bb1a6.txt	images/train/roboflow_drago_v1_330_jpg.rf.627bbd983800519e4db5b89ef12bb1a6.jpg	labels/train/roboflow_drago_v1_330_jpg.rf.627bbd983800519e4db5b89ef12bb1a6.txt	640	640	1	roboflow_drago_v1::roboflow_drago_v1_330_jpg	roboflow_drago_v1_330_jpg	75d35393a69f1784bc86a644e14d0d8c6adb74a59af2ce94dcf3d597521f10eb	20188757e02528c6f310893ca7aa09bda6fad37f5e5f8e106a8b683e99ea3a06	154	false	
train_clean	train	roboflow_drago_v1	train	Watermelon Detector.v1i.coco-segmentation\train\330_jpg.rf.cdf47dc80e2af45767e6785ccaecc14a.jpg	roboflow_drago_v1_330_jpg.rf.cdf47dc80e2af45767e6785ccaecc14a.jpg	roboflow_drago_v1_330_jpg.rf.cdf47dc80e2af45767e6785ccaecc14a.txt	images/train/roboflow_drago_v1_330_jpg.rf.cdf47dc80e2af45767e6785ccaecc14a.jpg	labels/train/roboflow_drago_v1_330_jpg.rf.cdf47dc80e2af45767e6785ccaecc14a.txt	640	640	1	roboflow_drago_v1::roboflow_drago_v1_330_jpg	roboflow_drago_v1_330_jpg	1f24d135c661f6eb4ea3ca59f595d85ec77b5a7315120e2c1e8946246e0560fb	5a2145f4a652f49a0e986e098417144c0cca8c6294b8aab46f30c0252525e0ca	155	false	
train_clean	train	roboflow_drago_v1	train	Watermelon Detector.v1i.coco-segmentation\train\342_jpg.rf.40e4927b5c335371cd429406375435e1.jpg	roboflow_drago_v1_342_jpg.rf.40e4927b5c335371cd429406375435e1.jpg	roboflow_drago_v1_342_jpg.rf.40e4927b5c335371cd429406375435e1.txt	images/train/roboflow_drago_v1_342_jpg.rf.40e4927b5c335371cd429406375435e1.jpg	labels/train/roboflow_drago_v1_342_jpg.rf.40e4927b5c335371cd429406375435e1.txt	640	640	2	roboflow_drago_v1::roboflow_drago_v1_342_jpg	roboflow_drago_v1_342_jpg	16afb815f91c3730053c3382e9681d2a68fcf9a91c1c6139c101601bdb255f4a	ab748d24939467dda79a561085f6bc9828506f24de8fe1d265183f3bc3cef511	156	false	
train_clean	train	roboflow_drago_v1	train	Watermelon Detector.v1i.coco-segmentation\train\342_jpg.rf.6421d92a512444c9ad47611850913135.jpg	roboflow_drago_v1_342_jpg.rf.6421d92a512444c9ad47611850913135.jpg	roboflow_drago_v1_342_jpg.rf.6421d92a512444c9ad47611850913135.txt	images/train/roboflow_drago_v1_342_jpg.rf.6421d92a512444c9ad47611850913135.jpg	labels/train/roboflow_drago_v1_342_jpg.rf.6421d92a512444c9ad47611850913135.txt	640	640	2	roboflow_drago_v1::roboflow_drago_v1_342_jpg	roboflow_drago_v1_342_jpg	e881d4b5676c4cd91449761d7526b5ec48e129139388daa702db148132574ce5	0e58720061cd14dee887923fc97da7f3c224a6475974de0a13a1138bbfb8c4cb	157	false	
train_clean	train	roboflow_drago_v1	train	Watermelon Detector.v1i.coco-segmentation\train\344_jpg.rf.a68cb3ca86b3ba35ce85c5c36fd34513.jpg	roboflow_drago_v1_344_jpg.rf.a68cb3ca86b3ba35ce85c5c36fd34513.jpg	roboflow_drago_v1_344_jpg.rf.a68cb3ca86b3ba35ce85c5c36fd34513.txt	images/train/roboflow_drago_v1_344_jpg.rf.a68cb3ca86b3ba35ce85c5c36fd34513.jpg	labels/train/roboflow_drago_v1_344_jpg.rf.a68cb3ca86b3ba35ce85c5c36fd34513.txt	640	640	1	roboflow_drago_v1::roboflow_drago_v1_344_jpg	roboflow_drago_v1_344_jpg	db6e4881bbb84a7cef7346c52ee8df9a4293000ec76ad47df6a3d73a4ff07db9	3f9f695debf59fe354ccda518a8cd4bd065366cd74ee492b3a602d8cf91b6778	158	false	
train_clean	train	roboflow_drago_v1	train	Watermelon Detector.v1i.coco-segmentation\train\344_jpg.rf.c4e2d9e74739ad6c199f2a4614c54c10.jpg	roboflow_drago_v1_344_jpg.rf.c4e2d9e74739ad6c199f2a4614c54c10.jpg	roboflow_drago_v1_344_jpg.rf.c4e2d9e74739ad6c199f2a4614c54c10.txt	images/train/roboflow_drago_v1_344_jpg.rf.c4e2d9e74739ad6c199f2a4614c54c10.jpg	labels/train/roboflow_drago_v1_344_jpg.rf.c4e2d9e74739ad6c199f2a4614c54c10.txt	640	640	1	roboflow_drago_v1::roboflow_drago_v1_344_jpg	roboflow_drago_v1_344_jpg	9c5f03d7da91c87a7fe1ddb6f74b1b5556f4127f41ada8701fc6c3b5d6cdfb0f	46abf94e257ff30bdc99726ced72abf14926a6cf3ed1622535f2dc06abf64796	159	false	
train_clean	train	roboflow_drago_v1	train	Watermelon Detector.v1i.coco-segmentation\train\344_jpg.rf.f4b1e65953a7aa537949d03a0d4116aa.jpg	roboflow_drago_v1_344_jpg.rf.f4b1e65953a7aa537949d03a0d4116aa.jpg	roboflow_drago_v1_344_jpg.rf.f4b1e65953a7aa537949d03a0d4116aa.txt	images/train/roboflow_drago_v1_344_jpg.rf.f4b1e65953a7aa537949d03a0d4116aa.jpg	labels/train/roboflow_drago_v1_344_jpg.rf.f4b1e65953a7aa537949d03a0d4116aa.txt	640	640	1	roboflow_drago_v1::roboflow_drago_v1_344_jpg	roboflow_drago_v1_344_jpg	ee6112829e782902f1b0651caecadaa154cfc9c9abce47445ee94430ce9f78fc	3e540800d8d6b43d35fc7fb7633705816a79a3947b197ecfaad8e86078db9738	160	false	
train_clean	train	roboflow_drago_v1	train	Watermelon Detector.v1i.coco-segmentation\train\34_jpg.rf.d2e56501215aca4e36fcfc9b4cbe45c3.jpg	roboflow_drago_v1_34_jpg.rf.d2e56501215aca4e36fcfc9b4cbe45c3.jpg	roboflow_drago_v1_34_jpg.rf.d2e56501215aca4e36fcfc9b4cbe45c3.txt	images/train/roboflow_drago_v1_34_jpg.rf.d2e56501215aca4e36fcfc9b4cbe45c3.jpg	labels/train/roboflow_drago_v1_34_jpg.rf.d2e56501215aca4e36fcfc9b4cbe45c3.txt	640	640	1	roboflow_drago_v1::roboflow_drago_v1_34_jpg	roboflow_drago_v1_34_jpg	6b080094464aa665cacd16d41c8315953882e8b1542ac842b448434b8a12c478	8987165e6cce5878d091e139eb1384370bc3c83d1dc811184175c85645d12d7e	161	false	
train_clean	train	roboflow_drago_v1	train	Watermelon Detector.v1i.coco-segmentation\train\34_jpg.rf.f423a591d88d04c2d2ed2034ae48377c.jpg	roboflow_drago_v1_34_jpg.rf.f423a591d88d04c2d2ed2034ae48377c.jpg	roboflow_drago_v1_34_jpg.rf.f423a591d88d04c2d2ed2034ae48377c.txt	images/train/roboflow_drago_v1_34_jpg.rf.f423a591d88d04c2d2ed2034ae48377c.jpg	labels/train/roboflow_drago_v1_34_jpg.rf.f423a591d88d04c2d2ed2034ae48377c.txt	640	640	1	roboflow_drago_v1::roboflow_drago_v1_34_jpg	roboflow_drago_v1_34_jpg	8e236e5e621b8ab3b71c6502403f5f6683dab86f3bf4099fa35d1bcf31732c6b	c7c8e2db4da45c0fa6f65b4293f2d62f797ab39d02d7c82cf401f3e11a4645f4	162	false	
train_clean	train	roboflow_drago_v1	train	Watermelon Detector.v1i.coco-segmentation\train\351_jpg.rf.490f768b383d1dc99ce60e5395c411dc.jpg	roboflow_drago_v1_351_jpg.rf.490f768b383d1dc99ce60e5395c411dc.jpg	roboflow_drago_v1_351_jpg.rf.490f768b383d1dc99ce60e5395c411dc.txt	images/train/roboflow_drago_v1_351_jpg.rf.490f768b383d1dc99ce60e5395c411dc.jpg	labels/train/roboflow_drago_v1_351_jpg.rf.490f768b383d1dc99ce60e5395c411dc.txt	640	640	1	roboflow_drago_v1::roboflow_drago_v1_351_jpg	roboflow_drago_v1_351_jpg	0eac0f42589374d97dd788b1c8a906e284394ef01de16160fdde075f3d5ea16b	109f3b92cc917083862efc81df7ab468b9679163252272e99c48a742cd4d8ed0	163	false	
train_clean	train	roboflow_drago_v1	train	Watermelon Detector.v1i.coco-segmentation\train\351_jpg.rf.643c5db89af432b04da150a08efea408.jpg	roboflow_drago_v1_351_jpg.rf.643c5db89af432b04da150a08efea408.jpg	roboflow_drago_v1_351_jpg.rf.643c5db89af432b04da150a08efea408.txt	images/train/roboflow_drago_v1_351_jpg.rf.643c5db89af432b04da150a08efea408.jpg	labels/train/roboflow_drago_v1_351_jpg.rf.643c5db89af432b04da150a08efea408.txt	640	640	1	roboflow_drago_v1::roboflow_drago_v1_351_jpg	roboflow_drago_v1_351_jpg	288790d83e8a2195fcf1d77eb343ca79e0fd93dac44d878eae266dca632048d0	1fcae2a3028ed695518f8ba81fee68922621d2291ec384ec9a19e47cc7e2d49a	164	false	
train_clean	train	roboflow_drago_v1	train	Watermelon Detector.v1i.coco-segmentation\train\351_jpg.rf.8df8449ee274047f8c73027026871528.jpg	roboflow_drago_v1_351_jpg.rf.8df8449ee274047f8c73027026871528.jpg	roboflow_drago_v1_351_jpg.rf.8df8449ee274047f8c73027026871528.txt	images/train/roboflow_drago_v1_351_jpg.rf.8df8449ee274047f8c73027026871528.jpg	labels/train/roboflow_drago_v1_351_jpg.rf.8df8449ee274047f8c73027026871528.txt	640	640	1	roboflow_drago_v1::roboflow_drago_v1_351_jpg	roboflow_drago_v1_351_jpg	b016b402c82d7b181f0bb1688cc7408ebccb8ffc9e443025755b0df38637df19	14bf6e234ac32d8f67965f9fd12ab3bc875cd928ac4f40c981639890cbb08a9c	165	false	
train_clean	train	roboflow_drago_v1	test	Watermelon Detector.v1i.coco-segmentation\test\353_jpg.rf.fb6a9ab8b75d6e765dca4fd5a1f0ebd8.jpg	roboflow_drago_v1_353_jpg.rf.fb6a9ab8b75d6e765dca4fd5a1f0ebd8.jpg	roboflow_drago_v1_353_jpg.rf.fb6a9ab8b75d6e765dca4fd5a1f0ebd8.txt	images/train/roboflow_drago_v1_353_jpg.rf.fb6a9ab8b75d6e765dca4fd5a1f0ebd8.jpg	labels/train/roboflow_drago_v1_353_jpg.rf.fb6a9ab8b75d6e765dca4fd5a1f0ebd8.txt	640	640	1	roboflow_drago_v1::roboflow_drago_v1_353_jpg	roboflow_drago_v1_353_jpg	614826bb72c305389878e15b5fcb88f903dc80775816d6dc2e9068b81c82b101	661d0b1525633587eeb5db61f16c1229e18c1556ee6343d274a78f08f2d7093c	166	false	
train_clean	train	roboflow_drago_v1	test	Watermelon Detector.v1i.coco-segmentation\test\35_jpg.rf.975d8a029b02cc18f4f20d4c08050870.jpg	roboflow_drago_v1_35_jpg.rf.975d8a029b02cc18f4f20d4c08050870.jpg	roboflow_drago_v1_35_jpg.rf.975d8a029b02cc18f4f20d4c08050870.txt	images/train/roboflow_drago_v1_35_jpg.rf.975d8a029b02cc18f4f20d4c08050870.jpg	labels/train/roboflow_drago_v1_35_jpg.rf.975d8a029b02cc18f4f20d4c08050870.txt	640	640	1	roboflow_drago_v1::roboflow_drago_v1_35_jpg	roboflow_drago_v1_35_jpg	9a109699ef012af5a75d0e07cb982ea807d46c1ad5bcf815019b1eea65060d11	df8a42d430258ba330eeda49a9351301eb27480a9d66862a578fd541b3f6901d	167	false	
train_clean	train	roboflow_drago_v1	train	Watermelon Detector.v1i.coco-segmentation\train\363_jpg.rf.93546ad75cb2299b170ead71dfd31e5f.jpg	roboflow_drago_v1_363_jpg.rf.93546ad75cb2299b170ead71dfd31e5f.jpg	roboflow_drago_v1_363_jpg.rf.93546ad75cb2299b170ead71dfd31e5f.txt	images/train/roboflow_drago_v1_363_jpg.rf.93546ad75cb2299b170ead71dfd31e5f.jpg	labels/train/roboflow_drago_v1_363_jpg.rf.93546ad75cb2299b170ead71dfd31e5f.txt	640	640	1	roboflow_drago_v1::roboflow_drago_v1_363_jpg	roboflow_drago_v1_363_jpg	6b1a17be6e024f2f2a8afcade3b30d30deeef71f971384f57e1eec58df087899	ca5571a1f276a8450de2588e5ddfe627a82eddad3be9a9f1ab704271829146e3	168	false	
train_clean	train	roboflow_drago_v1	train	Watermelon Detector.v1i.coco-segmentation\train\363_jpg.rf.e233ca3a4856ec500a8990e9e7cc1483.jpg	roboflow_drago_v1_363_jpg.rf.e233ca3a4856ec500a8990e9e7cc1483.jpg	roboflow_drago_v1_363_jpg.rf.e233ca3a4856ec500a8990e9e7cc1483.txt	images/train/roboflow_drago_v1_363_jpg.rf.e233ca3a4856ec500a8990e9e7cc1483.jpg	labels/train/roboflow_drago_v1_363_jpg.rf.e233ca3a4856ec500a8990e9e7cc1483.txt	640	640	1	roboflow_drago_v1::roboflow_drago_v1_363_jpg	roboflow_drago_v1_363_jpg	8c0699289a0ff83004c46385aaa8d6854470ee265720f1bfcadc0f5390f49ab0	5f736fac42e6ec5242d3253ad2807bb1c1f80ce5f5fc03ce715613a3c1eb77bf	169	false	
train_clean	train	roboflow_drago_v1	train	Watermelon Detector.v1i.coco-segmentation\train\363_jpg.rf.f8b3c0fddabb0ed5a4ce3698251cb99c.jpg	roboflow_drago_v1_363_jpg.rf.f8b3c0fddabb0ed5a4ce3698251cb99c.jpg	roboflow_drago_v1_363_jpg.rf.f8b3c0fddabb0ed5a4ce3698251cb99c.txt	images/train/roboflow_drago_v1_363_jpg.rf.f8b3c0fddabb0ed5a4ce3698251cb99c.jpg	labels/train/roboflow_drago_v1_363_jpg.rf.f8b3c0fddabb0ed5a4ce3698251cb99c.txt	640	640	1	roboflow_drago_v1::roboflow_drago_v1_363_jpg	roboflow_drago_v1_363_jpg	806fa36d6a1e393273854d017f0e5d0b2be15f828d4fcea6aaf3a610ca998c3f	9ddf5b77402e2cc61250dc03ccd34f27a8a44a8bf9267ac32fd29ac5e0526b12	170	false	
train_clean	train	roboflow_drago_v1	train	Watermelon Detector.v1i.coco-segmentation\train\365_jpg.rf.09d91532c34b05a1d2a9d1ca0e39625f.jpg	roboflow_drago_v1_365_jpg.rf.09d91532c34b05a1d2a9d1ca0e39625f.jpg	roboflow_drago_v1_365_jpg.rf.09d91532c34b05a1d2a9d1ca0e39625f.txt	images/train/roboflow_drago_v1_365_jpg.rf.09d91532c34b05a1d2a9d1ca0e39625f.jpg	labels/train/roboflow_drago_v1_365_jpg.rf.09d91532c34b05a1d2a9d1ca0e39625f.txt	640	640	1	roboflow_drago_v1::roboflow_drago_v1_365_jpg	roboflow_drago_v1_365_jpg	a0f740b42e7c413ecdf4be7dadefd1bff38fc408b086dbaa45c043f124487787	0fae7834ba51aafa50287763572c2c86fac00e0c37f09acbb794a916eb54a29a	171	false	
train_clean	train	roboflow_drago_v1	train	Watermelon Detector.v1i.coco-segmentation\train\365_jpg.rf.8e529cb171abddb286e502668484fcca.jpg	roboflow_drago_v1_365_jpg.rf.8e529cb171abddb286e502668484fcca.jpg	roboflow_drago_v1_365_jpg.rf.8e529cb171abddb286e502668484fcca.txt	images/train/roboflow_drago_v1_365_jpg.rf.8e529cb171abddb286e502668484fcca.jpg	labels/train/roboflow_drago_v1_365_jpg.rf.8e529cb171abddb286e502668484fcca.txt	640	640	1	roboflow_drago_v1::roboflow_drago_v1_365_jpg	roboflow_drago_v1_365_jpg	3eb4439ab5db1e4173f88e8a9f75ea0594ab8edcb50e1f890cf280333162667c	49e3558d44dda11ef2d560a6a1d96c3845fca636b3728d232f211ceacc89c7ed	172	false	
train_clean	train	roboflow_drago_v1	train	Watermelon Detector.v1i.coco-segmentation\train\366_jpg.rf.17bbd4929f4e568c73b110413d53f1e2.jpg	roboflow_drago_v1_366_jpg.rf.17bbd4929f4e568c73b110413d53f1e2.jpg	roboflow_drago_v1_366_jpg.rf.17bbd4929f4e568c73b110413d53f1e2.txt	images/train/roboflow_drago_v1_366_jpg.rf.17bbd4929f4e568c73b110413d53f1e2.jpg	labels/train/roboflow_drago_v1_366_jpg.rf.17bbd4929f4e568c73b110413d53f1e2.txt	640	640	1	roboflow_drago_v1::roboflow_drago_v1_366_jpg	roboflow_drago_v1_366_jpg	070f443a0a6d12fe6259d73262cdffcd4c82b204a8314a7ab42501945620dec4	24cf9ed52c0e120cb7207020c2fa2e186597c6c8385fab6aaff1c7a217d1d090	173	false	
train_clean	train	roboflow_drago_v1	train	Watermelon Detector.v1i.coco-segmentation\train\366_jpg.rf.f0e2d47bb73004a5a5fd059baf98ad52.jpg	roboflow_drago_v1_366_jpg.rf.f0e2d47bb73004a5a5fd059baf98ad52.jpg	roboflow_drago_v1_366_jpg.rf.f0e2d47bb73004a5a5fd059baf98ad52.txt	images/train/roboflow_drago_v1_366_jpg.rf.f0e2d47bb73004a5a5fd059baf98ad52.jpg	labels/train/roboflow_drago_v1_366_jpg.rf.f0e2d47bb73004a5a5fd059baf98ad52.txt	640	640	1	roboflow_drago_v1::roboflow_drago_v1_366_jpg	roboflow_drago_v1_366_jpg	134a8f48689115919ed6468df633c979e862928c6fc3ab1b3f57d2106634c208	4b3288bb78a14d125317692d5771f5ae0eef8882d6436d48f6e6d229dbab5932	174	false	
train_clean	train	roboflow_drago_v1	test	Watermelon Detector.v1i.coco-segmentation\test\367_jpg.rf.c4b510d133c74fb309b48e3e82641d11.jpg	roboflow_drago_v1_367_jpg.rf.c4b510d133c74fb309b48e3e82641d11.jpg	roboflow_drago_v1_367_jpg.rf.c4b510d133c74fb309b48e3e82641d11.txt	images/train/roboflow_drago_v1_367_jpg.rf.c4b510d133c74fb309b48e3e82641d11.jpg	labels/train/roboflow_drago_v1_367_jpg.rf.c4b510d133c74fb309b48e3e82641d11.txt	640	640	1	roboflow_drago_v1::roboflow_drago_v1_367_jpg	roboflow_drago_v1_367_jpg	61e8e65bbfc9c897323e2a39775387936c528e79388399dac8b56f72cfe3974f	7fcff288f4d170da032b6fde045371511e00c9a02fea954abbac85af9f862b28	175	false	
train_clean	train	roboflow_drago_v1	valid	Watermelon Detector.v1i.coco-segmentation\valid\370_jpg.rf.d319a54d3bf602b286ce4c489bb2a550.jpg	roboflow_drago_v1_370_jpg.rf.d319a54d3bf602b286ce4c489bb2a550.jpg	roboflow_drago_v1_370_jpg.rf.d319a54d3bf602b286ce4c489bb2a550.txt	images/train/roboflow_drago_v1_370_jpg.rf.d319a54d3bf602b286ce4c489bb2a550.jpg	labels/train/roboflow_drago_v1_370_jpg.rf.d319a54d3bf602b286ce4c489bb2a550.txt	640	640	2	roboflow_drago_v1::roboflow_drago_v1_370_jpg	roboflow_drago_v1_370_jpg	6355eb7c11997d6e12a4a3fface96152b1cd699b9cfde7ddc6f43004dfe03b01	d6cb8ff432a11a57328200ffaf73b80f95fb120a50a4ee3c82d9092eacf2c894	176	false	
train_clean	train	roboflow_drago_v1	train	Watermelon Detector.v1i.coco-segmentation\train\376_jpg.rf.8273f270e6b24efb02b193a422eeff13.jpg	roboflow_drago_v1_376_jpg.rf.8273f270e6b24efb02b193a422eeff13.jpg	roboflow_drago_v1_376_jpg.rf.8273f270e6b24efb02b193a422eeff13.txt	images/train/roboflow_drago_v1_376_jpg.rf.8273f270e6b24efb02b193a422eeff13.jpg	labels/train/roboflow_drago_v1_376_jpg.rf.8273f270e6b24efb02b193a422eeff13.txt	640	640	1	roboflow_drago_v1::roboflow_drago_v1_376_jpg	roboflow_drago_v1_376_jpg	834bc58bef0b8118c0b0dd2f473b1a4a8fe0f58631954368834e95804ec34938	b68df1a8d07cdec0817d6e7ff0808e4981fcccab4a0a9de778ead8d333d53e7f	177	false	
train_clean	train	roboflow_drago_v1	train	Watermelon Detector.v1i.coco-segmentation\train\376_jpg.rf.f24675d7057b5ef477b6947e33f79bbe.jpg	roboflow_drago_v1_376_jpg.rf.f24675d7057b5ef477b6947e33f79bbe.jpg	roboflow_drago_v1_376_jpg.rf.f24675d7057b5ef477b6947e33f79bbe.txt	images/train/roboflow_drago_v1_376_jpg.rf.f24675d7057b5ef477b6947e33f79bbe.jpg	labels/train/roboflow_drago_v1_376_jpg.rf.f24675d7057b5ef477b6947e33f79bbe.txt	640	640	1	roboflow_drago_v1::roboflow_drago_v1_376_jpg	roboflow_drago_v1_376_jpg	2000e240c556026671f5ffd5e16b89976d1bb984355ccdf90a0b5fcae93a2752	b7b0f6378e95b46d79ad2c37556ac7c2f5aed7f45ac0545ac140bb8ce897919e	178	false	
train_clean	train	roboflow_drago_v1	train	Watermelon Detector.v1i.coco-segmentation\train\383_jpg.rf.1a67da6a51850cc2f94f3254dbbce9ba.jpg	roboflow_drago_v1_383_jpg.rf.1a67da6a51850cc2f94f3254dbbce9ba.jpg	roboflow_drago_v1_383_jpg.rf.1a67da6a51850cc2f94f3254dbbce9ba.txt	images/train/roboflow_drago_v1_383_jpg.rf.1a67da6a51850cc2f94f3254dbbce9ba.jpg	labels/train/roboflow_drago_v1_383_jpg.rf.1a67da6a51850cc2f94f3254dbbce9ba.txt	640	640	1	roboflow_drago_v1::roboflow_drago_v1_383_jpg	roboflow_drago_v1_383_jpg	04922aeb54e555b5e77f5bec7e05d749bd9fe784db2fa657e45ca4342ad252ed	e7dc82237dd5770c090af400825a770ab49a966bc2dfe1e73c85867f6050ce26	179	false	
train_clean	train	roboflow_drago_v1	train	Watermelon Detector.v1i.coco-segmentation\train\383_jpg.rf.a47e72c10b821c486b558cb4841b1f52.jpg	roboflow_drago_v1_383_jpg.rf.a47e72c10b821c486b558cb4841b1f52.jpg	roboflow_drago_v1_383_jpg.rf.a47e72c10b821c486b558cb4841b1f52.txt	images/train/roboflow_drago_v1_383_jpg.rf.a47e72c10b821c486b558cb4841b1f52.jpg	labels/train/roboflow_drago_v1_383_jpg.rf.a47e72c10b821c486b558cb4841b1f52.txt	640	640	1	roboflow_drago_v1::roboflow_drago_v1_383_jpg	roboflow_drago_v1_383_jpg	435e0585c1b7ee6da03b5b635c72528307296655710a9432a543c4035cc5baa9	fa6f212cafdebda12044305e79c41c64c9360cf89bffca75c132f7c1d303eb52	180	false	
train_clean	train	roboflow_drago_v1	valid	Watermelon Detector.v1i.coco-segmentation\valid\396_jpg.rf.be7bca3b0572b58b0a37e2f5d0250470.jpg	roboflow_drago_v1_396_jpg.rf.be7bca3b0572b58b0a37e2f5d0250470.jpg	roboflow_drago_v1_396_jpg.rf.be7bca3b0572b58b0a37e2f5d0250470.txt	images/train/roboflow_drago_v1_396_jpg.rf.be7bca3b0572b58b0a37e2f5d0250470.jpg	labels/train/roboflow_drago_v1_396_jpg.rf.be7bca3b0572b58b0a37e2f5d0250470.txt	640	640	1	roboflow_drago_v1::roboflow_drago_v1_396_jpg	roboflow_drago_v1_396_jpg	a993ec1ced546c8e0b15f03560a291cf13f9ec157a7239cacc825f085309e3dd	74aae64ffca402e6ffca9b15a9d1c98d051e970ddd767cc421766b38eff75af7	181	false	
train_clean	train	roboflow_drago_v1	train	Watermelon Detector.v1i.coco-segmentation\train\3_jpg.rf.2d2932ddec781c83b035909f1f72eb33.jpg	roboflow_drago_v1_3_jpg.rf.2d2932ddec781c83b035909f1f72eb33.jpg	roboflow_drago_v1_3_jpg.rf.2d2932ddec781c83b035909f1f72eb33.txt	images/train/roboflow_drago_v1_3_jpg.rf.2d2932ddec781c83b035909f1f72eb33.jpg	labels/train/roboflow_drago_v1_3_jpg.rf.2d2932ddec781c83b035909f1f72eb33.txt	640	640	1	roboflow_drago_v1::roboflow_drago_v1_3_jpg	roboflow_drago_v1_3_jpg	2bc1d5fb574e16236c57aee15332a360439a16ee93082e6e6330341ea425c024	d901568a4e1ff4898028778642c889d242eb881d1cc34ea11dd3861023739bc4	182	false	
train_clean	train	roboflow_drago_v1	train	Watermelon Detector.v1i.coco-segmentation\train\3_jpg.rf.c0d0a96180bc45f9d0789bc4abb24dc4.jpg	roboflow_drago_v1_3_jpg.rf.c0d0a96180bc45f9d0789bc4abb24dc4.jpg	roboflow_drago_v1_3_jpg.rf.c0d0a96180bc45f9d0789bc4abb24dc4.txt	images/train/roboflow_drago_v1_3_jpg.rf.c0d0a96180bc45f9d0789bc4abb24dc4.jpg	labels/train/roboflow_drago_v1_3_jpg.rf.c0d0a96180bc45f9d0789bc4abb24dc4.txt	640	640	1	roboflow_drago_v1::roboflow_drago_v1_3_jpg	roboflow_drago_v1_3_jpg	51a518bb2b0ea300c59414076cc2b6e71cacd36467dca597e02089a3f19c47c3	214289b0e3fe5696c76e6974d1a9403e0908ad6708b20a6d1231786d446e0557	183	false	
train_clean	train	roboflow_drago_v1	train	Watermelon Detector.v1i.coco-segmentation\train\402-Copy_jpg.rf.9b913a2eb3e7d2195daf961c9b212f8e.jpg	roboflow_drago_v1_402-Copy_jpg.rf.9b913a2eb3e7d2195daf961c9b212f8e.jpg	roboflow_drago_v1_402-Copy_jpg.rf.9b913a2eb3e7d2195daf961c9b212f8e.txt	images/train/roboflow_drago_v1_402-Copy_jpg.rf.9b913a2eb3e7d2195daf961c9b212f8e.jpg	labels/train/roboflow_drago_v1_402-Copy_jpg.rf.9b913a2eb3e7d2195daf961c9b212f8e.txt	640	640	1	roboflow_drago_v1::roboflow_drago_v1_402-copy_jpg	roboflow_drago_v1_402-Copy_jpg	23b4ea525678abe62b6848ab8506b2ad24f6b6eb70e31c9db0acb1a1c40d47e2	0393ffb8331f39eb750813b9406146b882d77801304cca2eb9de2fe933e3d078	184	false	
train_clean	train	roboflow_drago_v1	train	Watermelon Detector.v1i.coco-segmentation\train\402-Copy_jpg.rf.b594e1a7f0a902f67adbd6de5ceaf2ee.jpg	roboflow_drago_v1_402-Copy_jpg.rf.b594e1a7f0a902f67adbd6de5ceaf2ee.jpg	roboflow_drago_v1_402-Copy_jpg.rf.b594e1a7f0a902f67adbd6de5ceaf2ee.txt	images/train/roboflow_drago_v1_402-Copy_jpg.rf.b594e1a7f0a902f67adbd6de5ceaf2ee.jpg	labels/train/roboflow_drago_v1_402-Copy_jpg.rf.b594e1a7f0a902f67adbd6de5ceaf2ee.txt	640	640	1	roboflow_drago_v1::roboflow_drago_v1_402-copy_jpg	roboflow_drago_v1_402-Copy_jpg	94b9a27eec359bb16d8ce1bf57db57fc087332da0d2ad37f95014f9e48f2e0c9	527a71ce05bf2ae973f74698f7d584e3350501dc624dd0aedc1329360bb612fe	185	false	
train_clean	train	roboflow_drago_v1	train	Watermelon Detector.v1i.coco-segmentation\train\40_jpg.rf.6d4186cd722f62273224ef30f5cd533b.jpg	roboflow_drago_v1_40_jpg.rf.6d4186cd722f62273224ef30f5cd533b.jpg	roboflow_drago_v1_40_jpg.rf.6d4186cd722f62273224ef30f5cd533b.txt	images/train/roboflow_drago_v1_40_jpg.rf.6d4186cd722f62273224ef30f5cd533b.jpg	labels/train/roboflow_drago_v1_40_jpg.rf.6d4186cd722f62273224ef30f5cd533b.txt	640	640	2	roboflow_drago_v1::roboflow_drago_v1_40_jpg	roboflow_drago_v1_40_jpg	1b74b6ba828454e773baf8a1886f2c86c05eb05a82f9ced726eb733facc33ccf	c72c32445cd1db911151ee79d382f555ddeead120ae669cabfbf2055ff8b026a	186	false	
train_clean	train	roboflow_drago_v1	train	Watermelon Detector.v1i.coco-segmentation\train\40_jpg.rf.d99f02310547386be032501ffb17cb6a.jpg	roboflow_drago_v1_40_jpg.rf.d99f02310547386be032501ffb17cb6a.jpg	roboflow_drago_v1_40_jpg.rf.d99f02310547386be032501ffb17cb6a.txt	images/train/roboflow_drago_v1_40_jpg.rf.d99f02310547386be032501ffb17cb6a.jpg	labels/train/roboflow_drago_v1_40_jpg.rf.d99f02310547386be032501ffb17cb6a.txt	640	640	2	roboflow_drago_v1::roboflow_drago_v1_40_jpg	roboflow_drago_v1_40_jpg	11be5851ff624c65e55ec6030dd187a6c8ae4594c9590af92cfae06d1096cfa3	af5b1ded13f612e002c30b580a16521382e977b672194be368be0fda76a2bb9f	187	false	
train_clean	train	roboflow_drago_v1	valid	Watermelon Detector.v1i.coco-segmentation\valid\416-Copy_jpg.rf.3eec9321adb2ee84bcd4f9f8c3fb9512.jpg	roboflow_drago_v1_416-Copy_jpg.rf.3eec9321adb2ee84bcd4f9f8c3fb9512.jpg	roboflow_drago_v1_416-Copy_jpg.rf.3eec9321adb2ee84bcd4f9f8c3fb9512.txt	images/train/roboflow_drago_v1_416-Copy_jpg.rf.3eec9321adb2ee84bcd4f9f8c3fb9512.jpg	labels/train/roboflow_drago_v1_416-Copy_jpg.rf.3eec9321adb2ee84bcd4f9f8c3fb9512.txt	640	640	1	roboflow_drago_v1::roboflow_drago_v1_416-copy_jpg	roboflow_drago_v1_416-Copy_jpg	ab4a294bff47bbd609f5e06b4852be07a37729681ca4474ae30d747ed986f2b9	3f01f7aef42421c27dc1710f1301d701c46d27d594b7d9c9ad6c5ab71ff58301	188	false	
train_clean	train	roboflow_drago_v1	valid	Watermelon Detector.v1i.coco-segmentation\valid\424-Copy_jpg.rf.71a58ea76b21098d180d5377db4082e3.jpg	roboflow_drago_v1_424-Copy_jpg.rf.71a58ea76b21098d180d5377db4082e3.jpg	roboflow_drago_v1_424-Copy_jpg.rf.71a58ea76b21098d180d5377db4082e3.txt	images/train/roboflow_drago_v1_424-Copy_jpg.rf.71a58ea76b21098d180d5377db4082e3.jpg	labels/train/roboflow_drago_v1_424-Copy_jpg.rf.71a58ea76b21098d180d5377db4082e3.txt	640	640	1	roboflow_drago_v1::roboflow_drago_v1_424-copy_jpg	roboflow_drago_v1_424-Copy_jpg	ee80290786510fcc40249bcf31868fc583b087bc27c35c515a50fe2e38492d69	45331eb3c055d72e9fcce2148d16635536fa6e488f1cb33bab3a24aa9cf69c7d	189	false	
train_clean	train	roboflow_drago_v1	valid	Watermelon Detector.v1i.coco-segmentation\valid\426-Copy_jpg.rf.f20721968d2f602016289cbff2c85269.jpg	roboflow_drago_v1_426-Copy_jpg.rf.f20721968d2f602016289cbff2c85269.jpg	roboflow_drago_v1_426-Copy_jpg.rf.f20721968d2f602016289cbff2c85269.txt	images/train/roboflow_drago_v1_426-Copy_jpg.rf.f20721968d2f602016289cbff2c85269.jpg	labels/train/roboflow_drago_v1_426-Copy_jpg.rf.f20721968d2f602016289cbff2c85269.txt	640	640	1	roboflow_drago_v1::roboflow_drago_v1_426-copy_jpg	roboflow_drago_v1_426-Copy_jpg	4e18bc5455d950b918c361178a063390856b1101d14f1f6a51cc0e48745dcb8f	235f4496c7e8b67819789cbb3f3b346b086a96db3d04b57b760100c4283796be	190	false	
train_clean	train	roboflow_drago_v1	valid	Watermelon Detector.v1i.coco-segmentation\valid\432-Copy_jpg.rf.97e419c6fa192975d1c447d813adfe26.jpg	roboflow_drago_v1_432-Copy_jpg.rf.97e419c6fa192975d1c447d813adfe26.jpg	roboflow_drago_v1_432-Copy_jpg.rf.97e419c6fa192975d1c447d813adfe26.txt	images/train/roboflow_drago_v1_432-Copy_jpg.rf.97e419c6fa192975d1c447d813adfe26.jpg	labels/train/roboflow_drago_v1_432-Copy_jpg.rf.97e419c6fa192975d1c447d813adfe26.txt	640	640	2	roboflow_drago_v1::roboflow_drago_v1_432-copy_jpg	roboflow_drago_v1_432-Copy_jpg	c7b4d897501edf98179d85f74e4304f43e888669d7a83ded6df62a3840c09155	22d0dc1904d23acb4091e514cd2fae81d47b45f6480d80ba517f7a827a594feb	191	false	
train_clean	train	roboflow_drago_v1	train	Watermelon Detector.v1i.coco-segmentation\train\434-Copy_jpg.rf.18b0881e0794bf74968bfc2ffd0d97fb.jpg	roboflow_drago_v1_434-Copy_jpg.rf.18b0881e0794bf74968bfc2ffd0d97fb.jpg	roboflow_drago_v1_434-Copy_jpg.rf.18b0881e0794bf74968bfc2ffd0d97fb.txt	images/train/roboflow_drago_v1_434-Copy_jpg.rf.18b0881e0794bf74968bfc2ffd0d97fb.jpg	labels/train/roboflow_drago_v1_434-Copy_jpg.rf.18b0881e0794bf74968bfc2ffd0d97fb.txt	640	640	1	roboflow_drago_v1::roboflow_drago_v1_434-copy_jpg	roboflow_drago_v1_434-Copy_jpg	762260fdf30b93f4092db0079e5cd4109feaa657c98b89dbf0ffbe911cbb1e97	f0f523dd898cf94bf8d946cfe77917a5e4c7d7154efd3a43bc39839a6d26a48b	192	false	
train_clean	train	roboflow_drago_v1	train	Watermelon Detector.v1i.coco-segmentation\train\434-Copy_jpg.rf.8945db8bf907e6eb51d7ebd530371243.jpg	roboflow_drago_v1_434-Copy_jpg.rf.8945db8bf907e6eb51d7ebd530371243.jpg	roboflow_drago_v1_434-Copy_jpg.rf.8945db8bf907e6eb51d7ebd530371243.txt	images/train/roboflow_drago_v1_434-Copy_jpg.rf.8945db8bf907e6eb51d7ebd530371243.jpg	labels/train/roboflow_drago_v1_434-Copy_jpg.rf.8945db8bf907e6eb51d7ebd530371243.txt	640	640	1	roboflow_drago_v1::roboflow_drago_v1_434-copy_jpg	roboflow_drago_v1_434-Copy_jpg	54778b42c3dd782022e6c3ad7a216e210ca6869c762742cf65b52dd6e9bda7a3	93ad16c10dee187d5e844a24a585af3ccdf9f86cc87887bd7ff1d3256a17dfee	193	false	
train_clean	train	roboflow_drago_v1	train	Watermelon Detector.v1i.coco-segmentation\train\445-Copy_jpg.rf.380a9a7de8634a0b9f30691267a9242e.jpg	roboflow_drago_v1_445-Copy_jpg.rf.380a9a7de8634a0b9f30691267a9242e.jpg	roboflow_drago_v1_445-Copy_jpg.rf.380a9a7de8634a0b9f30691267a9242e.txt	images/train/roboflow_drago_v1_445-Copy_jpg.rf.380a9a7de8634a0b9f30691267a9242e.jpg	labels/train/roboflow_drago_v1_445-Copy_jpg.rf.380a9a7de8634a0b9f30691267a9242e.txt	640	640	1	roboflow_drago_v1::roboflow_drago_v1_445-copy_jpg	roboflow_drago_v1_445-Copy_jpg	7ff122b86691a4ceb89f3f6904187b382e48b104bdc0c8a6aa24718342958b4f	f0b68176ef73e838dc053840653bb610ed1c28f561bc5d8fd9872b9f5b3a0b27	194	false	
train_clean	train	roboflow_drago_v1	train	Watermelon Detector.v1i.coco-segmentation\train\445-Copy_jpg.rf.40bb93179f103364cef66a6fac3b9376.jpg	roboflow_drago_v1_445-Copy_jpg.rf.40bb93179f103364cef66a6fac3b9376.jpg	roboflow_drago_v1_445-Copy_jpg.rf.40bb93179f103364cef66a6fac3b9376.txt	images/train/roboflow_drago_v1_445-Copy_jpg.rf.40bb93179f103364cef66a6fac3b9376.jpg	labels/train/roboflow_drago_v1_445-Copy_jpg.rf.40bb93179f103364cef66a6fac3b9376.txt	640	640	1	roboflow_drago_v1::roboflow_drago_v1_445-copy_jpg	roboflow_drago_v1_445-Copy_jpg	8353a221bcbb635b623a98db4f00211c9b47e3cb2e5fc11d86e6f02cef23a9d7	0d85f5f6bc2d23b1de513313e0d7c21111a67f4eea1f7a5e92ef759dbe49f9bd	195	false	
train_clean	train	roboflow_drago_v1	train	Watermelon Detector.v1i.coco-segmentation\train\448-Copy_jpg.rf.0be8ff77f37fa14236c391c153c18b6f.jpg	roboflow_drago_v1_448-Copy_jpg.rf.0be8ff77f37fa14236c391c153c18b6f.jpg	roboflow_drago_v1_448-Copy_jpg.rf.0be8ff77f37fa14236c391c153c18b6f.txt	images/train/roboflow_drago_v1_448-Copy_jpg.rf.0be8ff77f37fa14236c391c153c18b6f.jpg	labels/train/roboflow_drago_v1_448-Copy_jpg.rf.0be8ff77f37fa14236c391c153c18b6f.txt	640	640	2	roboflow_drago_v1::roboflow_drago_v1_448-copy_jpg	roboflow_drago_v1_448-Copy_jpg	d25f45bdbe346612765d1b20d68a3102ef23c250332d8afaeb1afef2e37e5b0c	b559b8c6a39d3c5292f94dd1ddd586151a2eb0a4feb9a5ecc4f2670b26e0907e	196	false	
train_clean	train	roboflow_drago_v1	train	Watermelon Detector.v1i.coco-segmentation\train\448-Copy_jpg.rf.4e657e5dc2f1ee1477aad8b3bcc2c21f.jpg	roboflow_drago_v1_448-Copy_jpg.rf.4e657e5dc2f1ee1477aad8b3bcc2c21f.jpg	roboflow_drago_v1_448-Copy_jpg.rf.4e657e5dc2f1ee1477aad8b3bcc2c21f.txt	images/train/roboflow_drago_v1_448-Copy_jpg.rf.4e657e5dc2f1ee1477aad8b3bcc2c21f.jpg	labels/train/roboflow_drago_v1_448-Copy_jpg.rf.4e657e5dc2f1ee1477aad8b3bcc2c21f.txt	640	640	2	roboflow_drago_v1::roboflow_drago_v1_448-copy_jpg	roboflow_drago_v1_448-Copy_jpg	701724898795702f1962d5a413ffae6619a4bc39b69cbe35199a119f6fecfd5b	b51f58784700838f2260378cbafc38bd85ea5a5a3baff8a51b77ba2a0ee1bddd	197	false	
train_clean	train	roboflow_drago_v1	train	Watermelon Detector.v1i.coco-segmentation\train\448-Copy_jpg.rf.527eb3f6112aedbf434243cadf6f2aa9.jpg	roboflow_drago_v1_448-Copy_jpg.rf.527eb3f6112aedbf434243cadf6f2aa9.jpg	roboflow_drago_v1_448-Copy_jpg.rf.527eb3f6112aedbf434243cadf6f2aa9.txt	images/train/roboflow_drago_v1_448-Copy_jpg.rf.527eb3f6112aedbf434243cadf6f2aa9.jpg	labels/train/roboflow_drago_v1_448-Copy_jpg.rf.527eb3f6112aedbf434243cadf6f2aa9.txt	640	640	2	roboflow_drago_v1::roboflow_drago_v1_448-copy_jpg	roboflow_drago_v1_448-Copy_jpg	7fe30745c699a88944f401745ebb72cbfcfc5486402ddc4dd3117c4d42c6bac3	90ea5b006f6e3fdbf111366b738aa2042d667952a94791b6b07de8cb773b5092	198	false	
train_clean	train	roboflow_drago_v1	train	Watermelon Detector.v1i.coco-segmentation\train\44_jpg.rf.07f6365ad9f9a300c7154d18b6a5d626.jpg	roboflow_drago_v1_44_jpg.rf.07f6365ad9f9a300c7154d18b6a5d626.jpg	roboflow_drago_v1_44_jpg.rf.07f6365ad9f9a300c7154d18b6a5d626.txt	images/train/roboflow_drago_v1_44_jpg.rf.07f6365ad9f9a300c7154d18b6a5d626.jpg	labels/train/roboflow_drago_v1_44_jpg.rf.07f6365ad9f9a300c7154d18b6a5d626.txt	640	640	1	roboflow_drago_v1::roboflow_drago_v1_44_jpg	roboflow_drago_v1_44_jpg	c442bc1be420e9c74da531c719bec333c92bdf4a5d3801fed907a8ec1fe7c424	f8d35f41f5adad93e697c486f8b1b94a145339f92ed6e3510de8df6fdf0004d8	199	false	
train_clean	train	roboflow_drago_v1	train	Watermelon Detector.v1i.coco-segmentation\train\44_jpg.rf.6aae02035f78a21c949070ef66b301b3.jpg	roboflow_drago_v1_44_jpg.rf.6aae02035f78a21c949070ef66b301b3.jpg	roboflow_drago_v1_44_jpg.rf.6aae02035f78a21c949070ef66b301b3.txt	images/train/roboflow_drago_v1_44_jpg.rf.6aae02035f78a21c949070ef66b301b3.jpg	labels/train/roboflow_drago_v1_44_jpg.rf.6aae02035f78a21c949070ef66b301b3.txt	640	640	1	roboflow_drago_v1::roboflow_drago_v1_44_jpg	roboflow_drago_v1_44_jpg	0368fa1e55b296a749e5d0702425f870bbd38ce39019fce55e17582e259396d3	83ac39a10ac7bff5f2e68ae3d01be180c2f662f51773b7a1042a5b0988718183	200	false	
train_clean	train	roboflow_drago_v1	train	Watermelon Detector.v1i.coco-segmentation\train\44_jpg.rf.d3fe2373f9e78ccd7f4507a0ee1376fb.jpg	roboflow_drago_v1_44_jpg.rf.d3fe2373f9e78ccd7f4507a0ee1376fb.jpg	roboflow_drago_v1_44_jpg.rf.d3fe2373f9e78ccd7f4507a0ee1376fb.txt	images/train/roboflow_drago_v1_44_jpg.rf.d3fe2373f9e78ccd7f4507a0ee1376fb.jpg	labels/train/roboflow_drago_v1_44_jpg.rf.d3fe2373f9e78ccd7f4507a0ee1376fb.txt	640	640	1	roboflow_drago_v1::roboflow_drago_v1_44_jpg	roboflow_drago_v1_44_jpg	e79e69ab374f57b47f29d05955984dad8e0fc858940eccbf730158a194e67263	fd87c635ed56f6edea93271a73e3550c835fe7a54094ff231c061fae7fa14093	201	false	
train_clean	train	roboflow_drago_v1	train	Watermelon Detector.v1i.coco-segmentation\train\450-Copy_jpg.rf.72d0b1305f711111bc8c5b219f77b2b4.jpg	roboflow_drago_v1_450-Copy_jpg.rf.72d0b1305f711111bc8c5b219f77b2b4.jpg	roboflow_drago_v1_450-Copy_jpg.rf.72d0b1305f711111bc8c5b219f77b2b4.txt	images/train/roboflow_drago_v1_450-Copy_jpg.rf.72d0b1305f711111bc8c5b219f77b2b4.jpg	labels/train/roboflow_drago_v1_450-Copy_jpg.rf.72d0b1305f711111bc8c5b219f77b2b4.txt	640	640	4	roboflow_drago_v1::roboflow_drago_v1_450-copy_jpg	roboflow_drago_v1_450-Copy_jpg	18bc3e4dfe886d82fccf987a8ef4ed438564542535a75be79d4eed316ce8a707	69a52b379e8f13f1e3e7071f98b29e8987d9e5b9fe301ad7df8349e167ad6627	202	false	
train_clean	train	roboflow_drago_v1	train	Watermelon Detector.v1i.coco-segmentation\train\450-Copy_jpg.rf.ac3be4119282a8dc572118ca24ebcab8.jpg	roboflow_drago_v1_450-Copy_jpg.rf.ac3be4119282a8dc572118ca24ebcab8.jpg	roboflow_drago_v1_450-Copy_jpg.rf.ac3be4119282a8dc572118ca24ebcab8.txt	images/train/roboflow_drago_v1_450-Copy_jpg.rf.ac3be4119282a8dc572118ca24ebcab8.jpg	labels/train/roboflow_drago_v1_450-Copy_jpg.rf.ac3be4119282a8dc572118ca24ebcab8.txt	640	640	4	roboflow_drago_v1::roboflow_drago_v1_450-copy_jpg	roboflow_drago_v1_450-Copy_jpg	822fcdd3384215d18205f48c6f2746668381760ed45f8747dbd2ee3c696b1ac7	ea0790900ce08da73156bd4bdc1fa68b6804a2a5ac2324b96a8a66a529e78a89	203	false	
train_clean	train	roboflow_drago_v1	train	Watermelon Detector.v1i.coco-segmentation\train\462-Copy_jpg.rf.2e5ee6b01b3295eb2d6a6b19b4149bce.jpg	roboflow_drago_v1_462-Copy_jpg.rf.2e5ee6b01b3295eb2d6a6b19b4149bce.jpg	roboflow_drago_v1_462-Copy_jpg.rf.2e5ee6b01b3295eb2d6a6b19b4149bce.txt	images/train/roboflow_drago_v1_462-Copy_jpg.rf.2e5ee6b01b3295eb2d6a6b19b4149bce.jpg	labels/train/roboflow_drago_v1_462-Copy_jpg.rf.2e5ee6b01b3295eb2d6a6b19b4149bce.txt	640	640	1	roboflow_drago_v1::roboflow_drago_v1_462-copy_jpg	roboflow_drago_v1_462-Copy_jpg	e0b6a13b761ea37911b3ad4ea9fa2356d1a72098eccabebab6af624fc043ddfd	edb4c353fe9100588deb3ca1ada84a16ee75baec16f01d883fd415e802702b4f	204	false	
train_clean	train	roboflow_drago_v1	train	Watermelon Detector.v1i.coco-segmentation\train\462-Copy_jpg.rf.4891ebadf0d3b60ec908fc4a93944159.jpg	roboflow_drago_v1_462-Copy_jpg.rf.4891ebadf0d3b60ec908fc4a93944159.jpg	roboflow_drago_v1_462-Copy_jpg.rf.4891ebadf0d3b60ec908fc4a93944159.txt	images/train/roboflow_drago_v1_462-Copy_jpg.rf.4891ebadf0d3b60ec908fc4a93944159.jpg	labels/train/roboflow_drago_v1_462-Copy_jpg.rf.4891ebadf0d3b60ec908fc4a93944159.txt	640	640	1	roboflow_drago_v1::roboflow_drago_v1_462-copy_jpg	roboflow_drago_v1_462-Copy_jpg	af6ce19847bf934eb34a83a3505f718dd55862f871f1e855656d0ee9ccbcffa0	0439b3cea22d295c23fe9904ceedf0a94773d5fb289fe8252dbc033ace405376	205	false	
train_clean	train	roboflow_drago_v1	train	Watermelon Detector.v1i.coco-segmentation\train\462-Copy_jpg.rf.b1eb6e8ceca1fd72864aadd75d2afa1b.jpg	roboflow_drago_v1_462-Copy_jpg.rf.b1eb6e8ceca1fd72864aadd75d2afa1b.jpg	roboflow_drago_v1_462-Copy_jpg.rf.b1eb6e8ceca1fd72864aadd75d2afa1b.txt	images/train/roboflow_drago_v1_462-Copy_jpg.rf.b1eb6e8ceca1fd72864aadd75d2afa1b.jpg	labels/train/roboflow_drago_v1_462-Copy_jpg.rf.b1eb6e8ceca1fd72864aadd75d2afa1b.txt	640	640	1	roboflow_drago_v1::roboflow_drago_v1_462-copy_jpg	roboflow_drago_v1_462-Copy_jpg	47d60308161d1d4ec3e6dfcfc6129934b796aa50202ba5d79b165c5a6825b8a5	96ad3898d5029b4951df4027061f9a1ed4de8b394c87d643ca91d6e510cf850a	206	false	
train_clean	train	roboflow_drago_v1	train	Watermelon Detector.v1i.coco-segmentation\train\467-Copy_jpg.rf.e241a517a8039a526c3f07dae4d2a274.jpg	roboflow_drago_v1_467-Copy_jpg.rf.e241a517a8039a526c3f07dae4d2a274.jpg	roboflow_drago_v1_467-Copy_jpg.rf.e241a517a8039a526c3f07dae4d2a274.txt	images/train/roboflow_drago_v1_467-Copy_jpg.rf.e241a517a8039a526c3f07dae4d2a274.jpg	labels/train/roboflow_drago_v1_467-Copy_jpg.rf.e241a517a8039a526c3f07dae4d2a274.txt	640	640	2	roboflow_drago_v1::roboflow_drago_v1_467-copy_jpg	roboflow_drago_v1_467-Copy_jpg	bb47922542647400b8dfc6aaa5ea6b8415caeb90bd5ec5a9ce3f099c8a3b0d1e	4cbef2d625a455f4ef7d554363219161bedb169b6ea453fd8ebcf91fd25cfb0e	207	false	
train_clean	train	roboflow_drago_v1	valid	Watermelon Detector.v1i.coco-segmentation\valid\482-Copy_jpg.rf.09cb1c4442d9fc1ed28505b3a0619df9.jpg	roboflow_drago_v1_482-Copy_jpg.rf.09cb1c4442d9fc1ed28505b3a0619df9.jpg	roboflow_drago_v1_482-Copy_jpg.rf.09cb1c4442d9fc1ed28505b3a0619df9.txt	images/train/roboflow_drago_v1_482-Copy_jpg.rf.09cb1c4442d9fc1ed28505b3a0619df9.jpg	labels/train/roboflow_drago_v1_482-Copy_jpg.rf.09cb1c4442d9fc1ed28505b3a0619df9.txt	640	640	1	roboflow_drago_v1::roboflow_drago_v1_482-copy_jpg	roboflow_drago_v1_482-Copy_jpg	cbdbb4a46f5f1e5facb6dab50038987c4bd26e2e5858583d98069603d294e6b8	319f608334a3285e540a9d66106d3999c9811e593e6ed8d8b28dd973ee6a125f	208	false	
train_clean	train	roboflow_drago_v1	test	Watermelon Detector.v1i.coco-segmentation\test\487-Copy_jpg.rf.6bed2d8f20bd86d346065d41ff88f0fe.jpg	roboflow_drago_v1_487-Copy_jpg.rf.6bed2d8f20bd86d346065d41ff88f0fe.jpg	roboflow_drago_v1_487-Copy_jpg.rf.6bed2d8f20bd86d346065d41ff88f0fe.txt	images/train/roboflow_drago_v1_487-Copy_jpg.rf.6bed2d8f20bd86d346065d41ff88f0fe.jpg	labels/train/roboflow_drago_v1_487-Copy_jpg.rf.6bed2d8f20bd86d346065d41ff88f0fe.txt	640	640	2	roboflow_drago_v1::roboflow_drago_v1_487-copy_jpg	roboflow_drago_v1_487-Copy_jpg	b35cafc0ba7e1e11515487fcffdf7e373ecd576e77be0d66c46f7881a07e9a8a	1a2578ea4a12565363c9bd43acaaeaa04b7218c5505964194d84accb4c2e3712	209	false	
train_clean	train	roboflow_drago_v1	train	Watermelon Detector.v1i.coco-segmentation\train\488-Copy_jpg.rf.16c341d75fb620c0e87aa8eea6c24c91.jpg	roboflow_drago_v1_488-Copy_jpg.rf.16c341d75fb620c0e87aa8eea6c24c91.jpg	roboflow_drago_v1_488-Copy_jpg.rf.16c341d75fb620c0e87aa8eea6c24c91.txt	images/train/roboflow_drago_v1_488-Copy_jpg.rf.16c341d75fb620c0e87aa8eea6c24c91.jpg	labels/train/roboflow_drago_v1_488-Copy_jpg.rf.16c341d75fb620c0e87aa8eea6c24c91.txt	640	640	1	roboflow_drago_v1::roboflow_drago_v1_488-copy_jpg	roboflow_drago_v1_488-Copy_jpg	aeaf95b07e9447c252f2b742de41e6a11a21e1506fa7a0aafda9f38f631e7ba7	46ac861dae74f9e5589ac706512b2c047c982bfb17abb3cb97de9f38369a29a1	210	false	
train_clean	train	roboflow_drago_v1	train	Watermelon Detector.v1i.coco-segmentation\train\488-Copy_jpg.rf.3634649202e38741c8ffccb6b75cfef4.jpg	roboflow_drago_v1_488-Copy_jpg.rf.3634649202e38741c8ffccb6b75cfef4.jpg	roboflow_drago_v1_488-Copy_jpg.rf.3634649202e38741c8ffccb6b75cfef4.txt	images/train/roboflow_drago_v1_488-Copy_jpg.rf.3634649202e38741c8ffccb6b75cfef4.jpg	labels/train/roboflow_drago_v1_488-Copy_jpg.rf.3634649202e38741c8ffccb6b75cfef4.txt	640	640	1	roboflow_drago_v1::roboflow_drago_v1_488-copy_jpg	roboflow_drago_v1_488-Copy_jpg	2098619c8c549690571fa55b1434da715bbb2529ddabef716e3c5a247652d767	ffdddf9fa458ce66bd96c27f85bf9cf9dcfa8ee392437fea0289b7d891392796	211	false	
train_clean	train	roboflow_drago_v1	train	Watermelon Detector.v1i.coco-segmentation\train\488-Copy_jpg.rf.a748c0b79753b01c479791c9c3ce98ec.jpg	roboflow_drago_v1_488-Copy_jpg.rf.a748c0b79753b01c479791c9c3ce98ec.jpg	roboflow_drago_v1_488-Copy_jpg.rf.a748c0b79753b01c479791c9c3ce98ec.txt	images/train/roboflow_drago_v1_488-Copy_jpg.rf.a748c0b79753b01c479791c9c3ce98ec.jpg	labels/train/roboflow_drago_v1_488-Copy_jpg.rf.a748c0b79753b01c479791c9c3ce98ec.txt	640	640	1	roboflow_drago_v1::roboflow_drago_v1_488-copy_jpg	roboflow_drago_v1_488-Copy_jpg	bb86067362a2ce188890edd4aa2c339c003704e35f744d0bd2171a9c89ad7689	b3044ad633d274c14b9a25772b5666b09e53b62898a1065750d14caaac0e9a4c	212	false	
train_clean	train	roboflow_drago_v1	train	Watermelon Detector.v1i.coco-segmentation\train\50_jpg.rf.28a82357e315fcfb7a3cf7362427c5ed.jpg	roboflow_drago_v1_50_jpg.rf.28a82357e315fcfb7a3cf7362427c5ed.jpg	roboflow_drago_v1_50_jpg.rf.28a82357e315fcfb7a3cf7362427c5ed.txt	images/train/roboflow_drago_v1_50_jpg.rf.28a82357e315fcfb7a3cf7362427c5ed.jpg	labels/train/roboflow_drago_v1_50_jpg.rf.28a82357e315fcfb7a3cf7362427c5ed.txt	640	640	2	roboflow_drago_v1::roboflow_drago_v1_50_jpg	roboflow_drago_v1_50_jpg	d5acfba13c11cff4e5fbeb54aa2391de5a24679a822a6ac0c6c11c3363e312fc	45389e1b34d9d2ee506da96f9594a180590adb2cd711ac5222c62550ddf42611	213	false	
train_clean	train	roboflow_drago_v1	train	Watermelon Detector.v1i.coco-segmentation\train\512-Copy_jpg.rf.0a2a55853385a0a17ec31ac2cb8bfb5e.jpg	roboflow_drago_v1_512-Copy_jpg.rf.0a2a55853385a0a17ec31ac2cb8bfb5e.jpg	roboflow_drago_v1_512-Copy_jpg.rf.0a2a55853385a0a17ec31ac2cb8bfb5e.txt	images/train/roboflow_drago_v1_512-Copy_jpg.rf.0a2a55853385a0a17ec31ac2cb8bfb5e.jpg	labels/train/roboflow_drago_v1_512-Copy_jpg.rf.0a2a55853385a0a17ec31ac2cb8bfb5e.txt	640	640	1	roboflow_drago_v1::roboflow_drago_v1_512-copy_jpg	roboflow_drago_v1_512-Copy_jpg	9fe8eb2b7810e49ca995d960066a27501da702f2c1fb0f478e61267ed69dc121	f429b5843b00893b269ed0abd6b6570cd59eaff75f1332679074b0d3959d171f	214	false	
train_clean	train	roboflow_drago_v1	train	Watermelon Detector.v1i.coco-segmentation\train\512-Copy_jpg.rf.d42d97d9221b8e05bb5e794e1f2bfa2d.jpg	roboflow_drago_v1_512-Copy_jpg.rf.d42d97d9221b8e05bb5e794e1f2bfa2d.jpg	roboflow_drago_v1_512-Copy_jpg.rf.d42d97d9221b8e05bb5e794e1f2bfa2d.txt	images/train/roboflow_drago_v1_512-Copy_jpg.rf.d42d97d9221b8e05bb5e794e1f2bfa2d.jpg	labels/train/roboflow_drago_v1_512-Copy_jpg.rf.d42d97d9221b8e05bb5e794e1f2bfa2d.txt	640	640	1	roboflow_drago_v1::roboflow_drago_v1_512-copy_jpg	roboflow_drago_v1_512-Copy_jpg	aa69915a5b979d94d88ccb0d0c62fd33994755197dc54aac84332cd6ea731dec	0dc26b7b2dbdb0ddb189b38cdc53fff92824f52ccf18ee18c33bbf56d6553da9	215	false	
train_clean	train	roboflow_drago_v1	test	Watermelon Detector.v1i.coco-segmentation\test\521-Copy_jpg.rf.d504101bc0eb9042055f1418ef3fc264.jpg	roboflow_drago_v1_521-Copy_jpg.rf.d504101bc0eb9042055f1418ef3fc264.jpg	roboflow_drago_v1_521-Copy_jpg.rf.d504101bc0eb9042055f1418ef3fc264.txt	images/train/roboflow_drago_v1_521-Copy_jpg.rf.d504101bc0eb9042055f1418ef3fc264.jpg	labels/train/roboflow_drago_v1_521-Copy_jpg.rf.d504101bc0eb9042055f1418ef3fc264.txt	640	640	1	roboflow_drago_v1::roboflow_drago_v1_521-copy_jpg	roboflow_drago_v1_521-Copy_jpg	15d2ae083ca37fe30ec3bd7d0fe3e90494351056ff4a2916750834b211ec60df	6b56549660e07293a0bc6161c2f76d94bb8952899ceb90d089c9e67ac4b49646	216	false	
train_clean	train	roboflow_drago_v1	train	Watermelon Detector.v1i.coco-segmentation\train\534-Copy_jpg.rf.63334378c11b24bc4d2fdc7ed1bf612b.jpg	roboflow_drago_v1_534-Copy_jpg.rf.63334378c11b24bc4d2fdc7ed1bf612b.jpg	roboflow_drago_v1_534-Copy_jpg.rf.63334378c11b24bc4d2fdc7ed1bf612b.txt	images/train/roboflow_drago_v1_534-Copy_jpg.rf.63334378c11b24bc4d2fdc7ed1bf612b.jpg	labels/train/roboflow_drago_v1_534-Copy_jpg.rf.63334378c11b24bc4d2fdc7ed1bf612b.txt	640	640	2	roboflow_drago_v1::roboflow_drago_v1_534-copy_jpg	roboflow_drago_v1_534-Copy_jpg	bad2486affb7c9e310f42e485cc04246d3bebe42b1e0ccecc0f0d65b49dfc6d9	368f5c38e9780ac125a6732ffe8483a827904f39cad087024a4928221a7acf7c	217	false	
train_clean	train	roboflow_drago_v1	train	Watermelon Detector.v1i.coco-segmentation\train\535-Copy_jpg.rf.4b55a11a25ffe3c8928072f122490c25.jpg	roboflow_drago_v1_535-Copy_jpg.rf.4b55a11a25ffe3c8928072f122490c25.jpg	roboflow_drago_v1_535-Copy_jpg.rf.4b55a11a25ffe3c8928072f122490c25.txt	images/train/roboflow_drago_v1_535-Copy_jpg.rf.4b55a11a25ffe3c8928072f122490c25.jpg	labels/train/roboflow_drago_v1_535-Copy_jpg.rf.4b55a11a25ffe3c8928072f122490c25.txt	640	640	2	roboflow_drago_v1::roboflow_drago_v1_535-copy_jpg	roboflow_drago_v1_535-Copy_jpg	3d797f4bb8f568eb2e7f2b1ed0997a9471c5af63ecddbfd83e98b0cf5365cbe6	9c6ba0f3a2dacd0649edfb0a8745fe165551207ff4b5fbb61d28218a6bb141b1	218	false	
train_clean	train	roboflow_drago_v1	train	Watermelon Detector.v1i.coco-segmentation\train\535-Copy_jpg.rf.eec2b04795c83a353c79a12aa0e53540.jpg	roboflow_drago_v1_535-Copy_jpg.rf.eec2b04795c83a353c79a12aa0e53540.jpg	roboflow_drago_v1_535-Copy_jpg.rf.eec2b04795c83a353c79a12aa0e53540.txt	images/train/roboflow_drago_v1_535-Copy_jpg.rf.eec2b04795c83a353c79a12aa0e53540.jpg	labels/train/roboflow_drago_v1_535-Copy_jpg.rf.eec2b04795c83a353c79a12aa0e53540.txt	640	640	2	roboflow_drago_v1::roboflow_drago_v1_535-copy_jpg	roboflow_drago_v1_535-Copy_jpg	8833212f9ffdfc8a85add362814d30660f19b0036a276f4369729369105405bb	7dd6598c64324335250c38b569723fca3831b94e39a71d9615d4d80ea1210b53	219	false	
train_clean	train	roboflow_drago_v1	train	Watermelon Detector.v1i.coco-segmentation\train\535-Copy_jpg.rf.ff54bc8e441c763d4be1e6964c132919.jpg	roboflow_drago_v1_535-Copy_jpg.rf.ff54bc8e441c763d4be1e6964c132919.jpg	roboflow_drago_v1_535-Copy_jpg.rf.ff54bc8e441c763d4be1e6964c132919.txt	images/train/roboflow_drago_v1_535-Copy_jpg.rf.ff54bc8e441c763d4be1e6964c132919.jpg	labels/train/roboflow_drago_v1_535-Copy_jpg.rf.ff54bc8e441c763d4be1e6964c132919.txt	640	640	2	roboflow_drago_v1::roboflow_drago_v1_535-copy_jpg	roboflow_drago_v1_535-Copy_jpg	1b35e9b87acfe3a107d7fb88dc49e12ada2514c853dc30f155f30321b71d32ea	2e7ecb08df2190e823d3c2bc97efede6c2721ced02165f45f4c217a8c26e485d	220	false	
train_clean	train	roboflow_drago_v1	train	Watermelon Detector.v1i.coco-segmentation\train\53_jpg.rf.0bf95508b4e4654b708dd43d0dda0855.jpg	roboflow_drago_v1_53_jpg.rf.0bf95508b4e4654b708dd43d0dda0855.jpg	roboflow_drago_v1_53_jpg.rf.0bf95508b4e4654b708dd43d0dda0855.txt	images/train/roboflow_drago_v1_53_jpg.rf.0bf95508b4e4654b708dd43d0dda0855.jpg	labels/train/roboflow_drago_v1_53_jpg.rf.0bf95508b4e4654b708dd43d0dda0855.txt	640	640	3	roboflow_drago_v1::roboflow_drago_v1_53_jpg	roboflow_drago_v1_53_jpg	35b092b2a861609e3270ec97b1d8df531027f27eaa31b85ef182ab37276c5699	4694b1eef81c38a904a97bb922550b0909d88af38b20df9c33099cc7354aeac2	221	false	
train_clean	train	roboflow_drago_v1	train	Watermelon Detector.v1i.coco-segmentation\train\53_jpg.rf.5f41978f91a971d379ff2a0d6b009c20.jpg	roboflow_drago_v1_53_jpg.rf.5f41978f91a971d379ff2a0d6b009c20.jpg	roboflow_drago_v1_53_jpg.rf.5f41978f91a971d379ff2a0d6b009c20.txt	images/train/roboflow_drago_v1_53_jpg.rf.5f41978f91a971d379ff2a0d6b009c20.jpg	labels/train/roboflow_drago_v1_53_jpg.rf.5f41978f91a971d379ff2a0d6b009c20.txt	640	640	3	roboflow_drago_v1::roboflow_drago_v1_53_jpg	roboflow_drago_v1_53_jpg	67bffc2070a049d663afaadf68e8f1468bfd1657d5b28cf8bcc469a58e91d350	829833018be4d65b7cdee571b50fcf62eef4db5cf2055e32cb68d93b993ba627	222	false	
train_clean	train	roboflow_drago_v1	train	Watermelon Detector.v1i.coco-segmentation\train\54_jpg.rf.49ef7652c290b674132a7cfa57a713c1.jpg	roboflow_drago_v1_54_jpg.rf.49ef7652c290b674132a7cfa57a713c1.jpg	roboflow_drago_v1_54_jpg.rf.49ef7652c290b674132a7cfa57a713c1.txt	images/train/roboflow_drago_v1_54_jpg.rf.49ef7652c290b674132a7cfa57a713c1.jpg	labels/train/roboflow_drago_v1_54_jpg.rf.49ef7652c290b674132a7cfa57a713c1.txt	640	640	1	roboflow_drago_v1::roboflow_drago_v1_54_jpg	roboflow_drago_v1_54_jpg	8f5c0f528543e03675bc3647cb3372b0740470c6814c196848646fd39c933504	31d1deb1d41126b0c4fc238417d292cf713cb2bc34e2454922267e1dd0b8a0b7	223	false	
train_clean	train	roboflow_drago_v1	train	Watermelon Detector.v1i.coco-segmentation\train\54_jpg.rf.7bffe393d8454eac4f9a767cd3eec22b.jpg	roboflow_drago_v1_54_jpg.rf.7bffe393d8454eac4f9a767cd3eec22b.jpg	roboflow_drago_v1_54_jpg.rf.7bffe393d8454eac4f9a767cd3eec22b.txt	images/train/roboflow_drago_v1_54_jpg.rf.7bffe393d8454eac4f9a767cd3eec22b.jpg	labels/train/roboflow_drago_v1_54_jpg.rf.7bffe393d8454eac4f9a767cd3eec22b.txt	640	640	1	roboflow_drago_v1::roboflow_drago_v1_54_jpg	roboflow_drago_v1_54_jpg	8ba8274135ee141b29cbf399c485678704c3c7d00c299b7e2ab3682261120dd8	149b72b5209c1f69fd9f4cad1a3fb519b54017f8aecbd6cdcd294fbafcf6bbbf	224	false	
train_clean	train	roboflow_drago_v1	valid	Watermelon Detector.v1i.coco-segmentation\valid\551-Copy_jpg.rf.e6e0607a9ead3867485ff8e2f013393f.jpg	roboflow_drago_v1_551-Copy_jpg.rf.e6e0607a9ead3867485ff8e2f013393f.jpg	roboflow_drago_v1_551-Copy_jpg.rf.e6e0607a9ead3867485ff8e2f013393f.txt	images/train/roboflow_drago_v1_551-Copy_jpg.rf.e6e0607a9ead3867485ff8e2f013393f.jpg	labels/train/roboflow_drago_v1_551-Copy_jpg.rf.e6e0607a9ead3867485ff8e2f013393f.txt	640	640	1	roboflow_drago_v1::roboflow_drago_v1_551-copy_jpg	roboflow_drago_v1_551-Copy_jpg	7815133f3dcf8de9f15ae767207291dbdf58f24764c64c7ef53c1e44315245c3	ebeafc0c6ed38e132c90a2dc84a6c077c15aab419d6480e9f4783806146dcbe9	225	false	
train_clean	train	roboflow_drago_v1	train	Watermelon Detector.v1i.coco-segmentation\train\553-Copy_jpg.rf.2a05850621e7ddeac545acc166da3b2d.jpg	roboflow_drago_v1_553-Copy_jpg.rf.2a05850621e7ddeac545acc166da3b2d.jpg	roboflow_drago_v1_553-Copy_jpg.rf.2a05850621e7ddeac545acc166da3b2d.txt	images/train/roboflow_drago_v1_553-Copy_jpg.rf.2a05850621e7ddeac545acc166da3b2d.jpg	labels/train/roboflow_drago_v1_553-Copy_jpg.rf.2a05850621e7ddeac545acc166da3b2d.txt	640	640	1	roboflow_drago_v1::roboflow_drago_v1_553-copy_jpg	roboflow_drago_v1_553-Copy_jpg	fa726a94c32a8e8decbcb96284ff317ceeeaa943413d4b430ddcda4e13c54e00	5c65076864149e5ebbefc07f88434443f9e884c69e41c22cbefca3ea4c628431	226	false	
train_clean	train	roboflow_drago_v1	train	Watermelon Detector.v1i.coco-segmentation\train\553-Copy_jpg.rf.5e9c5a96d1b98e3bcff6fc83f59920e4.jpg	roboflow_drago_v1_553-Copy_jpg.rf.5e9c5a96d1b98e3bcff6fc83f59920e4.jpg	roboflow_drago_v1_553-Copy_jpg.rf.5e9c5a96d1b98e3bcff6fc83f59920e4.txt	images/train/roboflow_drago_v1_553-Copy_jpg.rf.5e9c5a96d1b98e3bcff6fc83f59920e4.jpg	labels/train/roboflow_drago_v1_553-Copy_jpg.rf.5e9c5a96d1b98e3bcff6fc83f59920e4.txt	640	640	1	roboflow_drago_v1::roboflow_drago_v1_553-copy_jpg	roboflow_drago_v1_553-Copy_jpg	24d3000212cb29f9be8d1519f311e774d52ead397063596153a63ec20cb9e9a4	395141aae9f4410ffa2c9150e84efb4226595a7e82de511d9875df55e454f407	227	false	
train_clean	train	roboflow_drago_v1	train	Watermelon Detector.v1i.coco-segmentation\train\557-Copy_jpg.rf.ab46352340a7f736d60c073cc01d9c9e.jpg	roboflow_drago_v1_557-Copy_jpg.rf.ab46352340a7f736d60c073cc01d9c9e.jpg	roboflow_drago_v1_557-Copy_jpg.rf.ab46352340a7f736d60c073cc01d9c9e.txt	images/train/roboflow_drago_v1_557-Copy_jpg.rf.ab46352340a7f736d60c073cc01d9c9e.jpg	labels/train/roboflow_drago_v1_557-Copy_jpg.rf.ab46352340a7f736d60c073cc01d9c9e.txt	640	640	1	roboflow_drago_v1::roboflow_drago_v1_557-copy_jpg	roboflow_drago_v1_557-Copy_jpg	1a06b11c0859a066be879ab5435d781d5773c528b64123e04803c0236866dfad	8272b946a52460b4b338e15f90eb1211e48d8bf5dfe4f2788555fc49447a6ea8	228	false	
train_clean	train	roboflow_drago_v1	train	Watermelon Detector.v1i.coco-segmentation\train\557-Copy_jpg.rf.c51d47861f74c20e3643aca07f15483b.jpg	roboflow_drago_v1_557-Copy_jpg.rf.c51d47861f74c20e3643aca07f15483b.jpg	roboflow_drago_v1_557-Copy_jpg.rf.c51d47861f74c20e3643aca07f15483b.txt	images/train/roboflow_drago_v1_557-Copy_jpg.rf.c51d47861f74c20e3643aca07f15483b.jpg	labels/train/roboflow_drago_v1_557-Copy_jpg.rf.c51d47861f74c20e3643aca07f15483b.txt	640	640	1	roboflow_drago_v1::roboflow_drago_v1_557-copy_jpg	roboflow_drago_v1_557-Copy_jpg	9adf5487bd06d57e496e4e8bedf6f05203e2e2168e84dc050479e7016b76bee8	7ac88db422866d62dbfe996c3bece391862f22adec3bc5492cc1db6c55133c15	229	false	
train_clean	train	roboflow_drago_v1	valid	Watermelon Detector.v1i.coco-segmentation\valid\55_jpg.rf.5e1a54ddf175eff3729bc83db840f292.jpg	roboflow_drago_v1_55_jpg.rf.5e1a54ddf175eff3729bc83db840f292.jpg	roboflow_drago_v1_55_jpg.rf.5e1a54ddf175eff3729bc83db840f292.txt	images/train/roboflow_drago_v1_55_jpg.rf.5e1a54ddf175eff3729bc83db840f292.jpg	labels/train/roboflow_drago_v1_55_jpg.rf.5e1a54ddf175eff3729bc83db840f292.txt	640	640	1	roboflow_drago_v1::roboflow_drago_v1_55_jpg	roboflow_drago_v1_55_jpg	104e5893e929b24d8aeb51c1cfa88a790411ffecf2f5baf6a5cc75e03ce09971	b0066d6fd0caaeba9ceae22cf106d9e973f37ea67b5685f1aff5ae3c4d741408	230	false	
train_clean	train	roboflow_drago_v1	valid	Watermelon Detector.v1i.coco-segmentation\valid\576_jpg.rf.ea3090e88ef86813d5a67986c4eebbb0.jpg	roboflow_drago_v1_576_jpg.rf.ea3090e88ef86813d5a67986c4eebbb0.jpg	roboflow_drago_v1_576_jpg.rf.ea3090e88ef86813d5a67986c4eebbb0.txt	images/train/roboflow_drago_v1_576_jpg.rf.ea3090e88ef86813d5a67986c4eebbb0.jpg	labels/train/roboflow_drago_v1_576_jpg.rf.ea3090e88ef86813d5a67986c4eebbb0.txt	640	640	1	roboflow_drago_v1::roboflow_drago_v1_576_jpg	roboflow_drago_v1_576_jpg	a8dc3a7c4eb8e7651a45e2cf00a9ffcbcb079e773f1013e86cd1804f5e9299b0	933607b62a94be1aec22f8f503a8e77ea19eac6ce662c07862ad789991dcdf51	231	false	
train_clean	train	roboflow_drago_v1	valid	Watermelon Detector.v1i.coco-segmentation\valid\581_jpg.rf.426231b47458f6e7924e7c4c8ebaec24.jpg	roboflow_drago_v1_581_jpg.rf.426231b47458f6e7924e7c4c8ebaec24.jpg	roboflow_drago_v1_581_jpg.rf.426231b47458f6e7924e7c4c8ebaec24.txt	images/train/roboflow_drago_v1_581_jpg.rf.426231b47458f6e7924e7c4c8ebaec24.jpg	labels/train/roboflow_drago_v1_581_jpg.rf.426231b47458f6e7924e7c4c8ebaec24.txt	640	640	1	roboflow_drago_v1::roboflow_drago_v1_581_jpg	roboflow_drago_v1_581_jpg	8598bbe5d5dc34d67c01559c52354213a0d61e9b8b8cc18bc6ba26127ae609de	3cb6577b5e27b2c258b4bfab94acfcf76d83fe4ede23dc4ca78bb56946cfcddb	232	false	
train_clean	train	roboflow_drago_v1	train	Watermelon Detector.v1i.coco-segmentation\train\586_jpg.rf.607b978e437ad45ad89845eba55b5363.jpg	roboflow_drago_v1_586_jpg.rf.607b978e437ad45ad89845eba55b5363.jpg	roboflow_drago_v1_586_jpg.rf.607b978e437ad45ad89845eba55b5363.txt	images/train/roboflow_drago_v1_586_jpg.rf.607b978e437ad45ad89845eba55b5363.jpg	labels/train/roboflow_drago_v1_586_jpg.rf.607b978e437ad45ad89845eba55b5363.txt	640	640	2	roboflow_drago_v1::roboflow_drago_v1_586_jpg	roboflow_drago_v1_586_jpg	c772c200c47b664175e0326d0fd31ba0d473ebb789dcccedb530256669d78d1f	6a02b70ff62693a82e92ed99ecee8f651e5a0953ba04af6532327389f3abfbeb	233	false	
train_clean	train	roboflow_drago_v1	train	Watermelon Detector.v1i.coco-segmentation\train\586_jpg.rf.94ba821e509d2a6b2ae3ba442e9a56e2.jpg	roboflow_drago_v1_586_jpg.rf.94ba821e509d2a6b2ae3ba442e9a56e2.jpg	roboflow_drago_v1_586_jpg.rf.94ba821e509d2a6b2ae3ba442e9a56e2.txt	images/train/roboflow_drago_v1_586_jpg.rf.94ba821e509d2a6b2ae3ba442e9a56e2.jpg	labels/train/roboflow_drago_v1_586_jpg.rf.94ba821e509d2a6b2ae3ba442e9a56e2.txt	640	640	2	roboflow_drago_v1::roboflow_drago_v1_586_jpg	roboflow_drago_v1_586_jpg	651780e64790036b463f19cabaf29e1ecdef5ba4a4ccda2c628e53a3877da294	052a75a40c0cfef2353823c5c103d92584f1b5ead4915325ef924cac28fcacf7	234	false	
train_clean	train	roboflow_drago_v1	valid	Watermelon Detector.v1i.coco-segmentation\valid\588_jpg.rf.28721d77bc4f74d083e15c1496ec0d1c.jpg	roboflow_drago_v1_588_jpg.rf.28721d77bc4f74d083e15c1496ec0d1c.jpg	roboflow_drago_v1_588_jpg.rf.28721d77bc4f74d083e15c1496ec0d1c.txt	images/train/roboflow_drago_v1_588_jpg.rf.28721d77bc4f74d083e15c1496ec0d1c.jpg	labels/train/roboflow_drago_v1_588_jpg.rf.28721d77bc4f74d083e15c1496ec0d1c.txt	640	640	1	roboflow_drago_v1::roboflow_drago_v1_588_jpg	roboflow_drago_v1_588_jpg	07fa0a6ef072cba28edcb5c25048436d91dc8d4b0a10698f125abddae86c007b	b8f53b6e3d85ad15c9bd9d91bfaab48a6ef3f53e64b7768298af13fbec56100a	235	false	
train_clean	train	roboflow_drago_v1	train	Watermelon Detector.v1i.coco-segmentation\train\603_jpg.rf.26758010bfdaff2d090834ce87e42f56.jpg	roboflow_drago_v1_603_jpg.rf.26758010bfdaff2d090834ce87e42f56.jpg	roboflow_drago_v1_603_jpg.rf.26758010bfdaff2d090834ce87e42f56.txt	images/train/roboflow_drago_v1_603_jpg.rf.26758010bfdaff2d090834ce87e42f56.jpg	labels/train/roboflow_drago_v1_603_jpg.rf.26758010bfdaff2d090834ce87e42f56.txt	640	640	1	roboflow_drago_v1::roboflow_drago_v1_603_jpg	roboflow_drago_v1_603_jpg	b2f0f88cfa3a87a54a0f396b35e8c0a88a23f806df50c3a40e6a28fbc376b547	f6f14d3ab5306e458e96f2bd5d24a2463167008ffe5dfab4120e8c68123c9a67	236	false	
train_clean	train	roboflow_drago_v1	train	Watermelon Detector.v1i.coco-segmentation\train\603_jpg.rf.6bae67f0a0a9095be6655d2b650f1e4c.jpg	roboflow_drago_v1_603_jpg.rf.6bae67f0a0a9095be6655d2b650f1e4c.jpg	roboflow_drago_v1_603_jpg.rf.6bae67f0a0a9095be6655d2b650f1e4c.txt	images/train/roboflow_drago_v1_603_jpg.rf.6bae67f0a0a9095be6655d2b650f1e4c.jpg	labels/train/roboflow_drago_v1_603_jpg.rf.6bae67f0a0a9095be6655d2b650f1e4c.txt	640	640	1	roboflow_drago_v1::roboflow_drago_v1_603_jpg	roboflow_drago_v1_603_jpg	293d32f4f17b3257413f950476d28b6dd1e22992f2a0259dc46f6fa86cb069cf	131e16e5f092a0d5e618f356a376676c5dfdd0a97e42be8e0fdc60403e5b56f4	237	false	
train_clean	train	roboflow_drago_v1	train	Watermelon Detector.v1i.coco-segmentation\train\606_jpg.rf.2fbf0480bb3b5f2e92fcef0e57bbad82.jpg	roboflow_drago_v1_606_jpg.rf.2fbf0480bb3b5f2e92fcef0e57bbad82.jpg	roboflow_drago_v1_606_jpg.rf.2fbf0480bb3b5f2e92fcef0e57bbad82.txt	images/train/roboflow_drago_v1_606_jpg.rf.2fbf0480bb3b5f2e92fcef0e57bbad82.jpg	labels/train/roboflow_drago_v1_606_jpg.rf.2fbf0480bb3b5f2e92fcef0e57bbad82.txt	640	640	1	roboflow_drago_v1::roboflow_drago_v1_606_jpg	roboflow_drago_v1_606_jpg	b79685865951ae7bddb84045e9356a7fde48d6af1ca06345a8639b7b79f4fdc4	aa39385f696b80c2a1ab0eab89cd379b30c9f63dda118281d51e609daef22f9d	238	false	
train_clean	train	roboflow_drago_v1	train	Watermelon Detector.v1i.coco-segmentation\train\606_jpg.rf.cb1ac964076e879cb369c327d03dab8a.jpg	roboflow_drago_v1_606_jpg.rf.cb1ac964076e879cb369c327d03dab8a.jpg	roboflow_drago_v1_606_jpg.rf.cb1ac964076e879cb369c327d03dab8a.txt	images/train/roboflow_drago_v1_606_jpg.rf.cb1ac964076e879cb369c327d03dab8a.jpg	labels/train/roboflow_drago_v1_606_jpg.rf.cb1ac964076e879cb369c327d03dab8a.txt	640	640	1	roboflow_drago_v1::roboflow_drago_v1_606_jpg	roboflow_drago_v1_606_jpg	62638aace389d6d5c9853893eec581ea1a7120efe5e785c99e0a76ab9fce34f6	98a603cfb37e5a86c684e3aa5221b941da672670cbb6068b728736a2d2c721c6	239	false	
train_clean	train	roboflow_drago_v1	train	Watermelon Detector.v1i.coco-segmentation\train\607_jpg.rf.09a130952d324f3c7aad36cebedc1179.jpg	roboflow_drago_v1_607_jpg.rf.09a130952d324f3c7aad36cebedc1179.jpg	roboflow_drago_v1_607_jpg.rf.09a130952d324f3c7aad36cebedc1179.txt	images/train/roboflow_drago_v1_607_jpg.rf.09a130952d324f3c7aad36cebedc1179.jpg	labels/train/roboflow_drago_v1_607_jpg.rf.09a130952d324f3c7aad36cebedc1179.txt	640	640	1	roboflow_drago_v1::roboflow_drago_v1_607_jpg	roboflow_drago_v1_607_jpg	88c8297f13a2f879c6fcf6a947190284370125a157ff12925a1c5f6e16d3a2ff	07c76a1573a556e98c9cafd24fbd669125e6a0713b85f9b3df6edfd8ae03e089	240	false	
train_clean	train	roboflow_drago_v1	train	Watermelon Detector.v1i.coco-segmentation\train\609_jpg.rf.38cb015b3f45cec322dbffba899bf96b.jpg	roboflow_drago_v1_609_jpg.rf.38cb015b3f45cec322dbffba899bf96b.jpg	roboflow_drago_v1_609_jpg.rf.38cb015b3f45cec322dbffba899bf96b.txt	images/train/roboflow_drago_v1_609_jpg.rf.38cb015b3f45cec322dbffba899bf96b.jpg	labels/train/roboflow_drago_v1_609_jpg.rf.38cb015b3f45cec322dbffba899bf96b.txt	640	640	1	roboflow_drago_v1::roboflow_drago_v1_609_jpg	roboflow_drago_v1_609_jpg	121383d224e8ac7d608f90be02ef765c0bb6f5ab609b11867244ea8435cb74f5	79f5d4aa4eb1353546cccd88cda1de3b220c81bac3aa5f9ac97c7d1f4402e92a	241	false	
train_clean	train	roboflow_drago_v1	train	Watermelon Detector.v1i.coco-segmentation\train\615_jpg.rf.1f9e027319eede3fef4cbf862b4a2dee.jpg	roboflow_drago_v1_615_jpg.rf.1f9e027319eede3fef4cbf862b4a2dee.jpg	roboflow_drago_v1_615_jpg.rf.1f9e027319eede3fef4cbf862b4a2dee.txt	images/train/roboflow_drago_v1_615_jpg.rf.1f9e027319eede3fef4cbf862b4a2dee.jpg	labels/train/roboflow_drago_v1_615_jpg.rf.1f9e027319eede3fef4cbf862b4a2dee.txt	640	640	1	roboflow_drago_v1::roboflow_drago_v1_615_jpg	roboflow_drago_v1_615_jpg	584def4be7d0dcaf6baed369ecb87ffa0a049610840ac9f9304f4e0f7672a048	ba1573d3dd2f7c6ce3c3983c5901a0a2824f08ebc749dbf7617c7dbe4e3805dc	242	false	
train_clean	train	roboflow_drago_v1	train	Watermelon Detector.v1i.coco-segmentation\train\615_jpg.rf.4890f7d1237bdd00d4a67e6f7ac18b06.jpg	roboflow_drago_v1_615_jpg.rf.4890f7d1237bdd00d4a67e6f7ac18b06.jpg	roboflow_drago_v1_615_jpg.rf.4890f7d1237bdd00d4a67e6f7ac18b06.txt	images/train/roboflow_drago_v1_615_jpg.rf.4890f7d1237bdd00d4a67e6f7ac18b06.jpg	labels/train/roboflow_drago_v1_615_jpg.rf.4890f7d1237bdd00d4a67e6f7ac18b06.txt	640	640	1	roboflow_drago_v1::roboflow_drago_v1_615_jpg	roboflow_drago_v1_615_jpg	69218cf28ac133c6f5c1af56ba6f26a7f8450b8745d75e5466599f82e586e9ea	5ab7f5e31fba28a2e6775576193d04b880a3d6198b2c01c0aea7e63cc2dbb460	243	false	
train_clean	train	roboflow_drago_v1	train	Watermelon Detector.v1i.coco-segmentation\train\625_jpg.rf.52ac4e5de5ca399d03ec6534350cbc01.jpg	roboflow_drago_v1_625_jpg.rf.52ac4e5de5ca399d03ec6534350cbc01.jpg	roboflow_drago_v1_625_jpg.rf.52ac4e5de5ca399d03ec6534350cbc01.txt	images/train/roboflow_drago_v1_625_jpg.rf.52ac4e5de5ca399d03ec6534350cbc01.jpg	labels/train/roboflow_drago_v1_625_jpg.rf.52ac4e5de5ca399d03ec6534350cbc01.txt	640	640	1	roboflow_drago_v1::roboflow_drago_v1_625_jpg	roboflow_drago_v1_625_jpg	b149bf5543597342f785ff29798778773f9a232490a5b3cb46d4ab15cd5d2601	6fa9c39f317176262204113fcbc1ceb18d3a9e925644830963367fc8f4095e4f	244	false	
train_clean	train	roboflow_drago_v1	train	Watermelon Detector.v1i.coco-segmentation\train\625_jpg.rf.52bb441885d70692198076679f68c999.jpg	roboflow_drago_v1_625_jpg.rf.52bb441885d70692198076679f68c999.jpg	roboflow_drago_v1_625_jpg.rf.52bb441885d70692198076679f68c999.txt	images/train/roboflow_drago_v1_625_jpg.rf.52bb441885d70692198076679f68c999.jpg	labels/train/roboflow_drago_v1_625_jpg.rf.52bb441885d70692198076679f68c999.txt	640	640	1	roboflow_drago_v1::roboflow_drago_v1_625_jpg	roboflow_drago_v1_625_jpg	a2b5bdbc04bc70816189eac090d1b302e40cc0b73f07b1fe7b915bef253e540e	cd983ec4f89541b1b8cecb1411efe1780206d914ce773176eae3760dad5e64a7	245	false	
train_clean	train	roboflow_drago_v1	valid	Watermelon Detector.v1i.coco-segmentation\valid\626_jpg.rf.a973d42ccc5b30146161075e963841ab.jpg	roboflow_drago_v1_626_jpg.rf.a973d42ccc5b30146161075e963841ab.jpg	roboflow_drago_v1_626_jpg.rf.a973d42ccc5b30146161075e963841ab.txt	images/train/roboflow_drago_v1_626_jpg.rf.a973d42ccc5b30146161075e963841ab.jpg	labels/train/roboflow_drago_v1_626_jpg.rf.a973d42ccc5b30146161075e963841ab.txt	640	640	1	roboflow_drago_v1::roboflow_drago_v1_626_jpg	roboflow_drago_v1_626_jpg	258c35f6d93852e4ecda4071548fe87485787e5bc6a17dd6a60ca4da3aa21b27	dbb0806e93d25975bb064c9bdd89b9276d0e5ea6474f2e38a95a5be98e126fef	246	false	
train_clean	train	roboflow_drago_v1	test	Watermelon Detector.v1i.coco-segmentation\test\627_jpg.rf.134cf89e13f1cd58f6d0d5b04a0169e6.jpg	roboflow_drago_v1_627_jpg.rf.134cf89e13f1cd58f6d0d5b04a0169e6.jpg	roboflow_drago_v1_627_jpg.rf.134cf89e13f1cd58f6d0d5b04a0169e6.txt	images/train/roboflow_drago_v1_627_jpg.rf.134cf89e13f1cd58f6d0d5b04a0169e6.jpg	labels/train/roboflow_drago_v1_627_jpg.rf.134cf89e13f1cd58f6d0d5b04a0169e6.txt	640	640	1	roboflow_drago_v1::roboflow_drago_v1_627_jpg	roboflow_drago_v1_627_jpg	f27574600a15001e37d283d27de00133c83faf844235ff2dc28dfed96118f05f	d97f1bb4afce18dd291c7b76345c1e61f1348c560dc2ab779c38b4875599e0e1	247	false	
train_clean	train	roboflow_drago_v1	train	Watermelon Detector.v1i.coco-segmentation\train\628_jpg.rf.06a529696b5b11d013197e47d2a94a10.jpg	roboflow_drago_v1_628_jpg.rf.06a529696b5b11d013197e47d2a94a10.jpg	roboflow_drago_v1_628_jpg.rf.06a529696b5b11d013197e47d2a94a10.txt	images/train/roboflow_drago_v1_628_jpg.rf.06a529696b5b11d013197e47d2a94a10.jpg	labels/train/roboflow_drago_v1_628_jpg.rf.06a529696b5b11d013197e47d2a94a10.txt	640	640	1	roboflow_drago_v1::roboflow_drago_v1_628_jpg	roboflow_drago_v1_628_jpg	8abde7e3501b241ed57dcbc7f907bebac0e35e9dcef8363af6b2d335e58e4b25	9aa78131516b173176af92145aa3bdb27b8258734c434b9ac9370608862e2f81	248	false	
train_clean	train	roboflow_drago_v1	train	Watermelon Detector.v1i.coco-segmentation\train\628_jpg.rf.f2f92425d2b195b1c66bd9cccf42153f.jpg	roboflow_drago_v1_628_jpg.rf.f2f92425d2b195b1c66bd9cccf42153f.jpg	roboflow_drago_v1_628_jpg.rf.f2f92425d2b195b1c66bd9cccf42153f.txt	images/train/roboflow_drago_v1_628_jpg.rf.f2f92425d2b195b1c66bd9cccf42153f.jpg	labels/train/roboflow_drago_v1_628_jpg.rf.f2f92425d2b195b1c66bd9cccf42153f.txt	640	640	1	roboflow_drago_v1::roboflow_drago_v1_628_jpg	roboflow_drago_v1_628_jpg	b7d53512b72a1c3b2f8bfcdb3bc66f46f2bb9558d58ef7487543fe2a13138ad1	f1536e3216f20072cc25263ddf192839884d26b0fec255d05bc4471d2f74450e	249	false	
train_clean	train	roboflow_drago_v1	valid	Watermelon Detector.v1i.coco-segmentation\valid\630_jpg.rf.7c214540eeda6cfb66d4499e4d4ebb02.jpg	roboflow_drago_v1_630_jpg.rf.7c214540eeda6cfb66d4499e4d4ebb02.jpg	roboflow_drago_v1_630_jpg.rf.7c214540eeda6cfb66d4499e4d4ebb02.txt	images/train/roboflow_drago_v1_630_jpg.rf.7c214540eeda6cfb66d4499e4d4ebb02.jpg	labels/train/roboflow_drago_v1_630_jpg.rf.7c214540eeda6cfb66d4499e4d4ebb02.txt	640	640	1	roboflow_drago_v1::roboflow_drago_v1_630_jpg	roboflow_drago_v1_630_jpg	dcf65d5f9e4d67b44859c7c9a6bb87eced0da38ecde11f26ff178059f723bbd5	4ea0a4bcfe95a4f20524f315f18ca70c17d062b9346aa7e7b5d2e0e470f68217	250	false	
train_clean	train	roboflow_drago_v1	valid	Watermelon Detector.v1i.coco-segmentation\valid\640_jpg.rf.13d54abf7a0d7ea4c731d3eb521f5849.jpg	roboflow_drago_v1_640_jpg.rf.13d54abf7a0d7ea4c731d3eb521f5849.jpg	roboflow_drago_v1_640_jpg.rf.13d54abf7a0d7ea4c731d3eb521f5849.txt	images/train/roboflow_drago_v1_640_jpg.rf.13d54abf7a0d7ea4c731d3eb521f5849.jpg	labels/train/roboflow_drago_v1_640_jpg.rf.13d54abf7a0d7ea4c731d3eb521f5849.txt	640	640	1	roboflow_drago_v1::roboflow_drago_v1_640_jpg	roboflow_drago_v1_640_jpg	463510790b9f071b7357038e5ae2f77f402eb40fae950c7c30b09620dc66356a	f2d062de7a3fbce2f354aa082f9863069aeeb5ebdb09b17f07dbabd1732beae8	251	false	
train_clean	train	roboflow_drago_v1	train	Watermelon Detector.v1i.coco-segmentation\train\644_jpg.rf.ae5c397d43d05e30a551239fa738a12e.jpg	roboflow_drago_v1_644_jpg.rf.ae5c397d43d05e30a551239fa738a12e.jpg	roboflow_drago_v1_644_jpg.rf.ae5c397d43d05e30a551239fa738a12e.txt	images/train/roboflow_drago_v1_644_jpg.rf.ae5c397d43d05e30a551239fa738a12e.jpg	labels/train/roboflow_drago_v1_644_jpg.rf.ae5c397d43d05e30a551239fa738a12e.txt	640	640	1	roboflow_drago_v1::roboflow_drago_v1_644_jpg	roboflow_drago_v1_644_jpg	638fe368ddda9f31e3b93e9182de80a9663ff374903dbe0f5b69e4794a6c48b1	e247b4c8a80bf9a6e1bcf2ba20eac92bdd5607bc0db1bfa4543df6a402d6949a	252	false	
train_clean	train	roboflow_drago_v1	valid	Watermelon Detector.v1i.coco-segmentation\valid\645_jpg.rf.e683d9b3f5975de470658761f372c79c.jpg	roboflow_drago_v1_645_jpg.rf.e683d9b3f5975de470658761f372c79c.jpg	roboflow_drago_v1_645_jpg.rf.e683d9b3f5975de470658761f372c79c.txt	images/train/roboflow_drago_v1_645_jpg.rf.e683d9b3f5975de470658761f372c79c.jpg	labels/train/roboflow_drago_v1_645_jpg.rf.e683d9b3f5975de470658761f372c79c.txt	640	640	1	roboflow_drago_v1::roboflow_drago_v1_645_jpg	roboflow_drago_v1_645_jpg	1bc1306fe9f626484d92c84149533941f1cc117107e4985daae2d4a624bf3c62	bad5ace142d6573d658a85b324df4952b43e42ceb0dcd990b02680f8e242824f	253	false	
train_clean	train	roboflow_drago_v1	train	Watermelon Detector.v1i.coco-segmentation\train\64_jpg.rf.61fdd3577ab8106e836178fabad1a736.jpg	roboflow_drago_v1_64_jpg.rf.61fdd3577ab8106e836178fabad1a736.jpg	roboflow_drago_v1_64_jpg.rf.61fdd3577ab8106e836178fabad1a736.txt	images/train/roboflow_drago_v1_64_jpg.rf.61fdd3577ab8106e836178fabad1a736.jpg	labels/train/roboflow_drago_v1_64_jpg.rf.61fdd3577ab8106e836178fabad1a736.txt	640	640	1	roboflow_drago_v1::roboflow_drago_v1_64_jpg	roboflow_drago_v1_64_jpg	3fdc3d8609eb32ee88a72823fef665fa7d868dedce673c0887d577fd0645137d	539986b6c2f933889198c651d59c0227e7771ddec69fc87b9a1f28fce957d6e9	254	false	
train_clean	train	roboflow_drago_v1	train	Watermelon Detector.v1i.coco-segmentation\train\659_jpg.rf.945ef8cf322064f9f696ea8910528f1b.jpg	roboflow_drago_v1_659_jpg.rf.945ef8cf322064f9f696ea8910528f1b.jpg	roboflow_drago_v1_659_jpg.rf.945ef8cf322064f9f696ea8910528f1b.txt	images/train/roboflow_drago_v1_659_jpg.rf.945ef8cf322064f9f696ea8910528f1b.jpg	labels/train/roboflow_drago_v1_659_jpg.rf.945ef8cf322064f9f696ea8910528f1b.txt	640	640	1	roboflow_drago_v1::roboflow_drago_v1_659_jpg	roboflow_drago_v1_659_jpg	8bc700b88931967147c39926ecafcf6a0f4e250fce3b31d9da50140e239dfc1e	c7f5c180673522510bb70be01f0cc108c4aeb1343575bcebb8ebf7f61ee67693	255	false	
train_clean	train	roboflow_drago_v1	train	Watermelon Detector.v1i.coco-segmentation\train\659_jpg.rf.f750b37e2c127ccfa00d377b649a9da6.jpg	roboflow_drago_v1_659_jpg.rf.f750b37e2c127ccfa00d377b649a9da6.jpg	roboflow_drago_v1_659_jpg.rf.f750b37e2c127ccfa00d377b649a9da6.txt	images/train/roboflow_drago_v1_659_jpg.rf.f750b37e2c127ccfa00d377b649a9da6.jpg	labels/train/roboflow_drago_v1_659_jpg.rf.f750b37e2c127ccfa00d377b649a9da6.txt	640	640	1	roboflow_drago_v1::roboflow_drago_v1_659_jpg	roboflow_drago_v1_659_jpg	e35709464a092720c34e3e0de87460186171d0b438d7b6ce6a2e3cd11ce37f9c	6c7946b4721e45e3cf0e1022eca37adbde5896022939028adb2be6a6ea364a56	256	false	
train_clean	train	roboflow_drago_v1	train	Watermelon Detector.v1i.coco-segmentation\train\660_jpg.rf.5651c29418d5dee4ca6ff8b87670c7f3.jpg	roboflow_drago_v1_660_jpg.rf.5651c29418d5dee4ca6ff8b87670c7f3.jpg	roboflow_drago_v1_660_jpg.rf.5651c29418d5dee4ca6ff8b87670c7f3.txt	images/train/roboflow_drago_v1_660_jpg.rf.5651c29418d5dee4ca6ff8b87670c7f3.jpg	labels/train/roboflow_drago_v1_660_jpg.rf.5651c29418d5dee4ca6ff8b87670c7f3.txt	640	640	1	roboflow_drago_v1::roboflow_drago_v1_660_jpg	roboflow_drago_v1_660_jpg	deafb2488e5661572fa357708577cc5b4ac7181e322170e47c4b7c4bbb5d4da8	1b49a8d3145a760b5119cc593df586ef3e78293cd362e79ed4c8d247716772d4	257	false	
train_clean	train	roboflow_drago_v1	train	Watermelon Detector.v1i.coco-segmentation\train\660_jpg.rf.767c9f964a333cc41f020f19a4158565.jpg	roboflow_drago_v1_660_jpg.rf.767c9f964a333cc41f020f19a4158565.jpg	roboflow_drago_v1_660_jpg.rf.767c9f964a333cc41f020f19a4158565.txt	images/train/roboflow_drago_v1_660_jpg.rf.767c9f964a333cc41f020f19a4158565.jpg	labels/train/roboflow_drago_v1_660_jpg.rf.767c9f964a333cc41f020f19a4158565.txt	640	640	1	roboflow_drago_v1::roboflow_drago_v1_660_jpg	roboflow_drago_v1_660_jpg	2801a4a41033da2c686e6b7765abb62b5942e0add04ef0e7e56818d231f3acb6	3d245aaca2fa805176681ad0da1b1bfb4c72f921737a03f58759b907ea28980d	258	false	
train_clean	train	roboflow_drago_v1	test	Watermelon Detector.v1i.coco-segmentation\test\670_jpg.rf.6622dc7575087ef2820f6bef4dc65881.jpg	roboflow_drago_v1_670_jpg.rf.6622dc7575087ef2820f6bef4dc65881.jpg	roboflow_drago_v1_670_jpg.rf.6622dc7575087ef2820f6bef4dc65881.txt	images/train/roboflow_drago_v1_670_jpg.rf.6622dc7575087ef2820f6bef4dc65881.jpg	labels/train/roboflow_drago_v1_670_jpg.rf.6622dc7575087ef2820f6bef4dc65881.txt	640	640	1	roboflow_drago_v1::roboflow_drago_v1_670_jpg	roboflow_drago_v1_670_jpg	c189d59a9aa1dac1897992edcf9fabfcf04c140ab247d9d6b232d3e9f034abe3	bf1a4bacfe08c0ef1074e34664eb6ff8bf05f9a64b59dc109494b4834c6f1f0e	259	false	
train_clean	train	roboflow_drago_v1	train	Watermelon Detector.v1i.coco-segmentation\train\671_jpg.rf.2bf7fe1417ac02673beaeb685f2b738a.jpg	roboflow_drago_v1_671_jpg.rf.2bf7fe1417ac02673beaeb685f2b738a.jpg	roboflow_drago_v1_671_jpg.rf.2bf7fe1417ac02673beaeb685f2b738a.txt	images/train/roboflow_drago_v1_671_jpg.rf.2bf7fe1417ac02673beaeb685f2b738a.jpg	labels/train/roboflow_drago_v1_671_jpg.rf.2bf7fe1417ac02673beaeb685f2b738a.txt	640	640	1	roboflow_drago_v1::roboflow_drago_v1_671_jpg	roboflow_drago_v1_671_jpg	64682f8c61ac6de005ad846dd2a46e276a4cf265707fa01935fdc25a9171dc91	72cf2f64c24b04a0512f9c33cfb4ff0c5c3420e0c05a3b5f3e3495239f69e531	260	false	
train_clean	train	roboflow_drago_v1	train	Watermelon Detector.v1i.coco-segmentation\train\671_jpg.rf.ea182376281a49c97ad865d9ece0a5f2.jpg	roboflow_drago_v1_671_jpg.rf.ea182376281a49c97ad865d9ece0a5f2.jpg	roboflow_drago_v1_671_jpg.rf.ea182376281a49c97ad865d9ece0a5f2.txt	images/train/roboflow_drago_v1_671_jpg.rf.ea182376281a49c97ad865d9ece0a5f2.jpg	labels/train/roboflow_drago_v1_671_jpg.rf.ea182376281a49c97ad865d9ece0a5f2.txt	640	640	1	roboflow_drago_v1::roboflow_drago_v1_671_jpg	roboflow_drago_v1_671_jpg	5b3858912241d6667265d87f6f416281d5c57c94481f994e59e59777b0573cca	6954550cf3de0c1e64dedb91ceb3b1ad0020b3381238cacb43440b696cc87477	261	false	
train_clean	train	roboflow_drago_v1	valid	Watermelon Detector.v1i.coco-segmentation\valid\674_jpg.rf.5aad88cdfd3e1c5c0f8eb9e04694f592.jpg	roboflow_drago_v1_674_jpg.rf.5aad88cdfd3e1c5c0f8eb9e04694f592.jpg	roboflow_drago_v1_674_jpg.rf.5aad88cdfd3e1c5c0f8eb9e04694f592.txt	images/train/roboflow_drago_v1_674_jpg.rf.5aad88cdfd3e1c5c0f8eb9e04694f592.jpg	labels/train/roboflow_drago_v1_674_jpg.rf.5aad88cdfd3e1c5c0f8eb9e04694f592.txt	640	640	1	roboflow_drago_v1::roboflow_drago_v1_674_jpg	roboflow_drago_v1_674_jpg	46674b5b05aa5e4231fb4bc1abb99b9809139ba2f00fc0fe8fc98cac73ac09ae	13a398ccde3316789558059a047cb33e545c0c21f8b7d3fac4764f15dd026437	262	false	
train_clean	train	roboflow_drago_v1	valid	Watermelon Detector.v1i.coco-segmentation\valid\704_jpg.rf.850e353af3dea3bed6a48fc9ea88d1cd.jpg	roboflow_drago_v1_704_jpg.rf.850e353af3dea3bed6a48fc9ea88d1cd.jpg	roboflow_drago_v1_704_jpg.rf.850e353af3dea3bed6a48fc9ea88d1cd.txt	images/train/roboflow_drago_v1_704_jpg.rf.850e353af3dea3bed6a48fc9ea88d1cd.jpg	labels/train/roboflow_drago_v1_704_jpg.rf.850e353af3dea3bed6a48fc9ea88d1cd.txt	640	640	1	roboflow_drago_v1::roboflow_drago_v1_704_jpg	roboflow_drago_v1_704_jpg	a17ee293bd2f5da7c6840e3874a4cff3ff09e1eb52e4b22bdad89c474e1ac96d	f8eca1a186ede133c4e26063aacadfc7da10bfa18853fa600d04d4714643f0b2	263	false	
train_clean	train	roboflow_drago_v1	test	Watermelon Detector.v1i.coco-segmentation\test\708_jpg.rf.8f06de367609af0ceb65cfa5e459ced4.jpg	roboflow_drago_v1_708_jpg.rf.8f06de367609af0ceb65cfa5e459ced4.jpg	roboflow_drago_v1_708_jpg.rf.8f06de367609af0ceb65cfa5e459ced4.txt	images/train/roboflow_drago_v1_708_jpg.rf.8f06de367609af0ceb65cfa5e459ced4.jpg	labels/train/roboflow_drago_v1_708_jpg.rf.8f06de367609af0ceb65cfa5e459ced4.txt	640	640	1	roboflow_drago_v1::roboflow_drago_v1_708_jpg	roboflow_drago_v1_708_jpg	adac70e35c263522efc2061c1ee5bbc446c62c01de086eac455c1f3c134006ef	f7398bf7571ccb369f9d61f6b7e6314fa36faa1449b4aa41485c3568a2b34405	264	false	
train_clean	train	roboflow_drago_v1	train	Watermelon Detector.v1i.coco-segmentation\train\71_jpg.rf.07e355ab8d60f484d8960ee6e617c02c.jpg	roboflow_drago_v1_71_jpg.rf.07e355ab8d60f484d8960ee6e617c02c.jpg	roboflow_drago_v1_71_jpg.rf.07e355ab8d60f484d8960ee6e617c02c.txt	images/train/roboflow_drago_v1_71_jpg.rf.07e355ab8d60f484d8960ee6e617c02c.jpg	labels/train/roboflow_drago_v1_71_jpg.rf.07e355ab8d60f484d8960ee6e617c02c.txt	640	640	1	roboflow_drago_v1::roboflow_drago_v1_71_jpg	roboflow_drago_v1_71_jpg	ad7d1d04424056966234b7f9de1e33dc799d0ddf1564d5ce53e315a9d1477baa	1d8a9c7a4b573a086abf83eff51120ad51ded8367fef178458f2919ac89ca5f0	265	false	
train_clean	train	roboflow_drago_v1	train	Watermelon Detector.v1i.coco-segmentation\train\71_jpg.rf.446ef36afc418dc1fd4f54f65f7e8a7a.jpg	roboflow_drago_v1_71_jpg.rf.446ef36afc418dc1fd4f54f65f7e8a7a.jpg	roboflow_drago_v1_71_jpg.rf.446ef36afc418dc1fd4f54f65f7e8a7a.txt	images/train/roboflow_drago_v1_71_jpg.rf.446ef36afc418dc1fd4f54f65f7e8a7a.jpg	labels/train/roboflow_drago_v1_71_jpg.rf.446ef36afc418dc1fd4f54f65f7e8a7a.txt	640	640	1	roboflow_drago_v1::roboflow_drago_v1_71_jpg	roboflow_drago_v1_71_jpg	7544dab3b656aa680a697de808ef45cf80c8d2d4765018f40bf332d55acd3049	30ff925aa0ec9657538c412f337f8950b2e493b90e5f4c706592e12717178a20	266	false	
train_clean	train	roboflow_drago_v1	train	Watermelon Detector.v1i.coco-segmentation\train\73_jpg.rf.421ce686486ab32094390635346c0343.jpg	roboflow_drago_v1_73_jpg.rf.421ce686486ab32094390635346c0343.jpg	roboflow_drago_v1_73_jpg.rf.421ce686486ab32094390635346c0343.txt	images/train/roboflow_drago_v1_73_jpg.rf.421ce686486ab32094390635346c0343.jpg	labels/train/roboflow_drago_v1_73_jpg.rf.421ce686486ab32094390635346c0343.txt	640	640	2	roboflow_drago_v1::roboflow_drago_v1_73_jpg	roboflow_drago_v1_73_jpg	9135a07c6797861bcd7d260b50adf89077bd4f70349c246c94c2606d8e0fc17f	9160adf313da08982ca6f21ca69a2d65a34a4046db1e1cf35319fc49c3d1153d	267	false	
train_clean	train	roboflow_drago_v1	train	Watermelon Detector.v1i.coco-segmentation\train\73_jpg.rf.d0846d837f9189888776a1402743a26c.jpg	roboflow_drago_v1_73_jpg.rf.d0846d837f9189888776a1402743a26c.jpg	roboflow_drago_v1_73_jpg.rf.d0846d837f9189888776a1402743a26c.txt	images/train/roboflow_drago_v1_73_jpg.rf.d0846d837f9189888776a1402743a26c.jpg	labels/train/roboflow_drago_v1_73_jpg.rf.d0846d837f9189888776a1402743a26c.txt	640	640	2	roboflow_drago_v1::roboflow_drago_v1_73_jpg	roboflow_drago_v1_73_jpg	bf412388a943795cb8e0a4eda77211c36d0382879b4201d50361006c39ebb318	603ee0ec219ecc57c50b83bb6ac96fd63118201ddaec7c4ada65791daf30ffc2	268	false	
train_clean	train	roboflow_drago_v1	train	Watermelon Detector.v1i.coco-segmentation\train\74_jpg.rf.526e9b1cd8e9b6143a0537387bfcef60.jpg	roboflow_drago_v1_74_jpg.rf.526e9b1cd8e9b6143a0537387bfcef60.jpg	roboflow_drago_v1_74_jpg.rf.526e9b1cd8e9b6143a0537387bfcef60.txt	images/train/roboflow_drago_v1_74_jpg.rf.526e9b1cd8e9b6143a0537387bfcef60.jpg	labels/train/roboflow_drago_v1_74_jpg.rf.526e9b1cd8e9b6143a0537387bfcef60.txt	640	640	1	roboflow_drago_v1::roboflow_drago_v1_74_jpg	roboflow_drago_v1_74_jpg	1929278e98695bac385f0aacf6cddcff90b0014b252c40a1c3f4f1bddb358869	95bebbc0f9fb59260d90f62034e6cfaa17b51f7822c2bbff098ba737742d730d	269	false	
train_clean	train	roboflow_drago_v1	train	Watermelon Detector.v1i.coco-segmentation\train\74_jpg.rf.bc63c3db017fc0799068ca4f3bfdcd6d.jpg	roboflow_drago_v1_74_jpg.rf.bc63c3db017fc0799068ca4f3bfdcd6d.jpg	roboflow_drago_v1_74_jpg.rf.bc63c3db017fc0799068ca4f3bfdcd6d.txt	images/train/roboflow_drago_v1_74_jpg.rf.bc63c3db017fc0799068ca4f3bfdcd6d.jpg	labels/train/roboflow_drago_v1_74_jpg.rf.bc63c3db017fc0799068ca4f3bfdcd6d.txt	640	640	1	roboflow_drago_v1::roboflow_drago_v1_74_jpg	roboflow_drago_v1_74_jpg	c60ecd23b1d9b74d18468c51eb8f2ff158f6877975dd3b847fd39713a01b6b81	765b342586c0ddc7e87acfb68d31499848624ce701535495ee90c44a8252708f	270	false	
train_clean	train	roboflow_drago_v1	test	Watermelon Detector.v1i.coco-segmentation\test\76_jpg.rf.90d431194f622c217d5fc82ff0f5d0a2.jpg	roboflow_drago_v1_76_jpg.rf.90d431194f622c217d5fc82ff0f5d0a2.jpg	roboflow_drago_v1_76_jpg.rf.90d431194f622c217d5fc82ff0f5d0a2.txt	images/train/roboflow_drago_v1_76_jpg.rf.90d431194f622c217d5fc82ff0f5d0a2.jpg	labels/train/roboflow_drago_v1_76_jpg.rf.90d431194f622c217d5fc82ff0f5d0a2.txt	640	640	0	roboflow_drago_v1::roboflow_drago_v1_76_jpg	roboflow_drago_v1_76_jpg	86bc7fecb187fde9329b7cff705d075fe04de4be8c5041a8e2a82464bd10c221	e3b0c44298fc1c149afbf4c8996fb92427ae41e4649b934ca495991b7852b855	271	false	
train_clean	train	roboflow_drago_v1	train	Watermelon Detector.v1i.coco-segmentation\train\77_jpg.rf.6357d22a3dc440437c7bcf6fda4e616a.jpg	roboflow_drago_v1_77_jpg.rf.6357d22a3dc440437c7bcf6fda4e616a.jpg	roboflow_drago_v1_77_jpg.rf.6357d22a3dc440437c7bcf6fda4e616a.txt	images/train/roboflow_drago_v1_77_jpg.rf.6357d22a3dc440437c7bcf6fda4e616a.jpg	labels/train/roboflow_drago_v1_77_jpg.rf.6357d22a3dc440437c7bcf6fda4e616a.txt	640	640	2	roboflow_drago_v1::roboflow_drago_v1_77_jpg	roboflow_drago_v1_77_jpg	d032892111b027e7f6a1ea79c1a999b0e761861d0ff2ae6d58240703ba9d2582	b7f5a42e99e928d91e0195aa1c366058c220c037bc7710163d5953eb5b40c402	272	false	
train_clean	train	roboflow_drago_v1	train	Watermelon Detector.v1i.coco-segmentation\train\77_jpg.rf.ae7b1b0bc3e9ef7fb30348bc842510e7.jpg	roboflow_drago_v1_77_jpg.rf.ae7b1b0bc3e9ef7fb30348bc842510e7.jpg	roboflow_drago_v1_77_jpg.rf.ae7b1b0bc3e9ef7fb30348bc842510e7.txt	images/train/roboflow_drago_v1_77_jpg.rf.ae7b1b0bc3e9ef7fb30348bc842510e7.jpg	labels/train/roboflow_drago_v1_77_jpg.rf.ae7b1b0bc3e9ef7fb30348bc842510e7.txt	640	640	2	roboflow_drago_v1::roboflow_drago_v1_77_jpg	roboflow_drago_v1_77_jpg	7b65685c19589d0623fd772c9e77c5f34767aa436d86074dbd89f3d807e5b33a	482520af6662c9970122866790d5516747ccd7ef189dbe6297ad5e1e011067bc	273	false	
train_clean	train	roboflow_drago_v1	train	Watermelon Detector.v1i.coco-segmentation\train\86_jpg.rf.381ab1957bab9effe457ef232bd634fe.jpg	roboflow_drago_v1_86_jpg.rf.381ab1957bab9effe457ef232bd634fe.jpg	roboflow_drago_v1_86_jpg.rf.381ab1957bab9effe457ef232bd634fe.txt	images/train/roboflow_drago_v1_86_jpg.rf.381ab1957bab9effe457ef232bd634fe.jpg	labels/train/roboflow_drago_v1_86_jpg.rf.381ab1957bab9effe457ef232bd634fe.txt	640	640	1	roboflow_drago_v1::roboflow_drago_v1_86_jpg	roboflow_drago_v1_86_jpg	a375eb3413442e7704eb541ffb97e02ca9429e55f6139b726d871e8ae724fdc1	d9f7eb7ba3f12acbf4faa0ebe9a9da050ff2b4054abdaed96a72ae62f5aac5c4	274	false	
train_clean	train	roboflow_drago_v1	train	Watermelon Detector.v1i.coco-segmentation\train\86_jpg.rf.891802b24ac1c70b9cb3b59802ccaed8.jpg	roboflow_drago_v1_86_jpg.rf.891802b24ac1c70b9cb3b59802ccaed8.jpg	roboflow_drago_v1_86_jpg.rf.891802b24ac1c70b9cb3b59802ccaed8.txt	images/train/roboflow_drago_v1_86_jpg.rf.891802b24ac1c70b9cb3b59802ccaed8.jpg	labels/train/roboflow_drago_v1_86_jpg.rf.891802b24ac1c70b9cb3b59802ccaed8.txt	640	640	1	roboflow_drago_v1::roboflow_drago_v1_86_jpg	roboflow_drago_v1_86_jpg	a9a5771f6b000898feb8ada10376fbe720ea079c5e039f2cdbe245af459df5bc	5ad08d764f49e9462afe7867b9ede6aec7d4430e6d49bdfeee6e03a7476e6c04	275	false	
train_clean	train	roboflow_drago_v1	train	Watermelon Detector.v1i.coco-segmentation\train\89_jpg.rf.0c8f54efb1892b660e28816e3104a546.jpg	roboflow_drago_v1_89_jpg.rf.0c8f54efb1892b660e28816e3104a546.jpg	roboflow_drago_v1_89_jpg.rf.0c8f54efb1892b660e28816e3104a546.txt	images/train/roboflow_drago_v1_89_jpg.rf.0c8f54efb1892b660e28816e3104a546.jpg	labels/train/roboflow_drago_v1_89_jpg.rf.0c8f54efb1892b660e28816e3104a546.txt	640	640	1	roboflow_drago_v1::roboflow_drago_v1_89_jpg	roboflow_drago_v1_89_jpg	3c89f36b3ce13b0856b542158384483e22e3f33aa93bad5ebb47078b1de5c6aa	ad6aa35c5248039c76a1af915f16782ddf0f9571ff23fe331f01c1cadedf57e1	276	false	
train_clean	train	roboflow_drago_v1	train	Watermelon Detector.v1i.coco-segmentation\train\89_jpg.rf.1ebac7e646e32fd97f79aadd8be669b4.jpg	roboflow_drago_v1_89_jpg.rf.1ebac7e646e32fd97f79aadd8be669b4.jpg	roboflow_drago_v1_89_jpg.rf.1ebac7e646e32fd97f79aadd8be669b4.txt	images/train/roboflow_drago_v1_89_jpg.rf.1ebac7e646e32fd97f79aadd8be669b4.jpg	labels/train/roboflow_drago_v1_89_jpg.rf.1ebac7e646e32fd97f79aadd8be669b4.txt	640	640	1	roboflow_drago_v1::roboflow_drago_v1_89_jpg	roboflow_drago_v1_89_jpg	e9f6aa1542aa5e4aa49a9aaefa8da12a9e4328f0231d5c12ab1a2e090a7eb511	b752858a8611c3eee239acb6b89eb86208e8cde4f66bcba4e0bb05b6e1da7287	277	false	
train_clean	train	roboflow_drago_v1	valid	Watermelon Detector.v1i.coco-segmentation\valid\90_jpg.rf.b44d721d75d961979a15bf45d6683b44.jpg	roboflow_drago_v1_90_jpg.rf.b44d721d75d961979a15bf45d6683b44.jpg	roboflow_drago_v1_90_jpg.rf.b44d721d75d961979a15bf45d6683b44.txt	images/train/roboflow_drago_v1_90_jpg.rf.b44d721d75d961979a15bf45d6683b44.jpg	labels/train/roboflow_drago_v1_90_jpg.rf.b44d721d75d961979a15bf45d6683b44.txt	640	640	1	roboflow_drago_v1::roboflow_drago_v1_90_jpg	roboflow_drago_v1_90_jpg	779063744514759811f650f1e026408deba2dd25610277a57fe0d58dabf670ae	7d4ac97c4571fb69152c6ec65dc309486394479f19f47ed94a87699ab86448e4	278	false	
train_clean	train	roboflow_drago_v1	valid	Watermelon Detector.v1i.coco-segmentation\valid\92_jpg.rf.af37ffc342285a8b2e1726cab6d35456.jpg	roboflow_drago_v1_92_jpg.rf.af37ffc342285a8b2e1726cab6d35456.jpg	roboflow_drago_v1_92_jpg.rf.af37ffc342285a8b2e1726cab6d35456.txt	images/train/roboflow_drago_v1_92_jpg.rf.af37ffc342285a8b2e1726cab6d35456.jpg	labels/train/roboflow_drago_v1_92_jpg.rf.af37ffc342285a8b2e1726cab6d35456.txt	640	640	1	roboflow_drago_v1::roboflow_drago_v1_92_jpg	roboflow_drago_v1_92_jpg	515867da38b8fd0698560d7ba47f274ae42041f868a6ff22a422379d3cd95d12	8c75436fd323fbec90336b8be22cda0baa0d43ed9bba94b8cfcb319404b2d5be	279	false	
train_clean	train	roboflow_drago_v1	train	Watermelon Detector.v1i.coco-segmentation\train\93_jpg.rf.1894578241e52bdc1b04d73d8e82d8df.jpg	roboflow_drago_v1_93_jpg.rf.1894578241e52bdc1b04d73d8e82d8df.jpg	roboflow_drago_v1_93_jpg.rf.1894578241e52bdc1b04d73d8e82d8df.txt	images/train/roboflow_drago_v1_93_jpg.rf.1894578241e52bdc1b04d73d8e82d8df.jpg	labels/train/roboflow_drago_v1_93_jpg.rf.1894578241e52bdc1b04d73d8e82d8df.txt	640	640	1	roboflow_drago_v1::roboflow_drago_v1_93_jpg	roboflow_drago_v1_93_jpg	2504d9e30a9b81b5b70000c0544daab31fc76b47519a0e24ac8a77f2fe8f9cc1	98d9a0ec06d21425d28a03685e2d4ad2958caf63aba89a933307cee003b9b591	280	false	
train_clean	train	roboflow_drago_v1	train	Watermelon Detector.v1i.coco-segmentation\train\94_jpg.rf.7e6c3082d37953c984e8c24ccb1d4dcc.jpg	roboflow_drago_v1_94_jpg.rf.7e6c3082d37953c984e8c24ccb1d4dcc.jpg	roboflow_drago_v1_94_jpg.rf.7e6c3082d37953c984e8c24ccb1d4dcc.txt	images/train/roboflow_drago_v1_94_jpg.rf.7e6c3082d37953c984e8c24ccb1d4dcc.jpg	labels/train/roboflow_drago_v1_94_jpg.rf.7e6c3082d37953c984e8c24ccb1d4dcc.txt	640	640	1	roboflow_drago_v1::roboflow_drago_v1_94_jpg	roboflow_drago_v1_94_jpg	20ffff035628fa401a6238766ce99796601bdda3a0cb7fd0703ff2fee262273b	7c83ac6d548f585d43d48cde8e02c8ec30d38ec81dbbd34eb65b1fb0e52bef15	281	false	
train_clean	train	roboflow_drago_v1	train	Watermelon Detector.v1i.coco-segmentation\train\94_jpg.rf.90a847e42bd1affe39f1eb9b1df4e8a3.jpg	roboflow_drago_v1_94_jpg.rf.90a847e42bd1affe39f1eb9b1df4e8a3.jpg	roboflow_drago_v1_94_jpg.rf.90a847e42bd1affe39f1eb9b1df4e8a3.txt	images/train/roboflow_drago_v1_94_jpg.rf.90a847e42bd1affe39f1eb9b1df4e8a3.jpg	labels/train/roboflow_drago_v1_94_jpg.rf.90a847e42bd1affe39f1eb9b1df4e8a3.txt	640	640	1	roboflow_drago_v1::roboflow_drago_v1_94_jpg	roboflow_drago_v1_94_jpg	6ff79d9e65512cad870f708ec5a729967b119d5cada3475eac76c6f0edede4ba	2f1fab9b53b913167b8a3b2200b13626a8d0a071afe826ac66c3f6ac081bb4e9	282	false	
train_clean	train	roboflow_drago_v1	train	Watermelon Detector.v1i.coco-segmentation\train\96_jpg.rf.9f117fdd35ec46d4941b3faad7c45bb6.jpg	roboflow_drago_v1_96_jpg.rf.9f117fdd35ec46d4941b3faad7c45bb6.jpg	roboflow_drago_v1_96_jpg.rf.9f117fdd35ec46d4941b3faad7c45bb6.txt	images/train/roboflow_drago_v1_96_jpg.rf.9f117fdd35ec46d4941b3faad7c45bb6.jpg	labels/train/roboflow_drago_v1_96_jpg.rf.9f117fdd35ec46d4941b3faad7c45bb6.txt	640	640	1	roboflow_drago_v1::roboflow_drago_v1_96_jpg	roboflow_drago_v1_96_jpg	a8ce5918bcacbfa0017e9f63cdc41ca7cf389d6e7c57e115ee7bf8901a933fee	8f317a31b5c906e95da3aa8f3efdbc3defc616255eec91714f26258b559ae435	283	false	
train_clean	train	roboflow_drago_v1	train	Watermelon Detector.v1i.coco-segmentation\train\96_jpg.rf.c0a7cce660d670e57b1192bff432d66f.jpg	roboflow_drago_v1_96_jpg.rf.c0a7cce660d670e57b1192bff432d66f.jpg	roboflow_drago_v1_96_jpg.rf.c0a7cce660d670e57b1192bff432d66f.txt	images/train/roboflow_drago_v1_96_jpg.rf.c0a7cce660d670e57b1192bff432d66f.jpg	labels/train/roboflow_drago_v1_96_jpg.rf.c0a7cce660d670e57b1192bff432d66f.txt	640	640	1	roboflow_drago_v1::roboflow_drago_v1_96_jpg	roboflow_drago_v1_96_jpg	ca7b90ad86641cbaa4339a89e5b055060ef1275f8a7c8cdb4e695da4017036f2	bc14d46adbd4a90496c89d3d60a5e9b811c797514568804e0acdbacc67b6204e	284	false	
train_clean	train	roboflow_team128_v5	valid	Watermelon Detection.v5-raw_annotations.coco-segmentation\valid\IMG_0327_jpg.rf.7eb78f947ca2d365949978e778e5b637.jpg	roboflow_team128_v5_IMG_0327_jpg.rf.7eb78f947ca2d365949978e778e5b637.jpg	roboflow_team128_v5_IMG_0327_jpg.rf.7eb78f947ca2d365949978e778e5b637.txt	images/train/roboflow_team128_v5_IMG_0327_jpg.rf.7eb78f947ca2d365949978e778e5b637.jpg	labels/train/roboflow_team128_v5_IMG_0327_jpg.rf.7eb78f947ca2d365949978e778e5b637.txt	3024	4032	2	roboflow_team128_v5::roboflow_team128_v5_img_0327_jpg	roboflow_team128_v5_IMG_0327_jpg	baeb9e344aefaaa04db9ad8a6230ffd100cdfafb197ae2bf160dc1e868a992bb	8e47de54e1a4873a9bdd3d9412c0bd89d273b6b846f3f34eddc2f601b6b3bf72	285	false	
train_clean	train	roboflow_team128_v5	train	Watermelon Detection.v5-raw_annotations.coco-segmentation\train\IMG_0328_jpg.rf.8689c1eac410a0dc3ae41a7651708e6e.jpg	roboflow_team128_v5_IMG_0328_jpg.rf.8689c1eac410a0dc3ae41a7651708e6e.jpg	roboflow_team128_v5_IMG_0328_jpg.rf.8689c1eac410a0dc3ae41a7651708e6e.txt	images/train/roboflow_team128_v5_IMG_0328_jpg.rf.8689c1eac410a0dc3ae41a7651708e6e.jpg	labels/train/roboflow_team128_v5_IMG_0328_jpg.rf.8689c1eac410a0dc3ae41a7651708e6e.txt	3024	4032	1	roboflow_team128_v5::roboflow_team128_v5_img_0328_jpg	roboflow_team128_v5_IMG_0328_jpg	0b3d98541f7970d66da1dda0071ef8f25a7cda72df7e68f70d60b609364b504e	dfd34f9f6addfddddf1e6204985e5876a8ec29ca75b287d98845b706a4a59498	286	false	
train_clean	train	roboflow_team128_v5	train	Watermelon Detection.v5-raw_annotations.coco-segmentation\train\IMG_0329_jpg.rf.879a407850addf542a035ae808a819aa.jpg	roboflow_team128_v5_IMG_0329_jpg.rf.879a407850addf542a035ae808a819aa.jpg	roboflow_team128_v5_IMG_0329_jpg.rf.879a407850addf542a035ae808a819aa.txt	images/train/roboflow_team128_v5_IMG_0329_jpg.rf.879a407850addf542a035ae808a819aa.jpg	labels/train/roboflow_team128_v5_IMG_0329_jpg.rf.879a407850addf542a035ae808a819aa.txt	3024	4032	1	roboflow_team128_v5::roboflow_team128_v5_img_0329_jpg	roboflow_team128_v5_IMG_0329_jpg	ed2fe7d6f0b0fd9960bf41efa811d59d528da9d9720de27ec9578d923c1b2540	de4520df3cde31a5aa203f7c5cbb976c156273ce953511599bc66e1326067383	287	false	
train_clean	train	roboflow_team128_v5	train	Watermelon Detection.v5-raw_annotations.coco-segmentation\train\IMG_0330_jpg.rf.b5bc0113fe8b77df48ec13ec3733789b.jpg	roboflow_team128_v5_IMG_0330_jpg.rf.b5bc0113fe8b77df48ec13ec3733789b.jpg	roboflow_team128_v5_IMG_0330_jpg.rf.b5bc0113fe8b77df48ec13ec3733789b.txt	images/train/roboflow_team128_v5_IMG_0330_jpg.rf.b5bc0113fe8b77df48ec13ec3733789b.jpg	labels/train/roboflow_team128_v5_IMG_0330_jpg.rf.b5bc0113fe8b77df48ec13ec3733789b.txt	3024	4032	1	roboflow_team128_v5::roboflow_team128_v5_img_0330_jpg	roboflow_team128_v5_IMG_0330_jpg	79f3a5295b7ec3414fdc990595ff9949aba74bf82843072d27648275f3de730a	2dcf0261459160a2739200197909ac85301fbe82393136a89fb8a6104dafb9ab	288	false	
train_clean	train	roboflow_team128_v5	test	Watermelon Detection.v5-raw_annotations.coco-segmentation\test\IMG_0331_jpg.rf.b156d9fa1175221fd5686f6cb5640c04.jpg	roboflow_team128_v5_IMG_0331_jpg.rf.b156d9fa1175221fd5686f6cb5640c04.jpg	roboflow_team128_v5_IMG_0331_jpg.rf.b156d9fa1175221fd5686f6cb5640c04.txt	images/train/roboflow_team128_v5_IMG_0331_jpg.rf.b156d9fa1175221fd5686f6cb5640c04.jpg	labels/train/roboflow_team128_v5_IMG_0331_jpg.rf.b156d9fa1175221fd5686f6cb5640c04.txt	3024	4032	2	roboflow_team128_v5::roboflow_team128_v5_img_0331_jpg	roboflow_team128_v5_IMG_0331_jpg	33a1982a40058297df83f419a64a7620fc7960c4df41eb4267c2f8c7f85f4efe	307e7142cf637e9ce5c4fdc1b0b65fe089779547441ef8c25b0c0a9b44d7b4b1	289	false	
train_clean	train	roboflow_team128_v5	train	Watermelon Detection.v5-raw_annotations.coco-segmentation\train\IMG_0332_jpg.rf.165a02d79fe2fd50ecee52d5b41e3914.jpg	roboflow_team128_v5_IMG_0332_jpg.rf.165a02d79fe2fd50ecee52d5b41e3914.jpg	roboflow_team128_v5_IMG_0332_jpg.rf.165a02d79fe2fd50ecee52d5b41e3914.txt	images/train/roboflow_team128_v5_IMG_0332_jpg.rf.165a02d79fe2fd50ecee52d5b41e3914.jpg	labels/train/roboflow_team128_v5_IMG_0332_jpg.rf.165a02d79fe2fd50ecee52d5b41e3914.txt	3024	4032	1	roboflow_team128_v5::roboflow_team128_v5_img_0332_jpg	roboflow_team128_v5_IMG_0332_jpg	0f1f53dc90c3e4686c1db889a22f6248cb990c5b991e3f1baca97b6d8f0c274c	2c0c6a15cf2c041d9e55f7bd5f0a1e58d3c610dad41e4f0558bf0834cddea845	290	false	
train_clean	train	roboflow_team128_v5	train	Watermelon Detection.v5-raw_annotations.coco-segmentation\train\IMG_0333_jpg.rf.43b3b79887ad9dda1f59ff34b9e7ec12.jpg	roboflow_team128_v5_IMG_0333_jpg.rf.43b3b79887ad9dda1f59ff34b9e7ec12.jpg	roboflow_team128_v5_IMG_0333_jpg.rf.43b3b79887ad9dda1f59ff34b9e7ec12.txt	images/train/roboflow_team128_v5_IMG_0333_jpg.rf.43b3b79887ad9dda1f59ff34b9e7ec12.jpg	labels/train/roboflow_team128_v5_IMG_0333_jpg.rf.43b3b79887ad9dda1f59ff34b9e7ec12.txt	3024	4032	3	roboflow_team128_v5::roboflow_team128_v5_img_0333_jpg	roboflow_team128_v5_IMG_0333_jpg	14fd39d5a1df446ab5fdb9b36bab1eb70aa8f4a1f383006b5c0ff85c7b55ce2c	0a464ac11ab64adce7f9120d902ddb35c9bd06185f25d347297ee6287a11bbfa	291	false	
train_clean	train	roboflow_team128_v5	train	Watermelon Detection.v5-raw_annotations.coco-segmentation\train\IMG_0334_jpg.rf.b19a68e8fc8c27b8bb418e7d44a47951.jpg	roboflow_team128_v5_IMG_0334_jpg.rf.b19a68e8fc8c27b8bb418e7d44a47951.jpg	roboflow_team128_v5_IMG_0334_jpg.rf.b19a68e8fc8c27b8bb418e7d44a47951.txt	images/train/roboflow_team128_v5_IMG_0334_jpg.rf.b19a68e8fc8c27b8bb418e7d44a47951.jpg	labels/train/roboflow_team128_v5_IMG_0334_jpg.rf.b19a68e8fc8c27b8bb418e7d44a47951.txt	3024	4032	1	roboflow_team128_v5::roboflow_team128_v5_img_0334_jpg	roboflow_team128_v5_IMG_0334_jpg	e54250095aa53ac96e866137d6a7664c4898aafeba83e885b697a37008f3461d	3dc6a583ebeecf23d8b1276f3213df4ad441cd66dda8402d06a68c13a52810bb	292	false	
train_clean	train	roboflow_team128_v5	valid	Watermelon Detection.v5-raw_annotations.coco-segmentation\valid\IMG_0335_jpg.rf.345ed0dcc159f83c799e9f918c5c030d.jpg	roboflow_team128_v5_IMG_0335_jpg.rf.345ed0dcc159f83c799e9f918c5c030d.jpg	roboflow_team128_v5_IMG_0335_jpg.rf.345ed0dcc159f83c799e9f918c5c030d.txt	images/train/roboflow_team128_v5_IMG_0335_jpg.rf.345ed0dcc159f83c799e9f918c5c030d.jpg	labels/train/roboflow_team128_v5_IMG_0335_jpg.rf.345ed0dcc159f83c799e9f918c5c030d.txt	3024	4032	1	roboflow_team128_v5::roboflow_team128_v5_img_0335_jpg	roboflow_team128_v5_IMG_0335_jpg	fedca081a7d6e0391c186190fe284dcb00066673fea2c3128c9242f8b864975c	47b24b0b65440d754ba3e1700c262b95e1147ea0626ae90d8477dd784c70c71a	293	false	
train_clean	train	roboflow_team128_v5	train	Watermelon Detection.v5-raw_annotations.coco-segmentation\train\IMG_0337_jpg.rf.e251f71777d67d06a4c4f9a49d5e0066.jpg	roboflow_team128_v5_IMG_0337_jpg.rf.e251f71777d67d06a4c4f9a49d5e0066.jpg	roboflow_team128_v5_IMG_0337_jpg.rf.e251f71777d67d06a4c4f9a49d5e0066.txt	images/train/roboflow_team128_v5_IMG_0337_jpg.rf.e251f71777d67d06a4c4f9a49d5e0066.jpg	labels/train/roboflow_team128_v5_IMG_0337_jpg.rf.e251f71777d67d06a4c4f9a49d5e0066.txt	3024	4032	1	roboflow_team128_v5::roboflow_team128_v5_img_0337_jpg	roboflow_team128_v5_IMG_0337_jpg	9eb3321af0f8952fd5591aebafd3dae75aa00e3ef270801aeab43014589a0f43	6d99fbba0a27bec272aa8eaa9b0b588c12637b30ea6299d45e1a569207ccf836	294	false	
train_clean	train	roboflow_team128_v5	train	Watermelon Detection.v5-raw_annotations.coco-segmentation\train\IMG_0338_jpg.rf.56bb8ba050b772562605c0cbb2010ee7.jpg	roboflow_team128_v5_IMG_0338_jpg.rf.56bb8ba050b772562605c0cbb2010ee7.jpg	roboflow_team128_v5_IMG_0338_jpg.rf.56bb8ba050b772562605c0cbb2010ee7.txt	images/train/roboflow_team128_v5_IMG_0338_jpg.rf.56bb8ba050b772562605c0cbb2010ee7.jpg	labels/train/roboflow_team128_v5_IMG_0338_jpg.rf.56bb8ba050b772562605c0cbb2010ee7.txt	3024	4032	2	roboflow_team128_v5::roboflow_team128_v5_img_0338_jpg	roboflow_team128_v5_IMG_0338_jpg	16b5f6b0e473ffec91cd50ce0a0c46479479d2e1dee076f5a0bce606145a801a	2a0944926fa5dff234955a88f3257766056b3600f55df8771abbfeb5a10cd3a4	295	false	
train_clean	train	roboflow_team128_v5	train	Watermelon Detection.v5-raw_annotations.coco-segmentation\train\IMG_0339_jpg.rf.89a6c1d46eb27313c9018c17c3c61d4b.jpg	roboflow_team128_v5_IMG_0339_jpg.rf.89a6c1d46eb27313c9018c17c3c61d4b.jpg	roboflow_team128_v5_IMG_0339_jpg.rf.89a6c1d46eb27313c9018c17c3c61d4b.txt	images/train/roboflow_team128_v5_IMG_0339_jpg.rf.89a6c1d46eb27313c9018c17c3c61d4b.jpg	labels/train/roboflow_team128_v5_IMG_0339_jpg.rf.89a6c1d46eb27313c9018c17c3c61d4b.txt	3024	4032	5	roboflow_team128_v5::roboflow_team128_v5_img_0339_jpg	roboflow_team128_v5_IMG_0339_jpg	6da03ae27bfbeeb8c52d1115a1477209c615caa6efb776845e895d0f75fec634	88bb9e9feaf3032e7932acdd6b0296a48a3f139d5ec5930e09bb395c661acf52	296	false	
train_clean	train	roboflow_team128_v5	train	Watermelon Detection.v5-raw_annotations.coco-segmentation\train\IMG_0340_jpg.rf.635ee6e2fb05742ae2fbde97d7df76e5.jpg	roboflow_team128_v5_IMG_0340_jpg.rf.635ee6e2fb05742ae2fbde97d7df76e5.jpg	roboflow_team128_v5_IMG_0340_jpg.rf.635ee6e2fb05742ae2fbde97d7df76e5.txt	images/train/roboflow_team128_v5_IMG_0340_jpg.rf.635ee6e2fb05742ae2fbde97d7df76e5.jpg	labels/train/roboflow_team128_v5_IMG_0340_jpg.rf.635ee6e2fb05742ae2fbde97d7df76e5.txt	3024	4032	1	roboflow_team128_v5::roboflow_team128_v5_img_0340_jpg	roboflow_team128_v5_IMG_0340_jpg	827d5ccd01572b3c7a903f4f3ce75ab9569054a3e2713fd9ce34a216473df08c	40b7cf2f45e5e50d77fd13769c1e86ed5cb1dc929cd5aaf881aa0799d19b95c6	297	false	
train_clean	train	roboflow_team128_v5	train	Watermelon Detection.v5-raw_annotations.coco-segmentation\train\IMG_0341_jpg.rf.ca9b17927615f780e2bcb6af1d8acfd6.jpg	roboflow_team128_v5_IMG_0341_jpg.rf.ca9b17927615f780e2bcb6af1d8acfd6.jpg	roboflow_team128_v5_IMG_0341_jpg.rf.ca9b17927615f780e2bcb6af1d8acfd6.txt	images/train/roboflow_team128_v5_IMG_0341_jpg.rf.ca9b17927615f780e2bcb6af1d8acfd6.jpg	labels/train/roboflow_team128_v5_IMG_0341_jpg.rf.ca9b17927615f780e2bcb6af1d8acfd6.txt	3024	4032	1	roboflow_team128_v5::roboflow_team128_v5_img_0341_jpg	roboflow_team128_v5_IMG_0341_jpg	2a2a929605248e765c7de015720c63c0afafd00349273c043fec63356066145e	ace762e918d72ec42135923b48839a4e89ea224f1d624dba47a748ef64df0647	298	false	
train_clean	train	roboflow_team128_v5	train	Watermelon Detection.v5-raw_annotations.coco-segmentation\train\IMG_0342_jpg.rf.9166d51d5fb08dc23bf838a8d0c8157f.jpg	roboflow_team128_v5_IMG_0342_jpg.rf.9166d51d5fb08dc23bf838a8d0c8157f.jpg	roboflow_team128_v5_IMG_0342_jpg.rf.9166d51d5fb08dc23bf838a8d0c8157f.txt	images/train/roboflow_team128_v5_IMG_0342_jpg.rf.9166d51d5fb08dc23bf838a8d0c8157f.jpg	labels/train/roboflow_team128_v5_IMG_0342_jpg.rf.9166d51d5fb08dc23bf838a8d0c8157f.txt	3024	4032	1	roboflow_team128_v5::roboflow_team128_v5_img_0342_jpg	roboflow_team128_v5_IMG_0342_jpg	d4a41dd4d9fe18fdf0e0ba2dc21401bbc57ffa01631967f93c4af5009828e4c7	ce655f97a495ac4be58bdce11317b93bc0a73d78031ec9c6096dcaef5b3c1a87	299	false	
train_clean	train	roboflow_team128_v5	valid	Watermelon Detection.v5-raw_annotations.coco-segmentation\valid\IMG_0343_jpg.rf.c330e047c42c3acf87cafb882a6d482a.jpg	roboflow_team128_v5_IMG_0343_jpg.rf.c330e047c42c3acf87cafb882a6d482a.jpg	roboflow_team128_v5_IMG_0343_jpg.rf.c330e047c42c3acf87cafb882a6d482a.txt	images/train/roboflow_team128_v5_IMG_0343_jpg.rf.c330e047c42c3acf87cafb882a6d482a.jpg	labels/train/roboflow_team128_v5_IMG_0343_jpg.rf.c330e047c42c3acf87cafb882a6d482a.txt	3024	4032	3	roboflow_team128_v5::roboflow_team128_v5_img_0343_jpg	roboflow_team128_v5_IMG_0343_jpg	96ad893b14139f789bb000c29e3637478fcc325c054d02dc706418306e32d2c7	9c54089505d6e9e93a7fa5b393c551a85ccc565db85074dda32fc73507dac8f1	300	false	
train_clean	train	roboflow_team128_v5	train	Watermelon Detection.v5-raw_annotations.coco-segmentation\train\IMG_0344_jpg.rf.8bc4c7166f8c1016294cc23bdcf7f9f7.jpg	roboflow_team128_v5_IMG_0344_jpg.rf.8bc4c7166f8c1016294cc23bdcf7f9f7.jpg	roboflow_team128_v5_IMG_0344_jpg.rf.8bc4c7166f8c1016294cc23bdcf7f9f7.txt	images/train/roboflow_team128_v5_IMG_0344_jpg.rf.8bc4c7166f8c1016294cc23bdcf7f9f7.jpg	labels/train/roboflow_team128_v5_IMG_0344_jpg.rf.8bc4c7166f8c1016294cc23bdcf7f9f7.txt	3024	4032	2	roboflow_team128_v5::roboflow_team128_v5_img_0344_jpg	roboflow_team128_v5_IMG_0344_jpg	4b38ae7daf6f54a14c71b6f1ec57994218a7da2f94930588793772be87516aa8	915bc735959c540f2054befd785ce64a3b0fd6c5256a67bb0feebf0f9728ca5e	301	false	
train_clean	train	roboflow_team128_v5	test	Watermelon Detection.v5-raw_annotations.coco-segmentation\test\IMG_0346_jpg.rf.d1fe4dc257642712b5258cf08dbbe657.jpg	roboflow_team128_v5_IMG_0346_jpg.rf.d1fe4dc257642712b5258cf08dbbe657.jpg	roboflow_team128_v5_IMG_0346_jpg.rf.d1fe4dc257642712b5258cf08dbbe657.txt	images/train/roboflow_team128_v5_IMG_0346_jpg.rf.d1fe4dc257642712b5258cf08dbbe657.jpg	labels/train/roboflow_team128_v5_IMG_0346_jpg.rf.d1fe4dc257642712b5258cf08dbbe657.txt	3024	4032	5	roboflow_team128_v5::roboflow_team128_v5_img_0346_jpg	roboflow_team128_v5_IMG_0346_jpg	2fbab78c002371be41895e6c3c10bc3e0b4d654bce2f4fce2cb5ff1e980f7cc0	beecd40eb4586f540b4421fcfad72632855631989f5f82aabe2a2fbc8aa1bb95	302	false	
train_clean	train	roboflow_team128_v5	test	Watermelon Detection.v5-raw_annotations.coco-segmentation\test\IMG_0347_jpg.rf.c38457e919e986622219fc2f69fcb4ea.jpg	roboflow_team128_v5_IMG_0347_jpg.rf.c38457e919e986622219fc2f69fcb4ea.jpg	roboflow_team128_v5_IMG_0347_jpg.rf.c38457e919e986622219fc2f69fcb4ea.txt	images/train/roboflow_team128_v5_IMG_0347_jpg.rf.c38457e919e986622219fc2f69fcb4ea.jpg	labels/train/roboflow_team128_v5_IMG_0347_jpg.rf.c38457e919e986622219fc2f69fcb4ea.txt	3024	4032	2	roboflow_team128_v5::roboflow_team128_v5_img_0347_jpg	roboflow_team128_v5_IMG_0347_jpg	30f5a6cb691122acf9790804cc94cc180118e0ef92923e458a38fa0f3a6bbb9c	a0743ebdcb086039f4c711a34bcd799051f89149685145c540859a4abf7d896d	303	false	
train_clean	train	roboflow_team128_v5	valid	Watermelon Detection.v5-raw_annotations.coco-segmentation\valid\IMG_0348_jpg.rf.32d4279c199a76056f7ce8637ab96506.jpg	roboflow_team128_v5_IMG_0348_jpg.rf.32d4279c199a76056f7ce8637ab96506.jpg	roboflow_team128_v5_IMG_0348_jpg.rf.32d4279c199a76056f7ce8637ab96506.txt	images/train/roboflow_team128_v5_IMG_0348_jpg.rf.32d4279c199a76056f7ce8637ab96506.jpg	labels/train/roboflow_team128_v5_IMG_0348_jpg.rf.32d4279c199a76056f7ce8637ab96506.txt	3024	4032	4	roboflow_team128_v5::roboflow_team128_v5_img_0348_jpg	roboflow_team128_v5_IMG_0348_jpg	c5ad3e0d7c5f7c1edb6e0516cb8393cb29d3e8e157996e4804f1f5d75fefd07c	0e14715dc95635cc92dcdb41cf7c184573218666dbbeae80ba40357d6456085b	304	false	
train_clean	train	roboflow_team128_v5	train	Watermelon Detection.v5-raw_annotations.coco-segmentation\train\IMG_0349_jpg.rf.a797784a37d0651baf9ba3ca579a1f9f.jpg	roboflow_team128_v5_IMG_0349_jpg.rf.a797784a37d0651baf9ba3ca579a1f9f.jpg	roboflow_team128_v5_IMG_0349_jpg.rf.a797784a37d0651baf9ba3ca579a1f9f.txt	images/train/roboflow_team128_v5_IMG_0349_jpg.rf.a797784a37d0651baf9ba3ca579a1f9f.jpg	labels/train/roboflow_team128_v5_IMG_0349_jpg.rf.a797784a37d0651baf9ba3ca579a1f9f.txt	3024	4032	2	roboflow_team128_v5::roboflow_team128_v5_img_0349_jpg	roboflow_team128_v5_IMG_0349_jpg	b886e55454b285eb1155c37ec4e683a5a7e4ccab472379bc4b985ab99d5acc99	263d61f30221411ebaaee9c3b1e05ff589036e983413016647ca618206721d86	305	false	
train_clean	train	roboflow_team128_v5	valid	Watermelon Detection.v5-raw_annotations.coco-segmentation\valid\IMG_0350_jpg.rf.0a7746f84d781299e0ad48dc39b8088b.jpg	roboflow_team128_v5_IMG_0350_jpg.rf.0a7746f84d781299e0ad48dc39b8088b.jpg	roboflow_team128_v5_IMG_0350_jpg.rf.0a7746f84d781299e0ad48dc39b8088b.txt	images/train/roboflow_team128_v5_IMG_0350_jpg.rf.0a7746f84d781299e0ad48dc39b8088b.jpg	labels/train/roboflow_team128_v5_IMG_0350_jpg.rf.0a7746f84d781299e0ad48dc39b8088b.txt	3024	4032	1	roboflow_team128_v5::roboflow_team128_v5_img_0350_jpg	roboflow_team128_v5_IMG_0350_jpg	3ff44e322060265836419c2c5247f0d7a638e42ff9f1a483f0508eb359318bdf	cded0c3c17c8a7c88610e1c3fd39004c70eacfc53eff11754c9accd88d516c6e	306	false	
train_clean	train	roboflow_team128_v5	train	Watermelon Detection.v5-raw_annotations.coco-segmentation\train\IMG_0351_jpg.rf.877a7a2c5e691a3356a7bdfcd28a4b4a.jpg	roboflow_team128_v5_IMG_0351_jpg.rf.877a7a2c5e691a3356a7bdfcd28a4b4a.jpg	roboflow_team128_v5_IMG_0351_jpg.rf.877a7a2c5e691a3356a7bdfcd28a4b4a.txt	images/train/roboflow_team128_v5_IMG_0351_jpg.rf.877a7a2c5e691a3356a7bdfcd28a4b4a.jpg	labels/train/roboflow_team128_v5_IMG_0351_jpg.rf.877a7a2c5e691a3356a7bdfcd28a4b4a.txt	3024	4032	2	roboflow_team128_v5::roboflow_team128_v5_img_0351_jpg	roboflow_team128_v5_IMG_0351_jpg	e16eb1fc74697b379139f0d9a983dd0c47afd95ef9595d7a5b3bb6f7bd5b357b	83c44efef0fc74a085018fb64949a5d16fb24b497f7691a722943bbfe8e073f1	307	false	
train_clean	train	roboflow_team128_v5	train	Watermelon Detection.v5-raw_annotations.coco-segmentation\train\IMG_0352_jpg.rf.a6f7088ef4cb5901836bffdde0a5934c.jpg	roboflow_team128_v5_IMG_0352_jpg.rf.a6f7088ef4cb5901836bffdde0a5934c.jpg	roboflow_team128_v5_IMG_0352_jpg.rf.a6f7088ef4cb5901836bffdde0a5934c.txt	images/train/roboflow_team128_v5_IMG_0352_jpg.rf.a6f7088ef4cb5901836bffdde0a5934c.jpg	labels/train/roboflow_team128_v5_IMG_0352_jpg.rf.a6f7088ef4cb5901836bffdde0a5934c.txt	3024	4032	3	roboflow_team128_v5::roboflow_team128_v5_img_0352_jpg	roboflow_team128_v5_IMG_0352_jpg	2c63b04efc3456f3fde8514c849dd4c9ebc39a099cca5b7c1ddcb072824dd83f	248ca47957865a84e19dc2206bff042f5fee42bd2990fa8d56f07936c479478c	308	false	
train_clean	train	roboflow_team128_v5	train	Watermelon Detection.v5-raw_annotations.coco-segmentation\train\IMG_0353_jpg.rf.b5630476143368e3870c80800208d1b5.jpg	roboflow_team128_v5_IMG_0353_jpg.rf.b5630476143368e3870c80800208d1b5.jpg	roboflow_team128_v5_IMG_0353_jpg.rf.b5630476143368e3870c80800208d1b5.txt	images/train/roboflow_team128_v5_IMG_0353_jpg.rf.b5630476143368e3870c80800208d1b5.jpg	labels/train/roboflow_team128_v5_IMG_0353_jpg.rf.b5630476143368e3870c80800208d1b5.txt	3024	4032	1	roboflow_team128_v5::roboflow_team128_v5_img_0353_jpg	roboflow_team128_v5_IMG_0353_jpg	6174c0574c6dba307a5c057e7a4819a59ff210401ef6ae7dec56b6759af7f02c	42f37d72d079c3c57712309974ebbe2cb84d7b16c86fffde39cf28b7cd55e071	309	false	
train_clean	train	roboflow_team128_v5	train	Watermelon Detection.v5-raw_annotations.coco-segmentation\train\IMG_0354_jpg.rf.7dff1de6e19df251890845645aacdb07.jpg	roboflow_team128_v5_IMG_0354_jpg.rf.7dff1de6e19df251890845645aacdb07.jpg	roboflow_team128_v5_IMG_0354_jpg.rf.7dff1de6e19df251890845645aacdb07.txt	images/train/roboflow_team128_v5_IMG_0354_jpg.rf.7dff1de6e19df251890845645aacdb07.jpg	labels/train/roboflow_team128_v5_IMG_0354_jpg.rf.7dff1de6e19df251890845645aacdb07.txt	3024	4032	1	roboflow_team128_v5::roboflow_team128_v5_img_0354_jpg	roboflow_team128_v5_IMG_0354_jpg	9e3c06a7537f0b300b3da188d5544b0cfb216452b6bf7b1de72c9fe347644247	07b774b331efd21a34e6d45f66dfbafccdaea644c5b6daa8e107da58068ca1e0	310	false	
train_clean	train	roboflow_team128_v5	valid	Watermelon Detection.v5-raw_annotations.coco-segmentation\valid\IMG_0356_jpg.rf.9103f74bfbe9cdf932ee16db25831e9c.jpg	roboflow_team128_v5_IMG_0356_jpg.rf.9103f74bfbe9cdf932ee16db25831e9c.jpg	roboflow_team128_v5_IMG_0356_jpg.rf.9103f74bfbe9cdf932ee16db25831e9c.txt	images/train/roboflow_team128_v5_IMG_0356_jpg.rf.9103f74bfbe9cdf932ee16db25831e9c.jpg	labels/train/roboflow_team128_v5_IMG_0356_jpg.rf.9103f74bfbe9cdf932ee16db25831e9c.txt	3024	4032	3	roboflow_team128_v5::roboflow_team128_v5_img_0356_jpg	roboflow_team128_v5_IMG_0356_jpg	853cd75f49cf69a79869f6588db8eb1d38971872d7c972c0f52889b79db9aca0	6fd0f6e06fc17ae472a1b9c6dd206e994ba0eea72ce652d3067e73f3455e5d73	311	false	
train_clean	train	roboflow_team128_v5	train	Watermelon Detection.v5-raw_annotations.coco-segmentation\train\IMG_0358_jpg.rf.6a336a6e23afb576a03c0d59a0231d84.jpg	roboflow_team128_v5_IMG_0358_jpg.rf.6a336a6e23afb576a03c0d59a0231d84.jpg	roboflow_team128_v5_IMG_0358_jpg.rf.6a336a6e23afb576a03c0d59a0231d84.txt	images/train/roboflow_team128_v5_IMG_0358_jpg.rf.6a336a6e23afb576a03c0d59a0231d84.jpg	labels/train/roboflow_team128_v5_IMG_0358_jpg.rf.6a336a6e23afb576a03c0d59a0231d84.txt	3024	4032	1	roboflow_team128_v5::roboflow_team128_v5_img_0358_jpg	roboflow_team128_v5_IMG_0358_jpg	14376cdf481a04ee03a247cfab440e85f6e40be2a6ebb9284ddd79e9b8e3c3ae	da80ae819a2374dc274288c6a92239557fc91afb00cc9e3e40c61a9594aeb3c5	312	false	
train_clean	train	roboflow_team128_v5	valid	Watermelon Detection.v5-raw_annotations.coco-segmentation\valid\IMG_0359_jpg.rf.b0a8b9023f0e6ecf6cf8b0e6d6b10d8c.jpg	roboflow_team128_v5_IMG_0359_jpg.rf.b0a8b9023f0e6ecf6cf8b0e6d6b10d8c.jpg	roboflow_team128_v5_IMG_0359_jpg.rf.b0a8b9023f0e6ecf6cf8b0e6d6b10d8c.txt	images/train/roboflow_team128_v5_IMG_0359_jpg.rf.b0a8b9023f0e6ecf6cf8b0e6d6b10d8c.jpg	labels/train/roboflow_team128_v5_IMG_0359_jpg.rf.b0a8b9023f0e6ecf6cf8b0e6d6b10d8c.txt	3024	4032	1	roboflow_team128_v5::roboflow_team128_v5_img_0359_jpg	roboflow_team128_v5_IMG_0359_jpg	8323468e6e2205a02d367e59f8e2fb8685316a0b8ff0c58406976c95a5a85041	b32227e1cd46d3d616eae07ea7389fb95515235cbad77e8a6fadf4bb948bb35a	313	false	
train_clean	train	roboflow_team128_v5	train	Watermelon Detection.v5-raw_annotations.coco-segmentation\train\IMG_0360_jpg.rf.fcbc1f878758f56ed7ac22bae9345d9c.jpg	roboflow_team128_v5_IMG_0360_jpg.rf.fcbc1f878758f56ed7ac22bae9345d9c.jpg	roboflow_team128_v5_IMG_0360_jpg.rf.fcbc1f878758f56ed7ac22bae9345d9c.txt	images/train/roboflow_team128_v5_IMG_0360_jpg.rf.fcbc1f878758f56ed7ac22bae9345d9c.jpg	labels/train/roboflow_team128_v5_IMG_0360_jpg.rf.fcbc1f878758f56ed7ac22bae9345d9c.txt	3024	4032	1	roboflow_team128_v5::roboflow_team128_v5_img_0360_jpg	roboflow_team128_v5_IMG_0360_jpg	07b5ea7c2064e5ea1ab6553107a64e660df6910697c76309211d8c07917c0196	dc4b96b8059933f0fbf78e0b4ff818f6cda18c0fd3b454c3c663cd9280391e0d	314	false	
train_clean	train	roboflow_team128_v5	train	Watermelon Detection.v5-raw_annotations.coco-segmentation\train\IMG_0361_jpg.rf.01fb1960d94718290687d3907941edf5.jpg	roboflow_team128_v5_IMG_0361_jpg.rf.01fb1960d94718290687d3907941edf5.jpg	roboflow_team128_v5_IMG_0361_jpg.rf.01fb1960d94718290687d3907941edf5.txt	images/train/roboflow_team128_v5_IMG_0361_jpg.rf.01fb1960d94718290687d3907941edf5.jpg	labels/train/roboflow_team128_v5_IMG_0361_jpg.rf.01fb1960d94718290687d3907941edf5.txt	3024	4032	1	roboflow_team128_v5::roboflow_team128_v5_img_0361_jpg	roboflow_team128_v5_IMG_0361_jpg	de104f494b6d17359fda91e4e5ef972f1bc55f63c2ff11716c7c5f5a9ba2bbc3	8ffb3f100c702b33ed9d1ec966a181d2fbb531065ccdb9e552436b2ac8896f06	315	false	
train_clean	train	roboflow_team128_v5	train	Watermelon Detection.v5-raw_annotations.coco-segmentation\train\IMG_0363_jpg.rf.f3a36af1ff9a1333a7a586b5ca80e713.jpg	roboflow_team128_v5_IMG_0363_jpg.rf.f3a36af1ff9a1333a7a586b5ca80e713.jpg	roboflow_team128_v5_IMG_0363_jpg.rf.f3a36af1ff9a1333a7a586b5ca80e713.txt	images/train/roboflow_team128_v5_IMG_0363_jpg.rf.f3a36af1ff9a1333a7a586b5ca80e713.jpg	labels/train/roboflow_team128_v5_IMG_0363_jpg.rf.f3a36af1ff9a1333a7a586b5ca80e713.txt	3024	4032	1	roboflow_team128_v5::roboflow_team128_v5_img_0363_jpg	roboflow_team128_v5_IMG_0363_jpg	66a02995bbff8ac9ecf14f7f933340e5b3744a5707ec4fbb6e69bda1f111ac02	a3589121354f9f443f8a5904524ac0ec33d3356a85d279e6cdeaa40384c447e1	316	false	
train_clean	train	roboflow_team128_v5	train	Watermelon Detection.v5-raw_annotations.coco-segmentation\train\IMG_0364_jpg.rf.6c20978e5f138ceedf72c74b56f1dbb0.jpg	roboflow_team128_v5_IMG_0364_jpg.rf.6c20978e5f138ceedf72c74b56f1dbb0.jpg	roboflow_team128_v5_IMG_0364_jpg.rf.6c20978e5f138ceedf72c74b56f1dbb0.txt	images/train/roboflow_team128_v5_IMG_0364_jpg.rf.6c20978e5f138ceedf72c74b56f1dbb0.jpg	labels/train/roboflow_team128_v5_IMG_0364_jpg.rf.6c20978e5f138ceedf72c74b56f1dbb0.txt	3024	4032	1	roboflow_team128_v5::roboflow_team128_v5_img_0364_jpg	roboflow_team128_v5_IMG_0364_jpg	796e70d3a16430faec2c9e99ebeadf63f3e30b9d307db732ee34f5282bceaa8c	dae1b19f91da46e985cc2b95244814eab09cdec291c374ca7c375840a4d3c9b7	317	false	
train_clean	train	roboflow_team128_v5	train	Watermelon Detection.v5-raw_annotations.coco-segmentation\train\IMG_0365_jpg.rf.fee1fd2e0762e056e6254318e5adeb75.jpg	roboflow_team128_v5_IMG_0365_jpg.rf.fee1fd2e0762e056e6254318e5adeb75.jpg	roboflow_team128_v5_IMG_0365_jpg.rf.fee1fd2e0762e056e6254318e5adeb75.txt	images/train/roboflow_team128_v5_IMG_0365_jpg.rf.fee1fd2e0762e056e6254318e5adeb75.jpg	labels/train/roboflow_team128_v5_IMG_0365_jpg.rf.fee1fd2e0762e056e6254318e5adeb75.txt	3024	4032	2	roboflow_team128_v5::roboflow_team128_v5_img_0365_jpg	roboflow_team128_v5_IMG_0365_jpg	62a8c4c0012c0581de007549b1d3d9e60cd90a4997096fa52cd6a20cec9042f0	df7305c7bf6ce8ecc0d93d62d3d7936a9b81625d81dab2274df4bc5c0c0afa80	318	false	
train_clean	train	roboflow_team128_v5	valid	Watermelon Detection.v5-raw_annotations.coco-segmentation\valid\IMG_0366_jpg.rf.c28505246f7823592d85fd0901e18b4a.jpg	roboflow_team128_v5_IMG_0366_jpg.rf.c28505246f7823592d85fd0901e18b4a.jpg	roboflow_team128_v5_IMG_0366_jpg.rf.c28505246f7823592d85fd0901e18b4a.txt	images/train/roboflow_team128_v5_IMG_0366_jpg.rf.c28505246f7823592d85fd0901e18b4a.jpg	labels/train/roboflow_team128_v5_IMG_0366_jpg.rf.c28505246f7823592d85fd0901e18b4a.txt	3024	4032	5	roboflow_team128_v5::roboflow_team128_v5_img_0366_jpg	roboflow_team128_v5_IMG_0366_jpg	6924121f2777e5a0852f6423817bee21732ebe907f4a9152883718343026a407	08274ba729186f6e1e820a34c0aaf17392e48ad5b2b3a41dc3ff6abf52ea6283	319	false	
train_clean	train	roboflow_team128_v5	train	Watermelon Detection.v5-raw_annotations.coco-segmentation\train\IMG_0368_jpg.rf.e6c4998074488b74854d082093efd172.jpg	roboflow_team128_v5_IMG_0368_jpg.rf.e6c4998074488b74854d082093efd172.jpg	roboflow_team128_v5_IMG_0368_jpg.rf.e6c4998074488b74854d082093efd172.txt	images/train/roboflow_team128_v5_IMG_0368_jpg.rf.e6c4998074488b74854d082093efd172.jpg	labels/train/roboflow_team128_v5_IMG_0368_jpg.rf.e6c4998074488b74854d082093efd172.txt	3024	4032	1	roboflow_team128_v5::roboflow_team128_v5_img_0368_jpg	roboflow_team128_v5_IMG_0368_jpg	fecba3e73346eaca4e510c1756d61a0d9df8a258f8e21a84b149e7875f5a953a	e0b9061a79932537855676f0e0ca3bc435b1a81e6766f030431daa3a153f6a02	320	false	
train_clean	train	roboflow_team128_v5	train	Watermelon Detection.v5-raw_annotations.coco-segmentation\train\IMG_0369_jpg.rf.65a22cf6aa5e3a77a6e7713e0e1ea491.jpg	roboflow_team128_v5_IMG_0369_jpg.rf.65a22cf6aa5e3a77a6e7713e0e1ea491.jpg	roboflow_team128_v5_IMG_0369_jpg.rf.65a22cf6aa5e3a77a6e7713e0e1ea491.txt	images/train/roboflow_team128_v5_IMG_0369_jpg.rf.65a22cf6aa5e3a77a6e7713e0e1ea491.jpg	labels/train/roboflow_team128_v5_IMG_0369_jpg.rf.65a22cf6aa5e3a77a6e7713e0e1ea491.txt	3024	4032	1	roboflow_team128_v5::roboflow_team128_v5_img_0369_jpg	roboflow_team128_v5_IMG_0369_jpg	f32bda7139f0cff79cf244a38b6eaeec002445d4606b2adcc4d45bf403489e67	b30c95dd54e8b03df949868d38fbbb617061e4f758067257dafe581285de43eb	321	false	
train_clean	train	roboflow_team128_v5	valid	Watermelon Detection.v5-raw_annotations.coco-segmentation\valid\IMG_0370_jpg.rf.218b545be15d6742fc61e676ba845c07.jpg	roboflow_team128_v5_IMG_0370_jpg.rf.218b545be15d6742fc61e676ba845c07.jpg	roboflow_team128_v5_IMG_0370_jpg.rf.218b545be15d6742fc61e676ba845c07.txt	images/train/roboflow_team128_v5_IMG_0370_jpg.rf.218b545be15d6742fc61e676ba845c07.jpg	labels/train/roboflow_team128_v5_IMG_0370_jpg.rf.218b545be15d6742fc61e676ba845c07.txt	3024	4032	7	roboflow_team128_v5::roboflow_team128_v5_img_0370_jpg	roboflow_team128_v5_IMG_0370_jpg	df4e9c990e9d5783e82154ae34e47c76cdc8a0a128645705c40764788d5fdf01	5136595b146b62188853cc63d71e800618247046843ce5b18a66faa546bd3550	322	false	
train_clean	train	roboflow_team128_v5	test	Watermelon Detection.v5-raw_annotations.coco-segmentation\test\IMG_0371_jpg.rf.a47e2e2bb024e0df746e6b41d8dfbe9d.jpg	roboflow_team128_v5_IMG_0371_jpg.rf.a47e2e2bb024e0df746e6b41d8dfbe9d.jpg	roboflow_team128_v5_IMG_0371_jpg.rf.a47e2e2bb024e0df746e6b41d8dfbe9d.txt	images/train/roboflow_team128_v5_IMG_0371_jpg.rf.a47e2e2bb024e0df746e6b41d8dfbe9d.jpg	labels/train/roboflow_team128_v5_IMG_0371_jpg.rf.a47e2e2bb024e0df746e6b41d8dfbe9d.txt	3024	4032	2	roboflow_team128_v5::roboflow_team128_v5_img_0371_jpg	roboflow_team128_v5_IMG_0371_jpg	b3111fd92d93fed599c017383c6bbda03fe9d28df4d9ad367ff353ab169b23d2	0c1af2fabd468329da37b51f7e70e93ef088f03e130366c9cefcd56b1dd21961	323	false	
train_clean	train	roboflow_team128_v5	valid	Watermelon Detection.v5-raw_annotations.coco-segmentation\valid\IMG_0372_jpg.rf.96bcf3abd5ed59e1eff1cf9cd4907fde.jpg	roboflow_team128_v5_IMG_0372_jpg.rf.96bcf3abd5ed59e1eff1cf9cd4907fde.jpg	roboflow_team128_v5_IMG_0372_jpg.rf.96bcf3abd5ed59e1eff1cf9cd4907fde.txt	images/train/roboflow_team128_v5_IMG_0372_jpg.rf.96bcf3abd5ed59e1eff1cf9cd4907fde.jpg	labels/train/roboflow_team128_v5_IMG_0372_jpg.rf.96bcf3abd5ed59e1eff1cf9cd4907fde.txt	3024	4032	1	roboflow_team128_v5::roboflow_team128_v5_img_0372_jpg	roboflow_team128_v5_IMG_0372_jpg	e34f732e2422efd3de48c08f85c2f07307304c2df315558f6aee806d640ad504	1232785376236920221e40f0901c11f479b9c7b9bbc4ee7fa308ef0ed31ef6ad	324	false	
train_clean	train	roboflow_team128_v5	train	Watermelon Detection.v5-raw_annotations.coco-segmentation\train\IMG_0373_jpg.rf.73716c12e0cddc6f06e6904b2ce8ac54.jpg	roboflow_team128_v5_IMG_0373_jpg.rf.73716c12e0cddc6f06e6904b2ce8ac54.jpg	roboflow_team128_v5_IMG_0373_jpg.rf.73716c12e0cddc6f06e6904b2ce8ac54.txt	images/train/roboflow_team128_v5_IMG_0373_jpg.rf.73716c12e0cddc6f06e6904b2ce8ac54.jpg	labels/train/roboflow_team128_v5_IMG_0373_jpg.rf.73716c12e0cddc6f06e6904b2ce8ac54.txt	3024	4032	1	roboflow_team128_v5::roboflow_team128_v5_img_0373_jpg	roboflow_team128_v5_IMG_0373_jpg	56413c2d149e4cffac7e1068b9f3430967470d28f30005a71601db1c573f5f0a	25014dd1007b45339b8337b28274cb48b8840b1b8422dfe12d077a9ca3b90684	325	false	
train_clean	train	roboflow_team128_v5	train	Watermelon Detection.v5-raw_annotations.coco-segmentation\train\IMG_0375_jpg.rf.22d608e64100b93679da0f46aec2daab.jpg	roboflow_team128_v5_IMG_0375_jpg.rf.22d608e64100b93679da0f46aec2daab.jpg	roboflow_team128_v5_IMG_0375_jpg.rf.22d608e64100b93679da0f46aec2daab.txt	images/train/roboflow_team128_v5_IMG_0375_jpg.rf.22d608e64100b93679da0f46aec2daab.jpg	labels/train/roboflow_team128_v5_IMG_0375_jpg.rf.22d608e64100b93679da0f46aec2daab.txt	3024	4032	2	roboflow_team128_v5::roboflow_team128_v5_img_0375_jpg	roboflow_team128_v5_IMG_0375_jpg	dcce3d53e86644206f3fd4b01ec3637856e354a1894e27726edd6477abd52ce1	2c089fe16f5821fbdd9c97e79ea3845e30027dc3b1cdc9e46e18b99b3e6d7199	326	false	
train_clean	train	roboflow_team128_v5	test	Watermelon Detection.v5-raw_annotations.coco-segmentation\test\IMG_0376_jpg.rf.c8a98f78530a9f174082bebc827d3aec.jpg	roboflow_team128_v5_IMG_0376_jpg.rf.c8a98f78530a9f174082bebc827d3aec.jpg	roboflow_team128_v5_IMG_0376_jpg.rf.c8a98f78530a9f174082bebc827d3aec.txt	images/train/roboflow_team128_v5_IMG_0376_jpg.rf.c8a98f78530a9f174082bebc827d3aec.jpg	labels/train/roboflow_team128_v5_IMG_0376_jpg.rf.c8a98f78530a9f174082bebc827d3aec.txt	3024	4032	2	roboflow_team128_v5::roboflow_team128_v5_img_0376_jpg	roboflow_team128_v5_IMG_0376_jpg	5842745dd9ee7e30a70bc76a3117352398b67c4921ba1320d9cc3edba7751f20	8af969a7d8a97fa162162fa462907cffebba496a4cabbd28a6e10445a4f95ba7	327	false	
train_clean	train	roboflow_team128_v5	train	Watermelon Detection.v5-raw_annotations.coco-segmentation\train\IMG_0377_jpg.rf.616677059599ed412b138e9a00e14bed.jpg	roboflow_team128_v5_IMG_0377_jpg.rf.616677059599ed412b138e9a00e14bed.jpg	roboflow_team128_v5_IMG_0377_jpg.rf.616677059599ed412b138e9a00e14bed.txt	images/train/roboflow_team128_v5_IMG_0377_jpg.rf.616677059599ed412b138e9a00e14bed.jpg	labels/train/roboflow_team128_v5_IMG_0377_jpg.rf.616677059599ed412b138e9a00e14bed.txt	3024	4032	3	roboflow_team128_v5::roboflow_team128_v5_img_0377_jpg	roboflow_team128_v5_IMG_0377_jpg	6978941b36cb558e2045a4ed8f05d700f43d043363492878f2124b86fbb9202f	031aab301e7519d875ee68d57baa2e08fe51232ab43781a9a847d9c2e8ec6448	328	false	
train_clean	train	roboflow_team128_v5	train	Watermelon Detection.v5-raw_annotations.coco-segmentation\train\IMG_0379_jpg.rf.8cb498a914f57ba4959aa1737e9a34c2.jpg	roboflow_team128_v5_IMG_0379_jpg.rf.8cb498a914f57ba4959aa1737e9a34c2.jpg	roboflow_team128_v5_IMG_0379_jpg.rf.8cb498a914f57ba4959aa1737e9a34c2.txt	images/train/roboflow_team128_v5_IMG_0379_jpg.rf.8cb498a914f57ba4959aa1737e9a34c2.jpg	labels/train/roboflow_team128_v5_IMG_0379_jpg.rf.8cb498a914f57ba4959aa1737e9a34c2.txt	3024	4032	2	roboflow_team128_v5::roboflow_team128_v5_img_0379_jpg	roboflow_team128_v5_IMG_0379_jpg	a4f7dfab1d879a3306a242daabd5d7244e61729a33eaa7b8d83be09041cb9a1e	e28a918afbe84af4618a50751512f000da789c9e1b940df11ab3c011de14abfc	329	false	
train_clean	train	roboflow_team128_v5	train	Watermelon Detection.v5-raw_annotations.coco-segmentation\train\IMG_0380_jpg.rf.1ef35282ebdd882be5aedca82c789d01.jpg	roboflow_team128_v5_IMG_0380_jpg.rf.1ef35282ebdd882be5aedca82c789d01.jpg	roboflow_team128_v5_IMG_0380_jpg.rf.1ef35282ebdd882be5aedca82c789d01.txt	images/train/roboflow_team128_v5_IMG_0380_jpg.rf.1ef35282ebdd882be5aedca82c789d01.jpg	labels/train/roboflow_team128_v5_IMG_0380_jpg.rf.1ef35282ebdd882be5aedca82c789d01.txt	3024	4032	1	roboflow_team128_v5::roboflow_team128_v5_img_0380_jpg	roboflow_team128_v5_IMG_0380_jpg	4956d898e14ffcd1215e8cc0a9f32a16013b2b0003922c287a3c40c32ba5f4e8	d4aeecfde3e7f2a7356c1bd84687bda5f64b01f967b4c432670e4e7a7882bb70	330	false	
train_clean	train	roboflow_team128_v5	train	Watermelon Detection.v5-raw_annotations.coco-segmentation\train\IMG_0382_jpg.rf.93eafe9829518ef17c27e7e5b4c09013.jpg	roboflow_team128_v5_IMG_0382_jpg.rf.93eafe9829518ef17c27e7e5b4c09013.jpg	roboflow_team128_v5_IMG_0382_jpg.rf.93eafe9829518ef17c27e7e5b4c09013.txt	images/train/roboflow_team128_v5_IMG_0382_jpg.rf.93eafe9829518ef17c27e7e5b4c09013.jpg	labels/train/roboflow_team128_v5_IMG_0382_jpg.rf.93eafe9829518ef17c27e7e5b4c09013.txt	3024	4032	1	roboflow_team128_v5::roboflow_team128_v5_img_0382_jpg	roboflow_team128_v5_IMG_0382_jpg	0b169efae03b5c0a3aca15bfaf37364be547ffc45fe7d2401d3a0a02bc3bd711	9f013bf93b00428a8eb881a3cd886880fb7b34c3e61d88bb30d4b8c7afbcd637	331	false	
train_clean	train	roboflow_team128_v5	test	Watermelon Detection.v5-raw_annotations.coco-segmentation\test\IMG_0383_jpg.rf.58cffc4a4f0ac2ac4ab4b334b276b816.jpg	roboflow_team128_v5_IMG_0383_jpg.rf.58cffc4a4f0ac2ac4ab4b334b276b816.jpg	roboflow_team128_v5_IMG_0383_jpg.rf.58cffc4a4f0ac2ac4ab4b334b276b816.txt	images/train/roboflow_team128_v5_IMG_0383_jpg.rf.58cffc4a4f0ac2ac4ab4b334b276b816.jpg	labels/train/roboflow_team128_v5_IMG_0383_jpg.rf.58cffc4a4f0ac2ac4ab4b334b276b816.txt	3024	4032	1	roboflow_team128_v5::roboflow_team128_v5_img_0383_jpg	roboflow_team128_v5_IMG_0383_jpg	7dc13ee9d3cef0ff2d8c808c619c763248f7db0f0133dc5269e5a52d1ddc2fc0	1e137009db38c88d8bbb673bdb0d47f689f2bfaa83c194b41768eaa9a42ee4c4	332	false	
train_clean	train	roboflow_team128_v5	train	Watermelon Detection.v5-raw_annotations.coco-segmentation\train\IMG_0384_jpg.rf.26c270693c882db4951646933610c78d.jpg	roboflow_team128_v5_IMG_0384_jpg.rf.26c270693c882db4951646933610c78d.jpg	roboflow_team128_v5_IMG_0384_jpg.rf.26c270693c882db4951646933610c78d.txt	images/train/roboflow_team128_v5_IMG_0384_jpg.rf.26c270693c882db4951646933610c78d.jpg	labels/train/roboflow_team128_v5_IMG_0384_jpg.rf.26c270693c882db4951646933610c78d.txt	3024	4032	1	roboflow_team128_v5::roboflow_team128_v5_img_0384_jpg	roboflow_team128_v5_IMG_0384_jpg	ffac2f656741afcb8cb2442d283ba4ad332ea1f26f82759bfb8ac27eff84e991	ec758a6a9a18ae4172e38ffeae43393263589865210c79bc8d37ce6406e68e05	333	false	
train_clean	train	roboflow_team128_v5	train	Watermelon Detection.v5-raw_annotations.coco-segmentation\train\IMG_0385_jpg.rf.60f9dc6a3761eff2055bbe86a718cdb9.jpg	roboflow_team128_v5_IMG_0385_jpg.rf.60f9dc6a3761eff2055bbe86a718cdb9.jpg	roboflow_team128_v5_IMG_0385_jpg.rf.60f9dc6a3761eff2055bbe86a718cdb9.txt	images/train/roboflow_team128_v5_IMG_0385_jpg.rf.60f9dc6a3761eff2055bbe86a718cdb9.jpg	labels/train/roboflow_team128_v5_IMG_0385_jpg.rf.60f9dc6a3761eff2055bbe86a718cdb9.txt	3024	4032	4	roboflow_team128_v5::roboflow_team128_v5_img_0385_jpg	roboflow_team128_v5_IMG_0385_jpg	a5cb3ddd871a7110f2331ecf665a7c096034a15546d2abd8a6510bc150b62b12	42b596858fef5fbc7f7286829c2feddfd78e96d0a95b625a69f4fc17adc62338	334	false	
train_clean	train	roboflow_team128_v5	train	Watermelon Detection.v5-raw_annotations.coco-segmentation\train\IMG_0386_jpg.rf.f122f7f765d479d35fec211613da287c.jpg	roboflow_team128_v5_IMG_0386_jpg.rf.f122f7f765d479d35fec211613da287c.jpg	roboflow_team128_v5_IMG_0386_jpg.rf.f122f7f765d479d35fec211613da287c.txt	images/train/roboflow_team128_v5_IMG_0386_jpg.rf.f122f7f765d479d35fec211613da287c.jpg	labels/train/roboflow_team128_v5_IMG_0386_jpg.rf.f122f7f765d479d35fec211613da287c.txt	3024	4032	3	roboflow_team128_v5::roboflow_team128_v5_img_0386_jpg	roboflow_team128_v5_IMG_0386_jpg	bd6fd66cef9171cf2b2830705d8c223494bf1244076e67505c93e0c0dda195fe	5aa3e4d22ba51ab43781e7c262190a8980efaf7eef7cf6b2b6cb21e4ef8fc19a	335	false	
train_clean	train	roboflow_team128_v5	valid	Watermelon Detection.v5-raw_annotations.coco-segmentation\valid\IMG_0387_jpg.rf.22696b4752bea3ef1a0cc15ce2e90251.jpg	roboflow_team128_v5_IMG_0387_jpg.rf.22696b4752bea3ef1a0cc15ce2e90251.jpg	roboflow_team128_v5_IMG_0387_jpg.rf.22696b4752bea3ef1a0cc15ce2e90251.txt	images/train/roboflow_team128_v5_IMG_0387_jpg.rf.22696b4752bea3ef1a0cc15ce2e90251.jpg	labels/train/roboflow_team128_v5_IMG_0387_jpg.rf.22696b4752bea3ef1a0cc15ce2e90251.txt	3024	4032	2	roboflow_team128_v5::roboflow_team128_v5_img_0387_jpg	roboflow_team128_v5_IMG_0387_jpg	6eceda41d2ac84195bb2b63e8f6ac322fe2e7a7ef4562fc2c625b1adfd62a1b8	d7f5f733741cfaaec761142ddd91003c80e73494a465890cb878848806602200	336	false	
train_clean	train	roboflow_team128_v5	test	Watermelon Detection.v5-raw_annotations.coco-segmentation\test\IMG_0388_jpg.rf.0a06963d0958cbd362a0d4c248ef94f7.jpg	roboflow_team128_v5_IMG_0388_jpg.rf.0a06963d0958cbd362a0d4c248ef94f7.jpg	roboflow_team128_v5_IMG_0388_jpg.rf.0a06963d0958cbd362a0d4c248ef94f7.txt	images/train/roboflow_team128_v5_IMG_0388_jpg.rf.0a06963d0958cbd362a0d4c248ef94f7.jpg	labels/train/roboflow_team128_v5_IMG_0388_jpg.rf.0a06963d0958cbd362a0d4c248ef94f7.txt	3024	4032	1	roboflow_team128_v5::roboflow_team128_v5_img_0388_jpg	roboflow_team128_v5_IMG_0388_jpg	b6b25656d343b304f1a904c4ee1988ac90cac67283540e4d261bcc2fe9774b9c	d5f5d60dc0dc445cf1eef94b7cba75ba577b3ed0665f4e60be8d93d38760017b	337	false	
train_clean	train	roboflow_team128_v5	valid	Watermelon Detection.v5-raw_annotations.coco-segmentation\valid\IMG_0389_jpg.rf.46079741c4f626906d4c94b6fc7320f9.jpg	roboflow_team128_v5_IMG_0389_jpg.rf.46079741c4f626906d4c94b6fc7320f9.jpg	roboflow_team128_v5_IMG_0389_jpg.rf.46079741c4f626906d4c94b6fc7320f9.txt	images/train/roboflow_team128_v5_IMG_0389_jpg.rf.46079741c4f626906d4c94b6fc7320f9.jpg	labels/train/roboflow_team128_v5_IMG_0389_jpg.rf.46079741c4f626906d4c94b6fc7320f9.txt	3024	4032	3	roboflow_team128_v5::roboflow_team128_v5_img_0389_jpg	roboflow_team128_v5_IMG_0389_jpg	d777275d82153f20c28433e11ed75c595de011afcd474051329e33f472262258	46b95a3ef4e23191b49b4974cb6f6e97473dec09342a6845f72ce252dbdfcae4	338	false	
train_clean	train	roboflow_team128_v5	test	Watermelon Detection.v5-raw_annotations.coco-segmentation\test\IMG_0390_jpg.rf.89b65697e58648d41e09f84b7b1c6246.jpg	roboflow_team128_v5_IMG_0390_jpg.rf.89b65697e58648d41e09f84b7b1c6246.jpg	roboflow_team128_v5_IMG_0390_jpg.rf.89b65697e58648d41e09f84b7b1c6246.txt	images/train/roboflow_team128_v5_IMG_0390_jpg.rf.89b65697e58648d41e09f84b7b1c6246.jpg	labels/train/roboflow_team128_v5_IMG_0390_jpg.rf.89b65697e58648d41e09f84b7b1c6246.txt	3024	4032	2	roboflow_team128_v5::roboflow_team128_v5_img_0390_jpg	roboflow_team128_v5_IMG_0390_jpg	c7ed08b637b29cc199cc1ca8d08e63a702b594fed757da2d6fc649c442aa16fa	209f197ad113ad69d14ea4c6cb7687358c9d0c966813138c5a886a0a8a81c5b1	339	false	
train_clean	train	roboflow_team128_v5	train	Watermelon Detection.v5-raw_annotations.coco-segmentation\train\IMG_0391_jpg.rf.ad8aa379647494df75b6a77dcd5dd1ae.jpg	roboflow_team128_v5_IMG_0391_jpg.rf.ad8aa379647494df75b6a77dcd5dd1ae.jpg	roboflow_team128_v5_IMG_0391_jpg.rf.ad8aa379647494df75b6a77dcd5dd1ae.txt	images/train/roboflow_team128_v5_IMG_0391_jpg.rf.ad8aa379647494df75b6a77dcd5dd1ae.jpg	labels/train/roboflow_team128_v5_IMG_0391_jpg.rf.ad8aa379647494df75b6a77dcd5dd1ae.txt	3024	4032	1	roboflow_team128_v5::roboflow_team128_v5_img_0391_jpg	roboflow_team128_v5_IMG_0391_jpg	617a757f27da5c62ccbafb92f0b4fd4143f5e70f0939457068e8781f294f142e	6474b829ba22db50a6f1932efe0251fab3d19d8571e8ba620e653bee6309f586	340	false	
train_clean	train	roboflow_team128_v5	test	Watermelon Detection.v5-raw_annotations.coco-segmentation\test\IMG_0392_jpg.rf.cbb7eacf4c0905176c83da8dadac085b.jpg	roboflow_team128_v5_IMG_0392_jpg.rf.cbb7eacf4c0905176c83da8dadac085b.jpg	roboflow_team128_v5_IMG_0392_jpg.rf.cbb7eacf4c0905176c83da8dadac085b.txt	images/train/roboflow_team128_v5_IMG_0392_jpg.rf.cbb7eacf4c0905176c83da8dadac085b.jpg	labels/train/roboflow_team128_v5_IMG_0392_jpg.rf.cbb7eacf4c0905176c83da8dadac085b.txt	3024	4032	1	roboflow_team128_v5::roboflow_team128_v5_img_0392_jpg	roboflow_team128_v5_IMG_0392_jpg	13696d4431ebf0cb114f95275aa67b0ebd9fbffd2c82acd28ad49967d4e50b66	025a3c0538b29c78e640ab1e8d54cbb7bfe83fb6217783eb94a813363d86892e	341	false	
train_clean	train	roboflow_team128_v5	train	Watermelon Detection.v5-raw_annotations.coco-segmentation\train\IMG_0394_jpg.rf.c8b499639291a0e0b7b7457c80ac1100.jpg	roboflow_team128_v5_IMG_0394_jpg.rf.c8b499639291a0e0b7b7457c80ac1100.jpg	roboflow_team128_v5_IMG_0394_jpg.rf.c8b499639291a0e0b7b7457c80ac1100.txt	images/train/roboflow_team128_v5_IMG_0394_jpg.rf.c8b499639291a0e0b7b7457c80ac1100.jpg	labels/train/roboflow_team128_v5_IMG_0394_jpg.rf.c8b499639291a0e0b7b7457c80ac1100.txt	3024	4032	2	roboflow_team128_v5::roboflow_team128_v5_img_0394_jpg	roboflow_team128_v5_IMG_0394_jpg	ce9b254d67a9a957aae4e80d033cf03d54a733a2d178a2429878efc2ab4b6aa6	6b1b7c3802912ad3bd8c5bd5175697c23784d3626b1f5764b1e5338566eb6275	342	false	
train_clean	train	roboflow_team128_v5	train	Watermelon Detection.v5-raw_annotations.coco-segmentation\train\IMG_0395_jpg.rf.c0412b823950a3176796e0837a074000.jpg	roboflow_team128_v5_IMG_0395_jpg.rf.c0412b823950a3176796e0837a074000.jpg	roboflow_team128_v5_IMG_0395_jpg.rf.c0412b823950a3176796e0837a074000.txt	images/train/roboflow_team128_v5_IMG_0395_jpg.rf.c0412b823950a3176796e0837a074000.jpg	labels/train/roboflow_team128_v5_IMG_0395_jpg.rf.c0412b823950a3176796e0837a074000.txt	3024	4032	2	roboflow_team128_v5::roboflow_team128_v5_img_0395_jpg	roboflow_team128_v5_IMG_0395_jpg	b92da4cfbfacfb4cae6e760ae758de43a6be4c6ab8c4609ce8b777bcc19ab807	6345e288e5f17e9d5656b7afa8157f4970cc9469fa892a022c65c2c64ad93d5c	343	false	
train_clean	train	roboflow_team128_v5	test	Watermelon Detection.v5-raw_annotations.coco-segmentation\test\IMG_0397_jpg.rf.936775a022f10c399d7a691f1729c536.jpg	roboflow_team128_v5_IMG_0397_jpg.rf.936775a022f10c399d7a691f1729c536.jpg	roboflow_team128_v5_IMG_0397_jpg.rf.936775a022f10c399d7a691f1729c536.txt	images/train/roboflow_team128_v5_IMG_0397_jpg.rf.936775a022f10c399d7a691f1729c536.jpg	labels/train/roboflow_team128_v5_IMG_0397_jpg.rf.936775a022f10c399d7a691f1729c536.txt	3024	4032	2	roboflow_team128_v5::roboflow_team128_v5_img_0397_jpg	roboflow_team128_v5_IMG_0397_jpg	943b9acf55387c24816115571a29059995dcd78a2d368b04364dabca3d36841a	3acf45563148255fd736d98cd234cbf8a7502f536e051a6baf89b8c4ac41fc5d	344	false	
train_clean	train	roboflow_team128_v5	train	Watermelon Detection.v5-raw_annotations.coco-segmentation\train\IMG_0398_jpg.rf.361fdde7c036b40581021944568dabbd.jpg	roboflow_team128_v5_IMG_0398_jpg.rf.361fdde7c036b40581021944568dabbd.jpg	roboflow_team128_v5_IMG_0398_jpg.rf.361fdde7c036b40581021944568dabbd.txt	images/train/roboflow_team128_v5_IMG_0398_jpg.rf.361fdde7c036b40581021944568dabbd.jpg	labels/train/roboflow_team128_v5_IMG_0398_jpg.rf.361fdde7c036b40581021944568dabbd.txt	3024	4032	3	roboflow_team128_v5::roboflow_team128_v5_img_0398_jpg	roboflow_team128_v5_IMG_0398_jpg	becdbd875f3bfe2a68a8a59ae3310e090fb7a8381925306d98bf7844efb6632a	f56a38aeb90d379680f5da538f389fed0095efb1763b61b7be89659d4428c0d3	345	false	
train_clean	train	roboflow_team128_v5	train	Watermelon Detection.v5-raw_annotations.coco-segmentation\train\IMG_0401_jpg.rf.5054b1f6e372e486bb9593fd2d99b405.jpg	roboflow_team128_v5_IMG_0401_jpg.rf.5054b1f6e372e486bb9593fd2d99b405.jpg	roboflow_team128_v5_IMG_0401_jpg.rf.5054b1f6e372e486bb9593fd2d99b405.txt	images/train/roboflow_team128_v5_IMG_0401_jpg.rf.5054b1f6e372e486bb9593fd2d99b405.jpg	labels/train/roboflow_team128_v5_IMG_0401_jpg.rf.5054b1f6e372e486bb9593fd2d99b405.txt	3024	4032	3	roboflow_team128_v5::roboflow_team128_v5_img_0401_jpg	roboflow_team128_v5_IMG_0401_jpg	bd4b3aa315bd31b2354565d2ca6533d712548029204c92a912142c7dbb2a6a4c	4495b7458adc60c5de719b0ee973db787c6d7a5850882b25bd8c86a8fa2c8dd4	346	false	
train_clean	train	roboflow_team128_v5	test	Watermelon Detection.v5-raw_annotations.coco-segmentation\test\IMG_0403_jpg.rf.bd5df570cdf1f653425c3fb4f49b5a3c.jpg	roboflow_team128_v5_IMG_0403_jpg.rf.bd5df570cdf1f653425c3fb4f49b5a3c.jpg	roboflow_team128_v5_IMG_0403_jpg.rf.bd5df570cdf1f653425c3fb4f49b5a3c.txt	images/train/roboflow_team128_v5_IMG_0403_jpg.rf.bd5df570cdf1f653425c3fb4f49b5a3c.jpg	labels/train/roboflow_team128_v5_IMG_0403_jpg.rf.bd5df570cdf1f653425c3fb4f49b5a3c.txt	3024	4032	1	roboflow_team128_v5::roboflow_team128_v5_img_0403_jpg	roboflow_team128_v5_IMG_0403_jpg	836fd1e5ca28bb295a563c636272d614d303e24240f8010b340a304ceaf2455e	4f3af2a2dfb243fae0bb1b16e71a876a9f88d24a94fbbb9a51f7f654e1ca7fba	347	false	
train_clean	train	roboflow_team128_v5	train	Watermelon Detection.v5-raw_annotations.coco-segmentation\train\IMG_0406_jpg.rf.27ac02cfa4a093b7ec39ed20b54c6ad2.jpg	roboflow_team128_v5_IMG_0406_jpg.rf.27ac02cfa4a093b7ec39ed20b54c6ad2.jpg	roboflow_team128_v5_IMG_0406_jpg.rf.27ac02cfa4a093b7ec39ed20b54c6ad2.txt	images/train/roboflow_team128_v5_IMG_0406_jpg.rf.27ac02cfa4a093b7ec39ed20b54c6ad2.jpg	labels/train/roboflow_team128_v5_IMG_0406_jpg.rf.27ac02cfa4a093b7ec39ed20b54c6ad2.txt	3024	4032	1	roboflow_team128_v5::roboflow_team128_v5_img_0406_jpg	roboflow_team128_v5_IMG_0406_jpg	af4659921c6e1e1d938ac06b81d6db2d2b2a3ef814a45b321a3b70a68bbb353b	8ef50e24f97554e943d670e777172be8e50473af0816d5da58a5e7f70db07153	348	false	
train_clean	train	roboflow_team128_v5	train	Watermelon Detection.v5-raw_annotations.coco-segmentation\train\IMG_0407_jpg.rf.c291f60637b4c8090a668b491e1d1415.jpg	roboflow_team128_v5_IMG_0407_jpg.rf.c291f60637b4c8090a668b491e1d1415.jpg	roboflow_team128_v5_IMG_0407_jpg.rf.c291f60637b4c8090a668b491e1d1415.txt	images/train/roboflow_team128_v5_IMG_0407_jpg.rf.c291f60637b4c8090a668b491e1d1415.jpg	labels/train/roboflow_team128_v5_IMG_0407_jpg.rf.c291f60637b4c8090a668b491e1d1415.txt	3024	4032	1	roboflow_team128_v5::roboflow_team128_v5_img_0407_jpg	roboflow_team128_v5_IMG_0407_jpg	fe83cc8ef7447575a59e3cc8fae5198af60fdf66dd46daf877b80c5f2cdb4a23	84105d08972ce2ab73ac06c553fcccb2872f55af7cd158238dc7150c017f2d6b	349	false	
train_clean	train	roboflow_team128_v5	train	Watermelon Detection.v5-raw_annotations.coco-segmentation\train\IMG_0408_jpg.rf.091c760cd5101a0a037004214fec631c.jpg	roboflow_team128_v5_IMG_0408_jpg.rf.091c760cd5101a0a037004214fec631c.jpg	roboflow_team128_v5_IMG_0408_jpg.rf.091c760cd5101a0a037004214fec631c.txt	images/train/roboflow_team128_v5_IMG_0408_jpg.rf.091c760cd5101a0a037004214fec631c.jpg	labels/train/roboflow_team128_v5_IMG_0408_jpg.rf.091c760cd5101a0a037004214fec631c.txt	3024	4032	1	roboflow_team128_v5::roboflow_team128_v5_img_0408_jpg	roboflow_team128_v5_IMG_0408_jpg	40e0fb9370d7d858563da9912aa6d4dba160ab5d735ee9a0d24bdcd91f3d0e72	dffb142e39026ba29a306c8bf4b8e77a8736e6ce7dec7b7e45670f19ded40832	350	false	
train_clean	train	roboflow_team128_v5	train	Watermelon Detection.v5-raw_annotations.coco-segmentation\train\IMG_0409_jpg.rf.8d08c819dc819fdba7b48320179bb87e.jpg	roboflow_team128_v5_IMG_0409_jpg.rf.8d08c819dc819fdba7b48320179bb87e.jpg	roboflow_team128_v5_IMG_0409_jpg.rf.8d08c819dc819fdba7b48320179bb87e.txt	images/train/roboflow_team128_v5_IMG_0409_jpg.rf.8d08c819dc819fdba7b48320179bb87e.jpg	labels/train/roboflow_team128_v5_IMG_0409_jpg.rf.8d08c819dc819fdba7b48320179bb87e.txt	3024	4032	1	roboflow_team128_v5::roboflow_team128_v5_img_0409_jpg	roboflow_team128_v5_IMG_0409_jpg	3d7a565a0b1e6fbc6cf0768df4d38894de26260c72a28b9b679d21430a7d6759	8a0e6caea2fd526639b56a302e85b7b9b2ea4162a8fc221bd147c42d2b08fe97	351	false	
train_clean	train	roboflow_team128_v5	test	Watermelon Detection.v5-raw_annotations.coco-segmentation\test\IMG_0411_jpg.rf.06b181520e4952be4e982894c00d149f.jpg	roboflow_team128_v5_IMG_0411_jpg.rf.06b181520e4952be4e982894c00d149f.jpg	roboflow_team128_v5_IMG_0411_jpg.rf.06b181520e4952be4e982894c00d149f.txt	images/train/roboflow_team128_v5_IMG_0411_jpg.rf.06b181520e4952be4e982894c00d149f.jpg	labels/train/roboflow_team128_v5_IMG_0411_jpg.rf.06b181520e4952be4e982894c00d149f.txt	3024	4032	6	roboflow_team128_v5::roboflow_team128_v5_img_0411_jpg	roboflow_team128_v5_IMG_0411_jpg	913e7ec84f717428b93350d00eee43735f333024cec3a4ddd08cdbac6c44e5b6	6486c30f5f6618a651e05289d826dcd641b06da651c182dfdc3fdd299ac3ffc3	352	false	
train_clean	train	roboflow_team128_v5	train	Watermelon Detection.v5-raw_annotations.coco-segmentation\train\IMG_0412_jpg.rf.2f9cac9219bc4537281fedaada21a690.jpg	roboflow_team128_v5_IMG_0412_jpg.rf.2f9cac9219bc4537281fedaada21a690.jpg	roboflow_team128_v5_IMG_0412_jpg.rf.2f9cac9219bc4537281fedaada21a690.txt	images/train/roboflow_team128_v5_IMG_0412_jpg.rf.2f9cac9219bc4537281fedaada21a690.jpg	labels/train/roboflow_team128_v5_IMG_0412_jpg.rf.2f9cac9219bc4537281fedaada21a690.txt	3024	4032	2	roboflow_team128_v5::roboflow_team128_v5_img_0412_jpg	roboflow_team128_v5_IMG_0412_jpg	34fc7ea3362e4f57906bc1d7850f120279372712983817cd1a17af78ea3143ae	3a440b679eb3649bd2dea4f4a34cb3179439d5872de881dc9bd7f2f094996291	353	false	
train_clean	train	roboflow_team128_v5	train	Watermelon Detection.v5-raw_annotations.coco-segmentation\train\IMG_0413_jpg.rf.2e2c71e25304fae8674c84820e658334.jpg	roboflow_team128_v5_IMG_0413_jpg.rf.2e2c71e25304fae8674c84820e658334.jpg	roboflow_team128_v5_IMG_0413_jpg.rf.2e2c71e25304fae8674c84820e658334.txt	images/train/roboflow_team128_v5_IMG_0413_jpg.rf.2e2c71e25304fae8674c84820e658334.jpg	labels/train/roboflow_team128_v5_IMG_0413_jpg.rf.2e2c71e25304fae8674c84820e658334.txt	3024	4032	3	roboflow_team128_v5::roboflow_team128_v5_img_0413_jpg	roboflow_team128_v5_IMG_0413_jpg	9e885e8d1f54f45b5bf75b62ea485c605a0af070831178d68783642baa51f2cc	add09d075c1db5327117174086384509b7d8814e83dcf6a98f2d347f0a2734a0	354	false	
train_clean	train	roboflow_team128_v5	train	Watermelon Detection.v5-raw_annotations.coco-segmentation\train\IMG_0414_jpg.rf.641806d0bb35c02b2e54dc0aecfde271.jpg	roboflow_team128_v5_IMG_0414_jpg.rf.641806d0bb35c02b2e54dc0aecfde271.jpg	roboflow_team128_v5_IMG_0414_jpg.rf.641806d0bb35c02b2e54dc0aecfde271.txt	images/train/roboflow_team128_v5_IMG_0414_jpg.rf.641806d0bb35c02b2e54dc0aecfde271.jpg	labels/train/roboflow_team128_v5_IMG_0414_jpg.rf.641806d0bb35c02b2e54dc0aecfde271.txt	3024	4032	1	roboflow_team128_v5::roboflow_team128_v5_img_0414_jpg	roboflow_team128_v5_IMG_0414_jpg	80669b73d1e7f39315c271f84503629fc8eaa2394b5461f16b6c7717297a3b08	639aa15b9c1ee7b63735952955fea6131f543254083d39647befa22faa496376	355	false	
train_clean	train	roboflow_team128_v5	train	Watermelon Detection.v5-raw_annotations.coco-segmentation\train\IMG_0415_jpg.rf.eadaee1e800d7b072712283611f7f64a.jpg	roboflow_team128_v5_IMG_0415_jpg.rf.eadaee1e800d7b072712283611f7f64a.jpg	roboflow_team128_v5_IMG_0415_jpg.rf.eadaee1e800d7b072712283611f7f64a.txt	images/train/roboflow_team128_v5_IMG_0415_jpg.rf.eadaee1e800d7b072712283611f7f64a.jpg	labels/train/roboflow_team128_v5_IMG_0415_jpg.rf.eadaee1e800d7b072712283611f7f64a.txt	3024	4032	1	roboflow_team128_v5::roboflow_team128_v5_img_0415_jpg	roboflow_team128_v5_IMG_0415_jpg	7871865cb7b4baa1c7aa94cc5358d295efe604c4627f46707f607bfb76d80233	e65efe5873489463ff7db7919217e2592007971f4cf5dcb501f0510710587345	356	false	
train_clean	train	roboflow_team128_v5	valid	Watermelon Detection.v5-raw_annotations.coco-segmentation\valid\IMG_0416_jpg.rf.a8613a9c4bc0659a943885aa7efd0515.jpg	roboflow_team128_v5_IMG_0416_jpg.rf.a8613a9c4bc0659a943885aa7efd0515.jpg	roboflow_team128_v5_IMG_0416_jpg.rf.a8613a9c4bc0659a943885aa7efd0515.txt	images/train/roboflow_team128_v5_IMG_0416_jpg.rf.a8613a9c4bc0659a943885aa7efd0515.jpg	labels/train/roboflow_team128_v5_IMG_0416_jpg.rf.a8613a9c4bc0659a943885aa7efd0515.txt	3024	4032	1	roboflow_team128_v5::roboflow_team128_v5_img_0416_jpg	roboflow_team128_v5_IMG_0416_jpg	22bdc79367358811d9296cc9a2618c18ceb8341546293fbe2b1bc29d8ae501a8	3e1c90ef704534a275bb924cd002f97f816051dd1030e89278d21e1d4eb72d1c	357	false	
train_clean	train	roboflow_team128_v5	train	Watermelon Detection.v5-raw_annotations.coco-segmentation\train\IMG_0419_jpg.rf.001e4b9a819dd07bbe0d78a1f9374dce.jpg	roboflow_team128_v5_IMG_0419_jpg.rf.001e4b9a819dd07bbe0d78a1f9374dce.jpg	roboflow_team128_v5_IMG_0419_jpg.rf.001e4b9a819dd07bbe0d78a1f9374dce.txt	images/train/roboflow_team128_v5_IMG_0419_jpg.rf.001e4b9a819dd07bbe0d78a1f9374dce.jpg	labels/train/roboflow_team128_v5_IMG_0419_jpg.rf.001e4b9a819dd07bbe0d78a1f9374dce.txt	3024	4032	1	roboflow_team128_v5::roboflow_team128_v5_img_0419_jpg	roboflow_team128_v5_IMG_0419_jpg	0bce7659d5d95f4399146d437c5ca643043e7da4456cab5c6d39090b304ff8d9	55e4fe0d0607c3d8d7ce572b813ea3d7681280e8a79194c89832fe781fc16117	358	false	
train_clean	train	roboflow_team128_v5	test	Watermelon Detection.v5-raw_annotations.coco-segmentation\test\IMG_0420_jpg.rf.da03c1d552b814d432b410848279879b.jpg	roboflow_team128_v5_IMG_0420_jpg.rf.da03c1d552b814d432b410848279879b.jpg	roboflow_team128_v5_IMG_0420_jpg.rf.da03c1d552b814d432b410848279879b.txt	images/train/roboflow_team128_v5_IMG_0420_jpg.rf.da03c1d552b814d432b410848279879b.jpg	labels/train/roboflow_team128_v5_IMG_0420_jpg.rf.da03c1d552b814d432b410848279879b.txt	3024	4032	1	roboflow_team128_v5::roboflow_team128_v5_img_0420_jpg	roboflow_team128_v5_IMG_0420_jpg	7db1f0ef9c6f2d3b2bd37a483d5aa99c30450990bcbb0b4cc8720f93161fa09f	5bdfbd8acad00ecc1e27a4592808bdee4ad5e4eaed07bebb488ad42102d68f58	359	false	
train_clean	train	roboflow_team128_v5	train	Watermelon Detection.v5-raw_annotations.coco-segmentation\train\IMG_0421_jpg.rf.1b203c1bd624ee736f5f689ec67c0c4d.jpg	roboflow_team128_v5_IMG_0421_jpg.rf.1b203c1bd624ee736f5f689ec67c0c4d.jpg	roboflow_team128_v5_IMG_0421_jpg.rf.1b203c1bd624ee736f5f689ec67c0c4d.txt	images/train/roboflow_team128_v5_IMG_0421_jpg.rf.1b203c1bd624ee736f5f689ec67c0c4d.jpg	labels/train/roboflow_team128_v5_IMG_0421_jpg.rf.1b203c1bd624ee736f5f689ec67c0c4d.txt	3024	4032	1	roboflow_team128_v5::roboflow_team128_v5_img_0421_jpg	roboflow_team128_v5_IMG_0421_jpg	eabca85fdb5fde18be1ffe2e5a7349fd9d0f54696d2b02b5efa4f12f66ee72e5	5de150a1ddfb62371531aece9661db19e080850784cd1f82d3780ded2be11201	360	false	
train_clean	train	roboflow_team128_v5	valid	Watermelon Detection.v5-raw_annotations.coco-segmentation\valid\IMG_0422_jpg.rf.2c04e28955f2c62f57034407165b2f30.jpg	roboflow_team128_v5_IMG_0422_jpg.rf.2c04e28955f2c62f57034407165b2f30.jpg	roboflow_team128_v5_IMG_0422_jpg.rf.2c04e28955f2c62f57034407165b2f30.txt	images/train/roboflow_team128_v5_IMG_0422_jpg.rf.2c04e28955f2c62f57034407165b2f30.jpg	labels/train/roboflow_team128_v5_IMG_0422_jpg.rf.2c04e28955f2c62f57034407165b2f30.txt	3024	4032	1	roboflow_team128_v5::roboflow_team128_v5_img_0422_jpg	roboflow_team128_v5_IMG_0422_jpg	849c74a7c16c6f33c6267ffc8b31c22e9f845de4354da755e34c7c1ef9917f63	8492fbf9c2709de530719e40c37ec30bedbe8d27db066ed9aab74f84c07c2058	361	false	
train_clean	train	roboflow_team128_v5	train	Watermelon Detection.v5-raw_annotations.coco-segmentation\train\IMG_0423_jpg.rf.f7f4a07fb4467e6cef6cb8e880729809.jpg	roboflow_team128_v5_IMG_0423_jpg.rf.f7f4a07fb4467e6cef6cb8e880729809.jpg	roboflow_team128_v5_IMG_0423_jpg.rf.f7f4a07fb4467e6cef6cb8e880729809.txt	images/train/roboflow_team128_v5_IMG_0423_jpg.rf.f7f4a07fb4467e6cef6cb8e880729809.jpg	labels/train/roboflow_team128_v5_IMG_0423_jpg.rf.f7f4a07fb4467e6cef6cb8e880729809.txt	3024	4032	1	roboflow_team128_v5::roboflow_team128_v5_img_0423_jpg	roboflow_team128_v5_IMG_0423_jpg	448e9ccdac9ac00738cf712e027eac188638aff03ee42ced21bea8a053e23817	881b15531afe18825e28575900aa715e0ee9db94f7479f9b2614aa88ccebd428	362	false	
train_clean	train	roboflow_team128_v5	train	Watermelon Detection.v5-raw_annotations.coco-segmentation\train\IMG_0424_jpg.rf.954867957da3e9a08cd3e494448ec268.jpg	roboflow_team128_v5_IMG_0424_jpg.rf.954867957da3e9a08cd3e494448ec268.jpg	roboflow_team128_v5_IMG_0424_jpg.rf.954867957da3e9a08cd3e494448ec268.txt	images/train/roboflow_team128_v5_IMG_0424_jpg.rf.954867957da3e9a08cd3e494448ec268.jpg	labels/train/roboflow_team128_v5_IMG_0424_jpg.rf.954867957da3e9a08cd3e494448ec268.txt	3024	4032	1	roboflow_team128_v5::roboflow_team128_v5_img_0424_jpg	roboflow_team128_v5_IMG_0424_jpg	5e42e9b1a865f93112645611b3186335e5c36acabbfad7f4be40120076ef5b0f	c97284d7ea333d7a7e1ec1b0c36002761bf18a883d88f4cac33053f1196e414f	363	false	
train_clean	train	roboflow_team128_v5	valid	Watermelon Detection.v5-raw_annotations.coco-segmentation\valid\IMG_0425_jpg.rf.1d92e4f0252b3c51bf255e5b9b5bbee1.jpg	roboflow_team128_v5_IMG_0425_jpg.rf.1d92e4f0252b3c51bf255e5b9b5bbee1.jpg	roboflow_team128_v5_IMG_0425_jpg.rf.1d92e4f0252b3c51bf255e5b9b5bbee1.txt	images/train/roboflow_team128_v5_IMG_0425_jpg.rf.1d92e4f0252b3c51bf255e5b9b5bbee1.jpg	labels/train/roboflow_team128_v5_IMG_0425_jpg.rf.1d92e4f0252b3c51bf255e5b9b5bbee1.txt	3024	4032	1	roboflow_team128_v5::roboflow_team128_v5_img_0425_jpg	roboflow_team128_v5_IMG_0425_jpg	311be5f5674b4ebcf3eb156e8dd22943385d8afd5ddba162cd107f62b310ca13	a36e907d76102539048c4d8ec626deaa72a33d7f853504a53157c59d0b588167	364	false	
train_clean	train	roboflow_team128_v5	train	Watermelon Detection.v5-raw_annotations.coco-segmentation\train\IMG_0429_jpg.rf.fb57fcfd57d6069238f28d1a13814eb8.jpg	roboflow_team128_v5_IMG_0429_jpg.rf.fb57fcfd57d6069238f28d1a13814eb8.jpg	roboflow_team128_v5_IMG_0429_jpg.rf.fb57fcfd57d6069238f28d1a13814eb8.txt	images/train/roboflow_team128_v5_IMG_0429_jpg.rf.fb57fcfd57d6069238f28d1a13814eb8.jpg	labels/train/roboflow_team128_v5_IMG_0429_jpg.rf.fb57fcfd57d6069238f28d1a13814eb8.txt	3024	4032	1	roboflow_team128_v5::roboflow_team128_v5_img_0429_jpg	roboflow_team128_v5_IMG_0429_jpg	de1bb75f652bc7fcd35be9d3b7584d62d954717391e3d5df581503c2be34aebc	0d437839fd531d77611ce0d48dfcff9c8b592109d7152559059f071666c75aa3	365	false	
train_clean	train	roboflow_team128_v5	valid	Watermelon Detection.v5-raw_annotations.coco-segmentation\valid\IMG_0430_jpg.rf.6146d19c95bd6e20d09953ce7e51ef14.jpg	roboflow_team128_v5_IMG_0430_jpg.rf.6146d19c95bd6e20d09953ce7e51ef14.jpg	roboflow_team128_v5_IMG_0430_jpg.rf.6146d19c95bd6e20d09953ce7e51ef14.txt	images/train/roboflow_team128_v5_IMG_0430_jpg.rf.6146d19c95bd6e20d09953ce7e51ef14.jpg	labels/train/roboflow_team128_v5_IMG_0430_jpg.rf.6146d19c95bd6e20d09953ce7e51ef14.txt	3024	4032	4	roboflow_team128_v5::roboflow_team128_v5_img_0430_jpg	roboflow_team128_v5_IMG_0430_jpg	c1f1689fa7ef60ac4326099d89b6cbd70f803267a53b8201dee3bd2fc3683d6b	636927c34bc22fab55703782461701a12fef4190b8c7d14d8f2e0f7ad3267324	366	false	
train_clean	train	roboflow_team128_v5	train	Watermelon Detection.v5-raw_annotations.coco-segmentation\train\IMG_0433_jpg.rf.4e1128b627fcd454745d7ab9ad7f2927.jpg	roboflow_team128_v5_IMG_0433_jpg.rf.4e1128b627fcd454745d7ab9ad7f2927.jpg	roboflow_team128_v5_IMG_0433_jpg.rf.4e1128b627fcd454745d7ab9ad7f2927.txt	images/train/roboflow_team128_v5_IMG_0433_jpg.rf.4e1128b627fcd454745d7ab9ad7f2927.jpg	labels/train/roboflow_team128_v5_IMG_0433_jpg.rf.4e1128b627fcd454745d7ab9ad7f2927.txt	3024	4032	2	roboflow_team128_v5::roboflow_team128_v5_img_0433_jpg	roboflow_team128_v5_IMG_0433_jpg	5490ae1e7095ee61cebb38c114256fecde8910f133c5065ae69b5680b927e81a	675021f0fbd21e863b4723b81bc7b148a10d0f39a65846e3ad4d2862dc684f6f	367	false	
train_clean	train	roboflow_team128_v5	train	Watermelon Detection.v5-raw_annotations.coco-segmentation\train\IMG_0434_jpg.rf.2cb57ac2e7d44f9bcb0931339713e514.jpg	roboflow_team128_v5_IMG_0434_jpg.rf.2cb57ac2e7d44f9bcb0931339713e514.jpg	roboflow_team128_v5_IMG_0434_jpg.rf.2cb57ac2e7d44f9bcb0931339713e514.txt	images/train/roboflow_team128_v5_IMG_0434_jpg.rf.2cb57ac2e7d44f9bcb0931339713e514.jpg	labels/train/roboflow_team128_v5_IMG_0434_jpg.rf.2cb57ac2e7d44f9bcb0931339713e514.txt	3024	4032	2	roboflow_team128_v5::roboflow_team128_v5_img_0434_jpg	roboflow_team128_v5_IMG_0434_jpg	707a84d68a659dd5d4f338ed2e6bbea6f9af1e7e9e507e8780bd453a89959059	a70d1ba7844bbce700abefa9ef07b727bbf753b090b6dc8842a879510ece154c	368	false	
train_clean	train	roboflow_team128_v5	train	Watermelon Detection.v5-raw_annotations.coco-segmentation\train\IMG_0435_jpg.rf.d14a73cbe4c77fa8529f4710cb403733.jpg	roboflow_team128_v5_IMG_0435_jpg.rf.d14a73cbe4c77fa8529f4710cb403733.jpg	roboflow_team128_v5_IMG_0435_jpg.rf.d14a73cbe4c77fa8529f4710cb403733.txt	images/train/roboflow_team128_v5_IMG_0435_jpg.rf.d14a73cbe4c77fa8529f4710cb403733.jpg	labels/train/roboflow_team128_v5_IMG_0435_jpg.rf.d14a73cbe4c77fa8529f4710cb403733.txt	3024	4032	2	roboflow_team128_v5::roboflow_team128_v5_img_0435_jpg	roboflow_team128_v5_IMG_0435_jpg	b0613af36cb567108de808f32b441b303498fd5d43947b84a145764b3a5f7941	0e16e2ea8e778014d609b3f30852a1f52a33fcc6bcff14a45ffc784fc14a445e	369	false	
train_clean	train	roboflow_team128_v5	train	Watermelon Detection.v5-raw_annotations.coco-segmentation\train\IMG_0436_jpg.rf.2d928b273f80c8cfa5662456de097685.jpg	roboflow_team128_v5_IMG_0436_jpg.rf.2d928b273f80c8cfa5662456de097685.jpg	roboflow_team128_v5_IMG_0436_jpg.rf.2d928b273f80c8cfa5662456de097685.txt	images/train/roboflow_team128_v5_IMG_0436_jpg.rf.2d928b273f80c8cfa5662456de097685.jpg	labels/train/roboflow_team128_v5_IMG_0436_jpg.rf.2d928b273f80c8cfa5662456de097685.txt	3024	4032	3	roboflow_team128_v5::roboflow_team128_v5_img_0436_jpg	roboflow_team128_v5_IMG_0436_jpg	bf5dfed128501a02aa3c1249d66e3ebfb27fb929602e3fcbe8c1ce2289f7a246	8db0529e3e07b6e5f795f9eaaf506949d00c5f88689105f80211f5ed306a22fa	370	false	
train_clean	train	roboflow_team128_v5	valid	Watermelon Detection.v5-raw_annotations.coco-segmentation\valid\IMG_0437_jpg.rf.11692077872f61ea705cc1bc6715c612.jpg	roboflow_team128_v5_IMG_0437_jpg.rf.11692077872f61ea705cc1bc6715c612.jpg	roboflow_team128_v5_IMG_0437_jpg.rf.11692077872f61ea705cc1bc6715c612.txt	images/train/roboflow_team128_v5_IMG_0437_jpg.rf.11692077872f61ea705cc1bc6715c612.jpg	labels/train/roboflow_team128_v5_IMG_0437_jpg.rf.11692077872f61ea705cc1bc6715c612.txt	3024	4032	3	roboflow_team128_v5::roboflow_team128_v5_img_0437_jpg	roboflow_team128_v5_IMG_0437_jpg	78191e44d4a4d354c8f4cc02da88b5cb747ade12ddbb9c8dec9634c8e56fe429	fd35469b9c076104ba5d76633d59c167d0063dfd63add49b9441e3af771c6087	371	false	
train_clean	train	roboflow_team128_v5	train	Watermelon Detection.v5-raw_annotations.coco-segmentation\train\IMG_0440_jpg.rf.bba292524b46dad1a77b0e499db3495f.jpg	roboflow_team128_v5_IMG_0440_jpg.rf.bba292524b46dad1a77b0e499db3495f.jpg	roboflow_team128_v5_IMG_0440_jpg.rf.bba292524b46dad1a77b0e499db3495f.txt	images/train/roboflow_team128_v5_IMG_0440_jpg.rf.bba292524b46dad1a77b0e499db3495f.jpg	labels/train/roboflow_team128_v5_IMG_0440_jpg.rf.bba292524b46dad1a77b0e499db3495f.txt	3024	4032	1	roboflow_team128_v5::roboflow_team128_v5_img_0440_jpg	roboflow_team128_v5_IMG_0440_jpg	c0848683474b77add8056facaf3e6aae848d24d768dec851828987a5d205667b	22754dafc9cdaf4324dc0f66a52d0740933c0ffc6a7b99b74806a822c846e5bb	372	false	
train_clean	train	roboflow_team128_v5	train	Watermelon Detection.v5-raw_annotations.coco-segmentation\train\IMG_0441_jpg.rf.4951b08bd6e576e2c54207fe92d02854.jpg	roboflow_team128_v5_IMG_0441_jpg.rf.4951b08bd6e576e2c54207fe92d02854.jpg	roboflow_team128_v5_IMG_0441_jpg.rf.4951b08bd6e576e2c54207fe92d02854.txt	images/train/roboflow_team128_v5_IMG_0441_jpg.rf.4951b08bd6e576e2c54207fe92d02854.jpg	labels/train/roboflow_team128_v5_IMG_0441_jpg.rf.4951b08bd6e576e2c54207fe92d02854.txt	3024	4032	3	roboflow_team128_v5::roboflow_team128_v5_img_0441_jpg	roboflow_team128_v5_IMG_0441_jpg	8d6022601078fcb9c9b5d2254fb9726995d1f4c8d1d7c3dda7b1e2cb2adc7e6a	26e0d8edc483f770c9a739b4df357f07d62f04838b01a35ac6ba16d2954badee	373	false	
train_clean	train	roboflow_team128_v5	train	Watermelon Detection.v5-raw_annotations.coco-segmentation\train\IMG_0442_jpg.rf.e8615349c65116658735767b1e944505.jpg	roboflow_team128_v5_IMG_0442_jpg.rf.e8615349c65116658735767b1e944505.jpg	roboflow_team128_v5_IMG_0442_jpg.rf.e8615349c65116658735767b1e944505.txt	images/train/roboflow_team128_v5_IMG_0442_jpg.rf.e8615349c65116658735767b1e944505.jpg	labels/train/roboflow_team128_v5_IMG_0442_jpg.rf.e8615349c65116658735767b1e944505.txt	3024	4032	1	roboflow_team128_v5::roboflow_team128_v5_img_0442_jpg	roboflow_team128_v5_IMG_0442_jpg	878a06628420aff3e2c4d07a042356ff6b82c1db80e1876f25f013f7404d8ed1	d875870f449268b6ab3f3a1f71ebd2b31184749f93ed692c731033c61ecbd7a8	374	false	
train_clean	train	roboflow_team128_v5	train	Watermelon Detection.v5-raw_annotations.coco-segmentation\train\IMG_0444_jpg.rf.83ad842fe4150a62a28712eeb9e307db.jpg	roboflow_team128_v5_IMG_0444_jpg.rf.83ad842fe4150a62a28712eeb9e307db.jpg	roboflow_team128_v5_IMG_0444_jpg.rf.83ad842fe4150a62a28712eeb9e307db.txt	images/train/roboflow_team128_v5_IMG_0444_jpg.rf.83ad842fe4150a62a28712eeb9e307db.jpg	labels/train/roboflow_team128_v5_IMG_0444_jpg.rf.83ad842fe4150a62a28712eeb9e307db.txt	3024	4032	2	roboflow_team128_v5::roboflow_team128_v5_img_0444_jpg	roboflow_team128_v5_IMG_0444_jpg	7076582d08b94710b7ddeb6a09e2af21f987175c8775e3208746e95bd9784f74	1a6c3f0cbc7b28df12a6736f37ae6ab1c8450aeab85465f6587b5d2b1d4a588d	375	false	
train_clean	train	roboflow_team128_v5	test	Watermelon Detection.v5-raw_annotations.coco-segmentation\test\IMG_0445_jpg.rf.567b784016c91fac8671ddd1bd414906.jpg	roboflow_team128_v5_IMG_0445_jpg.rf.567b784016c91fac8671ddd1bd414906.jpg	roboflow_team128_v5_IMG_0445_jpg.rf.567b784016c91fac8671ddd1bd414906.txt	images/train/roboflow_team128_v5_IMG_0445_jpg.rf.567b784016c91fac8671ddd1bd414906.jpg	labels/train/roboflow_team128_v5_IMG_0445_jpg.rf.567b784016c91fac8671ddd1bd414906.txt	3024	4032	3	roboflow_team128_v5::roboflow_team128_v5_img_0445_jpg	roboflow_team128_v5_IMG_0445_jpg	34af39a2449ed68eb03cfd30d52dc4715ae89ca672f1c2b73b00fbef89d53efe	da7ce4799dbb25b7c21ea19ff9e38898938748cd3938ae6c027dab4b36ce2e3b	376	false	
train_clean	train	roboflow_team128_v5	valid	Watermelon Detection.v5-raw_annotations.coco-segmentation\valid\IMG_0446_jpg.rf.a7a958f8441612fb491fb98caba0320f.jpg	roboflow_team128_v5_IMG_0446_jpg.rf.a7a958f8441612fb491fb98caba0320f.jpg	roboflow_team128_v5_IMG_0446_jpg.rf.a7a958f8441612fb491fb98caba0320f.txt	images/train/roboflow_team128_v5_IMG_0446_jpg.rf.a7a958f8441612fb491fb98caba0320f.jpg	labels/train/roboflow_team128_v5_IMG_0446_jpg.rf.a7a958f8441612fb491fb98caba0320f.txt	3024	4032	3	roboflow_team128_v5::roboflow_team128_v5_img_0446_jpg	roboflow_team128_v5_IMG_0446_jpg	d9baef22122e51af40394febbb341ef3022e816a6b877e24c439f64d19ee3861	11760c9ede29d255a13f6eb46daf8dad9c8cb969f7995f889f14fd989f2c26f7	377	false	
train_clean	train	roboflow_team128_v5	train	Watermelon Detection.v5-raw_annotations.coco-segmentation\train\IMG_0448_jpg.rf.a1aa572b1ec1983c18d3ba9ce79796d7.jpg	roboflow_team128_v5_IMG_0448_jpg.rf.a1aa572b1ec1983c18d3ba9ce79796d7.jpg	roboflow_team128_v5_IMG_0448_jpg.rf.a1aa572b1ec1983c18d3ba9ce79796d7.txt	images/train/roboflow_team128_v5_IMG_0448_jpg.rf.a1aa572b1ec1983c18d3ba9ce79796d7.jpg	labels/train/roboflow_team128_v5_IMG_0448_jpg.rf.a1aa572b1ec1983c18d3ba9ce79796d7.txt	3024	4032	2	roboflow_team128_v5::roboflow_team128_v5_img_0448_jpg	roboflow_team128_v5_IMG_0448_jpg	38ae61465fa6d519dfe105d59ac1a540986125487b2ebb484f7623589c872761	a93d2aba40b22188f8f9d0ccc1c644649699bbd520f67c5792dc4ab3e617d407	378	false	
train_clean	train	roboflow_team128_v5	valid	Watermelon Detection.v5-raw_annotations.coco-segmentation\valid\IMG_0449_jpg.rf.066928ad230e4cc10786122961106627.jpg	roboflow_team128_v5_IMG_0449_jpg.rf.066928ad230e4cc10786122961106627.jpg	roboflow_team128_v5_IMG_0449_jpg.rf.066928ad230e4cc10786122961106627.txt	images/train/roboflow_team128_v5_IMG_0449_jpg.rf.066928ad230e4cc10786122961106627.jpg	labels/train/roboflow_team128_v5_IMG_0449_jpg.rf.066928ad230e4cc10786122961106627.txt	3024	4032	4	roboflow_team128_v5::roboflow_team128_v5_img_0449_jpg	roboflow_team128_v5_IMG_0449_jpg	35c806866ae96c46fa2700f428097b8fc8f08bb3d72666a8a8c100338c54325b	66173b1173cc2f6532c58a9dca40519bd5434e4badd5cf8bb06c5b34bdd1b5db	379	false	
train_clean	train	roboflow_team128_v5	test	Watermelon Detection.v5-raw_annotations.coco-segmentation\test\IMG_0450_jpg.rf.e58bad54ccd145e8af2f1864d4dc1f72.jpg	roboflow_team128_v5_IMG_0450_jpg.rf.e58bad54ccd145e8af2f1864d4dc1f72.jpg	roboflow_team128_v5_IMG_0450_jpg.rf.e58bad54ccd145e8af2f1864d4dc1f72.txt	images/train/roboflow_team128_v5_IMG_0450_jpg.rf.e58bad54ccd145e8af2f1864d4dc1f72.jpg	labels/train/roboflow_team128_v5_IMG_0450_jpg.rf.e58bad54ccd145e8af2f1864d4dc1f72.txt	3024	4032	2	roboflow_team128_v5::roboflow_team128_v5_img_0450_jpg	roboflow_team128_v5_IMG_0450_jpg	40203ab087b2b2c0f1a22363d7908299c890f237962cb83c8f224dc935e42ea8	79e0e20c8b47911a58de43ebcf810e2a765ea582e5752653039c9986b0fbb810	380	false	
train_clean	train	roboflow_team128_v5	train	Watermelon Detection.v5-raw_annotations.coco-segmentation\train\IMG_0451_jpg.rf.036f2b1d8423bcb53d0521767bce0e94.jpg	roboflow_team128_v5_IMG_0451_jpg.rf.036f2b1d8423bcb53d0521767bce0e94.jpg	roboflow_team128_v5_IMG_0451_jpg.rf.036f2b1d8423bcb53d0521767bce0e94.txt	images/train/roboflow_team128_v5_IMG_0451_jpg.rf.036f2b1d8423bcb53d0521767bce0e94.jpg	labels/train/roboflow_team128_v5_IMG_0451_jpg.rf.036f2b1d8423bcb53d0521767bce0e94.txt	3024	4032	3	roboflow_team128_v5::roboflow_team128_v5_img_0451_jpg	roboflow_team128_v5_IMG_0451_jpg	4b52dd1a9c18f45cc21a54dcf3548b09949645737bce0d4e06b4c58ce7e7fb2c	13da4c04057e34e973c30c325fb5e23ca97d4c1820ba69a867322bf9d463f364	381	false	
train_clean	train	roboflow_team128_v5	valid	Watermelon Detection.v5-raw_annotations.coco-segmentation\valid\IMG_0452_jpg.rf.2694d730525b1b1dbb95bc362130f67c.jpg	roboflow_team128_v5_IMG_0452_jpg.rf.2694d730525b1b1dbb95bc362130f67c.jpg	roboflow_team128_v5_IMG_0452_jpg.rf.2694d730525b1b1dbb95bc362130f67c.txt	images/train/roboflow_team128_v5_IMG_0452_jpg.rf.2694d730525b1b1dbb95bc362130f67c.jpg	labels/train/roboflow_team128_v5_IMG_0452_jpg.rf.2694d730525b1b1dbb95bc362130f67c.txt	3024	4032	1	roboflow_team128_v5::roboflow_team128_v5_img_0452_jpg	roboflow_team128_v5_IMG_0452_jpg	3686b038335bb2074886bd82a62ce4d60b623e6bffd741d7a5a24a52a5d1b84c	3020456134c2fce8082bd986db2e30c561532180652c4f3934a3ec19815f9b87	382	false	
train_clean	train	roboflow_team128_v5	test	Watermelon Detection.v5-raw_annotations.coco-segmentation\test\IMG_0453_jpg.rf.604eb6762699fcffbe3e291a12cdcf18.jpg	roboflow_team128_v5_IMG_0453_jpg.rf.604eb6762699fcffbe3e291a12cdcf18.jpg	roboflow_team128_v5_IMG_0453_jpg.rf.604eb6762699fcffbe3e291a12cdcf18.txt	images/train/roboflow_team128_v5_IMG_0453_jpg.rf.604eb6762699fcffbe3e291a12cdcf18.jpg	labels/train/roboflow_team128_v5_IMG_0453_jpg.rf.604eb6762699fcffbe3e291a12cdcf18.txt	3024	4032	1	roboflow_team128_v5::roboflow_team128_v5_img_0453_jpg	roboflow_team128_v5_IMG_0453_jpg	580ead6096905e85de1d65c08d84fb730338d734227e2c651f45097828172cfe	02c5c54ba2d933066aad5da11a50dca585080369d3989780322958448d4c8b7f	383	false	
train_clean	train	roboflow_team128_v5	valid	Watermelon Detection.v5-raw_annotations.coco-segmentation\valid\IMG_0454_jpg.rf.c5bb17e1d932bda65819c72a2c2cb410.jpg	roboflow_team128_v5_IMG_0454_jpg.rf.c5bb17e1d932bda65819c72a2c2cb410.jpg	roboflow_team128_v5_IMG_0454_jpg.rf.c5bb17e1d932bda65819c72a2c2cb410.txt	images/train/roboflow_team128_v5_IMG_0454_jpg.rf.c5bb17e1d932bda65819c72a2c2cb410.jpg	labels/train/roboflow_team128_v5_IMG_0454_jpg.rf.c5bb17e1d932bda65819c72a2c2cb410.txt	3024	4032	1	roboflow_team128_v5::roboflow_team128_v5_img_0454_jpg	roboflow_team128_v5_IMG_0454_jpg	995f821255ff30a2ceb206cf3338697e8bf6a152447c7943f7129d575b601ab9	97974869746263b9da7a05fc49a90921f380f6216dbc843a7befb72923a66075	384	false	
train_clean	train	roboflow_team128_v5	train	Watermelon Detection.v5-raw_annotations.coco-segmentation\train\IMG_0455_jpg.rf.74711b9c912687081d18e7a313704a29.jpg	roboflow_team128_v5_IMG_0455_jpg.rf.74711b9c912687081d18e7a313704a29.jpg	roboflow_team128_v5_IMG_0455_jpg.rf.74711b9c912687081d18e7a313704a29.txt	images/train/roboflow_team128_v5_IMG_0455_jpg.rf.74711b9c912687081d18e7a313704a29.jpg	labels/train/roboflow_team128_v5_IMG_0455_jpg.rf.74711b9c912687081d18e7a313704a29.txt	3024	4032	3	roboflow_team128_v5::roboflow_team128_v5_img_0455_jpg	roboflow_team128_v5_IMG_0455_jpg	e9b06391d52cfb9cc4dfa64ebcc4ba927ef028ecfe2486b7cdd4a82f5cdeb404	49fecad7b47d69639dfac4a2ab065270966374d3aafa3a900116c6330ef55940	385	false	
train_clean	train	roboflow_team128_v5	valid	Watermelon Detection.v5-raw_annotations.coco-segmentation\valid\IMG_0456_jpg.rf.35a6c223dc82c4269784c7dd0fab8ab5.jpg	roboflow_team128_v5_IMG_0456_jpg.rf.35a6c223dc82c4269784c7dd0fab8ab5.jpg	roboflow_team128_v5_IMG_0456_jpg.rf.35a6c223dc82c4269784c7dd0fab8ab5.txt	images/train/roboflow_team128_v5_IMG_0456_jpg.rf.35a6c223dc82c4269784c7dd0fab8ab5.jpg	labels/train/roboflow_team128_v5_IMG_0456_jpg.rf.35a6c223dc82c4269784c7dd0fab8ab5.txt	3024	4032	2	roboflow_team128_v5::roboflow_team128_v5_img_0456_jpg	roboflow_team128_v5_IMG_0456_jpg	4e0559c710bbbbe9df4a88d1c6575b1eb624da7c2d754406426e7b985191edfd	d4c3f110ac1d195588438b4a19732a1cbe9ac6293e38ca02feddee8d6a2db3a4	386	false	
train_clean	train	roboflow_team128_v5	valid	Watermelon Detection.v5-raw_annotations.coco-segmentation\valid\IMG_0458_jpg.rf.e17d0cf82493d1f37dfb15136c85ecec.jpg	roboflow_team128_v5_IMG_0458_jpg.rf.e17d0cf82493d1f37dfb15136c85ecec.jpg	roboflow_team128_v5_IMG_0458_jpg.rf.e17d0cf82493d1f37dfb15136c85ecec.txt	images/train/roboflow_team128_v5_IMG_0458_jpg.rf.e17d0cf82493d1f37dfb15136c85ecec.jpg	labels/train/roboflow_team128_v5_IMG_0458_jpg.rf.e17d0cf82493d1f37dfb15136c85ecec.txt	3024	4032	1	roboflow_team128_v5::roboflow_team128_v5_img_0458_jpg	roboflow_team128_v5_IMG_0458_jpg	ba237fe990fdf2570fe5445ab342dc9d833b4facccf319d08afd0549adfe94cf	01b517b73bbc2594a4b809d86fb5d90d983261adf23554297e525138fd66b212	387	false	
train_clean	train	roboflow_team128_v5	train	Watermelon Detection.v5-raw_annotations.coco-segmentation\train\IMG_0459_jpg.rf.6162c4b12d341210db586bcf26d84507.jpg	roboflow_team128_v5_IMG_0459_jpg.rf.6162c4b12d341210db586bcf26d84507.jpg	roboflow_team128_v5_IMG_0459_jpg.rf.6162c4b12d341210db586bcf26d84507.txt	images/train/roboflow_team128_v5_IMG_0459_jpg.rf.6162c4b12d341210db586bcf26d84507.jpg	labels/train/roboflow_team128_v5_IMG_0459_jpg.rf.6162c4b12d341210db586bcf26d84507.txt	3024	4032	1	roboflow_team128_v5::roboflow_team128_v5_img_0459_jpg	roboflow_team128_v5_IMG_0459_jpg	dbc7bb977840e6c8f34be9cf70e9902df929606b837a49ca6f53904d9d8fb3ec	e9ed26cb546b035421e191f7d06ea1ea985f9acf8d937d11884dca91a9fcf8cd	388	false	
train_clean	train	roboflow_team128_v5	valid	Watermelon Detection.v5-raw_annotations.coco-segmentation\valid\IMG_0460_jpg.rf.b1397b023832816f0c79c80c9c6caa70.jpg	roboflow_team128_v5_IMG_0460_jpg.rf.b1397b023832816f0c79c80c9c6caa70.jpg	roboflow_team128_v5_IMG_0460_jpg.rf.b1397b023832816f0c79c80c9c6caa70.txt	images/train/roboflow_team128_v5_IMG_0460_jpg.rf.b1397b023832816f0c79c80c9c6caa70.jpg	labels/train/roboflow_team128_v5_IMG_0460_jpg.rf.b1397b023832816f0c79c80c9c6caa70.txt	3024	4032	1	roboflow_team128_v5::roboflow_team128_v5_img_0460_jpg	roboflow_team128_v5_IMG_0460_jpg	6fbef4965c9722b53ab8adb5e3379be8fd0a21b92e22051a1a8f4def8def99f3	dda8548b1ad06834785640017fb952d4141607110008e313b120cdd492b6e520	389	false	
train_clean	train	roboflow_team128_v5	test	Watermelon Detection.v5-raw_annotations.coco-segmentation\test\IMG_0461_jpg.rf.c858af5c0adbe19536d8ef53910f011e.jpg	roboflow_team128_v5_IMG_0461_jpg.rf.c858af5c0adbe19536d8ef53910f011e.jpg	roboflow_team128_v5_IMG_0461_jpg.rf.c858af5c0adbe19536d8ef53910f011e.txt	images/train/roboflow_team128_v5_IMG_0461_jpg.rf.c858af5c0adbe19536d8ef53910f011e.jpg	labels/train/roboflow_team128_v5_IMG_0461_jpg.rf.c858af5c0adbe19536d8ef53910f011e.txt	3024	4032	8	roboflow_team128_v5::roboflow_team128_v5_img_0461_jpg	roboflow_team128_v5_IMG_0461_jpg	120838a99c1f8faed75e7e34fd4905634ce3df2658fa3e7be97acabfcf69da9d	9d5302820b0d830ab8654f03f30db915a0dbb822e29cb7e8d4165253de561965	390	false	
train_clean	train	roboflow_team128_v5	train	Watermelon Detection.v5-raw_annotations.coco-segmentation\train\IMG_0462_jpg.rf.f729635d2b18eea82f15592cb1f566ef.jpg	roboflow_team128_v5_IMG_0462_jpg.rf.f729635d2b18eea82f15592cb1f566ef.jpg	roboflow_team128_v5_IMG_0462_jpg.rf.f729635d2b18eea82f15592cb1f566ef.txt	images/train/roboflow_team128_v5_IMG_0462_jpg.rf.f729635d2b18eea82f15592cb1f566ef.jpg	labels/train/roboflow_team128_v5_IMG_0462_jpg.rf.f729635d2b18eea82f15592cb1f566ef.txt	3024	4032	3	roboflow_team128_v5::roboflow_team128_v5_img_0462_jpg	roboflow_team128_v5_IMG_0462_jpg	7f35e8ff5f078a12e740e00fa58b438349cd53119c47a1f982aa532f20cf1af9	cb99cd8c9707da13213741d9ca34e4050573b21cca271d71496502214e7fe918	391	false	
train_clean	train	roboflow_team128_v5	valid	Watermelon Detection.v5-raw_annotations.coco-segmentation\valid\IMG_0464_jpg.rf.c434e05e5f14d1c13e968f0479fe34ea.jpg	roboflow_team128_v5_IMG_0464_jpg.rf.c434e05e5f14d1c13e968f0479fe34ea.jpg	roboflow_team128_v5_IMG_0464_jpg.rf.c434e05e5f14d1c13e968f0479fe34ea.txt	images/train/roboflow_team128_v5_IMG_0464_jpg.rf.c434e05e5f14d1c13e968f0479fe34ea.jpg	labels/train/roboflow_team128_v5_IMG_0464_jpg.rf.c434e05e5f14d1c13e968f0479fe34ea.txt	3024	4032	1	roboflow_team128_v5::roboflow_team128_v5_img_0464_jpg	roboflow_team128_v5_IMG_0464_jpg	dde6ed478d27c621ad562f727b8600897f200fb38dca200210a380e31d832ef9	3974cddca60d0b402b7228cce07e844512743f28d4f4b6f0cca983e1880c3285	392	false	
train_clean	train	roboflow_team128_v5	valid	Watermelon Detection.v5-raw_annotations.coco-segmentation\valid\IMG_0465_jpg.rf.4e3dbdd7cca16e55b6ca52a29bc9ff5b.jpg	roboflow_team128_v5_IMG_0465_jpg.rf.4e3dbdd7cca16e55b6ca52a29bc9ff5b.jpg	roboflow_team128_v5_IMG_0465_jpg.rf.4e3dbdd7cca16e55b6ca52a29bc9ff5b.txt	images/train/roboflow_team128_v5_IMG_0465_jpg.rf.4e3dbdd7cca16e55b6ca52a29bc9ff5b.jpg	labels/train/roboflow_team128_v5_IMG_0465_jpg.rf.4e3dbdd7cca16e55b6ca52a29bc9ff5b.txt	3024	4032	1	roboflow_team128_v5::roboflow_team128_v5_img_0465_jpg	roboflow_team128_v5_IMG_0465_jpg	2e2e4ae045ec99f0eac4d4daaa155bbae9732cee1bb7d5fa7e6ec95034d505c5	a25dce33d64980f5d0bd9c25cd8918cbeb26ef5e5c63b5a0f1dff0b11e12c07b	393	false	
train_clean	train	roboflow_team128_v5	train	Watermelon Detection.v5-raw_annotations.coco-segmentation\train\IMG_0466_jpg.rf.80abd795e03ba0bcfad43cb9d0afb724.jpg	roboflow_team128_v5_IMG_0466_jpg.rf.80abd795e03ba0bcfad43cb9d0afb724.jpg	roboflow_team128_v5_IMG_0466_jpg.rf.80abd795e03ba0bcfad43cb9d0afb724.txt	images/train/roboflow_team128_v5_IMG_0466_jpg.rf.80abd795e03ba0bcfad43cb9d0afb724.jpg	labels/train/roboflow_team128_v5_IMG_0466_jpg.rf.80abd795e03ba0bcfad43cb9d0afb724.txt	3024	4032	1	roboflow_team128_v5::roboflow_team128_v5_img_0466_jpg	roboflow_team128_v5_IMG_0466_jpg	fa8f501a989767a437da60597a6328dfc16508ed369d2299db323ba03d92fa81	00f58ead39529678941b6ebc82b0d0090050291e776f89008013f2e909c1797d	394	false	
train_clean	train	roboflow_team128_v5	train	Watermelon Detection.v5-raw_annotations.coco-segmentation\train\IMG_0467_jpg.rf.4d2ad878815f47bbf5f7214c44349741.jpg	roboflow_team128_v5_IMG_0467_jpg.rf.4d2ad878815f47bbf5f7214c44349741.jpg	roboflow_team128_v5_IMG_0467_jpg.rf.4d2ad878815f47bbf5f7214c44349741.txt	images/train/roboflow_team128_v5_IMG_0467_jpg.rf.4d2ad878815f47bbf5f7214c44349741.jpg	labels/train/roboflow_team128_v5_IMG_0467_jpg.rf.4d2ad878815f47bbf5f7214c44349741.txt	3024	4032	3	roboflow_team128_v5::roboflow_team128_v5_img_0467_jpg	roboflow_team128_v5_IMG_0467_jpg	7969495aa95dea1adcea3e7734eb83cf70eed1ed8afff4b6767f56c639ad1420	e33c392a77a1831ff200147522ef5dd31d2870a30daf17c65fb7c869839d42c9	395	false	
train_clean	train	roboflow_team128_v5	train	Watermelon Detection.v5-raw_annotations.coco-segmentation\train\IMG_0470_jpg.rf.995f5ffb61e3582f0b6a11fad2bc750c.jpg	roboflow_team128_v5_IMG_0470_jpg.rf.995f5ffb61e3582f0b6a11fad2bc750c.jpg	roboflow_team128_v5_IMG_0470_jpg.rf.995f5ffb61e3582f0b6a11fad2bc750c.txt	images/train/roboflow_team128_v5_IMG_0470_jpg.rf.995f5ffb61e3582f0b6a11fad2bc750c.jpg	labels/train/roboflow_team128_v5_IMG_0470_jpg.rf.995f5ffb61e3582f0b6a11fad2bc750c.txt	3024	4032	2	roboflow_team128_v5::roboflow_team128_v5_img_0470_jpg	roboflow_team128_v5_IMG_0470_jpg	73c2246a9d21af3c572cdce0cd9d87c0aef7a6c40a9380f515aa1b4ce2a7c40e	705c915c2ed4254f5f6400a904cf79c87a7b0048641760ca36feda2e3662529a	396	false	
train_clean	train	roboflow_team128_v5	train	Watermelon Detection.v5-raw_annotations.coco-segmentation\train\IMG_0471_jpg.rf.768b6ed93e44da1b15b75f292882b1db.jpg	roboflow_team128_v5_IMG_0471_jpg.rf.768b6ed93e44da1b15b75f292882b1db.jpg	roboflow_team128_v5_IMG_0471_jpg.rf.768b6ed93e44da1b15b75f292882b1db.txt	images/train/roboflow_team128_v5_IMG_0471_jpg.rf.768b6ed93e44da1b15b75f292882b1db.jpg	labels/train/roboflow_team128_v5_IMG_0471_jpg.rf.768b6ed93e44da1b15b75f292882b1db.txt	3024	4032	3	roboflow_team128_v5::roboflow_team128_v5_img_0471_jpg	roboflow_team128_v5_IMG_0471_jpg	5d1a1576e610e6c0e7970191f1ac58c7b602efec27a4e079eb0242d75f13d393	ed254e5f18b40f2b36d492dbb57981c30ca30a27e31f67686c5c9018459bfc7f	397	false	
train_clean	train	roboflow_team128_v5	train	Watermelon Detection.v5-raw_annotations.coco-segmentation\train\IMG_0472_jpg.rf.ba5a4c3bfd75a9f22332e71e99d29222.jpg	roboflow_team128_v5_IMG_0472_jpg.rf.ba5a4c3bfd75a9f22332e71e99d29222.jpg	roboflow_team128_v5_IMG_0472_jpg.rf.ba5a4c3bfd75a9f22332e71e99d29222.txt	images/train/roboflow_team128_v5_IMG_0472_jpg.rf.ba5a4c3bfd75a9f22332e71e99d29222.jpg	labels/train/roboflow_team128_v5_IMG_0472_jpg.rf.ba5a4c3bfd75a9f22332e71e99d29222.txt	3024	4032	2	roboflow_team128_v5::roboflow_team128_v5_img_0472_jpg	roboflow_team128_v5_IMG_0472_jpg	e7bed1e6119ddec728a363be6ddf7c3ccd1ab1773c284e7aae0ee9270150531e	85f7efcee9c06fd44fb834ca653272d912552f34315108c0f7384466452c4459	398	false	
train_clean	train	roboflow_team128_v5	valid	Watermelon Detection.v5-raw_annotations.coco-segmentation\valid\IMG_0473_jpg.rf.1aaaa16ce14ba886b792c724639a9868.jpg	roboflow_team128_v5_IMG_0473_jpg.rf.1aaaa16ce14ba886b792c724639a9868.jpg	roboflow_team128_v5_IMG_0473_jpg.rf.1aaaa16ce14ba886b792c724639a9868.txt	images/train/roboflow_team128_v5_IMG_0473_jpg.rf.1aaaa16ce14ba886b792c724639a9868.jpg	labels/train/roboflow_team128_v5_IMG_0473_jpg.rf.1aaaa16ce14ba886b792c724639a9868.txt	3024	4032	1	roboflow_team128_v5::roboflow_team128_v5_img_0473_jpg	roboflow_team128_v5_IMG_0473_jpg	2307b87ba1683e7cb100652bbcdd6ff67993436b15cac14a57d19483e522953f	6b7099272a8b4a30ba8bf9d8a0158530ba67db41b454fb8b1b3fe10fab8eee3e	399	false	
train_clean	train	roboflow_team128_v5	train	Watermelon Detection.v5-raw_annotations.coco-segmentation\train\IMG_0474_jpg.rf.7d1f66409e8ece6841f9a89ea524b53d.jpg	roboflow_team128_v5_IMG_0474_jpg.rf.7d1f66409e8ece6841f9a89ea524b53d.jpg	roboflow_team128_v5_IMG_0474_jpg.rf.7d1f66409e8ece6841f9a89ea524b53d.txt	images/train/roboflow_team128_v5_IMG_0474_jpg.rf.7d1f66409e8ece6841f9a89ea524b53d.jpg	labels/train/roboflow_team128_v5_IMG_0474_jpg.rf.7d1f66409e8ece6841f9a89ea524b53d.txt	3024	4032	1	roboflow_team128_v5::roboflow_team128_v5_img_0474_jpg	roboflow_team128_v5_IMG_0474_jpg	7cd7cbfabaae30b3147b8ed1b845a5ca575bbebf7a7f2df3c7d15050b47c8fc7	a0384fd278a20991b5f543c9913a3155df8ef61cebdcff40512e83fe9f62ea1a	400	false	
train_clean	train	roboflow_team128_v5	train	Watermelon Detection.v5-raw_annotations.coco-segmentation\train\IMG_0475_jpg.rf.ddd1bec14915085af67bb6d144f47960.jpg	roboflow_team128_v5_IMG_0475_jpg.rf.ddd1bec14915085af67bb6d144f47960.jpg	roboflow_team128_v5_IMG_0475_jpg.rf.ddd1bec14915085af67bb6d144f47960.txt	images/train/roboflow_team128_v5_IMG_0475_jpg.rf.ddd1bec14915085af67bb6d144f47960.jpg	labels/train/roboflow_team128_v5_IMG_0475_jpg.rf.ddd1bec14915085af67bb6d144f47960.txt	3024	4032	4	roboflow_team128_v5::roboflow_team128_v5_img_0475_jpg	roboflow_team128_v5_IMG_0475_jpg	607a409ba14b39eeb02e5b306ce159c20c8e63bbd28916c148d806ef417ab858	340ebe17dc676872803ee53fb6e8fdb634d47286a43d2bb3d23532b79887761d	401	false	
train_clean	train	roboflow_team128_v5	train	Watermelon Detection.v5-raw_annotations.coco-segmentation\train\IMG_0476_jpg.rf.7575c9efef8069b4c18d3ec552f0c08f.jpg	roboflow_team128_v5_IMG_0476_jpg.rf.7575c9efef8069b4c18d3ec552f0c08f.jpg	roboflow_team128_v5_IMG_0476_jpg.rf.7575c9efef8069b4c18d3ec552f0c08f.txt	images/train/roboflow_team128_v5_IMG_0476_jpg.rf.7575c9efef8069b4c18d3ec552f0c08f.jpg	labels/train/roboflow_team128_v5_IMG_0476_jpg.rf.7575c9efef8069b4c18d3ec552f0c08f.txt	3024	4032	1	roboflow_team128_v5::roboflow_team128_v5_img_0476_jpg	roboflow_team128_v5_IMG_0476_jpg	7eecdbf4a19974cf67f624324dd55479ebeb7ae53e844e1667c6c43d27ef51eb	6c54bc56fb7b60964a4d6202366368caca8175f8a3dd15f7017d8e7dbba70658	402	false	
train_clean	train	roboflow_team128_v5	valid	Watermelon Detection.v5-raw_annotations.coco-segmentation\valid\IMG_0477_jpg.rf.e73d7bd7b98ff98b66f2414cc40acfb6.jpg	roboflow_team128_v5_IMG_0477_jpg.rf.e73d7bd7b98ff98b66f2414cc40acfb6.jpg	roboflow_team128_v5_IMG_0477_jpg.rf.e73d7bd7b98ff98b66f2414cc40acfb6.txt	images/train/roboflow_team128_v5_IMG_0477_jpg.rf.e73d7bd7b98ff98b66f2414cc40acfb6.jpg	labels/train/roboflow_team128_v5_IMG_0477_jpg.rf.e73d7bd7b98ff98b66f2414cc40acfb6.txt	3024	4032	1	roboflow_team128_v5::roboflow_team128_v5_img_0477_jpg	roboflow_team128_v5_IMG_0477_jpg	c7b95f37e33bebdac1654585879cd8030334b66acefe3d647bd07fe3e9352386	a8ff89cdb5f5a9df7e034af6f74d15570d64c34c093cc51270f91e36d222974d	403	false	
train_clean	train	roboflow_team128_v5	train	Watermelon Detection.v5-raw_annotations.coco-segmentation\train\IMG_0478_jpg.rf.169afc743b012e862289cd7ca27c9c7e.jpg	roboflow_team128_v5_IMG_0478_jpg.rf.169afc743b012e862289cd7ca27c9c7e.jpg	roboflow_team128_v5_IMG_0478_jpg.rf.169afc743b012e862289cd7ca27c9c7e.txt	images/train/roboflow_team128_v5_IMG_0478_jpg.rf.169afc743b012e862289cd7ca27c9c7e.jpg	labels/train/roboflow_team128_v5_IMG_0478_jpg.rf.169afc743b012e862289cd7ca27c9c7e.txt	3024	4032	1	roboflow_team128_v5::roboflow_team128_v5_img_0478_jpg	roboflow_team128_v5_IMG_0478_jpg	b2c1a6133b18e37272d429d538b4026983de543490e9e81f699b0bd98484460c	5d40868356b1f1e143ae7df1ccedab4ed8ea0a07f8bad5c89858783c032886ca	404	false	
train_clean	train	roboflow_team128_v5	train	Watermelon Detection.v5-raw_annotations.coco-segmentation\train\IMG_0479_jpg.rf.3d65ad09094edb84d31ae92f0b347a08.jpg	roboflow_team128_v5_IMG_0479_jpg.rf.3d65ad09094edb84d31ae92f0b347a08.jpg	roboflow_team128_v5_IMG_0479_jpg.rf.3d65ad09094edb84d31ae92f0b347a08.txt	images/train/roboflow_team128_v5_IMG_0479_jpg.rf.3d65ad09094edb84d31ae92f0b347a08.jpg	labels/train/roboflow_team128_v5_IMG_0479_jpg.rf.3d65ad09094edb84d31ae92f0b347a08.txt	3024	4032	1	roboflow_team128_v5::roboflow_team128_v5_img_0479_jpg	roboflow_team128_v5_IMG_0479_jpg	c9c29cc4f5669ad1adcefad3451668782d799337c6009a1777118d2377083273	4ab8a81781547e759f3b320639e90e5551655984f649412f8d885d2e45407dda	405	false	
train_clean	train	roboflow_team128_v5	train	Watermelon Detection.v5-raw_annotations.coco-segmentation\train\IMG_0480_jpg.rf.ba506999e19d6dc484e5685acc4ce939.jpg	roboflow_team128_v5_IMG_0480_jpg.rf.ba506999e19d6dc484e5685acc4ce939.jpg	roboflow_team128_v5_IMG_0480_jpg.rf.ba506999e19d6dc484e5685acc4ce939.txt	images/train/roboflow_team128_v5_IMG_0480_jpg.rf.ba506999e19d6dc484e5685acc4ce939.jpg	labels/train/roboflow_team128_v5_IMG_0480_jpg.rf.ba506999e19d6dc484e5685acc4ce939.txt	3024	4032	2	roboflow_team128_v5::roboflow_team128_v5_img_0480_jpg	roboflow_team128_v5_IMG_0480_jpg	e9a53cc0dabebc01ddc7e45c7596e7e1abfa9b9b23ac42a56d54557dbacbdd74	747b24558a571470f5b64a1bc9c361b5ecb33110503f92871dc35791c1810310	406	false	
train_clean	train	roboflow_team128_v5	train	Watermelon Detection.v5-raw_annotations.coco-segmentation\train\IMG_0481_jpg.rf.c92b3fecf71079a9fdb7b0024481a75b.jpg	roboflow_team128_v5_IMG_0481_jpg.rf.c92b3fecf71079a9fdb7b0024481a75b.jpg	roboflow_team128_v5_IMG_0481_jpg.rf.c92b3fecf71079a9fdb7b0024481a75b.txt	images/train/roboflow_team128_v5_IMG_0481_jpg.rf.c92b3fecf71079a9fdb7b0024481a75b.jpg	labels/train/roboflow_team128_v5_IMG_0481_jpg.rf.c92b3fecf71079a9fdb7b0024481a75b.txt	3024	4032	1	roboflow_team128_v5::roboflow_team128_v5_img_0481_jpg	roboflow_team128_v5_IMG_0481_jpg	1b6272d7d2dc72335e52b823481bd6eac16dc16f65c25c9f327ad09d6777d3b2	17cf86795b1a80ce6b31875f923093261e44ecc75100703ecec65546994739e7	407	false	
train_clean	train	roboflow_team128_v5	train	Watermelon Detection.v5-raw_annotations.coco-segmentation\train\IMG_0482_jpg.rf.6acdf96a2efc410b44844f992f950c3c.jpg	roboflow_team128_v5_IMG_0482_jpg.rf.6acdf96a2efc410b44844f992f950c3c.jpg	roboflow_team128_v5_IMG_0482_jpg.rf.6acdf96a2efc410b44844f992f950c3c.txt	images/train/roboflow_team128_v5_IMG_0482_jpg.rf.6acdf96a2efc410b44844f992f950c3c.jpg	labels/train/roboflow_team128_v5_IMG_0482_jpg.rf.6acdf96a2efc410b44844f992f950c3c.txt	3024	4032	3	roboflow_team128_v5::roboflow_team128_v5_img_0482_jpg	roboflow_team128_v5_IMG_0482_jpg	27c361a3daa7a386a1b72da32a6f8f989096a494d216c09ffc7637cf57bf47f8	394b705fd10fbc2885e01ff8341d848f64b25fc177eacce5ab9eef06c0d01f96	408	false	
train_clean	train	roboflow_team128_v5	train	Watermelon Detection.v5-raw_annotations.coco-segmentation\train\IMG_0484_jpg.rf.50cccf3ec2edcae079f1d19048079dc8.jpg	roboflow_team128_v5_IMG_0484_jpg.rf.50cccf3ec2edcae079f1d19048079dc8.jpg	roboflow_team128_v5_IMG_0484_jpg.rf.50cccf3ec2edcae079f1d19048079dc8.txt	images/train/roboflow_team128_v5_IMG_0484_jpg.rf.50cccf3ec2edcae079f1d19048079dc8.jpg	labels/train/roboflow_team128_v5_IMG_0484_jpg.rf.50cccf3ec2edcae079f1d19048079dc8.txt	3024	4032	1	roboflow_team128_v5::roboflow_team128_v5_img_0484_jpg	roboflow_team128_v5_IMG_0484_jpg	db30fdcda8ca1f77e0ad49f3321e00831961f20103ecd07821a5b4dc136eeebb	6ee9fa4f9dfc9ee5df4a3a2bdedfd6b52e5fb2ae3a3b0184b3f594c48080ab90	409	false	
train_clean	train	roboflow_team128_v5	train	Watermelon Detection.v5-raw_annotations.coco-segmentation\train\IMG_0486_jpg.rf.e9e465a6a9ff3c8b73faa05ffa356cb0.jpg	roboflow_team128_v5_IMG_0486_jpg.rf.e9e465a6a9ff3c8b73faa05ffa356cb0.jpg	roboflow_team128_v5_IMG_0486_jpg.rf.e9e465a6a9ff3c8b73faa05ffa356cb0.txt	images/train/roboflow_team128_v5_IMG_0486_jpg.rf.e9e465a6a9ff3c8b73faa05ffa356cb0.jpg	labels/train/roboflow_team128_v5_IMG_0486_jpg.rf.e9e465a6a9ff3c8b73faa05ffa356cb0.txt	3024	4032	3	roboflow_team128_v5::roboflow_team128_v5_img_0486_jpg	roboflow_team128_v5_IMG_0486_jpg	460376805525ae2f6f787be0c0309fb53a62819e9143ecd18557083f5117957a	8ce4711f40d9be3351d051e4e19dfab77c425e916e97bab2fb9f351e180e3507	410	false	
train_clean	train	roboflow_team128_v5	valid	Watermelon Detection.v5-raw_annotations.coco-segmentation\valid\IMG_0487_jpg.rf.9d0b18e31943d6a16aac8f1b19d9baba.jpg	roboflow_team128_v5_IMG_0487_jpg.rf.9d0b18e31943d6a16aac8f1b19d9baba.jpg	roboflow_team128_v5_IMG_0487_jpg.rf.9d0b18e31943d6a16aac8f1b19d9baba.txt	images/train/roboflow_team128_v5_IMG_0487_jpg.rf.9d0b18e31943d6a16aac8f1b19d9baba.jpg	labels/train/roboflow_team128_v5_IMG_0487_jpg.rf.9d0b18e31943d6a16aac8f1b19d9baba.txt	3024	4032	1	roboflow_team128_v5::roboflow_team128_v5_img_0487_jpg	roboflow_team128_v5_IMG_0487_jpg	d7fec2133afbb56c0e7b77c3e696d992e63817c3f149d62f4ec8c96e902ba287	582a57ff3122c10f01a3cd9a4b7c3f392881a860c0cd54f5d238694a2d392787	411	false	
train_clean	train	roboflow_team128_v5	train	Watermelon Detection.v5-raw_annotations.coco-segmentation\train\IMG_0488_jpg.rf.e16dadb1c76c83222065564ad3029ca0.jpg	roboflow_team128_v5_IMG_0488_jpg.rf.e16dadb1c76c83222065564ad3029ca0.jpg	roboflow_team128_v5_IMG_0488_jpg.rf.e16dadb1c76c83222065564ad3029ca0.txt	images/train/roboflow_team128_v5_IMG_0488_jpg.rf.e16dadb1c76c83222065564ad3029ca0.jpg	labels/train/roboflow_team128_v5_IMG_0488_jpg.rf.e16dadb1c76c83222065564ad3029ca0.txt	3024	4032	1	roboflow_team128_v5::roboflow_team128_v5_img_0488_jpg	roboflow_team128_v5_IMG_0488_jpg	490d9465b6ffa63ff93b0b3614d71af713a12adc4adb3bafddc2b39ac0be8212	71c8607112ccf8f48ceeccd3dd611ffb13bf17a3e5cab219395ca17443706beb	412	false	
train_clean	train	roboflow_team128_v5	train	Watermelon Detection.v5-raw_annotations.coco-segmentation\train\IMG_0489_jpg.rf.f029755bcf3187d0ab616dc4c9495a96.jpg	roboflow_team128_v5_IMG_0489_jpg.rf.f029755bcf3187d0ab616dc4c9495a96.jpg	roboflow_team128_v5_IMG_0489_jpg.rf.f029755bcf3187d0ab616dc4c9495a96.txt	images/train/roboflow_team128_v5_IMG_0489_jpg.rf.f029755bcf3187d0ab616dc4c9495a96.jpg	labels/train/roboflow_team128_v5_IMG_0489_jpg.rf.f029755bcf3187d0ab616dc4c9495a96.txt	3024	4032	3	roboflow_team128_v5::roboflow_team128_v5_img_0489_jpg	roboflow_team128_v5_IMG_0489_jpg	62a1a787f872ea2d739fdf34f38d746fb0d98b35e54f8fc35f4ed9a558f14901	65e3bee9bb7811ec66cb7eec33eb08f243f07b425abf4f7ccf2b9d7ac0bd16b2	413	false	
train_clean	train	roboflow_team128_v5	valid	Watermelon Detection.v5-raw_annotations.coco-segmentation\valid\IMG_0490_jpg.rf.339b153323178a5b82aa259fd0697730.jpg	roboflow_team128_v5_IMG_0490_jpg.rf.339b153323178a5b82aa259fd0697730.jpg	roboflow_team128_v5_IMG_0490_jpg.rf.339b153323178a5b82aa259fd0697730.txt	images/train/roboflow_team128_v5_IMG_0490_jpg.rf.339b153323178a5b82aa259fd0697730.jpg	labels/train/roboflow_team128_v5_IMG_0490_jpg.rf.339b153323178a5b82aa259fd0697730.txt	4032	3024	1	roboflow_team128_v5::roboflow_team128_v5_img_0490_jpg	roboflow_team128_v5_IMG_0490_jpg	a13b1a8f1909cb226c79e06141c30cfaf1fa90ef928e00ac10a1e5fb03d0ea80	afe7af764fc7405a1939b53ee0d9c8f11f45c7b67bdcbc7ca7618c0be49bcd2a	414	false	
train_clean	train	roboflow_team128_v5	valid	Watermelon Detection.v5-raw_annotations.coco-segmentation\valid\IMG_0491_jpg.rf.d8044e731c2bd49718fb2f0bc36ee1f6.jpg	roboflow_team128_v5_IMG_0491_jpg.rf.d8044e731c2bd49718fb2f0bc36ee1f6.jpg	roboflow_team128_v5_IMG_0491_jpg.rf.d8044e731c2bd49718fb2f0bc36ee1f6.txt	images/train/roboflow_team128_v5_IMG_0491_jpg.rf.d8044e731c2bd49718fb2f0bc36ee1f6.jpg	labels/train/roboflow_team128_v5_IMG_0491_jpg.rf.d8044e731c2bd49718fb2f0bc36ee1f6.txt	4032	3024	1	roboflow_team128_v5::roboflow_team128_v5_img_0491_jpg	roboflow_team128_v5_IMG_0491_jpg	95339f674b034ab3fb957c17605d7439b74114a4975022267644d78853778b4c	43907efbc5d2758d74fd7487e4b8d19b0464a6ab369ad9030fb2ebf48cb9081f	415	false	
train_clean	train	roboflow_team128_v5	train	Watermelon Detection.v5-raw_annotations.coco-segmentation\train\IMG_0492_jpg.rf.ed12c65b235fe4fa0234f2d3f281e171.jpg	roboflow_team128_v5_IMG_0492_jpg.rf.ed12c65b235fe4fa0234f2d3f281e171.jpg	roboflow_team128_v5_IMG_0492_jpg.rf.ed12c65b235fe4fa0234f2d3f281e171.txt	images/train/roboflow_team128_v5_IMG_0492_jpg.rf.ed12c65b235fe4fa0234f2d3f281e171.jpg	labels/train/roboflow_team128_v5_IMG_0492_jpg.rf.ed12c65b235fe4fa0234f2d3f281e171.txt	4032	3024	1	roboflow_team128_v5::roboflow_team128_v5_img_0492_jpg	roboflow_team128_v5_IMG_0492_jpg	eced40a62a58f8162a2457e68c36be539db06b040952bf0d97f84cd9906c8283	36f82cf9ad5b31de0d1e06d1057f23bf7f90dd4179c78a68640af137dbde4faf	416	false	
train_clean	train	roboflow_team128_v5	train	Watermelon Detection.v5-raw_annotations.coco-segmentation\train\IMG_0495_jpg.rf.843aa8711b282635ef2f04c71bc85c1c.jpg	roboflow_team128_v5_IMG_0495_jpg.rf.843aa8711b282635ef2f04c71bc85c1c.jpg	roboflow_team128_v5_IMG_0495_jpg.rf.843aa8711b282635ef2f04c71bc85c1c.txt	images/train/roboflow_team128_v5_IMG_0495_jpg.rf.843aa8711b282635ef2f04c71bc85c1c.jpg	labels/train/roboflow_team128_v5_IMG_0495_jpg.rf.843aa8711b282635ef2f04c71bc85c1c.txt	4032	3024	1	roboflow_team128_v5::roboflow_team128_v5_img_0495_jpg	roboflow_team128_v5_IMG_0495_jpg	5df5d03936c85b0d542f3d1ab36ac24523e05587249ea2e0f398742bda818f10	05431e51e80c6dab394de3cd2a3f1b83aad501c02e1c519db87ec4d1831048ce	417	false	
train_clean	train	roboflow_team128_v5	train	Watermelon Detection.v5-raw_annotations.coco-segmentation\train\IMG_0496_jpg.rf.125fd9c021226fbfdb8f102e01f7dcbe.jpg	roboflow_team128_v5_IMG_0496_jpg.rf.125fd9c021226fbfdb8f102e01f7dcbe.jpg	roboflow_team128_v5_IMG_0496_jpg.rf.125fd9c021226fbfdb8f102e01f7dcbe.txt	images/train/roboflow_team128_v5_IMG_0496_jpg.rf.125fd9c021226fbfdb8f102e01f7dcbe.jpg	labels/train/roboflow_team128_v5_IMG_0496_jpg.rf.125fd9c021226fbfdb8f102e01f7dcbe.txt	4032	3024	2	roboflow_team128_v5::roboflow_team128_v5_img_0496_jpg	roboflow_team128_v5_IMG_0496_jpg	668693f281f7a893d6aef8439b968faf8097cfe1319efb9a4e41ee9b0bc37a37	417154c23608080f07d07c357a81347d5be5be6107a4fea8d4efd1e13635ff79	418	false	
train_clean	train	roboflow_team128_v5	train	Watermelon Detection.v5-raw_annotations.coco-segmentation\train\IMG_0497_jpg.rf.0106104d135bcf3fd3887100fd23983d.jpg	roboflow_team128_v5_IMG_0497_jpg.rf.0106104d135bcf3fd3887100fd23983d.jpg	roboflow_team128_v5_IMG_0497_jpg.rf.0106104d135bcf3fd3887100fd23983d.txt	images/train/roboflow_team128_v5_IMG_0497_jpg.rf.0106104d135bcf3fd3887100fd23983d.jpg	labels/train/roboflow_team128_v5_IMG_0497_jpg.rf.0106104d135bcf3fd3887100fd23983d.txt	4032	3024	1	roboflow_team128_v5::roboflow_team128_v5_img_0497_jpg	roboflow_team128_v5_IMG_0497_jpg	069e76ea5c6425f868960bfc28f7e051b9f81880cbdcc5d1062383c1504119d6	c5e7e1c0281b6c284e976e1bbc605268cadf885d16ae5100e98cfc471e38ad9f	419	false	
train_clean	train	roboflow_team128_v5	train	Watermelon Detection.v5-raw_annotations.coco-segmentation\train\IMG_0498_jpg.rf.c35abee359063858c89dcf4f1e8ce160.jpg	roboflow_team128_v5_IMG_0498_jpg.rf.c35abee359063858c89dcf4f1e8ce160.jpg	roboflow_team128_v5_IMG_0498_jpg.rf.c35abee359063858c89dcf4f1e8ce160.txt	images/train/roboflow_team128_v5_IMG_0498_jpg.rf.c35abee359063858c89dcf4f1e8ce160.jpg	labels/train/roboflow_team128_v5_IMG_0498_jpg.rf.c35abee359063858c89dcf4f1e8ce160.txt	4032	3024	1	roboflow_team128_v5::roboflow_team128_v5_img_0498_jpg	roboflow_team128_v5_IMG_0498_jpg	617a63fea7ca928dfb0af9943919cb96be03128f3144380c5ae05255e2038d27	b74ad97ee3ffeeefdbddcb24c185d42dd48d1765241661c599e8fb8a1d90b4f0	420	false	
train_clean	train	roboflow_team128_v5	train	Watermelon Detection.v5-raw_annotations.coco-segmentation\train\IMG_0500_jpg.rf.4c3568046abe80c67b89ee6cd2d1fec9.jpg	roboflow_team128_v5_IMG_0500_jpg.rf.4c3568046abe80c67b89ee6cd2d1fec9.jpg	roboflow_team128_v5_IMG_0500_jpg.rf.4c3568046abe80c67b89ee6cd2d1fec9.txt	images/train/roboflow_team128_v5_IMG_0500_jpg.rf.4c3568046abe80c67b89ee6cd2d1fec9.jpg	labels/train/roboflow_team128_v5_IMG_0500_jpg.rf.4c3568046abe80c67b89ee6cd2d1fec9.txt	4032	3024	2	roboflow_team128_v5::roboflow_team128_v5_img_0500_jpg	roboflow_team128_v5_IMG_0500_jpg	73a1392fbef615b4fd8ae27bc8268cfe3deca543a45098c7f52caf435368e9f2	961fb93f33e8ece521a1a6c5e0158104e20ab0ea3d9923dd8d678f538f538f56	421	false	
train_clean	train	roboflow_team128_v5	train	Watermelon Detection.v5-raw_annotations.coco-segmentation\train\IMG_0501_jpg.rf.3e68b0973c0fc5768ba8056f17dec273.jpg	roboflow_team128_v5_IMG_0501_jpg.rf.3e68b0973c0fc5768ba8056f17dec273.jpg	roboflow_team128_v5_IMG_0501_jpg.rf.3e68b0973c0fc5768ba8056f17dec273.txt	images/train/roboflow_team128_v5_IMG_0501_jpg.rf.3e68b0973c0fc5768ba8056f17dec273.jpg	labels/train/roboflow_team128_v5_IMG_0501_jpg.rf.3e68b0973c0fc5768ba8056f17dec273.txt	4032	3024	2	roboflow_team128_v5::roboflow_team128_v5_img_0501_jpg	roboflow_team128_v5_IMG_0501_jpg	7aa83d98288094f00bfb00faa8fc91c955393cc111626edf9ee87763d3bb6540	f3784c9e646540089106c912ae38d67f52d0ebc65cc8203232b2e41bd7d58084	422	false	
train_clean	train	roboflow_team128_v5	train	Watermelon Detection.v5-raw_annotations.coco-segmentation\train\IMG_0502_jpg.rf.1b3482825b57249215013be33fe8113f.jpg	roboflow_team128_v5_IMG_0502_jpg.rf.1b3482825b57249215013be33fe8113f.jpg	roboflow_team128_v5_IMG_0502_jpg.rf.1b3482825b57249215013be33fe8113f.txt	images/train/roboflow_team128_v5_IMG_0502_jpg.rf.1b3482825b57249215013be33fe8113f.jpg	labels/train/roboflow_team128_v5_IMG_0502_jpg.rf.1b3482825b57249215013be33fe8113f.txt	4032	3024	1	roboflow_team128_v5::roboflow_team128_v5_img_0502_jpg	roboflow_team128_v5_IMG_0502_jpg	19915f7cb8abdf31e661d67602bb4b2f68e4054363af73d923a8638dba157c36	05166caa442c7c6f7cbd7e88277f055ef61eab97ccccab53d1a602c0bab9c47a	423	false	
train_clean	train	roboflow_team128_v5	train	Watermelon Detection.v5-raw_annotations.coco-segmentation\train\IMG_0503_jpg.rf.3f5a856c007e2386da794dfa5ce45f14.jpg	roboflow_team128_v5_IMG_0503_jpg.rf.3f5a856c007e2386da794dfa5ce45f14.jpg	roboflow_team128_v5_IMG_0503_jpg.rf.3f5a856c007e2386da794dfa5ce45f14.txt	images/train/roboflow_team128_v5_IMG_0503_jpg.rf.3f5a856c007e2386da794dfa5ce45f14.jpg	labels/train/roboflow_team128_v5_IMG_0503_jpg.rf.3f5a856c007e2386da794dfa5ce45f14.txt	4032	3024	1	roboflow_team128_v5::roboflow_team128_v5_img_0503_jpg	roboflow_team128_v5_IMG_0503_jpg	3a1b6686e5d36f74b58578d169ff3f45e088679d0822eac329faae8dae2f2b20	6ed12e142048f4896475c87e4e5a7f45439f12473f7d7a7e7ae4948285a89b8b	424	false	
train_clean	train	roboflow_team128_v5	train	Watermelon Detection.v5-raw_annotations.coco-segmentation\train\IMG_0505_jpg.rf.784dd194d89fa557487e9d831a789f72.jpg	roboflow_team128_v5_IMG_0505_jpg.rf.784dd194d89fa557487e9d831a789f72.jpg	roboflow_team128_v5_IMG_0505_jpg.rf.784dd194d89fa557487e9d831a789f72.txt	images/train/roboflow_team128_v5_IMG_0505_jpg.rf.784dd194d89fa557487e9d831a789f72.jpg	labels/train/roboflow_team128_v5_IMG_0505_jpg.rf.784dd194d89fa557487e9d831a789f72.txt	4032	3024	1	roboflow_team128_v5::roboflow_team128_v5_img_0505_jpg	roboflow_team128_v5_IMG_0505_jpg	64cb7ba893a0e448c9f768d48d5e962be364e6abe10d3e3314d013234ded6404	d3b8aafdfed424ad7e73ee58afc9332dd56545eaf100001feec053eb05633a16	425	false	
train_clean	train	roboflow_team128_v5	test	Watermelon Detection.v5-raw_annotations.coco-segmentation\test\IMG_0506_jpg.rf.64f397a784cf0727a56c20cb732be10e.jpg	roboflow_team128_v5_IMG_0506_jpg.rf.64f397a784cf0727a56c20cb732be10e.jpg	roboflow_team128_v5_IMG_0506_jpg.rf.64f397a784cf0727a56c20cb732be10e.txt	images/train/roboflow_team128_v5_IMG_0506_jpg.rf.64f397a784cf0727a56c20cb732be10e.jpg	labels/train/roboflow_team128_v5_IMG_0506_jpg.rf.64f397a784cf0727a56c20cb732be10e.txt	3024	4032	1	roboflow_team128_v5::roboflow_team128_v5_img_0506_jpg	roboflow_team128_v5_IMG_0506_jpg	8276db5ef8fe7f7aabe106e3de41b8f8e527526d6360a13d6cce6e02c46075fe	81658bfff3aceb0f768895f17ec09713d7c37c172a566720ec7b3ab92c041492	426	false	
train_clean	train	roboflow_team128_v5	train	Watermelon Detection.v5-raw_annotations.coco-segmentation\train\IMG_0509_jpg.rf.eb36b49bbff420ead4bb2f1835bc5c7d.jpg	roboflow_team128_v5_IMG_0509_jpg.rf.eb36b49bbff420ead4bb2f1835bc5c7d.jpg	roboflow_team128_v5_IMG_0509_jpg.rf.eb36b49bbff420ead4bb2f1835bc5c7d.txt	images/train/roboflow_team128_v5_IMG_0509_jpg.rf.eb36b49bbff420ead4bb2f1835bc5c7d.jpg	labels/train/roboflow_team128_v5_IMG_0509_jpg.rf.eb36b49bbff420ead4bb2f1835bc5c7d.txt	3024	4032	1	roboflow_team128_v5::roboflow_team128_v5_img_0509_jpg	roboflow_team128_v5_IMG_0509_jpg	f1c9c2816875180c0501dfbb0f42be5f7539aa3e9f8f51eac8ea72018f24240e	7d64eff7e2f72661573e48bbf869fcad2eedba622669765d7580f2c292318c28	427	false	
train_clean	train	roboflow_team128_v5	train	Watermelon Detection.v5-raw_annotations.coco-segmentation\train\IMG_0510_jpg.rf.a8eb64433428896e9fc5a62029e82fec.jpg	roboflow_team128_v5_IMG_0510_jpg.rf.a8eb64433428896e9fc5a62029e82fec.jpg	roboflow_team128_v5_IMG_0510_jpg.rf.a8eb64433428896e9fc5a62029e82fec.txt	images/train/roboflow_team128_v5_IMG_0510_jpg.rf.a8eb64433428896e9fc5a62029e82fec.jpg	labels/train/roboflow_team128_v5_IMG_0510_jpg.rf.a8eb64433428896e9fc5a62029e82fec.txt	3024	4032	1	roboflow_team128_v5::roboflow_team128_v5_img_0510_jpg	roboflow_team128_v5_IMG_0510_jpg	0b60834d79d3573f49c9f8a0f2d188994e46ca916c1c5c9d75cf4d4b5685f09f	a953d2e38b73804c2596c3579b949b9dbca82ca3e5199e1638aa0ffaa8dd6402	428	false	
train_clean	train	roboflow_team128_v5	train	Watermelon Detection.v5-raw_annotations.coco-segmentation\train\IMG_0511_jpg.rf.0d06adabe8d2e7e8284006237361549f.jpg	roboflow_team128_v5_IMG_0511_jpg.rf.0d06adabe8d2e7e8284006237361549f.jpg	roboflow_team128_v5_IMG_0511_jpg.rf.0d06adabe8d2e7e8284006237361549f.txt	images/train/roboflow_team128_v5_IMG_0511_jpg.rf.0d06adabe8d2e7e8284006237361549f.jpg	labels/train/roboflow_team128_v5_IMG_0511_jpg.rf.0d06adabe8d2e7e8284006237361549f.txt	3024	4032	5	roboflow_team128_v5::roboflow_team128_v5_img_0511_jpg	roboflow_team128_v5_IMG_0511_jpg	d78a3ac3aaed1c914ec62f0ee21bf9e995fbf00502fda9cdf1c1fa622b033211	9b04ab7a6f18ea497428b747647ed89fa34e64edfe52927c82fe706888949b53	429	false	
train_clean	train	roboflow_team128_v5	train	Watermelon Detection.v5-raw_annotations.coco-segmentation\train\IMG_0513_jpg.rf.59989d21dd13867a34a585b2cbb6844c.jpg	roboflow_team128_v5_IMG_0513_jpg.rf.59989d21dd13867a34a585b2cbb6844c.jpg	roboflow_team128_v5_IMG_0513_jpg.rf.59989d21dd13867a34a585b2cbb6844c.txt	images/train/roboflow_team128_v5_IMG_0513_jpg.rf.59989d21dd13867a34a585b2cbb6844c.jpg	labels/train/roboflow_team128_v5_IMG_0513_jpg.rf.59989d21dd13867a34a585b2cbb6844c.txt	3024	4032	1	roboflow_team128_v5::roboflow_team128_v5_img_0513_jpg	roboflow_team128_v5_IMG_0513_jpg	a4e0495d8feadb604a4005c3b7848a6493524815d47b7f0b534dd973e84d784e	fe284f43413ac55eb37791a45cafea8a712d551f8fe7abb3aa31a5c6dee9ce5e	430	false	
train_clean	train	roboflow_team128_v5	test	Watermelon Detection.v5-raw_annotations.coco-segmentation\test\IMG_0514_jpg.rf.f1be7e6ef8fa443d5b81676b84967f0b.jpg	roboflow_team128_v5_IMG_0514_jpg.rf.f1be7e6ef8fa443d5b81676b84967f0b.jpg	roboflow_team128_v5_IMG_0514_jpg.rf.f1be7e6ef8fa443d5b81676b84967f0b.txt	images/train/roboflow_team128_v5_IMG_0514_jpg.rf.f1be7e6ef8fa443d5b81676b84967f0b.jpg	labels/train/roboflow_team128_v5_IMG_0514_jpg.rf.f1be7e6ef8fa443d5b81676b84967f0b.txt	3024	4032	2	roboflow_team128_v5::roboflow_team128_v5_img_0514_jpg	roboflow_team128_v5_IMG_0514_jpg	fb5e01ea078975e62b5ae74f6e5ded6f2a5bb20dd7701fe10a5f9f7ed2fc71d7	e17b895027af096b227d326f69997d432e71dbde4e911648c9cb879ae669030a	431	false	
train_clean	train	roboflow_team128_v5	train	Watermelon Detection.v5-raw_annotations.coco-segmentation\train\IMG_0515_jpg.rf.05a57f7ae410c4822868943be2901045.jpg	roboflow_team128_v5_IMG_0515_jpg.rf.05a57f7ae410c4822868943be2901045.jpg	roboflow_team128_v5_IMG_0515_jpg.rf.05a57f7ae410c4822868943be2901045.txt	images/train/roboflow_team128_v5_IMG_0515_jpg.rf.05a57f7ae410c4822868943be2901045.jpg	labels/train/roboflow_team128_v5_IMG_0515_jpg.rf.05a57f7ae410c4822868943be2901045.txt	3024	4032	1	roboflow_team128_v5::roboflow_team128_v5_img_0515_jpg	roboflow_team128_v5_IMG_0515_jpg	4bc75879a4cd95ea05e0de9a6a4d10f355d9de2ab9e7d9b967d9f30705509735	ecaee8bfebfe880d4aae664c903c51fb818198328f59fc4c2ca71e0c20b250a3	432	false	
train_clean	train	roboflow_team128_v5	train	Watermelon Detection.v5-raw_annotations.coco-segmentation\train\IMG_0516_jpg.rf.19133fe687756a8e09b900cbb4edb884.jpg	roboflow_team128_v5_IMG_0516_jpg.rf.19133fe687756a8e09b900cbb4edb884.jpg	roboflow_team128_v5_IMG_0516_jpg.rf.19133fe687756a8e09b900cbb4edb884.txt	images/train/roboflow_team128_v5_IMG_0516_jpg.rf.19133fe687756a8e09b900cbb4edb884.jpg	labels/train/roboflow_team128_v5_IMG_0516_jpg.rf.19133fe687756a8e09b900cbb4edb884.txt	3024	4032	5	roboflow_team128_v5::roboflow_team128_v5_img_0516_jpg	roboflow_team128_v5_IMG_0516_jpg	dea77cb797bb1b4871993cb4efe5340870659bba39d9ecb60ca1560f86c4bfb4	0f1a7f6e5880b23519070f20013b8d0d4336774753f6f8cb0df5ddd49541ec98	433	false	
train_clean	train	roboflow_team128_v5	test	Watermelon Detection.v5-raw_annotations.coco-segmentation\test\IMG_0518_jpg.rf.3c6dffa12ddca200d8abd00c3022fef0.jpg	roboflow_team128_v5_IMG_0518_jpg.rf.3c6dffa12ddca200d8abd00c3022fef0.jpg	roboflow_team128_v5_IMG_0518_jpg.rf.3c6dffa12ddca200d8abd00c3022fef0.txt	images/train/roboflow_team128_v5_IMG_0518_jpg.rf.3c6dffa12ddca200d8abd00c3022fef0.jpg	labels/train/roboflow_team128_v5_IMG_0518_jpg.rf.3c6dffa12ddca200d8abd00c3022fef0.txt	3024	4032	1	roboflow_team128_v5::roboflow_team128_v5_img_0518_jpg	roboflow_team128_v5_IMG_0518_jpg	8bcca4218f96ca01a823db23319b9250a39ff8677fa56e71235ef7ffac9b4e44	b13d9a4bc98d669bd600ce3814d983615fcbf0f44e76ce2d41179e87b230b657	434	false	
train_clean	train	roboflow_team128_v5	train	Watermelon Detection.v5-raw_annotations.coco-segmentation\train\IMG_0519_jpg.rf.10d4bf50b9dbcfb11350e58613bb7669.jpg	roboflow_team128_v5_IMG_0519_jpg.rf.10d4bf50b9dbcfb11350e58613bb7669.jpg	roboflow_team128_v5_IMG_0519_jpg.rf.10d4bf50b9dbcfb11350e58613bb7669.txt	images/train/roboflow_team128_v5_IMG_0519_jpg.rf.10d4bf50b9dbcfb11350e58613bb7669.jpg	labels/train/roboflow_team128_v5_IMG_0519_jpg.rf.10d4bf50b9dbcfb11350e58613bb7669.txt	3024	4032	1	roboflow_team128_v5::roboflow_team128_v5_img_0519_jpg	roboflow_team128_v5_IMG_0519_jpg	e594b72e2c7ed2e105a603b81abc685e62e37cb7b149ddb5fcbf8f8dd578c923	edfa59fd85489270d53838be8e62b5619ef750c37d0e2a7eb6526b0e64a1f2d3	435	false	
train_clean	train	roboflow_team128_v5	test	Watermelon Detection.v5-raw_annotations.coco-segmentation\test\IMG_0520_jpg.rf.1cfcd172124423c85d09579a6b85dce1.jpg	roboflow_team128_v5_IMG_0520_jpg.rf.1cfcd172124423c85d09579a6b85dce1.jpg	roboflow_team128_v5_IMG_0520_jpg.rf.1cfcd172124423c85d09579a6b85dce1.txt	images/train/roboflow_team128_v5_IMG_0520_jpg.rf.1cfcd172124423c85d09579a6b85dce1.jpg	labels/train/roboflow_team128_v5_IMG_0520_jpg.rf.1cfcd172124423c85d09579a6b85dce1.txt	3024	4032	2	roboflow_team128_v5::roboflow_team128_v5_img_0520_jpg	roboflow_team128_v5_IMG_0520_jpg	46249fc875d4d39bbbeef194e62b9bbd417f1ea061da0def525aca8ce16030a0	895b6f884a84df88a187a2242d9c02f8dc022254d5e6c5e8c068b95f5f9c3947	436	false	
train_clean	train	roboflow_team128_v5	test	Watermelon Detection.v5-raw_annotations.coco-segmentation\test\IMG_0521_jpg.rf.750d2407caf1395079eb3689f48caa55.jpg	roboflow_team128_v5_IMG_0521_jpg.rf.750d2407caf1395079eb3689f48caa55.jpg	roboflow_team128_v5_IMG_0521_jpg.rf.750d2407caf1395079eb3689f48caa55.txt	images/train/roboflow_team128_v5_IMG_0521_jpg.rf.750d2407caf1395079eb3689f48caa55.jpg	labels/train/roboflow_team128_v5_IMG_0521_jpg.rf.750d2407caf1395079eb3689f48caa55.txt	3024	4032	4	roboflow_team128_v5::roboflow_team128_v5_img_0521_jpg	roboflow_team128_v5_IMG_0521_jpg	9fe2da165bb4c7ab5d27bae56b19e8d8f40495ac44106867a95c9a73b07de203	038c815bc3d3e9142cfe2c0228e96a67e444e9d4177bf013b218ee620a834feb	437	false	
train_clean	train	roboflow_team128_v5	train	Watermelon Detection.v5-raw_annotations.coco-segmentation\train\IMG_0524_jpg.rf.25c7fabdf4524430a6201a61018f1575.jpg	roboflow_team128_v5_IMG_0524_jpg.rf.25c7fabdf4524430a6201a61018f1575.jpg	roboflow_team128_v5_IMG_0524_jpg.rf.25c7fabdf4524430a6201a61018f1575.txt	images/train/roboflow_team128_v5_IMG_0524_jpg.rf.25c7fabdf4524430a6201a61018f1575.jpg	labels/train/roboflow_team128_v5_IMG_0524_jpg.rf.25c7fabdf4524430a6201a61018f1575.txt	3024	4032	4	roboflow_team128_v5::roboflow_team128_v5_img_0524_jpg	roboflow_team128_v5_IMG_0524_jpg	30a38a654d5db74fc22cc1120ce4c5c3d2c3012b37500acb5410046cd54d6ded	e2f263b9dc35c6d18fcc3f495bc946ebd385129f1b49aa451bf04e4d90523623	438	false	
train_clean	train	roboflow_team128_v5	train	Watermelon Detection.v5-raw_annotations.coco-segmentation\train\IMG_0525_jpg.rf.3f49044d3c0e1faf4ebf83a2d50f5df6.jpg	roboflow_team128_v5_IMG_0525_jpg.rf.3f49044d3c0e1faf4ebf83a2d50f5df6.jpg	roboflow_team128_v5_IMG_0525_jpg.rf.3f49044d3c0e1faf4ebf83a2d50f5df6.txt	images/train/roboflow_team128_v5_IMG_0525_jpg.rf.3f49044d3c0e1faf4ebf83a2d50f5df6.jpg	labels/train/roboflow_team128_v5_IMG_0525_jpg.rf.3f49044d3c0e1faf4ebf83a2d50f5df6.txt	3024	4032	1	roboflow_team128_v5::roboflow_team128_v5_img_0525_jpg	roboflow_team128_v5_IMG_0525_jpg	2d2738ac76e09bd7bcb31126132fc1126039e24c2245b188f079063ed74f64e3	05828cffa89d69cc1d81ea5f365e5cba2e00c3da36b75eaab2d5af0080854e5b	439	false	
train_clean	train	roboflow_team128_v5	train	Watermelon Detection.v5-raw_annotations.coco-segmentation\train\IMG_0526_jpg.rf.31bf045a38ebf33c7656c52b12f96add.jpg	roboflow_team128_v5_IMG_0526_jpg.rf.31bf045a38ebf33c7656c52b12f96add.jpg	roboflow_team128_v5_IMG_0526_jpg.rf.31bf045a38ebf33c7656c52b12f96add.txt	images/train/roboflow_team128_v5_IMG_0526_jpg.rf.31bf045a38ebf33c7656c52b12f96add.jpg	labels/train/roboflow_team128_v5_IMG_0526_jpg.rf.31bf045a38ebf33c7656c52b12f96add.txt	3024	4032	2	roboflow_team128_v5::roboflow_team128_v5_img_0526_jpg	roboflow_team128_v5_IMG_0526_jpg	62c7a0c1015539f2b58d33d5da9534011b42d0233b682ad571d38cbcebd83be4	224262308d7271a182e7430f39bd373e11891a3624c436dcc78ec5ac49a75ee7	440	false	
train_clean	train	roboflow_team128_v5	test	Watermelon Detection.v5-raw_annotations.coco-segmentation\test\IMG_0527_jpg.rf.70c87c42648fbd30afe16a25e822cb39.jpg	roboflow_team128_v5_IMG_0527_jpg.rf.70c87c42648fbd30afe16a25e822cb39.jpg	roboflow_team128_v5_IMG_0527_jpg.rf.70c87c42648fbd30afe16a25e822cb39.txt	images/train/roboflow_team128_v5_IMG_0527_jpg.rf.70c87c42648fbd30afe16a25e822cb39.jpg	labels/train/roboflow_team128_v5_IMG_0527_jpg.rf.70c87c42648fbd30afe16a25e822cb39.txt	3024	4032	3	roboflow_team128_v5::roboflow_team128_v5_img_0527_jpg	roboflow_team128_v5_IMG_0527_jpg	268dda5feb919847e0a8e19f198dbded3f75436831709480acd9c3d6df935452	8bea6de49582f6a8999c63f5cea7ca849e36cc2c49feee2f1bfe7c5b0040ed32	441	false	
train_clean	train	roboflow_team128_v5	train	Watermelon Detection.v5-raw_annotations.coco-segmentation\train\IMG_0528_jpg.rf.4b6e2496c9c39415f19c1ca289410296.jpg	roboflow_team128_v5_IMG_0528_jpg.rf.4b6e2496c9c39415f19c1ca289410296.jpg	roboflow_team128_v5_IMG_0528_jpg.rf.4b6e2496c9c39415f19c1ca289410296.txt	images/train/roboflow_team128_v5_IMG_0528_jpg.rf.4b6e2496c9c39415f19c1ca289410296.jpg	labels/train/roboflow_team128_v5_IMG_0528_jpg.rf.4b6e2496c9c39415f19c1ca289410296.txt	3024	4032	1	roboflow_team128_v5::roboflow_team128_v5_img_0528_jpg	roboflow_team128_v5_IMG_0528_jpg	6e9aa31995f4d9e4af61deec59e55ea6a4eab6e375ef30f0a2eba14ef5432a54	ee488952a0a941409754da506ee8f33b701fc75da93b7496b66f7c4e967c99e8	442	false	
train_clean	train	roboflow_team128_v5	train	Watermelon Detection.v5-raw_annotations.coco-segmentation\train\IMG_0529_jpg.rf.ae9111cd1bf5cd9f46e76683540982e3.jpg	roboflow_team128_v5_IMG_0529_jpg.rf.ae9111cd1bf5cd9f46e76683540982e3.jpg	roboflow_team128_v5_IMG_0529_jpg.rf.ae9111cd1bf5cd9f46e76683540982e3.txt	images/train/roboflow_team128_v5_IMG_0529_jpg.rf.ae9111cd1bf5cd9f46e76683540982e3.jpg	labels/train/roboflow_team128_v5_IMG_0529_jpg.rf.ae9111cd1bf5cd9f46e76683540982e3.txt	3024	4032	1	roboflow_team128_v5::roboflow_team128_v5_img_0529_jpg	roboflow_team128_v5_IMG_0529_jpg	7fadf107029aa828e559b714b5ab484041fe8516710360076f0513150ce249ab	b9e291aa571a4c14dc1ac8d42b7749c5aa068353a1fe5f401f24751a0144c937	443	false	
train_clean	train	roboflow_team128_v5	valid	Watermelon Detection.v5-raw_annotations.coco-segmentation\valid\IMG_0531_jpg.rf.6693955a4442124793ac508f9766d8d9.jpg	roboflow_team128_v5_IMG_0531_jpg.rf.6693955a4442124793ac508f9766d8d9.jpg	roboflow_team128_v5_IMG_0531_jpg.rf.6693955a4442124793ac508f9766d8d9.txt	images/train/roboflow_team128_v5_IMG_0531_jpg.rf.6693955a4442124793ac508f9766d8d9.jpg	labels/train/roboflow_team128_v5_IMG_0531_jpg.rf.6693955a4442124793ac508f9766d8d9.txt	3024	4032	1	roboflow_team128_v5::roboflow_team128_v5_img_0531_jpg	roboflow_team128_v5_IMG_0531_jpg	b0292de3d60700fb61e18b4e41ffdd172a67f7bf1b6b2cb9c79943cee0ef698a	7dd27817943792c052dfbb0ea16a5025bf3f98b688aca04a1874ce8578f8d5ec	444	false	
train_clean	train	roboflow_team128_v5	train	Watermelon Detection.v5-raw_annotations.coco-segmentation\train\IMG_0533_jpg.rf.0753879b8f0f85c2aaaf7a2a9fd97464.jpg	roboflow_team128_v5_IMG_0533_jpg.rf.0753879b8f0f85c2aaaf7a2a9fd97464.jpg	roboflow_team128_v5_IMG_0533_jpg.rf.0753879b8f0f85c2aaaf7a2a9fd97464.txt	images/train/roboflow_team128_v5_IMG_0533_jpg.rf.0753879b8f0f85c2aaaf7a2a9fd97464.jpg	labels/train/roboflow_team128_v5_IMG_0533_jpg.rf.0753879b8f0f85c2aaaf7a2a9fd97464.txt	3024	4032	2	roboflow_team128_v5::roboflow_team128_v5_img_0533_jpg	roboflow_team128_v5_IMG_0533_jpg	2682fdbe41c5e43a2e0b223c958e031456cadf0ba2d03708678b0c4ec9ce2605	2b14d9af2ac3b9b65c886e1f573794a96f1f8d1a88d9117f8b76bef97fe376a9	445	false	
train_clean	train	roboflow_team128_v5	train	Watermelon Detection.v5-raw_annotations.coco-segmentation\train\IMG_0534_jpg.rf.f7bcba5934b0e8340519b4745cabf1a0.jpg	roboflow_team128_v5_IMG_0534_jpg.rf.f7bcba5934b0e8340519b4745cabf1a0.jpg	roboflow_team128_v5_IMG_0534_jpg.rf.f7bcba5934b0e8340519b4745cabf1a0.txt	images/train/roboflow_team128_v5_IMG_0534_jpg.rf.f7bcba5934b0e8340519b4745cabf1a0.jpg	labels/train/roboflow_team128_v5_IMG_0534_jpg.rf.f7bcba5934b0e8340519b4745cabf1a0.txt	3024	4032	3	roboflow_team128_v5::roboflow_team128_v5_img_0534_jpg	roboflow_team128_v5_IMG_0534_jpg	99e1cca6ddf1562713b4d801ec8b5c554f6a8b0e9c9cb4cee543b4486eb97b10	0ffd74860f17bf771ebfdb344fd96e2b4b5575f1b7cf6696bf35c54a0c12de95	446	false	
train_clean	train	roboflow_team128_v5	valid	Watermelon Detection.v5-raw_annotations.coco-segmentation\valid\IMG_0535_jpg.rf.310f07a7c35dfd782cd28814734af3fd.jpg	roboflow_team128_v5_IMG_0535_jpg.rf.310f07a7c35dfd782cd28814734af3fd.jpg	roboflow_team128_v5_IMG_0535_jpg.rf.310f07a7c35dfd782cd28814734af3fd.txt	images/train/roboflow_team128_v5_IMG_0535_jpg.rf.310f07a7c35dfd782cd28814734af3fd.jpg	labels/train/roboflow_team128_v5_IMG_0535_jpg.rf.310f07a7c35dfd782cd28814734af3fd.txt	3024	4032	1	roboflow_team128_v5::roboflow_team128_v5_img_0535_jpg	roboflow_team128_v5_IMG_0535_jpg	7380eee89376958cac558e491a4cdabc4db1bb988f035db5ef55d0038186b1b2	224240245348db44c0e71e561e134b36c9f41ef1f1d4adef1fe119ce7537a082	447	false	
train_clean	train	roboflow_team128_v5	valid	Watermelon Detection.v5-raw_annotations.coco-segmentation\valid\IMG_0536_jpg.rf.534e995111525fa33a598464a05ee9ae.jpg	roboflow_team128_v5_IMG_0536_jpg.rf.534e995111525fa33a598464a05ee9ae.jpg	roboflow_team128_v5_IMG_0536_jpg.rf.534e995111525fa33a598464a05ee9ae.txt	images/train/roboflow_team128_v5_IMG_0536_jpg.rf.534e995111525fa33a598464a05ee9ae.jpg	labels/train/roboflow_team128_v5_IMG_0536_jpg.rf.534e995111525fa33a598464a05ee9ae.txt	3024	4032	1	roboflow_team128_v5::roboflow_team128_v5_img_0536_jpg	roboflow_team128_v5_IMG_0536_jpg	1089b42bd07af3c7bd75dc8d9128eade3e7e1a511d2cfc44aaeb90f2e120b163	3bbf028030da75cfb6dd7c1d68752f22adc5527e370bf5f61a8bfebb6853e16f	448	false	
train_clean	train	roboflow_team128_v5	train	Watermelon Detection.v5-raw_annotations.coco-segmentation\train\IMG_0537_jpg.rf.6d831690b1c030b1b55b673990d7e361.jpg	roboflow_team128_v5_IMG_0537_jpg.rf.6d831690b1c030b1b55b673990d7e361.jpg	roboflow_team128_v5_IMG_0537_jpg.rf.6d831690b1c030b1b55b673990d7e361.txt	images/train/roboflow_team128_v5_IMG_0537_jpg.rf.6d831690b1c030b1b55b673990d7e361.jpg	labels/train/roboflow_team128_v5_IMG_0537_jpg.rf.6d831690b1c030b1b55b673990d7e361.txt	3024	4032	1	roboflow_team128_v5::roboflow_team128_v5_img_0537_jpg	roboflow_team128_v5_IMG_0537_jpg	429e883e6c8e19cd73318a668fcef1f510af3255fe00c720016192c183b79c7a	686d9ed93db29210f9a1ce785bd37af2e7a46581d1bbbea23486a36f18e71b1d	449	false	
train_clean	train	roboflow_team128_v5	train	Watermelon Detection.v5-raw_annotations.coco-segmentation\train\IMG_0538_jpg.rf.93849dc0049ac8adce39e2d2951465e9.jpg	roboflow_team128_v5_IMG_0538_jpg.rf.93849dc0049ac8adce39e2d2951465e9.jpg	roboflow_team128_v5_IMG_0538_jpg.rf.93849dc0049ac8adce39e2d2951465e9.txt	images/train/roboflow_team128_v5_IMG_0538_jpg.rf.93849dc0049ac8adce39e2d2951465e9.jpg	labels/train/roboflow_team128_v5_IMG_0538_jpg.rf.93849dc0049ac8adce39e2d2951465e9.txt	3024	4032	2	roboflow_team128_v5::roboflow_team128_v5_img_0538_jpg	roboflow_team128_v5_IMG_0538_jpg	d1c5a660b22f2158e3aa15024e6e0d500798cbc7822d1a3c6e56c48d59eb44eb	90b67c9e31f450486de0984fdd3a93890628092499235ec938c71b8c8c4d617f	450	false	
train_clean	train	roboflow_team128_v5	train	Watermelon Detection.v5-raw_annotations.coco-segmentation\train\IMG_0539_jpg.rf.2dc067d7e41f053887599101197c181d.jpg	roboflow_team128_v5_IMG_0539_jpg.rf.2dc067d7e41f053887599101197c181d.jpg	roboflow_team128_v5_IMG_0539_jpg.rf.2dc067d7e41f053887599101197c181d.txt	images/train/roboflow_team128_v5_IMG_0539_jpg.rf.2dc067d7e41f053887599101197c181d.jpg	labels/train/roboflow_team128_v5_IMG_0539_jpg.rf.2dc067d7e41f053887599101197c181d.txt	3024	4032	2	roboflow_team128_v5::roboflow_team128_v5_img_0539_jpg	roboflow_team128_v5_IMG_0539_jpg	376238e5e268a272793b40099ab5590426105f1376071b792570356712eec732	7e1d674f8d7453099d00ade33b4174328f8ddcc05263f863b81487e5d148d428	451	false	
train_clean	train	roboflow_team128_v5	train	Watermelon Detection.v5-raw_annotations.coco-segmentation\train\IMG_0540_jpg.rf.70cbf3900c8ef09ebeb4f89caffde888.jpg	roboflow_team128_v5_IMG_0540_jpg.rf.70cbf3900c8ef09ebeb4f89caffde888.jpg	roboflow_team128_v5_IMG_0540_jpg.rf.70cbf3900c8ef09ebeb4f89caffde888.txt	images/train/roboflow_team128_v5_IMG_0540_jpg.rf.70cbf3900c8ef09ebeb4f89caffde888.jpg	labels/train/roboflow_team128_v5_IMG_0540_jpg.rf.70cbf3900c8ef09ebeb4f89caffde888.txt	3024	4032	3	roboflow_team128_v5::roboflow_team128_v5_img_0540_jpg	roboflow_team128_v5_IMG_0540_jpg	4bbbc04bb443bb3b18caa8d022ad8b3e4669468cca53f5ce7ba4d2275fdd8d21	8fde95493e156b293b9d06670a261c11f06f2409345966f3fd5df93932050a15	452	false	
train_clean	train	roboflow_team128_v5	valid	Watermelon Detection.v5-raw_annotations.coco-segmentation\valid\IMG_0541_jpg.rf.34b854cc587390ee5b35b2129035262b.jpg	roboflow_team128_v5_IMG_0541_jpg.rf.34b854cc587390ee5b35b2129035262b.jpg	roboflow_team128_v5_IMG_0541_jpg.rf.34b854cc587390ee5b35b2129035262b.txt	images/train/roboflow_team128_v5_IMG_0541_jpg.rf.34b854cc587390ee5b35b2129035262b.jpg	labels/train/roboflow_team128_v5_IMG_0541_jpg.rf.34b854cc587390ee5b35b2129035262b.txt	3024	4032	2	roboflow_team128_v5::roboflow_team128_v5_img_0541_jpg	roboflow_team128_v5_IMG_0541_jpg	4cf531da6b74ac904f5f546a55543ec5580ef92d8a80097c5c3e90e045abf517	782c05aa93d7f4739b68f384ae7fb1f0eb4c7bea38ab3f91dc5795a4bec9d63c	453	false	
train_clean	train	roboflow_team128_v5	train	Watermelon Detection.v5-raw_annotations.coco-segmentation\train\IMG_0542_jpg.rf.484010233cd8cee7463ae522dae6076b.jpg	roboflow_team128_v5_IMG_0542_jpg.rf.484010233cd8cee7463ae522dae6076b.jpg	roboflow_team128_v5_IMG_0542_jpg.rf.484010233cd8cee7463ae522dae6076b.txt	images/train/roboflow_team128_v5_IMG_0542_jpg.rf.484010233cd8cee7463ae522dae6076b.jpg	labels/train/roboflow_team128_v5_IMG_0542_jpg.rf.484010233cd8cee7463ae522dae6076b.txt	3024	4032	2	roboflow_team128_v5::roboflow_team128_v5_img_0542_jpg	roboflow_team128_v5_IMG_0542_jpg	8f47e5f4f67f6dccf4eca99be3c32d9a6a7b73371a84c3eca2fee585db8f146a	3a27a62a7ca50c3a0abda0e678ae5c97fbaa5788dd48a8ff0875a10651e80cbf	454	false	
train_clean	train	roboflow_team128_v5	train	Watermelon Detection.v5-raw_annotations.coco-segmentation\train\IMG_0543_jpg.rf.878217af3c1ac83eba85b8dae439b351.jpg	roboflow_team128_v5_IMG_0543_jpg.rf.878217af3c1ac83eba85b8dae439b351.jpg	roboflow_team128_v5_IMG_0543_jpg.rf.878217af3c1ac83eba85b8dae439b351.txt	images/train/roboflow_team128_v5_IMG_0543_jpg.rf.878217af3c1ac83eba85b8dae439b351.jpg	labels/train/roboflow_team128_v5_IMG_0543_jpg.rf.878217af3c1ac83eba85b8dae439b351.txt	3024	4032	1	roboflow_team128_v5::roboflow_team128_v5_img_0543_jpg	roboflow_team128_v5_IMG_0543_jpg	b38a2c9a593c93470fc00647a0beed52f12a5b6f7dd3a3387e6dcae9d604fcc0	9026b0b0e4e97a98b3a563aef55ce7b858e144c1b9280c4688928b1146dff37c	455	false	
train_clean	train	roboflow_team128_v5	train	Watermelon Detection.v5-raw_annotations.coco-segmentation\train\IMG_0544_jpg.rf.272913fa675de9c1849bc99eeb6a2cec.jpg	roboflow_team128_v5_IMG_0544_jpg.rf.272913fa675de9c1849bc99eeb6a2cec.jpg	roboflow_team128_v5_IMG_0544_jpg.rf.272913fa675de9c1849bc99eeb6a2cec.txt	images/train/roboflow_team128_v5_IMG_0544_jpg.rf.272913fa675de9c1849bc99eeb6a2cec.jpg	labels/train/roboflow_team128_v5_IMG_0544_jpg.rf.272913fa675de9c1849bc99eeb6a2cec.txt	3024	4032	2	roboflow_team128_v5::roboflow_team128_v5_img_0544_jpg	roboflow_team128_v5_IMG_0544_jpg	98650570297ce91b7c0403fee4a4a62765b54604667a6f7cb1fd8b0cd7a9cc29	0419d5ebb6963ee102148073a4c7d1aeabfc16e2793a82ecf7e2a9dc71bd282b	456	false	
train_clean	train	roboflow_team128_v5	train	Watermelon Detection.v5-raw_annotations.coco-segmentation\train\IMG_0545_jpg.rf.f9d920533777c65aac94c8ec84f976ed.jpg	roboflow_team128_v5_IMG_0545_jpg.rf.f9d920533777c65aac94c8ec84f976ed.jpg	roboflow_team128_v5_IMG_0545_jpg.rf.f9d920533777c65aac94c8ec84f976ed.txt	images/train/roboflow_team128_v5_IMG_0545_jpg.rf.f9d920533777c65aac94c8ec84f976ed.jpg	labels/train/roboflow_team128_v5_IMG_0545_jpg.rf.f9d920533777c65aac94c8ec84f976ed.txt	3024	4032	3	roboflow_team128_v5::roboflow_team128_v5_img_0545_jpg	roboflow_team128_v5_IMG_0545_jpg	81722cb7329c2ae4494a810e7d924e0a223396fc7e5e31a4d336b3ff64aeb0c9	e4c9e4c0683f07531f9794712ae089baa44973a347043d0caeadd7be7481b275	457	false	
train_clean	train	roboflow_team128_v5	valid	Watermelon Detection.v5-raw_annotations.coco-segmentation\valid\IMG_0547_jpg.rf.8b9a0ad11e0ba7ce6d63c01457ee5137.jpg	roboflow_team128_v5_IMG_0547_jpg.rf.8b9a0ad11e0ba7ce6d63c01457ee5137.jpg	roboflow_team128_v5_IMG_0547_jpg.rf.8b9a0ad11e0ba7ce6d63c01457ee5137.txt	images/train/roboflow_team128_v5_IMG_0547_jpg.rf.8b9a0ad11e0ba7ce6d63c01457ee5137.jpg	labels/train/roboflow_team128_v5_IMG_0547_jpg.rf.8b9a0ad11e0ba7ce6d63c01457ee5137.txt	3024	4032	1	roboflow_team128_v5::roboflow_team128_v5_img_0547_jpg	roboflow_team128_v5_IMG_0547_jpg	ec6d91dec1c62a9e8a76ceb33b4b673c1f7abfe8ca1a72c63a816b7c014bea88	04ae57c0e08a118db31a6dbe56f6c00f1c7ff1dd402e7a9e71e089beb8b0e45a	458	false	
train_clean	train	roboflow_team128_v5	train	Watermelon Detection.v5-raw_annotations.coco-segmentation\train\IMG_0549_jpg.rf.d3cf40bf716d360ab915069c7f011afb.jpg	roboflow_team128_v5_IMG_0549_jpg.rf.d3cf40bf716d360ab915069c7f011afb.jpg	roboflow_team128_v5_IMG_0549_jpg.rf.d3cf40bf716d360ab915069c7f011afb.txt	images/train/roboflow_team128_v5_IMG_0549_jpg.rf.d3cf40bf716d360ab915069c7f011afb.jpg	labels/train/roboflow_team128_v5_IMG_0549_jpg.rf.d3cf40bf716d360ab915069c7f011afb.txt	3024	4032	2	roboflow_team128_v5::roboflow_team128_v5_img_0549_jpg	roboflow_team128_v5_IMG_0549_jpg	492a740948a5848263f2f44464cf8c9a9ff486b598ac70a54e1de793b1659816	f34038ee74eb0188f43d470893d1c654e04dec957460b3c8d2e8b4826f8d4e91	459	false	
train_clean	train	roboflow_team128_v5	train	Watermelon Detection.v5-raw_annotations.coco-segmentation\train\IMG_0550_jpg.rf.77c4df721637c60572cb7c229f6cbc78.jpg	roboflow_team128_v5_IMG_0550_jpg.rf.77c4df721637c60572cb7c229f6cbc78.jpg	roboflow_team128_v5_IMG_0550_jpg.rf.77c4df721637c60572cb7c229f6cbc78.txt	images/train/roboflow_team128_v5_IMG_0550_jpg.rf.77c4df721637c60572cb7c229f6cbc78.jpg	labels/train/roboflow_team128_v5_IMG_0550_jpg.rf.77c4df721637c60572cb7c229f6cbc78.txt	3024	4032	5	roboflow_team128_v5::roboflow_team128_v5_img_0550_jpg	roboflow_team128_v5_IMG_0550_jpg	ed033fd3a046d54b5ca3c9a4a9d0e65babbf8be65376308b4c68ba92ebb6516e	da811f5eafb57d39bf08cbbe8d63b4acb45654d14bf9f67ab28765ac56a3470b	460	false	
train_clean	train	roboflow_team128_v5	test	Watermelon Detection.v5-raw_annotations.coco-segmentation\test\IMG_0552_jpg.rf.fe6679c496d696a34cb2fcdb304fce9c.jpg	roboflow_team128_v5_IMG_0552_jpg.rf.fe6679c496d696a34cb2fcdb304fce9c.jpg	roboflow_team128_v5_IMG_0552_jpg.rf.fe6679c496d696a34cb2fcdb304fce9c.txt	images/train/roboflow_team128_v5_IMG_0552_jpg.rf.fe6679c496d696a34cb2fcdb304fce9c.jpg	labels/train/roboflow_team128_v5_IMG_0552_jpg.rf.fe6679c496d696a34cb2fcdb304fce9c.txt	3024	4032	2	roboflow_team128_v5::roboflow_team128_v5_img_0552_jpg	roboflow_team128_v5_IMG_0552_jpg	6b8c2801b0890206e38fd8beac0436e1d644a80fd39ea2f1ef47c88098d80a08	082d90d593f9dcff39da08b780de1026b7bf18a4aea82c8fe636856a3b3926d4	461	false	
train_clean	train	roboflow_team128_v5	train	Watermelon Detection.v5-raw_annotations.coco-segmentation\train\IMG_0555_jpg.rf.047bcddb2a28cd2bfb2ffeed7456a0cf.jpg	roboflow_team128_v5_IMG_0555_jpg.rf.047bcddb2a28cd2bfb2ffeed7456a0cf.jpg	roboflow_team128_v5_IMG_0555_jpg.rf.047bcddb2a28cd2bfb2ffeed7456a0cf.txt	images/train/roboflow_team128_v5_IMG_0555_jpg.rf.047bcddb2a28cd2bfb2ffeed7456a0cf.jpg	labels/train/roboflow_team128_v5_IMG_0555_jpg.rf.047bcddb2a28cd2bfb2ffeed7456a0cf.txt	3024	4032	1	roboflow_team128_v5::roboflow_team128_v5_img_0555_jpg	roboflow_team128_v5_IMG_0555_jpg	c1a255ddef90c2803d3982e18c78b834707784b42ba43fab574b2eb6f947b3d6	ed989a0b97ebc9f2499d66e3aa320c224bdcc949e94b85e1613aa50c29ee6270	462	false	
train_clean	train	roboflow_team128_v5	test	Watermelon Detection.v5-raw_annotations.coco-segmentation\test\IMG_0556_jpg.rf.254ac0b4d9d132738f2d6bf6ae4ccd59.jpg	roboflow_team128_v5_IMG_0556_jpg.rf.254ac0b4d9d132738f2d6bf6ae4ccd59.jpg	roboflow_team128_v5_IMG_0556_jpg.rf.254ac0b4d9d132738f2d6bf6ae4ccd59.txt	images/train/roboflow_team128_v5_IMG_0556_jpg.rf.254ac0b4d9d132738f2d6bf6ae4ccd59.jpg	labels/train/roboflow_team128_v5_IMG_0556_jpg.rf.254ac0b4d9d132738f2d6bf6ae4ccd59.txt	3024	4032	1	roboflow_team128_v5::roboflow_team128_v5_img_0556_jpg	roboflow_team128_v5_IMG_0556_jpg	f3fb99d39bc2ef694493ecfd4970471a00138bccff39e73ae6874efc50ea8e02	1cbdc35a4ed25c771d0a2f682e91ca52d88ffaff1e33b55499ede172da5781a8	463	false	
train_clean	train	roboflow_team128_v5	train	Watermelon Detection.v5-raw_annotations.coco-segmentation\train\IMG_0557_jpg.rf.7892b9cbc2ad8b86b5c8847fe38b5690.jpg	roboflow_team128_v5_IMG_0557_jpg.rf.7892b9cbc2ad8b86b5c8847fe38b5690.jpg	roboflow_team128_v5_IMG_0557_jpg.rf.7892b9cbc2ad8b86b5c8847fe38b5690.txt	images/train/roboflow_team128_v5_IMG_0557_jpg.rf.7892b9cbc2ad8b86b5c8847fe38b5690.jpg	labels/train/roboflow_team128_v5_IMG_0557_jpg.rf.7892b9cbc2ad8b86b5c8847fe38b5690.txt	3024	4032	4	roboflow_team128_v5::roboflow_team128_v5_img_0557_jpg	roboflow_team128_v5_IMG_0557_jpg	603b684b8546185f5e52142ef2d8eff0ce27a18058134db0961f36616246c2dc	8b8fb22d4a71ba908eaf0afc7d54d8e2e78f273bed3ceef492f0e737fdc513f5	464	false	
train_clean	train	roboflow_team128_v5	train	Watermelon Detection.v5-raw_annotations.coco-segmentation\train\IMG_0560_jpg.rf.8bf9422c75e8321a6224c55a52dad288.jpg	roboflow_team128_v5_IMG_0560_jpg.rf.8bf9422c75e8321a6224c55a52dad288.jpg	roboflow_team128_v5_IMG_0560_jpg.rf.8bf9422c75e8321a6224c55a52dad288.txt	images/train/roboflow_team128_v5_IMG_0560_jpg.rf.8bf9422c75e8321a6224c55a52dad288.jpg	labels/train/roboflow_team128_v5_IMG_0560_jpg.rf.8bf9422c75e8321a6224c55a52dad288.txt	3024	4032	2	roboflow_team128_v5::roboflow_team128_v5_img_0560_jpg	roboflow_team128_v5_IMG_0560_jpg	b16ee0435bc63d69ca69ee5b15a9a4153216f0be7bfa375358a8ecc1a4559515	3a9a98eff1e09bdd27aa58010ab86f7516ac425efe0199d016a0505da9e32def	465	false	
train_clean	train	roboflow_team128_v5	train	Watermelon Detection.v5-raw_annotations.coco-segmentation\train\IMG_0561_jpg.rf.5912857c1394dd2b3c1367a2bcde0ec2.jpg	roboflow_team128_v5_IMG_0561_jpg.rf.5912857c1394dd2b3c1367a2bcde0ec2.jpg	roboflow_team128_v5_IMG_0561_jpg.rf.5912857c1394dd2b3c1367a2bcde0ec2.txt	images/train/roboflow_team128_v5_IMG_0561_jpg.rf.5912857c1394dd2b3c1367a2bcde0ec2.jpg	labels/train/roboflow_team128_v5_IMG_0561_jpg.rf.5912857c1394dd2b3c1367a2bcde0ec2.txt	3024	4032	1	roboflow_team128_v5::roboflow_team128_v5_img_0561_jpg	roboflow_team128_v5_IMG_0561_jpg	67e52d43a6a12a39ed3f3e5f668fae94d09c2bfe409d4c6ad2964966238e0544	d97c2084a0b832cd00a686342ecb602a3c779fde462d8d6f1d00400b541b7d2c	466	false	
train_clean	train	roboflow_team128_v5	train	Watermelon Detection.v5-raw_annotations.coco-segmentation\train\IMG_0563_jpg.rf.d8da1bec0e3511f710cfd3e459dcfb6b.jpg	roboflow_team128_v5_IMG_0563_jpg.rf.d8da1bec0e3511f710cfd3e459dcfb6b.jpg	roboflow_team128_v5_IMG_0563_jpg.rf.d8da1bec0e3511f710cfd3e459dcfb6b.txt	images/train/roboflow_team128_v5_IMG_0563_jpg.rf.d8da1bec0e3511f710cfd3e459dcfb6b.jpg	labels/train/roboflow_team128_v5_IMG_0563_jpg.rf.d8da1bec0e3511f710cfd3e459dcfb6b.txt	3024	4032	2	roboflow_team128_v5::roboflow_team128_v5_img_0563_jpg	roboflow_team128_v5_IMG_0563_jpg	24c62ae4f67519508af28b8426f823234fb49abf3f94b515babeaaf0a2c81595	b2f54e00a3710ca73aac18418c8702c55409b67e8f7f9999bee8ccb139797af6	467	false	
train_clean	train	roboflow_team128_v5	test	Watermelon Detection.v5-raw_annotations.coco-segmentation\test\IMG_0564_jpg.rf.e690d7f470edc119ad47c2ced250fa2e.jpg	roboflow_team128_v5_IMG_0564_jpg.rf.e690d7f470edc119ad47c2ced250fa2e.jpg	roboflow_team128_v5_IMG_0564_jpg.rf.e690d7f470edc119ad47c2ced250fa2e.txt	images/train/roboflow_team128_v5_IMG_0564_jpg.rf.e690d7f470edc119ad47c2ced250fa2e.jpg	labels/train/roboflow_team128_v5_IMG_0564_jpg.rf.e690d7f470edc119ad47c2ced250fa2e.txt	3024	4032	4	roboflow_team128_v5::roboflow_team128_v5_img_0564_jpg	roboflow_team128_v5_IMG_0564_jpg	de0388dadd5d7d77fd380028eedf473008a334c6193ae2650ae8049757a96615	4735caf038d5aae81606ea3bc75ea605e4244af8b467de5be90e76bf6a2831e6	468	false	
train_clean	train	roboflow_team128_v5	train	Watermelon Detection.v5-raw_annotations.coco-segmentation\train\IMG_0565_jpg.rf.9216a8ead3fc4389bb529ab3ff3a9bb1.jpg	roboflow_team128_v5_IMG_0565_jpg.rf.9216a8ead3fc4389bb529ab3ff3a9bb1.jpg	roboflow_team128_v5_IMG_0565_jpg.rf.9216a8ead3fc4389bb529ab3ff3a9bb1.txt	images/train/roboflow_team128_v5_IMG_0565_jpg.rf.9216a8ead3fc4389bb529ab3ff3a9bb1.jpg	labels/train/roboflow_team128_v5_IMG_0565_jpg.rf.9216a8ead3fc4389bb529ab3ff3a9bb1.txt	3024	4032	2	roboflow_team128_v5::roboflow_team128_v5_img_0565_jpg	roboflow_team128_v5_IMG_0565_jpg	8b4d6df648a71ef64e686b397f757c6778a9b9ccf8f27d79450705e9d159dab0	8d58453c9f4eb2ee9f5e8acb45ac346e5449c25184490658cfa14ece6ce28f09	469	false	
train_clean	train	roboflow_team128_v5	train	Watermelon Detection.v5-raw_annotations.coco-segmentation\train\IMG_0566_jpg.rf.56272af13b781a386b236147f03e59c4.jpg	roboflow_team128_v5_IMG_0566_jpg.rf.56272af13b781a386b236147f03e59c4.jpg	roboflow_team128_v5_IMG_0566_jpg.rf.56272af13b781a386b236147f03e59c4.txt	images/train/roboflow_team128_v5_IMG_0566_jpg.rf.56272af13b781a386b236147f03e59c4.jpg	labels/train/roboflow_team128_v5_IMG_0566_jpg.rf.56272af13b781a386b236147f03e59c4.txt	3024	4032	1	roboflow_team128_v5::roboflow_team128_v5_img_0566_jpg	roboflow_team128_v5_IMG_0566_jpg	fa63309a22d441a9d5dcc5e066270dbc92adcf2538f648fb0808a513d8699efb	a44d8aa2f2c86af50f7e4b84623228a5a97dc9147901ab9c56f6339fce558a03	470	false	
train_clean	train	roboflow_team128_v5	train	Watermelon Detection.v5-raw_annotations.coco-segmentation\train\IMG_0568_jpg.rf.2ae4924b91fa55cb0055d6fbb65fe21f.jpg	roboflow_team128_v5_IMG_0568_jpg.rf.2ae4924b91fa55cb0055d6fbb65fe21f.jpg	roboflow_team128_v5_IMG_0568_jpg.rf.2ae4924b91fa55cb0055d6fbb65fe21f.txt	images/train/roboflow_team128_v5_IMG_0568_jpg.rf.2ae4924b91fa55cb0055d6fbb65fe21f.jpg	labels/train/roboflow_team128_v5_IMG_0568_jpg.rf.2ae4924b91fa55cb0055d6fbb65fe21f.txt	3024	4032	1	roboflow_team128_v5::roboflow_team128_v5_img_0568_jpg	roboflow_team128_v5_IMG_0568_jpg	ec7a46777fa360716b2dd4de0b7430d2bce1df47cbff8ed9c3a61a246f623e55	f7790b747bef3739396de703dd44b412f1805251355a2a9cfe65106670568a39	471	false	
train_clean	train	roboflow_team128_v5	train	Watermelon Detection.v5-raw_annotations.coco-segmentation\train\IMG_0569_jpg.rf.7d11f4319c9deaebc25fa5b96c0dddfc.jpg	roboflow_team128_v5_IMG_0569_jpg.rf.7d11f4319c9deaebc25fa5b96c0dddfc.jpg	roboflow_team128_v5_IMG_0569_jpg.rf.7d11f4319c9deaebc25fa5b96c0dddfc.txt	images/train/roboflow_team128_v5_IMG_0569_jpg.rf.7d11f4319c9deaebc25fa5b96c0dddfc.jpg	labels/train/roboflow_team128_v5_IMG_0569_jpg.rf.7d11f4319c9deaebc25fa5b96c0dddfc.txt	3024	4032	4	roboflow_team128_v5::roboflow_team128_v5_img_0569_jpg	roboflow_team128_v5_IMG_0569_jpg	bee2f87a7f38b2c6dd6fce4c24d9ab0c9227ce3bbe44754fece662664e27e1e0	b87328f80821a74b0dc2e020b64701f2294442cc289a531245fbb2ba834ce879	472	false	
train_clean	train	roboflow_team128_v5	train	Watermelon Detection.v5-raw_annotations.coco-segmentation\train\IMG_0570_jpg.rf.eddb02ab79ba27ba9b68116e86200184.jpg	roboflow_team128_v5_IMG_0570_jpg.rf.eddb02ab79ba27ba9b68116e86200184.jpg	roboflow_team128_v5_IMG_0570_jpg.rf.eddb02ab79ba27ba9b68116e86200184.txt	images/train/roboflow_team128_v5_IMG_0570_jpg.rf.eddb02ab79ba27ba9b68116e86200184.jpg	labels/train/roboflow_team128_v5_IMG_0570_jpg.rf.eddb02ab79ba27ba9b68116e86200184.txt	3024	4032	1	roboflow_team128_v5::roboflow_team128_v5_img_0570_jpg	roboflow_team128_v5_IMG_0570_jpg	68255f44ab35d82cc0e6b242c09020d89efe6c0099ab69a86c0b2cdce0ba7f55	46d567a05d5543b86d2cd888efdbb0bb962bf8901ebc52703d84b89dddd36cf9	473	false	
train_clean	train	roboflow_team128_v5	valid	Watermelon Detection.v5-raw_annotations.coco-segmentation\valid\IMG_0575_jpg.rf.1df256e35f6a9d1e913842df4a164a06.jpg	roboflow_team128_v5_IMG_0575_jpg.rf.1df256e35f6a9d1e913842df4a164a06.jpg	roboflow_team128_v5_IMG_0575_jpg.rf.1df256e35f6a9d1e913842df4a164a06.txt	images/train/roboflow_team128_v5_IMG_0575_jpg.rf.1df256e35f6a9d1e913842df4a164a06.jpg	labels/train/roboflow_team128_v5_IMG_0575_jpg.rf.1df256e35f6a9d1e913842df4a164a06.txt	3024	4032	1	roboflow_team128_v5::roboflow_team128_v5_img_0575_jpg	roboflow_team128_v5_IMG_0575_jpg	7d5dce2f1498cce0283b03763bcb6e70cce482333263648e3030d9be4a7819e1	4756fd296a312915a176f8939abd34569f3d1e48545a7f6e8447269dcaf067d6	474	false	
train_clean	train	roboflow_team128_v5	valid	Watermelon Detection.v5-raw_annotations.coco-segmentation\valid\IMG_0576_jpg.rf.8b2f53d2de5f0b44756ceb6ff16d61d4.jpg	roboflow_team128_v5_IMG_0576_jpg.rf.8b2f53d2de5f0b44756ceb6ff16d61d4.jpg	roboflow_team128_v5_IMG_0576_jpg.rf.8b2f53d2de5f0b44756ceb6ff16d61d4.txt	images/train/roboflow_team128_v5_IMG_0576_jpg.rf.8b2f53d2de5f0b44756ceb6ff16d61d4.jpg	labels/train/roboflow_team128_v5_IMG_0576_jpg.rf.8b2f53d2de5f0b44756ceb6ff16d61d4.txt	3024	4032	1	roboflow_team128_v5::roboflow_team128_v5_img_0576_jpg	roboflow_team128_v5_IMG_0576_jpg	5043d40250eceec43bcda0f12981c6974081ef06e1874b81d67d94b7984c0ed1	8eca3ef4d1b5a2bdd4c38f503130e61f3de64dd2b0f238a560576526a6335618	475	false	
train_clean	train	roboflow_team128_v5	train	Watermelon Detection.v5-raw_annotations.coco-segmentation\train\IMG_0577_jpg.rf.d9f17aa1fd8b702acddd0123c5ee97ad.jpg	roboflow_team128_v5_IMG_0577_jpg.rf.d9f17aa1fd8b702acddd0123c5ee97ad.jpg	roboflow_team128_v5_IMG_0577_jpg.rf.d9f17aa1fd8b702acddd0123c5ee97ad.txt	images/train/roboflow_team128_v5_IMG_0577_jpg.rf.d9f17aa1fd8b702acddd0123c5ee97ad.jpg	labels/train/roboflow_team128_v5_IMG_0577_jpg.rf.d9f17aa1fd8b702acddd0123c5ee97ad.txt	3024	4032	1	roboflow_team128_v5::roboflow_team128_v5_img_0577_jpg	roboflow_team128_v5_IMG_0577_jpg	4115b4bfe9d05a07417da1d17df95103d29866c36c05922d5e90ee5d756e8bc7	996efdee9008f837c7b9299a0552c6706102db83743d5ca75cca40047fff267a	476	false	
train_clean	train	roboflow_team128_v5	valid	Watermelon Detection.v5-raw_annotations.coco-segmentation\valid\IMG_0580_jpg.rf.c0a6d2efe6505c4dab10333847f414ba.jpg	roboflow_team128_v5_IMG_0580_jpg.rf.c0a6d2efe6505c4dab10333847f414ba.jpg	roboflow_team128_v5_IMG_0580_jpg.rf.c0a6d2efe6505c4dab10333847f414ba.txt	images/train/roboflow_team128_v5_IMG_0580_jpg.rf.c0a6d2efe6505c4dab10333847f414ba.jpg	labels/train/roboflow_team128_v5_IMG_0580_jpg.rf.c0a6d2efe6505c4dab10333847f414ba.txt	3024	4032	3	roboflow_team128_v5::roboflow_team128_v5_img_0580_jpg	roboflow_team128_v5_IMG_0580_jpg	48cee3737019447414e8d724c9796847b11559ecc2c2d03b955b9f01ddb290c4	9bd0c94823512016e1e54e1d1ac2117e18590708722b47136f5027a7577e1c0c	477	false	
train_clean	train	roboflow_team128_v5	train	Watermelon Detection.v5-raw_annotations.coco-segmentation\train\IMG_0581_jpg.rf.51afcba2826be9e277f3fcf0ed47f50b.jpg	roboflow_team128_v5_IMG_0581_jpg.rf.51afcba2826be9e277f3fcf0ed47f50b.jpg	roboflow_team128_v5_IMG_0581_jpg.rf.51afcba2826be9e277f3fcf0ed47f50b.txt	images/train/roboflow_team128_v5_IMG_0581_jpg.rf.51afcba2826be9e277f3fcf0ed47f50b.jpg	labels/train/roboflow_team128_v5_IMG_0581_jpg.rf.51afcba2826be9e277f3fcf0ed47f50b.txt	3024	4032	5	roboflow_team128_v5::roboflow_team128_v5_img_0581_jpg	roboflow_team128_v5_IMG_0581_jpg	a01d48e20504cabf0ddb5d2a003bc85169aa6763c96388e7cab4dbf261538060	8a5036292ed7b62193eb11a5c6c2f4ac1030b81614e08621428d019377ddd624	478	false	
train_clean	train	roboflow_team128_v5	train	Watermelon Detection.v5-raw_annotations.coco-segmentation\train\IMG_0583_jpg.rf.342a2d6867f4efc4624a4236cc4ebdd4.jpg	roboflow_team128_v5_IMG_0583_jpg.rf.342a2d6867f4efc4624a4236cc4ebdd4.jpg	roboflow_team128_v5_IMG_0583_jpg.rf.342a2d6867f4efc4624a4236cc4ebdd4.txt	images/train/roboflow_team128_v5_IMG_0583_jpg.rf.342a2d6867f4efc4624a4236cc4ebdd4.jpg	labels/train/roboflow_team128_v5_IMG_0583_jpg.rf.342a2d6867f4efc4624a4236cc4ebdd4.txt	3024	4032	5	roboflow_team128_v5::roboflow_team128_v5_img_0583_jpg	roboflow_team128_v5_IMG_0583_jpg	540996076a7156ffc89b20263010a5da374a2fb7829fe62fd68083d2ad033881	73c49ac898c9ad80270914b3924e024b25788b0f9a5a5482349110da64ae7ea3	479	false	
train_clean	train	roboflow_team128_v5	train	Watermelon Detection.v5-raw_annotations.coco-segmentation\train\IMG_0584_jpg.rf.cc1c50266931557a13cf90a934cfab85.jpg	roboflow_team128_v5_IMG_0584_jpg.rf.cc1c50266931557a13cf90a934cfab85.jpg	roboflow_team128_v5_IMG_0584_jpg.rf.cc1c50266931557a13cf90a934cfab85.txt	images/train/roboflow_team128_v5_IMG_0584_jpg.rf.cc1c50266931557a13cf90a934cfab85.jpg	labels/train/roboflow_team128_v5_IMG_0584_jpg.rf.cc1c50266931557a13cf90a934cfab85.txt	3024	4032	3	roboflow_team128_v5::roboflow_team128_v5_img_0584_jpg	roboflow_team128_v5_IMG_0584_jpg	2ffc8f02ec834199a8364bfc5572662611a0addc6b1cce840418486076348a1c	58954c6e32eb4775830a616fb1dd8d014d7dbee6165908ff9cf9750e8ec340a4	480	false	
train_clean	train	roboflow_team128_v5	train	Watermelon Detection.v5-raw_annotations.coco-segmentation\train\IMG_0585_jpg.rf.e4e6cd253dc496f80313018cef983c8b.jpg	roboflow_team128_v5_IMG_0585_jpg.rf.e4e6cd253dc496f80313018cef983c8b.jpg	roboflow_team128_v5_IMG_0585_jpg.rf.e4e6cd253dc496f80313018cef983c8b.txt	images/train/roboflow_team128_v5_IMG_0585_jpg.rf.e4e6cd253dc496f80313018cef983c8b.jpg	labels/train/roboflow_team128_v5_IMG_0585_jpg.rf.e4e6cd253dc496f80313018cef983c8b.txt	3024	4032	3	roboflow_team128_v5::roboflow_team128_v5_img_0585_jpg	roboflow_team128_v5_IMG_0585_jpg	902db56c3abc5a6428128c9e8a2b6ec00e6b52b53915ca068aa73917fd6240cb	cd3163cea59e1bf8345b7d96e705c1a59ebba9fe003a88ca721243d91035e734	481	false	
train_clean	train	roboflow_team128_v5	valid	Watermelon Detection.v5-raw_annotations.coco-segmentation\valid\IMG_0589_jpg.rf.1007db406c0fa15bd4bef94933d2a7ad.jpg	roboflow_team128_v5_IMG_0589_jpg.rf.1007db406c0fa15bd4bef94933d2a7ad.jpg	roboflow_team128_v5_IMG_0589_jpg.rf.1007db406c0fa15bd4bef94933d2a7ad.txt	images/train/roboflow_team128_v5_IMG_0589_jpg.rf.1007db406c0fa15bd4bef94933d2a7ad.jpg	labels/train/roboflow_team128_v5_IMG_0589_jpg.rf.1007db406c0fa15bd4bef94933d2a7ad.txt	3024	4032	1	roboflow_team128_v5::roboflow_team128_v5_img_0589_jpg	roboflow_team128_v5_IMG_0589_jpg	6dbe039bd124fdd294edec1560ed327b377467e0312223670a86f5967c9bf51a	bfeddd28918e97f7518b59cf74fa11e469c63fe3c0f692b06258ee7d50834ac5	482	false	
train_clean	train	roboflow_team128_v5	train	Watermelon Detection.v5-raw_annotations.coco-segmentation\train\IMG_0590_jpg.rf.94f1926da7e71469d057606ad182855e.jpg	roboflow_team128_v5_IMG_0590_jpg.rf.94f1926da7e71469d057606ad182855e.jpg	roboflow_team128_v5_IMG_0590_jpg.rf.94f1926da7e71469d057606ad182855e.txt	images/train/roboflow_team128_v5_IMG_0590_jpg.rf.94f1926da7e71469d057606ad182855e.jpg	labels/train/roboflow_team128_v5_IMG_0590_jpg.rf.94f1926da7e71469d057606ad182855e.txt	3024	4032	7	roboflow_team128_v5::roboflow_team128_v5_img_0590_jpg	roboflow_team128_v5_IMG_0590_jpg	bb1b71d986c7c46436c30badafffca4f407f4d25b51b88794cb5303890a06615	aa2b3fd7de764b4412cef9b3daa0f03ea03931a96403e65274e693953c56439f	483	false	
train_clean	train	roboflow_team128_v5	valid	Watermelon Detection.v5-raw_annotations.coco-segmentation\valid\IMG_0591_jpg.rf.e5b2eee1d85050c8e25f83e4aa8a4898.jpg	roboflow_team128_v5_IMG_0591_jpg.rf.e5b2eee1d85050c8e25f83e4aa8a4898.jpg	roboflow_team128_v5_IMG_0591_jpg.rf.e5b2eee1d85050c8e25f83e4aa8a4898.txt	images/train/roboflow_team128_v5_IMG_0591_jpg.rf.e5b2eee1d85050c8e25f83e4aa8a4898.jpg	labels/train/roboflow_team128_v5_IMG_0591_jpg.rf.e5b2eee1d85050c8e25f83e4aa8a4898.txt	3024	4032	1	roboflow_team128_v5::roboflow_team128_v5_img_0591_jpg	roboflow_team128_v5_IMG_0591_jpg	15a63118f0bdc7c0152b1320526a662d13564c7b3398ca9b894956919dbd23e8	29d1356f9ac3aa69b2ccbb98eb4409964e19760874a3b565ab0c0b964070d169	484	false	
train_clean	train	roboflow_team128_v5	train	Watermelon Detection.v5-raw_annotations.coco-segmentation\train\IMG_0593_jpg.rf.621b690310e2cd24f21b0ded3e2a64b6.jpg	roboflow_team128_v5_IMG_0593_jpg.rf.621b690310e2cd24f21b0ded3e2a64b6.jpg	roboflow_team128_v5_IMG_0593_jpg.rf.621b690310e2cd24f21b0ded3e2a64b6.txt	images/train/roboflow_team128_v5_IMG_0593_jpg.rf.621b690310e2cd24f21b0ded3e2a64b6.jpg	labels/train/roboflow_team128_v5_IMG_0593_jpg.rf.621b690310e2cd24f21b0ded3e2a64b6.txt	3024	4032	2	roboflow_team128_v5::roboflow_team128_v5_img_0593_jpg	roboflow_team128_v5_IMG_0593_jpg	7386c833c63cdba4a909c083578c8ed7f38cdb198a2597f0eb300a8409cb3ef3	c6380e750fe13fea32dc8881f5969cf651c57656c54a14b6f34617547f66255a	485	false	
train_clean	train	roboflow_team128_v5	train	Watermelon Detection.v5-raw_annotations.coco-segmentation\train\IMG_0595_jpg.rf.0676277daf53e51ff6b9e17cf64c808f.jpg	roboflow_team128_v5_IMG_0595_jpg.rf.0676277daf53e51ff6b9e17cf64c808f.jpg	roboflow_team128_v5_IMG_0595_jpg.rf.0676277daf53e51ff6b9e17cf64c808f.txt	images/train/roboflow_team128_v5_IMG_0595_jpg.rf.0676277daf53e51ff6b9e17cf64c808f.jpg	labels/train/roboflow_team128_v5_IMG_0595_jpg.rf.0676277daf53e51ff6b9e17cf64c808f.txt	3024	4032	2	roboflow_team128_v5::roboflow_team128_v5_img_0595_jpg	roboflow_team128_v5_IMG_0595_jpg	7535b0c69b147e20d94d0a97f021ea2fadb391d3f0104d31ba33bde178e2f359	af298a14a8c20efd2f535787ddaf23724ef3649b5c799dfff54a6bb0973ef93b	486	false	
train_clean	train	roboflow_team128_v5	valid	Watermelon Detection.v5-raw_annotations.coco-segmentation\valid\IMG_0597_jpg.rf.fe6ae1ef6354269927bab8bca302aa2a.jpg	roboflow_team128_v5_IMG_0597_jpg.rf.fe6ae1ef6354269927bab8bca302aa2a.jpg	roboflow_team128_v5_IMG_0597_jpg.rf.fe6ae1ef6354269927bab8bca302aa2a.txt	images/train/roboflow_team128_v5_IMG_0597_jpg.rf.fe6ae1ef6354269927bab8bca302aa2a.jpg	labels/train/roboflow_team128_v5_IMG_0597_jpg.rf.fe6ae1ef6354269927bab8bca302aa2a.txt	3024	4032	2	roboflow_team128_v5::roboflow_team128_v5_img_0597_jpg	roboflow_team128_v5_IMG_0597_jpg	16b8895477b0973fa62e2406eeb05f1ea8ac2212264e97b0195f0f43c09ccd83	de19a45773fe2e8a868ff16effce38e67a331a834ef036d36f948b7fb0f292b3	487	false	
train_clean	train	roboflow_team128_v5	train	Watermelon Detection.v5-raw_annotations.coco-segmentation\train\IMG_0598_jpg.rf.3d5d481d1b2dbc2ff92d7adabbea37bc.jpg	roboflow_team128_v5_IMG_0598_jpg.rf.3d5d481d1b2dbc2ff92d7adabbea37bc.jpg	roboflow_team128_v5_IMG_0598_jpg.rf.3d5d481d1b2dbc2ff92d7adabbea37bc.txt	images/train/roboflow_team128_v5_IMG_0598_jpg.rf.3d5d481d1b2dbc2ff92d7adabbea37bc.jpg	labels/train/roboflow_team128_v5_IMG_0598_jpg.rf.3d5d481d1b2dbc2ff92d7adabbea37bc.txt	3024	4032	2	roboflow_team128_v5::roboflow_team128_v5_img_0598_jpg	roboflow_team128_v5_IMG_0598_jpg	52eb395f41d073f138c34b5534795d68ac79befb9e21e9c948ca8f78b27917ba	331a995c66f997574a67a5e035859c7ceecd1f7ca087c88279cdfc717bfcf324	488	false	
train_clean	train	roboflow_team128_v5	valid	Watermelon Detection.v5-raw_annotations.coco-segmentation\valid\IMG_0601_jpg.rf.61c962aa3ce9dd983ae325cd0a748757.jpg	roboflow_team128_v5_IMG_0601_jpg.rf.61c962aa3ce9dd983ae325cd0a748757.jpg	roboflow_team128_v5_IMG_0601_jpg.rf.61c962aa3ce9dd983ae325cd0a748757.txt	images/train/roboflow_team128_v5_IMG_0601_jpg.rf.61c962aa3ce9dd983ae325cd0a748757.jpg	labels/train/roboflow_team128_v5_IMG_0601_jpg.rf.61c962aa3ce9dd983ae325cd0a748757.txt	3024	4032	2	roboflow_team128_v5::roboflow_team128_v5_img_0601_jpg	roboflow_team128_v5_IMG_0601_jpg	9721d429aa059c2fdd40da76fa9283196b7802962311fa13925cac51899e698b	2e3bdfac60f4b02b78e4c7d8f0be39b08e0264d79c0c547e1ecd2d1948c1b6b9	489	false	
train_clean	train	roboflow_team128_v5	valid	Watermelon Detection.v5-raw_annotations.coco-segmentation\valid\IMG_0602_jpg.rf.2e970aff825cb1df9383537eb570f914.jpg	roboflow_team128_v5_IMG_0602_jpg.rf.2e970aff825cb1df9383537eb570f914.jpg	roboflow_team128_v5_IMG_0602_jpg.rf.2e970aff825cb1df9383537eb570f914.txt	images/train/roboflow_team128_v5_IMG_0602_jpg.rf.2e970aff825cb1df9383537eb570f914.jpg	labels/train/roboflow_team128_v5_IMG_0602_jpg.rf.2e970aff825cb1df9383537eb570f914.txt	3024	4032	2	roboflow_team128_v5::roboflow_team128_v5_img_0602_jpg	roboflow_team128_v5_IMG_0602_jpg	888ae9e0a7b0c26f98960b5fbc79b2681316d2f94b80edca1f5381093cc16d42	77e054b4e6469dd03528e478f38c876e3f71ac59482663a23cab670c6ebba831	490	false	
train_clean	train	roboflow_team128_v5	valid	Watermelon Detection.v5-raw_annotations.coco-segmentation\valid\IMG_0603_jpg.rf.17311148a1655c314dac6eb8bfb66cdb.jpg	roboflow_team128_v5_IMG_0603_jpg.rf.17311148a1655c314dac6eb8bfb66cdb.jpg	roboflow_team128_v5_IMG_0603_jpg.rf.17311148a1655c314dac6eb8bfb66cdb.txt	images/train/roboflow_team128_v5_IMG_0603_jpg.rf.17311148a1655c314dac6eb8bfb66cdb.jpg	labels/train/roboflow_team128_v5_IMG_0603_jpg.rf.17311148a1655c314dac6eb8bfb66cdb.txt	3024	4032	2	roboflow_team128_v5::roboflow_team128_v5_img_0603_jpg	roboflow_team128_v5_IMG_0603_jpg	2f6b9a2feae37aac621afd2a48502c0f19d288190bd87335cb2e06c1ba3d9067	0f0590764671c693387252017789b49a8b56f0b75c4a4f80233ab72f0c7e8822	491	false	
train_clean	train	roboflow_team128_v5	train	Watermelon Detection.v5-raw_annotations.coco-segmentation\train\IMG_0605_jpg.rf.3aad68fbcf9d3914cbe3887ec3500407.jpg	roboflow_team128_v5_IMG_0605_jpg.rf.3aad68fbcf9d3914cbe3887ec3500407.jpg	roboflow_team128_v5_IMG_0605_jpg.rf.3aad68fbcf9d3914cbe3887ec3500407.txt	images/train/roboflow_team128_v5_IMG_0605_jpg.rf.3aad68fbcf9d3914cbe3887ec3500407.jpg	labels/train/roboflow_team128_v5_IMG_0605_jpg.rf.3aad68fbcf9d3914cbe3887ec3500407.txt	3024	4032	1	roboflow_team128_v5::roboflow_team128_v5_img_0605_jpg	roboflow_team128_v5_IMG_0605_jpg	738d4a93eed28167346a2994d14fc903acb7166f9321dcd625bc9edab5574e72	523ec65ca7f58b6623a31155d411f6322b68e4eada4ac80fb1ef44d18d637aae	492	false	
train_clean	train	roboflow_team128_v5	valid	Watermelon Detection.v5-raw_annotations.coco-segmentation\valid\IMG_0606_jpg.rf.5ee996e9b1028c58e13a8dae82f30432.jpg	roboflow_team128_v5_IMG_0606_jpg.rf.5ee996e9b1028c58e13a8dae82f30432.jpg	roboflow_team128_v5_IMG_0606_jpg.rf.5ee996e9b1028c58e13a8dae82f30432.txt	images/train/roboflow_team128_v5_IMG_0606_jpg.rf.5ee996e9b1028c58e13a8dae82f30432.jpg	labels/train/roboflow_team128_v5_IMG_0606_jpg.rf.5ee996e9b1028c58e13a8dae82f30432.txt	3024	4032	3	roboflow_team128_v5::roboflow_team128_v5_img_0606_jpg	roboflow_team128_v5_IMG_0606_jpg	52c8e088df0a0fb0a313dbfe23cdd9a01b22e788366fd893d1184005dd322e15	798fb3599a22c5ecac5492080aece3b69b986d0f7a3c3e8c8ed4451bd45b5b4e	493	false	
train_clean	train	roboflow_team128_v5	train	Watermelon Detection.v5-raw_annotations.coco-segmentation\train\IMG_0607_jpg.rf.7d2e296a6f166189c5ba711004a69236.jpg	roboflow_team128_v5_IMG_0607_jpg.rf.7d2e296a6f166189c5ba711004a69236.jpg	roboflow_team128_v5_IMG_0607_jpg.rf.7d2e296a6f166189c5ba711004a69236.txt	images/train/roboflow_team128_v5_IMG_0607_jpg.rf.7d2e296a6f166189c5ba711004a69236.jpg	labels/train/roboflow_team128_v5_IMG_0607_jpg.rf.7d2e296a6f166189c5ba711004a69236.txt	3024	4032	4	roboflow_team128_v5::roboflow_team128_v5_img_0607_jpg	roboflow_team128_v5_IMG_0607_jpg	5a525c3b22549dc6827f8bffc46b6c55c1242e3ed1a7946cc092732a120f20d7	92b5c4c47de9b2163ba7df80415945c8930f080d31180cc075b8f978efceb032	494	false	
train_clean	train	roboflow_team128_v5	train	Watermelon Detection.v5-raw_annotations.coco-segmentation\train\IMG_0608_jpg.rf.27f156b1007ac40f9c1302489bed70c9.jpg	roboflow_team128_v5_IMG_0608_jpg.rf.27f156b1007ac40f9c1302489bed70c9.jpg	roboflow_team128_v5_IMG_0608_jpg.rf.27f156b1007ac40f9c1302489bed70c9.txt	images/train/roboflow_team128_v5_IMG_0608_jpg.rf.27f156b1007ac40f9c1302489bed70c9.jpg	labels/train/roboflow_team128_v5_IMG_0608_jpg.rf.27f156b1007ac40f9c1302489bed70c9.txt	3024	4032	1	roboflow_team128_v5::roboflow_team128_v5_img_0608_jpg	roboflow_team128_v5_IMG_0608_jpg	4b0dc89af398765944cf9492cb25a1500368976af50572c622715905ec44ce38	1abbf8edc3225205dac247ce4351a82a7ee90fafa248cd7eab3c92959c47fb3f	495	false	
train_clean	train	roboflow_team128_v5	train	Watermelon Detection.v5-raw_annotations.coco-segmentation\train\IMG_0613_jpg.rf.b15cc795f0cba48427ffd17849d344ef.jpg	roboflow_team128_v5_IMG_0613_jpg.rf.b15cc795f0cba48427ffd17849d344ef.jpg	roboflow_team128_v5_IMG_0613_jpg.rf.b15cc795f0cba48427ffd17849d344ef.txt	images/train/roboflow_team128_v5_IMG_0613_jpg.rf.b15cc795f0cba48427ffd17849d344ef.jpg	labels/train/roboflow_team128_v5_IMG_0613_jpg.rf.b15cc795f0cba48427ffd17849d344ef.txt	3024	4032	2	roboflow_team128_v5::roboflow_team128_v5_img_0613_jpg	roboflow_team128_v5_IMG_0613_jpg	bd4ddbae894e159ec79965824e3a137f33fbb9fe33c4b13f42bea462920bf6cf	461a9e7b118263adafad170b4d0c72c7503e7fd3eb3abae1fb1033630020e1ed	496	false	
train_clean	train	roboflow_team128_v5	train	Watermelon Detection.v5-raw_annotations.coco-segmentation\train\IMG_0615_jpg.rf.1408715b8407521b04fe3d25f2f725ed.jpg	roboflow_team128_v5_IMG_0615_jpg.rf.1408715b8407521b04fe3d25f2f725ed.jpg	roboflow_team128_v5_IMG_0615_jpg.rf.1408715b8407521b04fe3d25f2f725ed.txt	images/train/roboflow_team128_v5_IMG_0615_jpg.rf.1408715b8407521b04fe3d25f2f725ed.jpg	labels/train/roboflow_team128_v5_IMG_0615_jpg.rf.1408715b8407521b04fe3d25f2f725ed.txt	3024	4032	1	roboflow_team128_v5::roboflow_team128_v5_img_0615_jpg	roboflow_team128_v5_IMG_0615_jpg	8709d196f7b53bdd0bd2b7f6ba07acd5c95641be20436e8614e7191b83fc6c25	d25f8c09ea0c6941f70418f95f4de65cc15baa3079480f256e90ed41587f4075	497	false	
train_clean	train	roboflow_team128_v5	train	Watermelon Detection.v5-raw_annotations.coco-segmentation\train\IMG_0616_jpg.rf.483e5652aeb55c9987c2f582e07ca746.jpg	roboflow_team128_v5_IMG_0616_jpg.rf.483e5652aeb55c9987c2f582e07ca746.jpg	roboflow_team128_v5_IMG_0616_jpg.rf.483e5652aeb55c9987c2f582e07ca746.txt	images/train/roboflow_team128_v5_IMG_0616_jpg.rf.483e5652aeb55c9987c2f582e07ca746.jpg	labels/train/roboflow_team128_v5_IMG_0616_jpg.rf.483e5652aeb55c9987c2f582e07ca746.txt	3024	4032	2	roboflow_team128_v5::roboflow_team128_v5_img_0616_jpg	roboflow_team128_v5_IMG_0616_jpg	c1a73b6befcdbe8e404e64af4c20c7be5f4aceb4421268ee5bbea1ca8e42f52f	8704006f80efc7e15ef70622398a5ea487c539d83dd488b0ef49fed7e0779426	498	false	
train_clean	train	roboflow_team128_v5	train	Watermelon Detection.v5-raw_annotations.coco-segmentation\train\IMG_0617_jpg.rf.183b2780eca4dcfc06f4a3e2279d8518.jpg	roboflow_team128_v5_IMG_0617_jpg.rf.183b2780eca4dcfc06f4a3e2279d8518.jpg	roboflow_team128_v5_IMG_0617_jpg.rf.183b2780eca4dcfc06f4a3e2279d8518.txt	images/train/roboflow_team128_v5_IMG_0617_jpg.rf.183b2780eca4dcfc06f4a3e2279d8518.jpg	labels/train/roboflow_team128_v5_IMG_0617_jpg.rf.183b2780eca4dcfc06f4a3e2279d8518.txt	3024	4032	1	roboflow_team128_v5::roboflow_team128_v5_img_0617_jpg	roboflow_team128_v5_IMG_0617_jpg	138792e305c7cf8878db1e3982d0d667b6ea3b33c5d571013c51e05858638e20	259b8a3b5798303c6d1d4fbf9d67f244eed1cfd984bc5a591f70e3e6251343fc	499	false	
train_clean	train	roboflow_team128_v5	train	Watermelon Detection.v5-raw_annotations.coco-segmentation\train\IMG_0618_jpg.rf.9576466bb0fd3e428e2f65b58af3c5a3.jpg	roboflow_team128_v5_IMG_0618_jpg.rf.9576466bb0fd3e428e2f65b58af3c5a3.jpg	roboflow_team128_v5_IMG_0618_jpg.rf.9576466bb0fd3e428e2f65b58af3c5a3.txt	images/train/roboflow_team128_v5_IMG_0618_jpg.rf.9576466bb0fd3e428e2f65b58af3c5a3.jpg	labels/train/roboflow_team128_v5_IMG_0618_jpg.rf.9576466bb0fd3e428e2f65b58af3c5a3.txt	3024	4032	2	roboflow_team128_v5::roboflow_team128_v5_img_0618_jpg	roboflow_team128_v5_IMG_0618_jpg	b837403d62eb9cdbc85d90cffac583cfa7a0274441e849bc3de0a3eebbbe98b3	3ac2b46765b18950d5da346c54537ded497e62d7c0a45984c918c26bc9c3ef0d	500	false	
train_clean	train	roboflow_team128_v5	train	Watermelon Detection.v5-raw_annotations.coco-segmentation\train\IMG_0622_jpg.rf.6fe9c49994efabd33199ad1cccd1ba51.jpg	roboflow_team128_v5_IMG_0622_jpg.rf.6fe9c49994efabd33199ad1cccd1ba51.jpg	roboflow_team128_v5_IMG_0622_jpg.rf.6fe9c49994efabd33199ad1cccd1ba51.txt	images/train/roboflow_team128_v5_IMG_0622_jpg.rf.6fe9c49994efabd33199ad1cccd1ba51.jpg	labels/train/roboflow_team128_v5_IMG_0622_jpg.rf.6fe9c49994efabd33199ad1cccd1ba51.txt	3024	4032	2	roboflow_team128_v5::roboflow_team128_v5_img_0622_jpg	roboflow_team128_v5_IMG_0622_jpg	d60619dc100547f31a9d3a4ac3e178597ae9f3125b43cf12bae69498239d764b	88ccbb4f5fff8e9b8067bd4abd632909bb4e41055e211b9aff0accd4f28f2dda	501	false	
train_clean	train	roboflow_team128_v5	train	Watermelon Detection.v5-raw_annotations.coco-segmentation\train\IMG_0623_jpg.rf.d842d1d9261848feb3bce3de4e5acea0.jpg	roboflow_team128_v5_IMG_0623_jpg.rf.d842d1d9261848feb3bce3de4e5acea0.jpg	roboflow_team128_v5_IMG_0623_jpg.rf.d842d1d9261848feb3bce3de4e5acea0.txt	images/train/roboflow_team128_v5_IMG_0623_jpg.rf.d842d1d9261848feb3bce3de4e5acea0.jpg	labels/train/roboflow_team128_v5_IMG_0623_jpg.rf.d842d1d9261848feb3bce3de4e5acea0.txt	3024	4032	2	roboflow_team128_v5::roboflow_team128_v5_img_0623_jpg	roboflow_team128_v5_IMG_0623_jpg	c1703d45f63965a892c0f547cfe8602b33665af97a52c90d687cacfdc25150bd	621dddca893bae07e67cd1b2d9f0dd88101e000cb609263476fdc263c91897f3	502	false	
train_clean	train	roboflow_team128_v5	valid	Watermelon Detection.v5-raw_annotations.coco-segmentation\valid\IMG_0625_jpg.rf.7abc37ac63354fd9ebc4439f1c90d3e2.jpg	roboflow_team128_v5_IMG_0625_jpg.rf.7abc37ac63354fd9ebc4439f1c90d3e2.jpg	roboflow_team128_v5_IMG_0625_jpg.rf.7abc37ac63354fd9ebc4439f1c90d3e2.txt	images/train/roboflow_team128_v5_IMG_0625_jpg.rf.7abc37ac63354fd9ebc4439f1c90d3e2.jpg	labels/train/roboflow_team128_v5_IMG_0625_jpg.rf.7abc37ac63354fd9ebc4439f1c90d3e2.txt	3024	4032	3	roboflow_team128_v5::roboflow_team128_v5_img_0625_jpg	roboflow_team128_v5_IMG_0625_jpg	d0de51fb40efa276c6b9ebbd3a0b36ac766a8b6c27dc9bef1bd93bf164c83cba	35445590e334b5aa1b6081468a3fc43b904df576a476ab0c69d9b6b35b600560	503	false	
train_clean	train	roboflow_team128_v5	train	Watermelon Detection.v5-raw_annotations.coco-segmentation\train\IMG_0628_jpg.rf.89837bc722f0dc51b19d543fe2fb05ba.jpg	roboflow_team128_v5_IMG_0628_jpg.rf.89837bc722f0dc51b19d543fe2fb05ba.jpg	roboflow_team128_v5_IMG_0628_jpg.rf.89837bc722f0dc51b19d543fe2fb05ba.txt	images/train/roboflow_team128_v5_IMG_0628_jpg.rf.89837bc722f0dc51b19d543fe2fb05ba.jpg	labels/train/roboflow_team128_v5_IMG_0628_jpg.rf.89837bc722f0dc51b19d543fe2fb05ba.txt	3024	4032	3	roboflow_team128_v5::roboflow_team128_v5_img_0628_jpg	roboflow_team128_v5_IMG_0628_jpg	72afaa8aadc0cffd9fc2789c83958888fa7efab8a9c038c47708c6a76129bfda	1c123d66275046d6ba1459bb489d7d26e69c1ba8c393944664cdc51a4674b982	504	false	
train_clean	train	roboflow_team128_v5	train	Watermelon Detection.v5-raw_annotations.coco-segmentation\train\IMG_0629_jpg.rf.511ea2913151c8e5e24cb825c82dc82b.jpg	roboflow_team128_v5_IMG_0629_jpg.rf.511ea2913151c8e5e24cb825c82dc82b.jpg	roboflow_team128_v5_IMG_0629_jpg.rf.511ea2913151c8e5e24cb825c82dc82b.txt	images/train/roboflow_team128_v5_IMG_0629_jpg.rf.511ea2913151c8e5e24cb825c82dc82b.jpg	labels/train/roboflow_team128_v5_IMG_0629_jpg.rf.511ea2913151c8e5e24cb825c82dc82b.txt	3024	4032	2	roboflow_team128_v5::roboflow_team128_v5_img_0629_jpg	roboflow_team128_v5_IMG_0629_jpg	236f90e18b9e092c88d9a37c90981fedc3f2f8cb68bff5d1c908e35c8788f6bc	a957b3c5d4c5e3d45c553115a91642840e80976c5e1b5bdfa0adab894fd538c2	505	false	
train_clean	train	roboflow_team128_v5	train	Watermelon Detection.v5-raw_annotations.coco-segmentation\train\IMG_0630_jpg.rf.f3ecb5e1d20d5ef7b30a7650068a32ee.jpg	roboflow_team128_v5_IMG_0630_jpg.rf.f3ecb5e1d20d5ef7b30a7650068a32ee.jpg	roboflow_team128_v5_IMG_0630_jpg.rf.f3ecb5e1d20d5ef7b30a7650068a32ee.txt	images/train/roboflow_team128_v5_IMG_0630_jpg.rf.f3ecb5e1d20d5ef7b30a7650068a32ee.jpg	labels/train/roboflow_team128_v5_IMG_0630_jpg.rf.f3ecb5e1d20d5ef7b30a7650068a32ee.txt	3024	4032	3	roboflow_team128_v5::roboflow_team128_v5_img_0630_jpg	roboflow_team128_v5_IMG_0630_jpg	8c2a59621a424636299594c3fa726a2944c2e191efb57ba12d0e4d70476772ef	779000a710f1d4c0a298dcc020b59ed119e2d87b9e9e73fb7e75f644fca107e3	506	false	
train_clean	train	roboflow_team128_v5	train	Watermelon Detection.v5-raw_annotations.coco-segmentation\train\IMG_0631_jpg.rf.c6f432141428e515b9129bb8d85675fe.jpg	roboflow_team128_v5_IMG_0631_jpg.rf.c6f432141428e515b9129bb8d85675fe.jpg	roboflow_team128_v5_IMG_0631_jpg.rf.c6f432141428e515b9129bb8d85675fe.txt	images/train/roboflow_team128_v5_IMG_0631_jpg.rf.c6f432141428e515b9129bb8d85675fe.jpg	labels/train/roboflow_team128_v5_IMG_0631_jpg.rf.c6f432141428e515b9129bb8d85675fe.txt	3024	4032	2	roboflow_team128_v5::roboflow_team128_v5_img_0631_jpg	roboflow_team128_v5_IMG_0631_jpg	6f21e914aa3a92115d1a176de264c11f98972abe361f8736c8b1f4f02e80bb2c	7a15d7ac47d0ca08ed47fb8ee3623ea9cb616eb091c8c1e3e3503e46cd2c726c	507	false	
train_clean	train	roboflow_team128_v5	train	Watermelon Detection.v5-raw_annotations.coco-segmentation\train\IMG_0632_jpg.rf.7994e8524b74bf5c1c3090eb04dad7bc.jpg	roboflow_team128_v5_IMG_0632_jpg.rf.7994e8524b74bf5c1c3090eb04dad7bc.jpg	roboflow_team128_v5_IMG_0632_jpg.rf.7994e8524b74bf5c1c3090eb04dad7bc.txt	images/train/roboflow_team128_v5_IMG_0632_jpg.rf.7994e8524b74bf5c1c3090eb04dad7bc.jpg	labels/train/roboflow_team128_v5_IMG_0632_jpg.rf.7994e8524b74bf5c1c3090eb04dad7bc.txt	3024	4032	2	roboflow_team128_v5::roboflow_team128_v5_img_0632_jpg	roboflow_team128_v5_IMG_0632_jpg	47d01836e05ce92fae3a3c33b6e4ad50ad0b07bb6fe5c99cda097c4fb4493002	d9edf0f9ff84a0c4137af16618e35d45ddd5af6cab3bb8b8e3e9783f7d92ae3e	508	false	
train_clean	train	roboflow_team128_v5	train	Watermelon Detection.v5-raw_annotations.coco-segmentation\train\IMG_0635_jpg.rf.899e4f2b0594b6a401d557bbc0448c4b.jpg	roboflow_team128_v5_IMG_0635_jpg.rf.899e4f2b0594b6a401d557bbc0448c4b.jpg	roboflow_team128_v5_IMG_0635_jpg.rf.899e4f2b0594b6a401d557bbc0448c4b.txt	images/train/roboflow_team128_v5_IMG_0635_jpg.rf.899e4f2b0594b6a401d557bbc0448c4b.jpg	labels/train/roboflow_team128_v5_IMG_0635_jpg.rf.899e4f2b0594b6a401d557bbc0448c4b.txt	3024	4032	1	roboflow_team128_v5::roboflow_team128_v5_img_0635_jpg	roboflow_team128_v5_IMG_0635_jpg	00b5e835ba0186a9120bd1ca78ab63196ceda17a177c336809a0ed483ded42af	963df8084b0813ae4e4c5bd392f2ab5869d8e5d10f5cfa6a01862f9d617f38f5	509	false	
train_clean	train	roboflow_team128_v5	train	Watermelon Detection.v5-raw_annotations.coco-segmentation\train\IMG_0636_jpg.rf.7c79637fc38d767cc788c0db0f948df4.jpg	roboflow_team128_v5_IMG_0636_jpg.rf.7c79637fc38d767cc788c0db0f948df4.jpg	roboflow_team128_v5_IMG_0636_jpg.rf.7c79637fc38d767cc788c0db0f948df4.txt	images/train/roboflow_team128_v5_IMG_0636_jpg.rf.7c79637fc38d767cc788c0db0f948df4.jpg	labels/train/roboflow_team128_v5_IMG_0636_jpg.rf.7c79637fc38d767cc788c0db0f948df4.txt	3024	4032	2	roboflow_team128_v5::roboflow_team128_v5_img_0636_jpg	roboflow_team128_v5_IMG_0636_jpg	96594fb89d6be4f23cd1dcd02fec0edfcd1b1110e8643131363d6f5be0434a33	c5feee2718a26dc5307cb50dafa2291704a75370403655041a1f64d38fc5629b	510	false	
train_clean	train	roboflow_team128_v5	valid	Watermelon Detection.v5-raw_annotations.coco-segmentation\valid\IMG_0637_jpg.rf.5a75a8fcce4fe9c1b162fd8d45d84caa.jpg	roboflow_team128_v5_IMG_0637_jpg.rf.5a75a8fcce4fe9c1b162fd8d45d84caa.jpg	roboflow_team128_v5_IMG_0637_jpg.rf.5a75a8fcce4fe9c1b162fd8d45d84caa.txt	images/train/roboflow_team128_v5_IMG_0637_jpg.rf.5a75a8fcce4fe9c1b162fd8d45d84caa.jpg	labels/train/roboflow_team128_v5_IMG_0637_jpg.rf.5a75a8fcce4fe9c1b162fd8d45d84caa.txt	3024	4032	3	roboflow_team128_v5::roboflow_team128_v5_img_0637_jpg	roboflow_team128_v5_IMG_0637_jpg	54a310055fc609d14d58c290d5440effeefc5aa66b0b60ec1fc7a678ad167760	f6aacedfceedff167a661a50da698ae79965371ceb72a01f6f6e43595f65e265	511	false	
train_clean	train	roboflow_team128_v5	train	Watermelon Detection.v5-raw_annotations.coco-segmentation\train\IMG_0638_jpg.rf.b58584313c75c27d39dfc16ce284547b.jpg	roboflow_team128_v5_IMG_0638_jpg.rf.b58584313c75c27d39dfc16ce284547b.jpg	roboflow_team128_v5_IMG_0638_jpg.rf.b58584313c75c27d39dfc16ce284547b.txt	images/train/roboflow_team128_v5_IMG_0638_jpg.rf.b58584313c75c27d39dfc16ce284547b.jpg	labels/train/roboflow_team128_v5_IMG_0638_jpg.rf.b58584313c75c27d39dfc16ce284547b.txt	3024	4032	1	roboflow_team128_v5::roboflow_team128_v5_img_0638_jpg	roboflow_team128_v5_IMG_0638_jpg	73dce3195163c45ec4b3dc17ae449f5de5998473b376e856ed39cf4ff1ebfe9b	a43b0b8a5f9c24c348446c73dd40830afa6890d89e36f9062e895de18ff9afcc	512	false	
train_clean	train	roboflow_team128_v5	test	Watermelon Detection.v5-raw_annotations.coco-segmentation\test\IMG_0639_jpg.rf.6c31cb18c0792a29cba28996eb0af296.jpg	roboflow_team128_v5_IMG_0639_jpg.rf.6c31cb18c0792a29cba28996eb0af296.jpg	roboflow_team128_v5_IMG_0639_jpg.rf.6c31cb18c0792a29cba28996eb0af296.txt	images/train/roboflow_team128_v5_IMG_0639_jpg.rf.6c31cb18c0792a29cba28996eb0af296.jpg	labels/train/roboflow_team128_v5_IMG_0639_jpg.rf.6c31cb18c0792a29cba28996eb0af296.txt	3024	4032	1	roboflow_team128_v5::roboflow_team128_v5_img_0639_jpg	roboflow_team128_v5_IMG_0639_jpg	0dc6256515e8f2c976e2301617bf400decc1ff7ddcc47b0b340ecb3bbaefcaef	d650f3d1e6ddc497e55a943cae6a4bc9e51c79663277f8e3b475e86030c1ea8c	513	false	
train_clean	train	roboflow_team128_v5	train	Watermelon Detection.v5-raw_annotations.coco-segmentation\train\IMG_0641_jpg.rf.7e7c7a26e95fe118fe26dc3a1d3fc9a1.jpg	roboflow_team128_v5_IMG_0641_jpg.rf.7e7c7a26e95fe118fe26dc3a1d3fc9a1.jpg	roboflow_team128_v5_IMG_0641_jpg.rf.7e7c7a26e95fe118fe26dc3a1d3fc9a1.txt	images/train/roboflow_team128_v5_IMG_0641_jpg.rf.7e7c7a26e95fe118fe26dc3a1d3fc9a1.jpg	labels/train/roboflow_team128_v5_IMG_0641_jpg.rf.7e7c7a26e95fe118fe26dc3a1d3fc9a1.txt	3024	4032	1	roboflow_team128_v5::roboflow_team128_v5_img_0641_jpg	roboflow_team128_v5_IMG_0641_jpg	a2d0a6767b73cbc54d634b77826394916a74943f833a02db6b1b3943a7ab09fc	bed9315324cf6ffe4b3d02fcb9819d737d27dc2a981a145ef8d0463f5ce2e0e6	514	false	
train_clean	train	roboflow_team128_v5	train	Watermelon Detection.v5-raw_annotations.coco-segmentation\train\IMG_0643_jpg.rf.779c71fc8d633901301b685f7292d989.jpg	roboflow_team128_v5_IMG_0643_jpg.rf.779c71fc8d633901301b685f7292d989.jpg	roboflow_team128_v5_IMG_0643_jpg.rf.779c71fc8d633901301b685f7292d989.txt	images/train/roboflow_team128_v5_IMG_0643_jpg.rf.779c71fc8d633901301b685f7292d989.jpg	labels/train/roboflow_team128_v5_IMG_0643_jpg.rf.779c71fc8d633901301b685f7292d989.txt	3024	4032	1	roboflow_team128_v5::roboflow_team128_v5_img_0643_jpg	roboflow_team128_v5_IMG_0643_jpg	e741af76eb72f19ff3f9b26a2060014f989048278b8b63ea9ebdd00c91be99ef	08f007365f89510246bfb4a781d6ce64cf4dc33afca39a8cdf497e051947a3f4	515	false	
train_clean	train	roboflow_team128_v5	train	Watermelon Detection.v5-raw_annotations.coco-segmentation\train\IMG_0645_jpg.rf.0e845204bef26b524329c9f779da2969.jpg	roboflow_team128_v5_IMG_0645_jpg.rf.0e845204bef26b524329c9f779da2969.jpg	roboflow_team128_v5_IMG_0645_jpg.rf.0e845204bef26b524329c9f779da2969.txt	images/train/roboflow_team128_v5_IMG_0645_jpg.rf.0e845204bef26b524329c9f779da2969.jpg	labels/train/roboflow_team128_v5_IMG_0645_jpg.rf.0e845204bef26b524329c9f779da2969.txt	3024	4032	2	roboflow_team128_v5::roboflow_team128_v5_img_0645_jpg	roboflow_team128_v5_IMG_0645_jpg	12e953a61f78af8328a7a71a8c99d15cba9d611390d9a120d52a275ae068e560	0b10832c8ad633a2db5795833071141f2b7fa28733432bc42b3d73025a6ae867	516	false	
train_clean	train	roboflow_team128_v5	train	Watermelon Detection.v5-raw_annotations.coco-segmentation\train\IMG_0646_jpg.rf.c1435121b6d49affa581317c41c13c93.jpg	roboflow_team128_v5_IMG_0646_jpg.rf.c1435121b6d49affa581317c41c13c93.jpg	roboflow_team128_v5_IMG_0646_jpg.rf.c1435121b6d49affa581317c41c13c93.txt	images/train/roboflow_team128_v5_IMG_0646_jpg.rf.c1435121b6d49affa581317c41c13c93.jpg	labels/train/roboflow_team128_v5_IMG_0646_jpg.rf.c1435121b6d49affa581317c41c13c93.txt	4032	3024	5	roboflow_team128_v5::roboflow_team128_v5_img_0646_jpg	roboflow_team128_v5_IMG_0646_jpg	bb978b8e304ef7db7603c03e6092819c22bde587e8669bbddaba8a2673e40993	d9750c7af28e84bc64b8f605d33bcb42869b92ea1a3b48d3a6e622c0be3c767a	517	false	
train_clean	train	roboflow_team128_v5	train	Watermelon Detection.v5-raw_annotations.coco-segmentation\train\IMG_0647_jpg.rf.940fdada07b3c9f1d036af35d3e02024.jpg	roboflow_team128_v5_IMG_0647_jpg.rf.940fdada07b3c9f1d036af35d3e02024.jpg	roboflow_team128_v5_IMG_0647_jpg.rf.940fdada07b3c9f1d036af35d3e02024.txt	images/train/roboflow_team128_v5_IMG_0647_jpg.rf.940fdada07b3c9f1d036af35d3e02024.jpg	labels/train/roboflow_team128_v5_IMG_0647_jpg.rf.940fdada07b3c9f1d036af35d3e02024.txt	3024	4032	2	roboflow_team128_v5::roboflow_team128_v5_img_0647_jpg	roboflow_team128_v5_IMG_0647_jpg	fbacc44c6a85b1ea97e960a6d529210f779aa9791bb1ad1c216e566d9f4b9272	796f8ec86b5a075a38faf805ccbc43b792e03d841e31b3230b873bb50851e852	518	false	
train_clean	train	roboflow_team128_v5	train	Watermelon Detection.v5-raw_annotations.coco-segmentation\train\IMG_0648_jpg.rf.ee4a2aff0c8d39d6db54a30f04b1c520.jpg	roboflow_team128_v5_IMG_0648_jpg.rf.ee4a2aff0c8d39d6db54a30f04b1c520.jpg	roboflow_team128_v5_IMG_0648_jpg.rf.ee4a2aff0c8d39d6db54a30f04b1c520.txt	images/train/roboflow_team128_v5_IMG_0648_jpg.rf.ee4a2aff0c8d39d6db54a30f04b1c520.jpg	labels/train/roboflow_team128_v5_IMG_0648_jpg.rf.ee4a2aff0c8d39d6db54a30f04b1c520.txt	3024	4032	3	roboflow_team128_v5::roboflow_team128_v5_img_0648_jpg	roboflow_team128_v5_IMG_0648_jpg	50ae4d6701e755b7e4d34ad89b714a94cc231a21e69a2d662bceea27f20f8d59	76ceb36bc0980fb00c60a35adb793afe3baa7e4c99257b432a8c13803e0414a2	519	false	
train_clean	train	roboflow_team128_v5	train	Watermelon Detection.v5-raw_annotations.coco-segmentation\train\IMG_0649_jpg.rf.4a5a35bb81e8ffe724cd06daa8a0df76.jpg	roboflow_team128_v5_IMG_0649_jpg.rf.4a5a35bb81e8ffe724cd06daa8a0df76.jpg	roboflow_team128_v5_IMG_0649_jpg.rf.4a5a35bb81e8ffe724cd06daa8a0df76.txt	images/train/roboflow_team128_v5_IMG_0649_jpg.rf.4a5a35bb81e8ffe724cd06daa8a0df76.jpg	labels/train/roboflow_team128_v5_IMG_0649_jpg.rf.4a5a35bb81e8ffe724cd06daa8a0df76.txt	3024	4032	1	roboflow_team128_v5::roboflow_team128_v5_img_0649_jpg	roboflow_team128_v5_IMG_0649_jpg	b51d9227945fa24cf66dd2f0beb6aff62a313bdbdf0bf951795173b48f3e3501	e2a634af3fc730cb45c8ff8151fec7837ccfe4b397e9031f565b51a303d38b34	520	false	
train_clean	train	roboflow_team128_v5	train	Watermelon Detection.v5-raw_annotations.coco-segmentation\train\IMG_0650_jpg.rf.f54983e6299d4bfa9745eb591a62ca8b.jpg	roboflow_team128_v5_IMG_0650_jpg.rf.f54983e6299d4bfa9745eb591a62ca8b.jpg	roboflow_team128_v5_IMG_0650_jpg.rf.f54983e6299d4bfa9745eb591a62ca8b.txt	images/train/roboflow_team128_v5_IMG_0650_jpg.rf.f54983e6299d4bfa9745eb591a62ca8b.jpg	labels/train/roboflow_team128_v5_IMG_0650_jpg.rf.f54983e6299d4bfa9745eb591a62ca8b.txt	3024	4032	1	roboflow_team128_v5::roboflow_team128_v5_img_0650_jpg	roboflow_team128_v5_IMG_0650_jpg	df237ba6c141c53666f7563386f074612d27f7e7036d6972335831698edb995e	afd8752c80d6395c9176a6c5bf0d808072a1bb26f4ed0de956caa3590f95ee68	521	false	
train_clean	train	roboflow_team128_v5	train	Watermelon Detection.v5-raw_annotations.coco-segmentation\train\IMG_0651_jpg.rf.987ba25c7481c6084d7e6a2a6baf8a50.jpg	roboflow_team128_v5_IMG_0651_jpg.rf.987ba25c7481c6084d7e6a2a6baf8a50.jpg	roboflow_team128_v5_IMG_0651_jpg.rf.987ba25c7481c6084d7e6a2a6baf8a50.txt	images/train/roboflow_team128_v5_IMG_0651_jpg.rf.987ba25c7481c6084d7e6a2a6baf8a50.jpg	labels/train/roboflow_team128_v5_IMG_0651_jpg.rf.987ba25c7481c6084d7e6a2a6baf8a50.txt	3024	4032	2	roboflow_team128_v5::roboflow_team128_v5_img_0651_jpg	roboflow_team128_v5_IMG_0651_jpg	a715a79a576337e129350a1c03ca22dfabb4fa9592e27a537ad69018469997d0	df418807b8f0921b5608386d05a85f7719308d3e6ddba38f50b6a3d4b21e8cff	522	false	
train_clean	train	roboflow_team128_v5	train	Watermelon Detection.v5-raw_annotations.coco-segmentation\train\IMG_0652_jpg.rf.ac4888f86fe7cd0d5eddf3e2af5efea1.jpg	roboflow_team128_v5_IMG_0652_jpg.rf.ac4888f86fe7cd0d5eddf3e2af5efea1.jpg	roboflow_team128_v5_IMG_0652_jpg.rf.ac4888f86fe7cd0d5eddf3e2af5efea1.txt	images/train/roboflow_team128_v5_IMG_0652_jpg.rf.ac4888f86fe7cd0d5eddf3e2af5efea1.jpg	labels/train/roboflow_team128_v5_IMG_0652_jpg.rf.ac4888f86fe7cd0d5eddf3e2af5efea1.txt	3024	4032	1	roboflow_team128_v5::roboflow_team128_v5_img_0652_jpg	roboflow_team128_v5_IMG_0652_jpg	41819365b4578ab210a6d16bc30b46f960bd83250d374368f9b43146b00bfd97	d7bac09c4a0d01814cf76436a0dd4beed408d98e107259fdae25ca9abccf1e9e	523	false	
train_clean	train	roboflow_team128_v5	train	Watermelon Detection.v5-raw_annotations.coco-segmentation\train\IMG_0653_jpg.rf.e48a4a4217a480cd2daff9ae70113cff.jpg	roboflow_team128_v5_IMG_0653_jpg.rf.e48a4a4217a480cd2daff9ae70113cff.jpg	roboflow_team128_v5_IMG_0653_jpg.rf.e48a4a4217a480cd2daff9ae70113cff.txt	images/train/roboflow_team128_v5_IMG_0653_jpg.rf.e48a4a4217a480cd2daff9ae70113cff.jpg	labels/train/roboflow_team128_v5_IMG_0653_jpg.rf.e48a4a4217a480cd2daff9ae70113cff.txt	3024	4032	2	roboflow_team128_v5::roboflow_team128_v5_img_0653_jpg	roboflow_team128_v5_IMG_0653_jpg	022853ad63e689161c7546ccbb86b4204436fcff6b70469f89b6272b3ba7177e	81386f876c9f5d4df876317d7a03d9897b8ef87e5a28722ab25c0ed254ec6191	524	false	
train_clean	train	roboflow_team128_v5	valid	Watermelon Detection.v5-raw_annotations.coco-segmentation\valid\IMG_0654_jpg.rf.3b4dcb6a8eb87638e9d15010401985f5.jpg	roboflow_team128_v5_IMG_0654_jpg.rf.3b4dcb6a8eb87638e9d15010401985f5.jpg	roboflow_team128_v5_IMG_0654_jpg.rf.3b4dcb6a8eb87638e9d15010401985f5.txt	images/train/roboflow_team128_v5_IMG_0654_jpg.rf.3b4dcb6a8eb87638e9d15010401985f5.jpg	labels/train/roboflow_team128_v5_IMG_0654_jpg.rf.3b4dcb6a8eb87638e9d15010401985f5.txt	3024	4032	3	roboflow_team128_v5::roboflow_team128_v5_img_0654_jpg	roboflow_team128_v5_IMG_0654_jpg	2a78ce2f03e5fb064f46a1da03ab46bdf94955ae1eca9ffd9c3a9f23dc93b155	56da0e5f4a8afc11634b7510863e6892fa48798f49da9d351ca582a2985494dd	525	false	
train_clean	train	roboflow_team128_v5	train	Watermelon Detection.v5-raw_annotations.coco-segmentation\train\IMG_0655_jpg.rf.ab77d05a1aef670b65eaf647bcccaaac.jpg	roboflow_team128_v5_IMG_0655_jpg.rf.ab77d05a1aef670b65eaf647bcccaaac.jpg	roboflow_team128_v5_IMG_0655_jpg.rf.ab77d05a1aef670b65eaf647bcccaaac.txt	images/train/roboflow_team128_v5_IMG_0655_jpg.rf.ab77d05a1aef670b65eaf647bcccaaac.jpg	labels/train/roboflow_team128_v5_IMG_0655_jpg.rf.ab77d05a1aef670b65eaf647bcccaaac.txt	3024	4032	2	roboflow_team128_v5::roboflow_team128_v5_img_0655_jpg	roboflow_team128_v5_IMG_0655_jpg	0c77aaa2c8f102a6763bb2d5345a8f2894c1dda0dd378ccb4cadf475ac60d80c	441494160bd88bfcf31486379a2a8d73ea0453ba7a1b5e1ecbb23be053d80531	526	false	
train_clean	train	roboflow_team128_v5	train	Watermelon Detection.v5-raw_annotations.coco-segmentation\train\IMG_0656_jpg.rf.97742623977fc6e6a79ae12a8f2769f2.jpg	roboflow_team128_v5_IMG_0656_jpg.rf.97742623977fc6e6a79ae12a8f2769f2.jpg	roboflow_team128_v5_IMG_0656_jpg.rf.97742623977fc6e6a79ae12a8f2769f2.txt	images/train/roboflow_team128_v5_IMG_0656_jpg.rf.97742623977fc6e6a79ae12a8f2769f2.jpg	labels/train/roboflow_team128_v5_IMG_0656_jpg.rf.97742623977fc6e6a79ae12a8f2769f2.txt	3024	4032	3	roboflow_team128_v5::roboflow_team128_v5_img_0656_jpg	roboflow_team128_v5_IMG_0656_jpg	d172073b5a793960e06aed3d15df7f5c0110e5884f3a9c1d2ba24e0034e0641d	a2b77c08b827914463a655f1c2f8f2c361febbfb8b38f7d2b3112d294805d716	527	false	
train_clean	train	roboflow_team128_v5	test	Watermelon Detection.v5-raw_annotations.coco-segmentation\test\IMG_0660_jpg.rf.9cda13245fe063576aa2125b3349aa1b.jpg	roboflow_team128_v5_IMG_0660_jpg.rf.9cda13245fe063576aa2125b3349aa1b.jpg	roboflow_team128_v5_IMG_0660_jpg.rf.9cda13245fe063576aa2125b3349aa1b.txt	images/train/roboflow_team128_v5_IMG_0660_jpg.rf.9cda13245fe063576aa2125b3349aa1b.jpg	labels/train/roboflow_team128_v5_IMG_0660_jpg.rf.9cda13245fe063576aa2125b3349aa1b.txt	3024	4032	1	roboflow_team128_v5::roboflow_team128_v5_img_0660_jpg	roboflow_team128_v5_IMG_0660_jpg	e493bc201bd0fdf34b617aa8b2d36b9bb0776cffc471cbed2285bb7e64d5f545	b2dcf5ad81c19512c742aadee976952f883b4dff0cb3609d7febe8225021b7a7	528	false	
train_clean	train	roboflow_team128_v5	train	Watermelon Detection.v5-raw_annotations.coco-segmentation\train\IMG_0661_jpg.rf.759f8f4ab0505eeab76b3acba6281fe5.jpg	roboflow_team128_v5_IMG_0661_jpg.rf.759f8f4ab0505eeab76b3acba6281fe5.jpg	roboflow_team128_v5_IMG_0661_jpg.rf.759f8f4ab0505eeab76b3acba6281fe5.txt	images/train/roboflow_team128_v5_IMG_0661_jpg.rf.759f8f4ab0505eeab76b3acba6281fe5.jpg	labels/train/roboflow_team128_v5_IMG_0661_jpg.rf.759f8f4ab0505eeab76b3acba6281fe5.txt	3024	4032	2	roboflow_team128_v5::roboflow_team128_v5_img_0661_jpg	roboflow_team128_v5_IMG_0661_jpg	9fb1ae022a34fdb827879b9bb1fb25c1f94f24b7dae48ff4e790927c11b79c39	ed8115bae16db9355a595ffeefd76655d6fbbb5a894feb6362f333292400047a	529	false	
train_clean	train	roboflow_team128_v5	train	Watermelon Detection.v5-raw_annotations.coco-segmentation\train\IMG_0662_jpg.rf.fbdbc13754fb34cf610193c77100dfae.jpg	roboflow_team128_v5_IMG_0662_jpg.rf.fbdbc13754fb34cf610193c77100dfae.jpg	roboflow_team128_v5_IMG_0662_jpg.rf.fbdbc13754fb34cf610193c77100dfae.txt	images/train/roboflow_team128_v5_IMG_0662_jpg.rf.fbdbc13754fb34cf610193c77100dfae.jpg	labels/train/roboflow_team128_v5_IMG_0662_jpg.rf.fbdbc13754fb34cf610193c77100dfae.txt	3024	4032	3	roboflow_team128_v5::roboflow_team128_v5_img_0662_jpg	roboflow_team128_v5_IMG_0662_jpg	d0b3b1012ad7df9a2a7f9bbf6cd6a5dee7713dc9f244440e6864f7954c55ce44	5f89640ded2a54074f7d13d43b46d55f12348a37e7328093616164e35870875e	530	false	
train_clean	train	roboflow_team128_v5	train	Watermelon Detection.v5-raw_annotations.coco-segmentation\train\IMG_0663_jpg.rf.d8dc408ee8d881c7e11afd2310d4442e.jpg	roboflow_team128_v5_IMG_0663_jpg.rf.d8dc408ee8d881c7e11afd2310d4442e.jpg	roboflow_team128_v5_IMG_0663_jpg.rf.d8dc408ee8d881c7e11afd2310d4442e.txt	images/train/roboflow_team128_v5_IMG_0663_jpg.rf.d8dc408ee8d881c7e11afd2310d4442e.jpg	labels/train/roboflow_team128_v5_IMG_0663_jpg.rf.d8dc408ee8d881c7e11afd2310d4442e.txt	3024	4032	6	roboflow_team128_v5::roboflow_team128_v5_img_0663_jpg	roboflow_team128_v5_IMG_0663_jpg	1eeffd873e075668de59b483bb7663c2cff5359f28c93bbbafbc8df5c5143159	933d43ea178e49d977d6fa84949184a5a9c2a62792bd23c4ed8e97014fd9b63e	531	false	
train_clean	train	roboflow_team128_v5	train	Watermelon Detection.v5-raw_annotations.coco-segmentation\train\IMG_0664_jpg.rf.d60b89c6b75e9e1f973714c34ad7e30d.jpg	roboflow_team128_v5_IMG_0664_jpg.rf.d60b89c6b75e9e1f973714c34ad7e30d.jpg	roboflow_team128_v5_IMG_0664_jpg.rf.d60b89c6b75e9e1f973714c34ad7e30d.txt	images/train/roboflow_team128_v5_IMG_0664_jpg.rf.d60b89c6b75e9e1f973714c34ad7e30d.jpg	labels/train/roboflow_team128_v5_IMG_0664_jpg.rf.d60b89c6b75e9e1f973714c34ad7e30d.txt	3024	4032	1	roboflow_team128_v5::roboflow_team128_v5_img_0664_jpg	roboflow_team128_v5_IMG_0664_jpg	bfa2b519c8d84622d99508e00102f9a5f04603d3b0a7227ca7f67f2c1d7dfb5e	57785693480b41a720bd5df9000c457eb5fe48b2cd01225c08d43ddcc409bc53	532	false	
train_clean	train	roboflow_team128_v5	test	Watermelon Detection.v5-raw_annotations.coco-segmentation\test\IMG_0665_jpg.rf.1bfe4e56e2433c8ef30f388d78b0c85d.jpg	roboflow_team128_v5_IMG_0665_jpg.rf.1bfe4e56e2433c8ef30f388d78b0c85d.jpg	roboflow_team128_v5_IMG_0665_jpg.rf.1bfe4e56e2433c8ef30f388d78b0c85d.txt	images/train/roboflow_team128_v5_IMG_0665_jpg.rf.1bfe4e56e2433c8ef30f388d78b0c85d.jpg	labels/train/roboflow_team128_v5_IMG_0665_jpg.rf.1bfe4e56e2433c8ef30f388d78b0c85d.txt	3024	4032	2	roboflow_team128_v5::roboflow_team128_v5_img_0665_jpg	roboflow_team128_v5_IMG_0665_jpg	711d7c28aa3b21db3ca7eb178147c82ddb240bb5ea0fce0c76a8b43ba465e8bf	14a2d82dbc6b333541a31c920b1f61222d1bd2d14fddada8f48bffb169d389cf	533	false	
train_clean	train	roboflow_team128_v5	train	Watermelon Detection.v5-raw_annotations.coco-segmentation\train\IMG_0667_jpg.rf.bbe9c4f29d5189975a15f82cf89ee59a.jpg	roboflow_team128_v5_IMG_0667_jpg.rf.bbe9c4f29d5189975a15f82cf89ee59a.jpg	roboflow_team128_v5_IMG_0667_jpg.rf.bbe9c4f29d5189975a15f82cf89ee59a.txt	images/train/roboflow_team128_v5_IMG_0667_jpg.rf.bbe9c4f29d5189975a15f82cf89ee59a.jpg	labels/train/roboflow_team128_v5_IMG_0667_jpg.rf.bbe9c4f29d5189975a15f82cf89ee59a.txt	3024	4032	1	roboflow_team128_v5::roboflow_team128_v5_img_0667_jpg	roboflow_team128_v5_IMG_0667_jpg	415ec5ea996779b033d3d36187bcb6d4cece4516d4277a1bcb9e40f46669fdbc	c1894295cd8b09fe01a633661273e891e51ff25fb21bb04cb53e1567c02f6eb0	534	false	
train_clean	train	roboflow_team128_v5	train	Watermelon Detection.v5-raw_annotations.coco-segmentation\train\IMG_0668_jpg.rf.40f7c02c16aed82cb8c396409fb0970e.jpg	roboflow_team128_v5_IMG_0668_jpg.rf.40f7c02c16aed82cb8c396409fb0970e.jpg	roboflow_team128_v5_IMG_0668_jpg.rf.40f7c02c16aed82cb8c396409fb0970e.txt	images/train/roboflow_team128_v5_IMG_0668_jpg.rf.40f7c02c16aed82cb8c396409fb0970e.jpg	labels/train/roboflow_team128_v5_IMG_0668_jpg.rf.40f7c02c16aed82cb8c396409fb0970e.txt	3024	4032	1	roboflow_team128_v5::roboflow_team128_v5_img_0668_jpg	roboflow_team128_v5_IMG_0668_jpg	8f7017c5c7e0bc3bc7db5cb7ccaeaa6fee9e868e8c31a32de84a5360f56bdaff	90ffe9be53908da41d529eaa1eb3cad489ed85e1a4d2bf1fa321146c116614f4	535	false	
train_clean	train	roboflow_team128_v5	valid	Watermelon Detection.v5-raw_annotations.coco-segmentation\valid\IMG_0669_jpg.rf.5ccc04b7d9711abf67420efbfa80c581.jpg	roboflow_team128_v5_IMG_0669_jpg.rf.5ccc04b7d9711abf67420efbfa80c581.jpg	roboflow_team128_v5_IMG_0669_jpg.rf.5ccc04b7d9711abf67420efbfa80c581.txt	images/train/roboflow_team128_v5_IMG_0669_jpg.rf.5ccc04b7d9711abf67420efbfa80c581.jpg	labels/train/roboflow_team128_v5_IMG_0669_jpg.rf.5ccc04b7d9711abf67420efbfa80c581.txt	3024	4032	1	roboflow_team128_v5::roboflow_team128_v5_img_0669_jpg	roboflow_team128_v5_IMG_0669_jpg	4154ad9a1574a5fe5b64c9ddf832683e8d416646c2c6132e059d4fbc27e33568	695b0f9778afcb50e2b5d78c3ba1e96e2abed6655229524131fbbbcfb2e3ca3f	536	false	
train_clean	train	roboflow_team128_v5	test	Watermelon Detection.v5-raw_annotations.coco-segmentation\test\IMG_0672_jpg.rf.069a84423e7e25028b6170dd14e8ffd3.jpg	roboflow_team128_v5_IMG_0672_jpg.rf.069a84423e7e25028b6170dd14e8ffd3.jpg	roboflow_team128_v5_IMG_0672_jpg.rf.069a84423e7e25028b6170dd14e8ffd3.txt	images/train/roboflow_team128_v5_IMG_0672_jpg.rf.069a84423e7e25028b6170dd14e8ffd3.jpg	labels/train/roboflow_team128_v5_IMG_0672_jpg.rf.069a84423e7e25028b6170dd14e8ffd3.txt	3024	4032	2	roboflow_team128_v5::roboflow_team128_v5_img_0672_jpg	roboflow_team128_v5_IMG_0672_jpg	bb27e1cdfce822ffedaf5c44224b867c377085a66254622e92a353701d8706e4	d839a74d4a5ab24174eca77619a6e88c445732158396ad5592dae296afd65bbb	537	false	
train_clean	train	roboflow_team128_v5	train	Watermelon Detection.v5-raw_annotations.coco-segmentation\train\IMG_0673_jpg.rf.e6d01f3289441ff491866dba3a677725.jpg	roboflow_team128_v5_IMG_0673_jpg.rf.e6d01f3289441ff491866dba3a677725.jpg	roboflow_team128_v5_IMG_0673_jpg.rf.e6d01f3289441ff491866dba3a677725.txt	images/train/roboflow_team128_v5_IMG_0673_jpg.rf.e6d01f3289441ff491866dba3a677725.jpg	labels/train/roboflow_team128_v5_IMG_0673_jpg.rf.e6d01f3289441ff491866dba3a677725.txt	3024	4032	3	roboflow_team128_v5::roboflow_team128_v5_img_0673_jpg	roboflow_team128_v5_IMG_0673_jpg	c208f729b023800f235d82149a8c1099c3ca024d638e747a4977071d9c99b93d	78987c99ce9bdbd312f5535556fa8fb8e66d006def8b86c8ec4d40245412b973	538	false	
train_clean	train	roboflow_team128_v5	train	Watermelon Detection.v5-raw_annotations.coco-segmentation\train\IMG_0674_jpg.rf.9963b24e8de374f613523f711013ca08.jpg	roboflow_team128_v5_IMG_0674_jpg.rf.9963b24e8de374f613523f711013ca08.jpg	roboflow_team128_v5_IMG_0674_jpg.rf.9963b24e8de374f613523f711013ca08.txt	images/train/roboflow_team128_v5_IMG_0674_jpg.rf.9963b24e8de374f613523f711013ca08.jpg	labels/train/roboflow_team128_v5_IMG_0674_jpg.rf.9963b24e8de374f613523f711013ca08.txt	3024	4032	4	roboflow_team128_v5::roboflow_team128_v5_img_0674_jpg	roboflow_team128_v5_IMG_0674_jpg	59e2d1f17c0c3347ecfcb8e5fa8dd244ec228f663e715b3f7bbed3c7f97ca583	ef1adb310303f515ee70a7970e14b613ba04667ec85273640a95715f5b8de1ea	539	false	
train_clean	train	roboflow_team128_v5	train	Watermelon Detection.v5-raw_annotations.coco-segmentation\train\IMG_0675_jpg.rf.d72cc97964209168e59021d1599a4606.jpg	roboflow_team128_v5_IMG_0675_jpg.rf.d72cc97964209168e59021d1599a4606.jpg	roboflow_team128_v5_IMG_0675_jpg.rf.d72cc97964209168e59021d1599a4606.txt	images/train/roboflow_team128_v5_IMG_0675_jpg.rf.d72cc97964209168e59021d1599a4606.jpg	labels/train/roboflow_team128_v5_IMG_0675_jpg.rf.d72cc97964209168e59021d1599a4606.txt	3024	4032	6	roboflow_team128_v5::roboflow_team128_v5_img_0675_jpg	roboflow_team128_v5_IMG_0675_jpg	b0f4dd299ae6a6b9305257b9bf028f4a93b27dea60ebe915b2d0a7b45f8387c7	a4a8ca9798c3e45319f9e4b72f0ba23c79a43b888833397f436e6aa088d9b0c2	540	false	
train_clean	train	roboflow_team128_v5	valid	Watermelon Detection.v5-raw_annotations.coco-segmentation\valid\IMG_0676_jpg.rf.feff758f1ef417bb4dcab49a4b647ddf.jpg	roboflow_team128_v5_IMG_0676_jpg.rf.feff758f1ef417bb4dcab49a4b647ddf.jpg	roboflow_team128_v5_IMG_0676_jpg.rf.feff758f1ef417bb4dcab49a4b647ddf.txt	images/train/roboflow_team128_v5_IMG_0676_jpg.rf.feff758f1ef417bb4dcab49a4b647ddf.jpg	labels/train/roboflow_team128_v5_IMG_0676_jpg.rf.feff758f1ef417bb4dcab49a4b647ddf.txt	3024	4032	2	roboflow_team128_v5::roboflow_team128_v5_img_0676_jpg	roboflow_team128_v5_IMG_0676_jpg	933517b9247cde20fc58bf2408794128cdc3786bfcf9aac3be70b1b81f38f063	eb709745042ca84ded801e76c678e705492a9e271f0aa98490e3d285790949bb	541	false	
train_clean	train	roboflow_team128_v5	train	Watermelon Detection.v5-raw_annotations.coco-segmentation\train\IMG_0677_jpg.rf.9d21c9ec8b52722cc2c63cae05de4900.jpg	roboflow_team128_v5_IMG_0677_jpg.rf.9d21c9ec8b52722cc2c63cae05de4900.jpg	roboflow_team128_v5_IMG_0677_jpg.rf.9d21c9ec8b52722cc2c63cae05de4900.txt	images/train/roboflow_team128_v5_IMG_0677_jpg.rf.9d21c9ec8b52722cc2c63cae05de4900.jpg	labels/train/roboflow_team128_v5_IMG_0677_jpg.rf.9d21c9ec8b52722cc2c63cae05de4900.txt	3024	4032	4	roboflow_team128_v5::roboflow_team128_v5_img_0677_jpg	roboflow_team128_v5_IMG_0677_jpg	cf175dbb3b5e4cd297564714ac31c336da742aff82ada45ee2c5bc26428e6c6f	a264521b5ddca6ece2a4dfcced6ef7c438601d68ad7925418e684372da95d4ff	542	false	
train_clean	train	roboflow_team128_v5	train	Watermelon Detection.v5-raw_annotations.coco-segmentation\train\IMG_0679_jpg.rf.f83872c3f064f1bb1d3fccf49647cc96.jpg	roboflow_team128_v5_IMG_0679_jpg.rf.f83872c3f064f1bb1d3fccf49647cc96.jpg	roboflow_team128_v5_IMG_0679_jpg.rf.f83872c3f064f1bb1d3fccf49647cc96.txt	images/train/roboflow_team128_v5_IMG_0679_jpg.rf.f83872c3f064f1bb1d3fccf49647cc96.jpg	labels/train/roboflow_team128_v5_IMG_0679_jpg.rf.f83872c3f064f1bb1d3fccf49647cc96.txt	3024	4032	2	roboflow_team128_v5::roboflow_team128_v5_img_0679_jpg	roboflow_team128_v5_IMG_0679_jpg	00cdac6b9331c3af7a852ac0b7a849ed3a924b52b405ccfc3b60e2a7824c584b	8aefd94a80d7ea5d1c8103442eca2c06310e10c93fc1c155c18d9d849d89c62f	543	false	
train_clean	train	roboflow_team128_v5	train	Watermelon Detection.v5-raw_annotations.coco-segmentation\train\IMG_0681_jpg.rf.645153ccebe37c63e8d2638525901c98.jpg	roboflow_team128_v5_IMG_0681_jpg.rf.645153ccebe37c63e8d2638525901c98.jpg	roboflow_team128_v5_IMG_0681_jpg.rf.645153ccebe37c63e8d2638525901c98.txt	images/train/roboflow_team128_v5_IMG_0681_jpg.rf.645153ccebe37c63e8d2638525901c98.jpg	labels/train/roboflow_team128_v5_IMG_0681_jpg.rf.645153ccebe37c63e8d2638525901c98.txt	3024	4032	3	roboflow_team128_v5::roboflow_team128_v5_img_0681_jpg	roboflow_team128_v5_IMG_0681_jpg	7a38be6bb6cf3ecdc2ef5d87b42250c913fc936a7a43dd2af3252d1891934bdd	454c2117f40131ee3234a365ddbf78a3c4aab65d8d7eed3d157c78ac6c0cc167	544	false	
train_clean	train	roboflow_team128_v5	test	Watermelon Detection.v5-raw_annotations.coco-segmentation\test\IMG_0682_jpg.rf.a84b4c664230fd0c34a3db333a1106ec.jpg	roboflow_team128_v5_IMG_0682_jpg.rf.a84b4c664230fd0c34a3db333a1106ec.jpg	roboflow_team128_v5_IMG_0682_jpg.rf.a84b4c664230fd0c34a3db333a1106ec.txt	images/train/roboflow_team128_v5_IMG_0682_jpg.rf.a84b4c664230fd0c34a3db333a1106ec.jpg	labels/train/roboflow_team128_v5_IMG_0682_jpg.rf.a84b4c664230fd0c34a3db333a1106ec.txt	3024	4032	2	roboflow_team128_v5::roboflow_team128_v5_img_0682_jpg	roboflow_team128_v5_IMG_0682_jpg	9fc48bfd9cc5605932616c80f4264ac763f2089c70dee44f677dcce931041132	cf9b4e62b1116440411333d3d3afe8ac7543073b4f89bce7b951ef036380e958	545	false	
train_clean	train	roboflow_team128_v5	train	Watermelon Detection.v5-raw_annotations.coco-segmentation\train\IMG_0683_jpg.rf.3fbf16c9a141538d3e4318bc3f2dbf60.jpg	roboflow_team128_v5_IMG_0683_jpg.rf.3fbf16c9a141538d3e4318bc3f2dbf60.jpg	roboflow_team128_v5_IMG_0683_jpg.rf.3fbf16c9a141538d3e4318bc3f2dbf60.txt	images/train/roboflow_team128_v5_IMG_0683_jpg.rf.3fbf16c9a141538d3e4318bc3f2dbf60.jpg	labels/train/roboflow_team128_v5_IMG_0683_jpg.rf.3fbf16c9a141538d3e4318bc3f2dbf60.txt	3024	4032	1	roboflow_team128_v5::roboflow_team128_v5_img_0683_jpg	roboflow_team128_v5_IMG_0683_jpg	6a72a9cad395a11dbfaf005e72058a6b4905afed802ea973f07cec87678758a2	5c6a419e4b4354205f8a73ae89314e88589eee3a6567f08892845e4b852a4e00	546	false	
train_clean	train	roboflow_team128_v5	train	Watermelon Detection.v5-raw_annotations.coco-segmentation\train\IMG_0684_jpg.rf.fbe08372394c862ba50fcc5a0de67935.jpg	roboflow_team128_v5_IMG_0684_jpg.rf.fbe08372394c862ba50fcc5a0de67935.jpg	roboflow_team128_v5_IMG_0684_jpg.rf.fbe08372394c862ba50fcc5a0de67935.txt	images/train/roboflow_team128_v5_IMG_0684_jpg.rf.fbe08372394c862ba50fcc5a0de67935.jpg	labels/train/roboflow_team128_v5_IMG_0684_jpg.rf.fbe08372394c862ba50fcc5a0de67935.txt	3024	4032	1	roboflow_team128_v5::roboflow_team128_v5_img_0684_jpg	roboflow_team128_v5_IMG_0684_jpg	60e9d3ff877624368312bf3b5bdc8038d9105126d6f90802eefbddabd89745cc	ec83851c793a421f0eeaee018f0239346d5f990a9dddec13661b4705ef262f47	547	false	
train_clean	train	roboflow_team128_v5	train	Watermelon Detection.v5-raw_annotations.coco-segmentation\train\IMG_0685_jpg.rf.336a5020e8b91ad2261e5a51b4221fb7.jpg	roboflow_team128_v5_IMG_0685_jpg.rf.336a5020e8b91ad2261e5a51b4221fb7.jpg	roboflow_team128_v5_IMG_0685_jpg.rf.336a5020e8b91ad2261e5a51b4221fb7.txt	images/train/roboflow_team128_v5_IMG_0685_jpg.rf.336a5020e8b91ad2261e5a51b4221fb7.jpg	labels/train/roboflow_team128_v5_IMG_0685_jpg.rf.336a5020e8b91ad2261e5a51b4221fb7.txt	3024	4032	1	roboflow_team128_v5::roboflow_team128_v5_img_0685_jpg	roboflow_team128_v5_IMG_0685_jpg	202066fb47963d4ab4942ba209324369fd1f04dbd5e2c65635d8252adb6570e8	2e2e2ac1e8bbb76f62f1cda1c55dc30faa12c74f7fa4b776470044a8632b3f77	548	false	
train_clean	train	roboflow_team128_v5	train	Watermelon Detection.v5-raw_annotations.coco-segmentation\train\IMG_0686_jpg.rf.3ecc69f9a94c26b30b98010ab7cf4d45.jpg	roboflow_team128_v5_IMG_0686_jpg.rf.3ecc69f9a94c26b30b98010ab7cf4d45.jpg	roboflow_team128_v5_IMG_0686_jpg.rf.3ecc69f9a94c26b30b98010ab7cf4d45.txt	images/train/roboflow_team128_v5_IMG_0686_jpg.rf.3ecc69f9a94c26b30b98010ab7cf4d45.jpg	labels/train/roboflow_team128_v5_IMG_0686_jpg.rf.3ecc69f9a94c26b30b98010ab7cf4d45.txt	3024	4032	2	roboflow_team128_v5::roboflow_team128_v5_img_0686_jpg	roboflow_team128_v5_IMG_0686_jpg	52433976b9c05d95d3c0f798cdbbcc53c0c4ed86d1730048b214c2563db23d24	0c9d33a52e24903339fc63d7de7d056c0da1717cdc9d4f4052d166abb0153fbe	549	false	
train_clean	train	roboflow_team128_v5	test	Watermelon Detection.v5-raw_annotations.coco-segmentation\test\IMG_0689_jpg.rf.f12c74152ae7bcf34c17357c4a85c3b7.jpg	roboflow_team128_v5_IMG_0689_jpg.rf.f12c74152ae7bcf34c17357c4a85c3b7.jpg	roboflow_team128_v5_IMG_0689_jpg.rf.f12c74152ae7bcf34c17357c4a85c3b7.txt	images/train/roboflow_team128_v5_IMG_0689_jpg.rf.f12c74152ae7bcf34c17357c4a85c3b7.jpg	labels/train/roboflow_team128_v5_IMG_0689_jpg.rf.f12c74152ae7bcf34c17357c4a85c3b7.txt	3024	4032	2	roboflow_team128_v5::roboflow_team128_v5_img_0689_jpg	roboflow_team128_v5_IMG_0689_jpg	00f03607480005462300d62bf5ce0bfe75c2f4d5e17e84a3a00d5d2bd3372b00	1d7e7d1ba412f55d3f867336610d668efc138be8d9129c38c20c48fbcf80e0ec	550	false	
train_clean	train	roboflow_team128_v5	train	Watermelon Detection.v5-raw_annotations.coco-segmentation\train\IMG_0690_jpg.rf.7f374ee61a1e6e39031088d3952f2277.jpg	roboflow_team128_v5_IMG_0690_jpg.rf.7f374ee61a1e6e39031088d3952f2277.jpg	roboflow_team128_v5_IMG_0690_jpg.rf.7f374ee61a1e6e39031088d3952f2277.txt	images/train/roboflow_team128_v5_IMG_0690_jpg.rf.7f374ee61a1e6e39031088d3952f2277.jpg	labels/train/roboflow_team128_v5_IMG_0690_jpg.rf.7f374ee61a1e6e39031088d3952f2277.txt	3024	4032	4	roboflow_team128_v5::roboflow_team128_v5_img_0690_jpg	roboflow_team128_v5_IMG_0690_jpg	08d535df961de609c623812c1dad4fd0cde49afdf52b169fb6ba96d1d3557cd1	37df3e937e73dce59a6c8a3639261ab912be6c40647d3a97b8828aa1f0b8cea3	551	false	
train_clean	train	roboflow_team128_v5	valid	Watermelon Detection.v5-raw_annotations.coco-segmentation\valid\IMG_0694_jpg.rf.4d96dd384a707b708b119a719abb9f16.jpg	roboflow_team128_v5_IMG_0694_jpg.rf.4d96dd384a707b708b119a719abb9f16.jpg	roboflow_team128_v5_IMG_0694_jpg.rf.4d96dd384a707b708b119a719abb9f16.txt	images/train/roboflow_team128_v5_IMG_0694_jpg.rf.4d96dd384a707b708b119a719abb9f16.jpg	labels/train/roboflow_team128_v5_IMG_0694_jpg.rf.4d96dd384a707b708b119a719abb9f16.txt	3024	4032	5	roboflow_team128_v5::roboflow_team128_v5_img_0694_jpg	roboflow_team128_v5_IMG_0694_jpg	d665821eee52d7748ba0f63fccde84d07cd1cf55f6de0b9770b38d45db6cb2d0	31b65b4f883e7079fc2a14ca5113f0ce11f6842f8fd0c2735d90aa4dc32ad30e	552	false	
train_clean	train	roboflow_team128_v5	train	Watermelon Detection.v5-raw_annotations.coco-segmentation\train\IMG_0696_jpg.rf.d95973b6603c0b837cc1a2a232d5898a.jpg	roboflow_team128_v5_IMG_0696_jpg.rf.d95973b6603c0b837cc1a2a232d5898a.jpg	roboflow_team128_v5_IMG_0696_jpg.rf.d95973b6603c0b837cc1a2a232d5898a.txt	images/train/roboflow_team128_v5_IMG_0696_jpg.rf.d95973b6603c0b837cc1a2a232d5898a.jpg	labels/train/roboflow_team128_v5_IMG_0696_jpg.rf.d95973b6603c0b837cc1a2a232d5898a.txt	3024	4032	4	roboflow_team128_v5::roboflow_team128_v5_img_0696_jpg	roboflow_team128_v5_IMG_0696_jpg	db601aab125305975848991a45f02988955d25df7b76037e303845828925d561	c3935d6b16ac1953e5ee075b53508a310f671df48ba0cd9d6a5ab015a85ae688	553	false	
train_clean	train	roboflow_team128_v5	valid	Watermelon Detection.v5-raw_annotations.coco-segmentation\valid\IMG_0697_jpg.rf.2226fb8940ce1315b1acc1e5f5cbd406.jpg	roboflow_team128_v5_IMG_0697_jpg.rf.2226fb8940ce1315b1acc1e5f5cbd406.jpg	roboflow_team128_v5_IMG_0697_jpg.rf.2226fb8940ce1315b1acc1e5f5cbd406.txt	images/train/roboflow_team128_v5_IMG_0697_jpg.rf.2226fb8940ce1315b1acc1e5f5cbd406.jpg	labels/train/roboflow_team128_v5_IMG_0697_jpg.rf.2226fb8940ce1315b1acc1e5f5cbd406.txt	3024	4032	4	roboflow_team128_v5::roboflow_team128_v5_img_0697_jpg	roboflow_team128_v5_IMG_0697_jpg	dfe8c41c7b5d891f3cac8731f6e41f36716cafdd6b20da5145c83a1896db2b93	a33319fd993ac9c4ee7cb2ce846414a1f1eaba6177f91be7bc33dfa82fbe3277	554	false	
train_clean	train	roboflow_team128_v5	train	Watermelon Detection.v5-raw_annotations.coco-segmentation\train\IMG_0700_jpg.rf.43df7986f0b3986f1ea06886a6d42d39.jpg	roboflow_team128_v5_IMG_0700_jpg.rf.43df7986f0b3986f1ea06886a6d42d39.jpg	roboflow_team128_v5_IMG_0700_jpg.rf.43df7986f0b3986f1ea06886a6d42d39.txt	images/train/roboflow_team128_v5_IMG_0700_jpg.rf.43df7986f0b3986f1ea06886a6d42d39.jpg	labels/train/roboflow_team128_v5_IMG_0700_jpg.rf.43df7986f0b3986f1ea06886a6d42d39.txt	3024	4032	1	roboflow_team128_v5::roboflow_team128_v5_img_0700_jpg	roboflow_team128_v5_IMG_0700_jpg	df49f8d026e9113bdd93991f2435f24662db65023cf6bb5c11cbe8534eef6445	fe3962f1ce5688d71d1ce41ddd589cb7f237dc8b55510bb1544010119c668dcc	555	false	
train_clean	train	roboflow_team128_v5	train	Watermelon Detection.v5-raw_annotations.coco-segmentation\train\IMG_0701_jpg.rf.6f6b08f56882573619dbcc733747311c.jpg	roboflow_team128_v5_IMG_0701_jpg.rf.6f6b08f56882573619dbcc733747311c.jpg	roboflow_team128_v5_IMG_0701_jpg.rf.6f6b08f56882573619dbcc733747311c.txt	images/train/roboflow_team128_v5_IMG_0701_jpg.rf.6f6b08f56882573619dbcc733747311c.jpg	labels/train/roboflow_team128_v5_IMG_0701_jpg.rf.6f6b08f56882573619dbcc733747311c.txt	3024	4032	3	roboflow_team128_v5::roboflow_team128_v5_img_0701_jpg	roboflow_team128_v5_IMG_0701_jpg	cd2a655dc436ead2ced9f6197d89694e4c92d2c8ddb289a7818e63168c4bd636	ff5217f3d9f37e9db13244c169261a6ee4fc3f88a37261215eb85ac427a10515	556	false	
train_clean	train	roboflow_team128_v5	valid	Watermelon Detection.v5-raw_annotations.coco-segmentation\valid\IMG_0702_jpg.rf.c491eeeda916683b2c200826c32d9c66.jpg	roboflow_team128_v5_IMG_0702_jpg.rf.c491eeeda916683b2c200826c32d9c66.jpg	roboflow_team128_v5_IMG_0702_jpg.rf.c491eeeda916683b2c200826c32d9c66.txt	images/train/roboflow_team128_v5_IMG_0702_jpg.rf.c491eeeda916683b2c200826c32d9c66.jpg	labels/train/roboflow_team128_v5_IMG_0702_jpg.rf.c491eeeda916683b2c200826c32d9c66.txt	3024	4032	2	roboflow_team128_v5::roboflow_team128_v5_img_0702_jpg	roboflow_team128_v5_IMG_0702_jpg	d0eaa22517f291b208777d631c679a6a68af4f045565bbffa9033de4c8838405	aac50b88b5c29d28650779b2cd678e74a8f05a8852156a645865dba85adadf40	557	false	
train_clean	train	roboflow_team128_v5	valid	Watermelon Detection.v5-raw_annotations.coco-segmentation\valid\IMG_0703_jpg.rf.c0dc0f1bc373b41e72b2aae3c03e869b.jpg	roboflow_team128_v5_IMG_0703_jpg.rf.c0dc0f1bc373b41e72b2aae3c03e869b.jpg	roboflow_team128_v5_IMG_0703_jpg.rf.c0dc0f1bc373b41e72b2aae3c03e869b.txt	images/train/roboflow_team128_v5_IMG_0703_jpg.rf.c0dc0f1bc373b41e72b2aae3c03e869b.jpg	labels/train/roboflow_team128_v5_IMG_0703_jpg.rf.c0dc0f1bc373b41e72b2aae3c03e869b.txt	3024	4032	1	roboflow_team128_v5::roboflow_team128_v5_img_0703_jpg	roboflow_team128_v5_IMG_0703_jpg	b3a137fa0f019736e6de513862b2a48f89eb3429ff5141cd04ec9b5bf2ef85e4	6715d915f198e68b203570d38e820288b89b03ee39967130ba080fe1bf3c74a2	558	false	
train_clean	train	roboflow_team128_v5	train	Watermelon Detection.v5-raw_annotations.coco-segmentation\train\IMG_0704_jpg.rf.ffdc22e319de0dc826fa8d89b405b787.jpg	roboflow_team128_v5_IMG_0704_jpg.rf.ffdc22e319de0dc826fa8d89b405b787.jpg	roboflow_team128_v5_IMG_0704_jpg.rf.ffdc22e319de0dc826fa8d89b405b787.txt	images/train/roboflow_team128_v5_IMG_0704_jpg.rf.ffdc22e319de0dc826fa8d89b405b787.jpg	labels/train/roboflow_team128_v5_IMG_0704_jpg.rf.ffdc22e319de0dc826fa8d89b405b787.txt	3024	4032	1	roboflow_team128_v5::roboflow_team128_v5_img_0704_jpg	roboflow_team128_v5_IMG_0704_jpg	ae2e30fdf15e46e74c69436c21ad8816a0d769659f07e3e5d9f35c07d76c6ed9	9fdb2acc5ba6efa9e4650ae8387e586486c633af860fe38aed7f6a29a752fbad	559	false	
train_clean	train	roboflow_team128_v5	train	Watermelon Detection.v5-raw_annotations.coco-segmentation\train\IMG_0705_jpg.rf.fe4169b811ebff8d2d89102d6466b678.jpg	roboflow_team128_v5_IMG_0705_jpg.rf.fe4169b811ebff8d2d89102d6466b678.jpg	roboflow_team128_v5_IMG_0705_jpg.rf.fe4169b811ebff8d2d89102d6466b678.txt	images/train/roboflow_team128_v5_IMG_0705_jpg.rf.fe4169b811ebff8d2d89102d6466b678.jpg	labels/train/roboflow_team128_v5_IMG_0705_jpg.rf.fe4169b811ebff8d2d89102d6466b678.txt	3024	4032	4	roboflow_team128_v5::roboflow_team128_v5_img_0705_jpg	roboflow_team128_v5_IMG_0705_jpg	9697f092033312c31106a72f68eae15c7303c37b0d08dd23776feffc64870388	3268dac7aa55337883139c0de1a9260c542bd0c0ad7213ced86b0066fce3ab0c	560	false	
train_clean	train	roboflow_team128_v5	valid	Watermelon Detection.v5-raw_annotations.coco-segmentation\valid\IMG_0706_jpg.rf.655061599ab1784a59fe4151c5e10681.jpg	roboflow_team128_v5_IMG_0706_jpg.rf.655061599ab1784a59fe4151c5e10681.jpg	roboflow_team128_v5_IMG_0706_jpg.rf.655061599ab1784a59fe4151c5e10681.txt	images/train/roboflow_team128_v5_IMG_0706_jpg.rf.655061599ab1784a59fe4151c5e10681.jpg	labels/train/roboflow_team128_v5_IMG_0706_jpg.rf.655061599ab1784a59fe4151c5e10681.txt	3024	4032	4	roboflow_team128_v5::roboflow_team128_v5_img_0706_jpg	roboflow_team128_v5_IMG_0706_jpg	70faa6ad15e513e2945dc416732a635203055a5734c1c977b6d79178411d8b48	4f4629c22f0aab9d4bb9866e0a28308ed7910034b780a89cc4fc1013b4e758bb	561	false	
train_clean	train	roboflow_team128_v5	train	Watermelon Detection.v5-raw_annotations.coco-segmentation\train\IMG_0708_jpg.rf.b7bfff9fcc83206511014450e3c60200.jpg	roboflow_team128_v5_IMG_0708_jpg.rf.b7bfff9fcc83206511014450e3c60200.jpg	roboflow_team128_v5_IMG_0708_jpg.rf.b7bfff9fcc83206511014450e3c60200.txt	images/train/roboflow_team128_v5_IMG_0708_jpg.rf.b7bfff9fcc83206511014450e3c60200.jpg	labels/train/roboflow_team128_v5_IMG_0708_jpg.rf.b7bfff9fcc83206511014450e3c60200.txt	3024	4032	3	roboflow_team128_v5::roboflow_team128_v5_img_0708_jpg	roboflow_team128_v5_IMG_0708_jpg	5fb2db0df4bce51008d31ab0344c1f09b0141b993e614faa70cb744f16a654b0	cfbd40e3fa6b1abe37333f1238fcfcd35b1eb11dec0121b409c247ee286e2bf7	562	false	
train_clean	train	roboflow_team128_v5	train	Watermelon Detection.v5-raw_annotations.coco-segmentation\train\IMG_0709_jpg.rf.6a58bdcabb2eb68dfab33a91891d4db3.jpg	roboflow_team128_v5_IMG_0709_jpg.rf.6a58bdcabb2eb68dfab33a91891d4db3.jpg	roboflow_team128_v5_IMG_0709_jpg.rf.6a58bdcabb2eb68dfab33a91891d4db3.txt	images/train/roboflow_team128_v5_IMG_0709_jpg.rf.6a58bdcabb2eb68dfab33a91891d4db3.jpg	labels/train/roboflow_team128_v5_IMG_0709_jpg.rf.6a58bdcabb2eb68dfab33a91891d4db3.txt	3024	4032	2	roboflow_team128_v5::roboflow_team128_v5_img_0709_jpg	roboflow_team128_v5_IMG_0709_jpg	34bbdf500077414878ded504497a1d959c01b4b670dc5979a08609dbba85a403	9dd7df8ddfac296ac1f382ef2cf89c2c650bd639fcd15760a7c9a5bc312bcfc3	563	false	
train_clean	train	roboflow_team128_v5	train	Watermelon Detection.v5-raw_annotations.coco-segmentation\train\IMG_0710_jpg.rf.bbb08dd84521dae12b2e006010f972aa.jpg	roboflow_team128_v5_IMG_0710_jpg.rf.bbb08dd84521dae12b2e006010f972aa.jpg	roboflow_team128_v5_IMG_0710_jpg.rf.bbb08dd84521dae12b2e006010f972aa.txt	images/train/roboflow_team128_v5_IMG_0710_jpg.rf.bbb08dd84521dae12b2e006010f972aa.jpg	labels/train/roboflow_team128_v5_IMG_0710_jpg.rf.bbb08dd84521dae12b2e006010f972aa.txt	3024	4032	5	roboflow_team128_v5::roboflow_team128_v5_img_0710_jpg	roboflow_team128_v5_IMG_0710_jpg	4a0bf180fd1ea4429b3db9b112976f0eb0cae30f0bcd9d8872b4cfa9958846ea	82b6ea9d663206532543eafd7594d50760162c01f15a4f65671ddda2379d10a0	564	false	
train_clean	train	roboflow_team128_v5	train	Watermelon Detection.v5-raw_annotations.coco-segmentation\train\IMG_0712_jpg.rf.6b0e56a40c24900b491c4f2ce55e74a2.jpg	roboflow_team128_v5_IMG_0712_jpg.rf.6b0e56a40c24900b491c4f2ce55e74a2.jpg	roboflow_team128_v5_IMG_0712_jpg.rf.6b0e56a40c24900b491c4f2ce55e74a2.txt	images/train/roboflow_team128_v5_IMG_0712_jpg.rf.6b0e56a40c24900b491c4f2ce55e74a2.jpg	labels/train/roboflow_team128_v5_IMG_0712_jpg.rf.6b0e56a40c24900b491c4f2ce55e74a2.txt	3024	4032	3	roboflow_team128_v5::roboflow_team128_v5_img_0712_jpg	roboflow_team128_v5_IMG_0712_jpg	9e2d2a07a9d37d8056488c493a7f31377b6e94723bf50c44935a9b9b75fccd39	8b203f63996fabaa59473cd63daf46f734a7d3dc80fcbddd0c781391df2f5375	565	false	
train_clean	train	roboflow_team128_v5	train	Watermelon Detection.v5-raw_annotations.coco-segmentation\train\IMG_0718_jpg.rf.194c858799b61b740dd0bdb9c1383924.jpg	roboflow_team128_v5_IMG_0718_jpg.rf.194c858799b61b740dd0bdb9c1383924.jpg	roboflow_team128_v5_IMG_0718_jpg.rf.194c858799b61b740dd0bdb9c1383924.txt	images/train/roboflow_team128_v5_IMG_0718_jpg.rf.194c858799b61b740dd0bdb9c1383924.jpg	labels/train/roboflow_team128_v5_IMG_0718_jpg.rf.194c858799b61b740dd0bdb9c1383924.txt	3024	4032	4	roboflow_team128_v5::roboflow_team128_v5_img_0718_jpg	roboflow_team128_v5_IMG_0718_jpg	033b39935df3e593e5e4ae5578f365ab0edda0bdb3ec01c1e6916160a9e000a7	6ba12e9286cbac029686af6e300ff3f0647fa5b1bc4bcf96f7eba20873450ec9	566	false	
train_clean	train	roboflow_team128_v5	train	Watermelon Detection.v5-raw_annotations.coco-segmentation\train\IMG_0719_jpg.rf.dfcf018b95cd357a42473c79bbad5dc3.jpg	roboflow_team128_v5_IMG_0719_jpg.rf.dfcf018b95cd357a42473c79bbad5dc3.jpg	roboflow_team128_v5_IMG_0719_jpg.rf.dfcf018b95cd357a42473c79bbad5dc3.txt	images/train/roboflow_team128_v5_IMG_0719_jpg.rf.dfcf018b95cd357a42473c79bbad5dc3.jpg	labels/train/roboflow_team128_v5_IMG_0719_jpg.rf.dfcf018b95cd357a42473c79bbad5dc3.txt	3024	4032	4	roboflow_team128_v5::roboflow_team128_v5_img_0719_jpg	roboflow_team128_v5_IMG_0719_jpg	9d352b97aaccf5316c359ef3b929687cb9ed2f0c746124fce4bc99e26b5d376f	27fb8c631de07ba3b4fe682dcdb06dc57c6bc5abe81d8b99b0b50e4fdeb593be	567	false	
train_clean	train	roboflow_team128_v5	train	Watermelon Detection.v5-raw_annotations.coco-segmentation\train\IMG_0720_jpg.rf.98c6a9eaa035f1b7d46078a8846c1003.jpg	roboflow_team128_v5_IMG_0720_jpg.rf.98c6a9eaa035f1b7d46078a8846c1003.jpg	roboflow_team128_v5_IMG_0720_jpg.rf.98c6a9eaa035f1b7d46078a8846c1003.txt	images/train/roboflow_team128_v5_IMG_0720_jpg.rf.98c6a9eaa035f1b7d46078a8846c1003.jpg	labels/train/roboflow_team128_v5_IMG_0720_jpg.rf.98c6a9eaa035f1b7d46078a8846c1003.txt	3024	4032	4	roboflow_team128_v5::roboflow_team128_v5_img_0720_jpg	roboflow_team128_v5_IMG_0720_jpg	d52788173eb8a7f032bd267eb71a4181bad47e3aaab3ddea557ecedcd0eb97c0	e8487091d3f26c0597f118831ec5ed55c87768f9964c972789fe46b80dfdecae	568	false	
train_clean	train	roboflow_team128_v5	train	Watermelon Detection.v5-raw_annotations.coco-segmentation\train\IMG_0721_jpg.rf.9eaf871c5ea9359c63dc4481989a4b3c.jpg	roboflow_team128_v5_IMG_0721_jpg.rf.9eaf871c5ea9359c63dc4481989a4b3c.jpg	roboflow_team128_v5_IMG_0721_jpg.rf.9eaf871c5ea9359c63dc4481989a4b3c.txt	images/train/roboflow_team128_v5_IMG_0721_jpg.rf.9eaf871c5ea9359c63dc4481989a4b3c.jpg	labels/train/roboflow_team128_v5_IMG_0721_jpg.rf.9eaf871c5ea9359c63dc4481989a4b3c.txt	3024	4032	2	roboflow_team128_v5::roboflow_team128_v5_img_0721_jpg	roboflow_team128_v5_IMG_0721_jpg	485807210ec43e86d614cab727834f66d04a8282c481ab21027777574abf0657	6d42da9643ac1dbb6c3ef96e1a6e15057c7c6318884057b7f6d65c19f3e02a9f	569	false	
train_clean	train	roboflow_team128_v5	train	Watermelon Detection.v5-raw_annotations.coco-segmentation\train\IMG_0722_jpg.rf.6d212a3564c1d2ea8c1c70516cf92baa.jpg	roboflow_team128_v5_IMG_0722_jpg.rf.6d212a3564c1d2ea8c1c70516cf92baa.jpg	roboflow_team128_v5_IMG_0722_jpg.rf.6d212a3564c1d2ea8c1c70516cf92baa.txt	images/train/roboflow_team128_v5_IMG_0722_jpg.rf.6d212a3564c1d2ea8c1c70516cf92baa.jpg	labels/train/roboflow_team128_v5_IMG_0722_jpg.rf.6d212a3564c1d2ea8c1c70516cf92baa.txt	3024	4032	2	roboflow_team128_v5::roboflow_team128_v5_img_0722_jpg	roboflow_team128_v5_IMG_0722_jpg	be6d0d17201e984fb23b7656fa1df1e37cc1d7096b8f82dc92e8e3f1fd826677	b1c0cbe641207bbcf2bcd4144a1c480cd92090362710ed1971d7fb06f359a181	570	false	
train_clean	train	roboflow_team128_v5	train	Watermelon Detection.v5-raw_annotations.coco-segmentation\train\IMG_0723_jpg.rf.9ea89289f28084ee7c9107befa3806ba.jpg	roboflow_team128_v5_IMG_0723_jpg.rf.9ea89289f28084ee7c9107befa3806ba.jpg	roboflow_team128_v5_IMG_0723_jpg.rf.9ea89289f28084ee7c9107befa3806ba.txt	images/train/roboflow_team128_v5_IMG_0723_jpg.rf.9ea89289f28084ee7c9107befa3806ba.jpg	labels/train/roboflow_team128_v5_IMG_0723_jpg.rf.9ea89289f28084ee7c9107befa3806ba.txt	3024	4032	5	roboflow_team128_v5::roboflow_team128_v5_img_0723_jpg	roboflow_team128_v5_IMG_0723_jpg	68009c166cfa375fbecd5506895fdc80092d500307828e8d7040685611e9743f	797fa3b8d04706d7ac0990a8f871e47e67a44487843b746e7c0353e99264feea	571	false	
train_clean	train	roboflow_team128_v5	train	Watermelon Detection.v5-raw_annotations.coco-segmentation\train\IMG_0724_jpg.rf.506abfe9cd2090f42d7888220a6db817.jpg	roboflow_team128_v5_IMG_0724_jpg.rf.506abfe9cd2090f42d7888220a6db817.jpg	roboflow_team128_v5_IMG_0724_jpg.rf.506abfe9cd2090f42d7888220a6db817.txt	images/train/roboflow_team128_v5_IMG_0724_jpg.rf.506abfe9cd2090f42d7888220a6db817.jpg	labels/train/roboflow_team128_v5_IMG_0724_jpg.rf.506abfe9cd2090f42d7888220a6db817.txt	3024	4032	7	roboflow_team128_v5::roboflow_team128_v5_img_0724_jpg	roboflow_team128_v5_IMG_0724_jpg	8baa731bed9bffe89391a14c6b88ea7e92db37017f7824837232a65f72e36dc3	ac0885a244ec019b15c8701b5ea3cbac9c1ebb0a8b011846e2a89eba6c5d4156	572	false	
train_clean	train	roboflow_team128_v5	train	Watermelon Detection.v5-raw_annotations.coco-segmentation\train\IMG_0726_jpg.rf.0050de1060fca13d4d9e13575ce79410.jpg	roboflow_team128_v5_IMG_0726_jpg.rf.0050de1060fca13d4d9e13575ce79410.jpg	roboflow_team128_v5_IMG_0726_jpg.rf.0050de1060fca13d4d9e13575ce79410.txt	images/train/roboflow_team128_v5_IMG_0726_jpg.rf.0050de1060fca13d4d9e13575ce79410.jpg	labels/train/roboflow_team128_v5_IMG_0726_jpg.rf.0050de1060fca13d4d9e13575ce79410.txt	3024	4032	2	roboflow_team128_v5::roboflow_team128_v5_img_0726_jpg	roboflow_team128_v5_IMG_0726_jpg	33d02946854e81088e9c0552f93430c9fec95c94e739e356d1e72e0fd3720235	109fa13b242062f0a11f444b27179ce9c01990d01ae7facd379e60bbab6f5f25	573	false	
train_clean	train	roboflow_team128_v5	train	Watermelon Detection.v5-raw_annotations.coco-segmentation\train\IMG_0727_jpg.rf.1d4205c5ad385afb65ca1e3487c12c0c.jpg	roboflow_team128_v5_IMG_0727_jpg.rf.1d4205c5ad385afb65ca1e3487c12c0c.jpg	roboflow_team128_v5_IMG_0727_jpg.rf.1d4205c5ad385afb65ca1e3487c12c0c.txt	images/train/roboflow_team128_v5_IMG_0727_jpg.rf.1d4205c5ad385afb65ca1e3487c12c0c.jpg	labels/train/roboflow_team128_v5_IMG_0727_jpg.rf.1d4205c5ad385afb65ca1e3487c12c0c.txt	3024	4032	4	roboflow_team128_v5::roboflow_team128_v5_img_0727_jpg	roboflow_team128_v5_IMG_0727_jpg	566292107152462f2e300c6267ecf61da8ed54810ad71a011e70e6f4fdf803a2	64e159449da5b6c27cfb873e47cb7dc52efd71859cc770acd3faf525ac0ee293	574	false	
train_clean	train	roboflow_team128_v5	train	Watermelon Detection.v5-raw_annotations.coco-segmentation\train\IMG_0728_jpg.rf.e90070eaba11e46ae0d36b9d761fa34a.jpg	roboflow_team128_v5_IMG_0728_jpg.rf.e90070eaba11e46ae0d36b9d761fa34a.jpg	roboflow_team128_v5_IMG_0728_jpg.rf.e90070eaba11e46ae0d36b9d761fa34a.txt	images/train/roboflow_team128_v5_IMG_0728_jpg.rf.e90070eaba11e46ae0d36b9d761fa34a.jpg	labels/train/roboflow_team128_v5_IMG_0728_jpg.rf.e90070eaba11e46ae0d36b9d761fa34a.txt	3024	4032	3	roboflow_team128_v5::roboflow_team128_v5_img_0728_jpg	roboflow_team128_v5_IMG_0728_jpg	d8d5b9c341130397dfeb31d5d4b7004bfe7a2dd571ed17002a276ac8bf2e9495	dfd6e25151314fc08b086b1efcf9d0392356cbb52cd617e46cef76293810d5d9	575	false	
train_clean	train	roboflow_team128_v5	train	Watermelon Detection.v5-raw_annotations.coco-segmentation\train\IMG_0729_jpg.rf.ab3159c332681b6346c533ec4c05a1f0.jpg	roboflow_team128_v5_IMG_0729_jpg.rf.ab3159c332681b6346c533ec4c05a1f0.jpg	roboflow_team128_v5_IMG_0729_jpg.rf.ab3159c332681b6346c533ec4c05a1f0.txt	images/train/roboflow_team128_v5_IMG_0729_jpg.rf.ab3159c332681b6346c533ec4c05a1f0.jpg	labels/train/roboflow_team128_v5_IMG_0729_jpg.rf.ab3159c332681b6346c533ec4c05a1f0.txt	3024	4032	2	roboflow_team128_v5::roboflow_team128_v5_img_0729_jpg	roboflow_team128_v5_IMG_0729_jpg	8b25dfdd01ae510e02a6f9c3c92d1208c92a7725fc96a20668bbbe66dc796896	dc46adb2f855c190823ea717f06eb10da3e62cb1bf931309de14a7e3ded5a9b2	576	false	
train_clean	train	roboflow_team128_v5	train	Watermelon Detection.v5-raw_annotations.coco-segmentation\train\IMG_0730_jpg.rf.de580129c912414ba4323f6eb634b0e6.jpg	roboflow_team128_v5_IMG_0730_jpg.rf.de580129c912414ba4323f6eb634b0e6.jpg	roboflow_team128_v5_IMG_0730_jpg.rf.de580129c912414ba4323f6eb634b0e6.txt	images/train/roboflow_team128_v5_IMG_0730_jpg.rf.de580129c912414ba4323f6eb634b0e6.jpg	labels/train/roboflow_team128_v5_IMG_0730_jpg.rf.de580129c912414ba4323f6eb634b0e6.txt	3024	4032	1	roboflow_team128_v5::roboflow_team128_v5_img_0730_jpg	roboflow_team128_v5_IMG_0730_jpg	74e5f216eaf6b087245d61f62b958bf21636fcb8e5ea0276f699ae063d45fc41	a3a29beb0831fe4b6d07c7e4a6baf9ad3deee4078dec8c8ccca257add2f07f5c	577	false	
train_clean	train	roboflow_team128_v5	train	Watermelon Detection.v5-raw_annotations.coco-segmentation\train\IMG_0731_jpg.rf.f72f041010b3a505070c552fc4438ac4.jpg	roboflow_team128_v5_IMG_0731_jpg.rf.f72f041010b3a505070c552fc4438ac4.jpg	roboflow_team128_v5_IMG_0731_jpg.rf.f72f041010b3a505070c552fc4438ac4.txt	images/train/roboflow_team128_v5_IMG_0731_jpg.rf.f72f041010b3a505070c552fc4438ac4.jpg	labels/train/roboflow_team128_v5_IMG_0731_jpg.rf.f72f041010b3a505070c552fc4438ac4.txt	3024	4032	1	roboflow_team128_v5::roboflow_team128_v5_img_0731_jpg	roboflow_team128_v5_IMG_0731_jpg	2e733862b1965aed82dff077e8ec3ff97e764f5162b0d7d0b101fd26096a70cc	12ba716ea02849997241ec7c3740279014786755f81ea317cc4e0fde5039986a	578	false	
train_clean	train	roboflow_team128_v5	train	Watermelon Detection.v5-raw_annotations.coco-segmentation\train\IMG_0732_jpg.rf.a566ae222150b4237607e9d5d3b08fb0.jpg	roboflow_team128_v5_IMG_0732_jpg.rf.a566ae222150b4237607e9d5d3b08fb0.jpg	roboflow_team128_v5_IMG_0732_jpg.rf.a566ae222150b4237607e9d5d3b08fb0.txt	images/train/roboflow_team128_v5_IMG_0732_jpg.rf.a566ae222150b4237607e9d5d3b08fb0.jpg	labels/train/roboflow_team128_v5_IMG_0732_jpg.rf.a566ae222150b4237607e9d5d3b08fb0.txt	3024	4032	2	roboflow_team128_v5::roboflow_team128_v5_img_0732_jpg	roboflow_team128_v5_IMG_0732_jpg	5c18fff37877b36cd93ad5d5b7eaf4b581efe289bb3ea3c4a1514f2ac71c11a5	22d4dc265eb656bbae0a9f0072e195c455241f52d97717a47a78507e85fc15ee	579	false	
train_clean	train	roboflow_team128_v5	valid	Watermelon Detection.v5-raw_annotations.coco-segmentation\valid\IMG_0733_jpg.rf.a98745ff225da3bdd904323093122998.jpg	roboflow_team128_v5_IMG_0733_jpg.rf.a98745ff225da3bdd904323093122998.jpg	roboflow_team128_v5_IMG_0733_jpg.rf.a98745ff225da3bdd904323093122998.txt	images/train/roboflow_team128_v5_IMG_0733_jpg.rf.a98745ff225da3bdd904323093122998.jpg	labels/train/roboflow_team128_v5_IMG_0733_jpg.rf.a98745ff225da3bdd904323093122998.txt	3024	4032	2	roboflow_team128_v5::roboflow_team128_v5_img_0733_jpg	roboflow_team128_v5_IMG_0733_jpg	e0963eebaf28ea1492e44a8576050956c43e0c7995213abeae4046385fcf5335	57a38fc6f7aae86b14718ce4bc204cbc960c8488872f788821866f6bc3007b6c	580	false	
train_clean	train	roboflow_team128_v5	test	Watermelon Detection.v5-raw_annotations.coco-segmentation\test\IMG_0734_jpg.rf.e4aaec5a9d8f632df5ae4e0eb15b7c71.jpg	roboflow_team128_v5_IMG_0734_jpg.rf.e4aaec5a9d8f632df5ae4e0eb15b7c71.jpg	roboflow_team128_v5_IMG_0734_jpg.rf.e4aaec5a9d8f632df5ae4e0eb15b7c71.txt	images/train/roboflow_team128_v5_IMG_0734_jpg.rf.e4aaec5a9d8f632df5ae4e0eb15b7c71.jpg	labels/train/roboflow_team128_v5_IMG_0734_jpg.rf.e4aaec5a9d8f632df5ae4e0eb15b7c71.txt	3024	4032	1	roboflow_team128_v5::roboflow_team128_v5_img_0734_jpg	roboflow_team128_v5_IMG_0734_jpg	c3774c998263112687360c7fc4413330e862778b356e73fb030c39570e78b05c	4a512ff42ddcdb9820f38ef9d7ebb05e0600f006ee82a7fe96671ce75ebadb54	581	false	
train_clean	train	roboflow_team128_v5	train	Watermelon Detection.v5-raw_annotations.coco-segmentation\train\IMG_0735_jpg.rf.30eea7c6730f9659f62b49297ac4cd76.jpg	roboflow_team128_v5_IMG_0735_jpg.rf.30eea7c6730f9659f62b49297ac4cd76.jpg	roboflow_team128_v5_IMG_0735_jpg.rf.30eea7c6730f9659f62b49297ac4cd76.txt	images/train/roboflow_team128_v5_IMG_0735_jpg.rf.30eea7c6730f9659f62b49297ac4cd76.jpg	labels/train/roboflow_team128_v5_IMG_0735_jpg.rf.30eea7c6730f9659f62b49297ac4cd76.txt	3024	4032	2	roboflow_team128_v5::roboflow_team128_v5_img_0735_jpg	roboflow_team128_v5_IMG_0735_jpg	0ded94586d22bb5316e24bf066fbaf397f81891c0f01f94204707040702edf51	40220b863f27d60da7384366aabfc6acd0056aae9fbfe167597c6d2dbc5b797d	582	false	
train_clean	train	roboflow_team128_v5	valid	Watermelon Detection.v5-raw_annotations.coco-segmentation\valid\IMG_0736_jpg.rf.7ae581489d2a48ab7aee193c8e18a525.jpg	roboflow_team128_v5_IMG_0736_jpg.rf.7ae581489d2a48ab7aee193c8e18a525.jpg	roboflow_team128_v5_IMG_0736_jpg.rf.7ae581489d2a48ab7aee193c8e18a525.txt	images/train/roboflow_team128_v5_IMG_0736_jpg.rf.7ae581489d2a48ab7aee193c8e18a525.jpg	labels/train/roboflow_team128_v5_IMG_0736_jpg.rf.7ae581489d2a48ab7aee193c8e18a525.txt	3024	4032	2	roboflow_team128_v5::roboflow_team128_v5_img_0736_jpg	roboflow_team128_v5_IMG_0736_jpg	dde87781620b325a4aaa4807ba9627de19039abe2432c3394d9902314d2b1be9	3a20040beda6d0ff791e321c9d0ba7f8985e91cfde815ee5bddf75ea9cee7057	583	false	
train_clean	train	roboflow_team128_v5	train	Watermelon Detection.v5-raw_annotations.coco-segmentation\train\IMG_0737_jpg.rf.9f3a6950233274324fe05405e0f1ecc2.jpg	roboflow_team128_v5_IMG_0737_jpg.rf.9f3a6950233274324fe05405e0f1ecc2.jpg	roboflow_team128_v5_IMG_0737_jpg.rf.9f3a6950233274324fe05405e0f1ecc2.txt	images/train/roboflow_team128_v5_IMG_0737_jpg.rf.9f3a6950233274324fe05405e0f1ecc2.jpg	labels/train/roboflow_team128_v5_IMG_0737_jpg.rf.9f3a6950233274324fe05405e0f1ecc2.txt	3024	4032	5	roboflow_team128_v5::roboflow_team128_v5_img_0737_jpg	roboflow_team128_v5_IMG_0737_jpg	5a13fc4f2beeeb2f0030584bc9d0d8d647914aac7d6e34ff59472665cbb0c8d9	616808341aa1ba3078158b8a98352642f34b0757ed107b3162ae4e1eab5e90d0	584	false	
train_clean	train	roboflow_team128_v5	valid	Watermelon Detection.v5-raw_annotations.coco-segmentation\valid\IMG_0738_jpg.rf.0f618952a7eb46e7b6803571b9038f40.jpg	roboflow_team128_v5_IMG_0738_jpg.rf.0f618952a7eb46e7b6803571b9038f40.jpg	roboflow_team128_v5_IMG_0738_jpg.rf.0f618952a7eb46e7b6803571b9038f40.txt	images/train/roboflow_team128_v5_IMG_0738_jpg.rf.0f618952a7eb46e7b6803571b9038f40.jpg	labels/train/roboflow_team128_v5_IMG_0738_jpg.rf.0f618952a7eb46e7b6803571b9038f40.txt	3024	4032	8	roboflow_team128_v5::roboflow_team128_v5_img_0738_jpg	roboflow_team128_v5_IMG_0738_jpg	702d1bfff43310dc6fbaf315e2754122c75de73909871b47faf4e4522e6329ac	91479a92c1a3f0c44523666a02346e2d6489dc12f67bd48beff93e70d3a08687	585	false	
train_clean	train	roboflow_team128_v5	train	Watermelon Detection.v5-raw_annotations.coco-segmentation\train\IMG_0739_jpg.rf.96deb8b0a41ac8be4823223328355629.jpg	roboflow_team128_v5_IMG_0739_jpg.rf.96deb8b0a41ac8be4823223328355629.jpg	roboflow_team128_v5_IMG_0739_jpg.rf.96deb8b0a41ac8be4823223328355629.txt	images/train/roboflow_team128_v5_IMG_0739_jpg.rf.96deb8b0a41ac8be4823223328355629.jpg	labels/train/roboflow_team128_v5_IMG_0739_jpg.rf.96deb8b0a41ac8be4823223328355629.txt	3024	4032	8	roboflow_team128_v5::roboflow_team128_v5_img_0739_jpg	roboflow_team128_v5_IMG_0739_jpg	2264f24dd8a7ec753cc65dd3c691e9d2357f4040049dc07ab322f78d18f2e3b5	7a0863c0c75b9d391ae9c9b1abb73bf6d712f8865595d6ef61054caa993c69ed	586	false	
train_clean	train	roboflow_team128_v5	test	Watermelon Detection.v5-raw_annotations.coco-segmentation\test\IMG_0740_jpg.rf.b8919e26d257e5a1a36fa8ea4f146450.jpg	roboflow_team128_v5_IMG_0740_jpg.rf.b8919e26d257e5a1a36fa8ea4f146450.jpg	roboflow_team128_v5_IMG_0740_jpg.rf.b8919e26d257e5a1a36fa8ea4f146450.txt	images/train/roboflow_team128_v5_IMG_0740_jpg.rf.b8919e26d257e5a1a36fa8ea4f146450.jpg	labels/train/roboflow_team128_v5_IMG_0740_jpg.rf.b8919e26d257e5a1a36fa8ea4f146450.txt	3024	4032	2	roboflow_team128_v5::roboflow_team128_v5_img_0740_jpg	roboflow_team128_v5_IMG_0740_jpg	58c0af1a68ca6097fbf5f6d3b4eb669e55fc307b374a87c0611ba582cbb34e5f	3fc88262d231c5841698f6b451e5ae9d1fdc232a4b2ca9826dcf9a228f185022	587	false	
train_clean	train	roboflow_team128_v5	train	Watermelon Detection.v5-raw_annotations.coco-segmentation\train\IMG_0741_jpg.rf.2445970cf530539d79937b903ed2d8ad.jpg	roboflow_team128_v5_IMG_0741_jpg.rf.2445970cf530539d79937b903ed2d8ad.jpg	roboflow_team128_v5_IMG_0741_jpg.rf.2445970cf530539d79937b903ed2d8ad.txt	images/train/roboflow_team128_v5_IMG_0741_jpg.rf.2445970cf530539d79937b903ed2d8ad.jpg	labels/train/roboflow_team128_v5_IMG_0741_jpg.rf.2445970cf530539d79937b903ed2d8ad.txt	3024	4032	3	roboflow_team128_v5::roboflow_team128_v5_img_0741_jpg	roboflow_team128_v5_IMG_0741_jpg	0d408e3d48139a415b46dd1c323f42a3fd262dacba3e760ea3a718a216104b5b	71cd14efacc34d0fc215760b2ea93617b07edfc85146131aba512acbed8d9ad1	588	false	
train_clean	train	roboflow_team128_v5	train	Watermelon Detection.v5-raw_annotations.coco-segmentation\train\IMG_0743_jpg.rf.d3e0f98a6e5d0e9ebf5aa79bed82124a.jpg	roboflow_team128_v5_IMG_0743_jpg.rf.d3e0f98a6e5d0e9ebf5aa79bed82124a.jpg	roboflow_team128_v5_IMG_0743_jpg.rf.d3e0f98a6e5d0e9ebf5aa79bed82124a.txt	images/train/roboflow_team128_v5_IMG_0743_jpg.rf.d3e0f98a6e5d0e9ebf5aa79bed82124a.jpg	labels/train/roboflow_team128_v5_IMG_0743_jpg.rf.d3e0f98a6e5d0e9ebf5aa79bed82124a.txt	3024	4032	2	roboflow_team128_v5::roboflow_team128_v5_img_0743_jpg	roboflow_team128_v5_IMG_0743_jpg	aa7e031c04128186a8bee08f417bd043e37226551647fa0925c0d44f8c136fec	83f3f4cc49e912c1d275c3f2236977d8004a9314541aaeea8278c6b579bedacd	589	false	
train_clean	train	roboflow_team128_v5	train	Watermelon Detection.v5-raw_annotations.coco-segmentation\train\IMG_0744_jpg.rf.5a711d6ddfb2f210b47070523e17f109.jpg	roboflow_team128_v5_IMG_0744_jpg.rf.5a711d6ddfb2f210b47070523e17f109.jpg	roboflow_team128_v5_IMG_0744_jpg.rf.5a711d6ddfb2f210b47070523e17f109.txt	images/train/roboflow_team128_v5_IMG_0744_jpg.rf.5a711d6ddfb2f210b47070523e17f109.jpg	labels/train/roboflow_team128_v5_IMG_0744_jpg.rf.5a711d6ddfb2f210b47070523e17f109.txt	3024	4032	5	roboflow_team128_v5::roboflow_team128_v5_img_0744_jpg	roboflow_team128_v5_IMG_0744_jpg	59821c35bc7b1e396ca4aeb4d01895425418c4bb0018b5c149387da7a3f11b36	5f53c0f435938eb349867b2c1509a9c10cfafb11c6db89e42160ad1fbb89d9dc	590	false	
train_clean	train	roboflow_team128_v5	train	Watermelon Detection.v5-raw_annotations.coco-segmentation\train\IMG_0745_jpg.rf.6604260de9c3d5a1560b1888c9234c4b.jpg	roboflow_team128_v5_IMG_0745_jpg.rf.6604260de9c3d5a1560b1888c9234c4b.jpg	roboflow_team128_v5_IMG_0745_jpg.rf.6604260de9c3d5a1560b1888c9234c4b.txt	images/train/roboflow_team128_v5_IMG_0745_jpg.rf.6604260de9c3d5a1560b1888c9234c4b.jpg	labels/train/roboflow_team128_v5_IMG_0745_jpg.rf.6604260de9c3d5a1560b1888c9234c4b.txt	3024	4032	1	roboflow_team128_v5::roboflow_team128_v5_img_0745_jpg	roboflow_team128_v5_IMG_0745_jpg	d3b4d76f1d58b94cf2e39b90253d643f488282dc0f3c89d33f0b00e974ea46c1	35bf5afec938561f9358f819d52105411c5f77383956a7311f46d0a525953cec	591	false	
train_clean	train	roboflow_team128_v5	train	Watermelon Detection.v5-raw_annotations.coco-segmentation\train\IMG_0746_jpg.rf.27c84b2b61ca52529b798881d2637d51.jpg	roboflow_team128_v5_IMG_0746_jpg.rf.27c84b2b61ca52529b798881d2637d51.jpg	roboflow_team128_v5_IMG_0746_jpg.rf.27c84b2b61ca52529b798881d2637d51.txt	images/train/roboflow_team128_v5_IMG_0746_jpg.rf.27c84b2b61ca52529b798881d2637d51.jpg	labels/train/roboflow_team128_v5_IMG_0746_jpg.rf.27c84b2b61ca52529b798881d2637d51.txt	3024	4032	2	roboflow_team128_v5::roboflow_team128_v5_img_0746_jpg	roboflow_team128_v5_IMG_0746_jpg	827650aba75a1fe6b1c36c06e2ff4826225a197587ef005d403f934b1cd46f58	0028628790c9f49cc712252a8faf368559fe44759bd2a980bfd14293a77e83a4	592	false	
train_clean	train	roboflow_team128_v5	train	Watermelon Detection.v5-raw_annotations.coco-segmentation\train\IMG_0747_jpg.rf.7d1c778f093e7f12eb3ca5b95330749c.jpg	roboflow_team128_v5_IMG_0747_jpg.rf.7d1c778f093e7f12eb3ca5b95330749c.jpg	roboflow_team128_v5_IMG_0747_jpg.rf.7d1c778f093e7f12eb3ca5b95330749c.txt	images/train/roboflow_team128_v5_IMG_0747_jpg.rf.7d1c778f093e7f12eb3ca5b95330749c.jpg	labels/train/roboflow_team128_v5_IMG_0747_jpg.rf.7d1c778f093e7f12eb3ca5b95330749c.txt	3024	4032	3	roboflow_team128_v5::roboflow_team128_v5_img_0747_jpg	roboflow_team128_v5_IMG_0747_jpg	fd13c3ce1758a3d56c62cf190b590e60877dcba9f28c17fbe67bd2c46a43d92b	90871b024e155dcc9f537c6b42cbe503bc56bda495cfdbe5409a394a93183f4a	593	false	
train_clean	train	roboflow_team128_v5	train	Watermelon Detection.v5-raw_annotations.coco-segmentation\train\IMG_0748_jpg.rf.f92beb6618ec98bc33b10e387a8cba9d.jpg	roboflow_team128_v5_IMG_0748_jpg.rf.f92beb6618ec98bc33b10e387a8cba9d.jpg	roboflow_team128_v5_IMG_0748_jpg.rf.f92beb6618ec98bc33b10e387a8cba9d.txt	images/train/roboflow_team128_v5_IMG_0748_jpg.rf.f92beb6618ec98bc33b10e387a8cba9d.jpg	labels/train/roboflow_team128_v5_IMG_0748_jpg.rf.f92beb6618ec98bc33b10e387a8cba9d.txt	3024	4032	1	roboflow_team128_v5::roboflow_team128_v5_img_0748_jpg	roboflow_team128_v5_IMG_0748_jpg	675701462dcdda7daa2064a4265cdde9d0f5e731d48e157c7f933d09037525b2	3a08f853c1e58f15eb7d801f103927282dc7c3fe3b90cc2da0a77c116457ec61	594	false	
train_clean	train	roboflow_team128_v5	train	Watermelon Detection.v5-raw_annotations.coco-segmentation\train\IMG_0749_jpg.rf.c8275cbcdb4ffaac374f1e20a0abb63c.jpg	roboflow_team128_v5_IMG_0749_jpg.rf.c8275cbcdb4ffaac374f1e20a0abb63c.jpg	roboflow_team128_v5_IMG_0749_jpg.rf.c8275cbcdb4ffaac374f1e20a0abb63c.txt	images/train/roboflow_team128_v5_IMG_0749_jpg.rf.c8275cbcdb4ffaac374f1e20a0abb63c.jpg	labels/train/roboflow_team128_v5_IMG_0749_jpg.rf.c8275cbcdb4ffaac374f1e20a0abb63c.txt	3024	4032	3	roboflow_team128_v5::roboflow_team128_v5_img_0749_jpg	roboflow_team128_v5_IMG_0749_jpg	599034f5f6b013101067b04a141f97a06af9c57c59415a99a6d74b0af7859382	493e0093dd5f5c19aa4eead703ddc1626d443adc52f5f111acfaf908f64eb8ab	595	false	
train_clean	train	roboflow_team128_v5	train	Watermelon Detection.v5-raw_annotations.coco-segmentation\train\IMG_0751_jpg.rf.bae4c5aeffe0ea613ce4d56089766607.jpg	roboflow_team128_v5_IMG_0751_jpg.rf.bae4c5aeffe0ea613ce4d56089766607.jpg	roboflow_team128_v5_IMG_0751_jpg.rf.bae4c5aeffe0ea613ce4d56089766607.txt	images/train/roboflow_team128_v5_IMG_0751_jpg.rf.bae4c5aeffe0ea613ce4d56089766607.jpg	labels/train/roboflow_team128_v5_IMG_0751_jpg.rf.bae4c5aeffe0ea613ce4d56089766607.txt	3024	4032	8	roboflow_team128_v5::roboflow_team128_v5_img_0751_jpg	roboflow_team128_v5_IMG_0751_jpg	e090d47c0bbbf5c35c1a244b355a88556d3385b68855c5e2091c6202f68749b4	a71cc5078d9faaa0fbe40648e6b020e4977db6fe3b6e619d737b2393adfb7677	596	false	
train_clean	train	roboflow_team128_v5	train	Watermelon Detection.v5-raw_annotations.coco-segmentation\train\IMG_0752_jpg.rf.323e9eaaca7fadd5756845d378633bdc.jpg	roboflow_team128_v5_IMG_0752_jpg.rf.323e9eaaca7fadd5756845d378633bdc.jpg	roboflow_team128_v5_IMG_0752_jpg.rf.323e9eaaca7fadd5756845d378633bdc.txt	images/train/roboflow_team128_v5_IMG_0752_jpg.rf.323e9eaaca7fadd5756845d378633bdc.jpg	labels/train/roboflow_team128_v5_IMG_0752_jpg.rf.323e9eaaca7fadd5756845d378633bdc.txt	3024	4032	3	roboflow_team128_v5::roboflow_team128_v5_img_0752_jpg	roboflow_team128_v5_IMG_0752_jpg	47acbaca040332944c199cb5354fa2f792684a70d287fdf9c2ce594a99e000f2	f00a3e59f428f23b083161a7479d717ef097a1590fa816474050a043de81d61a	597	false	
train_clean	train	roboflow_team128_v5	train	Watermelon Detection.v5-raw_annotations.coco-segmentation\train\IMG_0753_jpg.rf.e6a224ac9e9227f44a6e1b2e8eeb89a9.jpg	roboflow_team128_v5_IMG_0753_jpg.rf.e6a224ac9e9227f44a6e1b2e8eeb89a9.jpg	roboflow_team128_v5_IMG_0753_jpg.rf.e6a224ac9e9227f44a6e1b2e8eeb89a9.txt	images/train/roboflow_team128_v5_IMG_0753_jpg.rf.e6a224ac9e9227f44a6e1b2e8eeb89a9.jpg	labels/train/roboflow_team128_v5_IMG_0753_jpg.rf.e6a224ac9e9227f44a6e1b2e8eeb89a9.txt	3024	4032	3	roboflow_team128_v5::roboflow_team128_v5_img_0753_jpg	roboflow_team128_v5_IMG_0753_jpg	436431dd0e04dfbbe9623375adc00f29d55e72cef98cc53454712aa130d61f1f	392e254445f8f1700bda79220d6977e0fc3700c81657587591aacf9eda38a1c5	598	false	
train_clean	train	roboflow_team128_v5	train	Watermelon Detection.v5-raw_annotations.coco-segmentation\train\IMG_0754_jpg.rf.979a12d17eebc02bb3195e6f9ee934b0.jpg	roboflow_team128_v5_IMG_0754_jpg.rf.979a12d17eebc02bb3195e6f9ee934b0.jpg	roboflow_team128_v5_IMG_0754_jpg.rf.979a12d17eebc02bb3195e6f9ee934b0.txt	images/train/roboflow_team128_v5_IMG_0754_jpg.rf.979a12d17eebc02bb3195e6f9ee934b0.jpg	labels/train/roboflow_team128_v5_IMG_0754_jpg.rf.979a12d17eebc02bb3195e6f9ee934b0.txt	3024	4032	3	roboflow_team128_v5::roboflow_team128_v5_img_0754_jpg	roboflow_team128_v5_IMG_0754_jpg	85e4bffa63ed2ccdf6e7139df75a5aa47f07a7d92fc3ad865e81af1e8cee184d	5063b1d2ecb158d218e97550ec22948746f97c77c84c81a130fa43775c7e1e76	599	false	
train_clean	train	roboflow_team128_v5	train	Watermelon Detection.v5-raw_annotations.coco-segmentation\train\IMG_0755_jpg.rf.192e72841cc1290890aa17f7d15dc69d.jpg	roboflow_team128_v5_IMG_0755_jpg.rf.192e72841cc1290890aa17f7d15dc69d.jpg	roboflow_team128_v5_IMG_0755_jpg.rf.192e72841cc1290890aa17f7d15dc69d.txt	images/train/roboflow_team128_v5_IMG_0755_jpg.rf.192e72841cc1290890aa17f7d15dc69d.jpg	labels/train/roboflow_team128_v5_IMG_0755_jpg.rf.192e72841cc1290890aa17f7d15dc69d.txt	3024	4032	1	roboflow_team128_v5::roboflow_team128_v5_img_0755_jpg	roboflow_team128_v5_IMG_0755_jpg	b5a2b3f50b739d38497e772192fd1cab35017d3429199f5fb6e90caf5fc66945	9f431625c1867478300c4622da30778ea2f91cf2f055705c2df8c61390e6e1b6	600	false	
train_clean	train	roboflow_team128_v5	train	Watermelon Detection.v5-raw_annotations.coco-segmentation\train\IMG_0756_jpg.rf.ed8d59d8ba709c9286842c6692188867.jpg	roboflow_team128_v5_IMG_0756_jpg.rf.ed8d59d8ba709c9286842c6692188867.jpg	roboflow_team128_v5_IMG_0756_jpg.rf.ed8d59d8ba709c9286842c6692188867.txt	images/train/roboflow_team128_v5_IMG_0756_jpg.rf.ed8d59d8ba709c9286842c6692188867.jpg	labels/train/roboflow_team128_v5_IMG_0756_jpg.rf.ed8d59d8ba709c9286842c6692188867.txt	3024	4032	3	roboflow_team128_v5::roboflow_team128_v5_img_0756_jpg	roboflow_team128_v5_IMG_0756_jpg	264469926ed0c0b28611c85790f472510a801fd2f54874448c81ce036732a590	8995d4872b77eede7361dba8f229fdbeba53cf3e42888a81a82b2335e5170756	601	false	
train_clean	train	roboflow_team128_v5	train	Watermelon Detection.v5-raw_annotations.coco-segmentation\train\IMG_0757_jpg.rf.07cb19044152b2f376a6768491d8568e.jpg	roboflow_team128_v5_IMG_0757_jpg.rf.07cb19044152b2f376a6768491d8568e.jpg	roboflow_team128_v5_IMG_0757_jpg.rf.07cb19044152b2f376a6768491d8568e.txt	images/train/roboflow_team128_v5_IMG_0757_jpg.rf.07cb19044152b2f376a6768491d8568e.jpg	labels/train/roboflow_team128_v5_IMG_0757_jpg.rf.07cb19044152b2f376a6768491d8568e.txt	3024	4032	5	roboflow_team128_v5::roboflow_team128_v5_img_0757_jpg	roboflow_team128_v5_IMG_0757_jpg	b24f5f1af0a00e192246031d8205543b3730b9029c1928ea672bdc01b646071b	b0a1d16a576d2e94948b5d07cc3c298eff3d25bdbf4b9443d68aaa99cd765d82	602	false	
train_clean	train	roboflow_team128_v5	train	Watermelon Detection.v5-raw_annotations.coco-segmentation\train\IMG_0758_jpg.rf.59fc8bb4a2d8366b0e3132b4faad09bc.jpg	roboflow_team128_v5_IMG_0758_jpg.rf.59fc8bb4a2d8366b0e3132b4faad09bc.jpg	roboflow_team128_v5_IMG_0758_jpg.rf.59fc8bb4a2d8366b0e3132b4faad09bc.txt	images/train/roboflow_team128_v5_IMG_0758_jpg.rf.59fc8bb4a2d8366b0e3132b4faad09bc.jpg	labels/train/roboflow_team128_v5_IMG_0758_jpg.rf.59fc8bb4a2d8366b0e3132b4faad09bc.txt	3024	4032	8	roboflow_team128_v5::roboflow_team128_v5_img_0758_jpg	roboflow_team128_v5_IMG_0758_jpg	1bb294584501369ad6b52d18bed915c9a0c72987ccadfe860fc1d729e6738e3e	cf9f1da49bb0b8156c6023b59d28744d46db38b8ede0b8b08afbe8c82bdad7b8	603	false	
train_clean	train	roboflow_team128_v5	valid	Watermelon Detection.v5-raw_annotations.coco-segmentation\valid\IMG_0759_jpg.rf.d66a5f9749f6b6a3437428c484fafea5.jpg	roboflow_team128_v5_IMG_0759_jpg.rf.d66a5f9749f6b6a3437428c484fafea5.jpg	roboflow_team128_v5_IMG_0759_jpg.rf.d66a5f9749f6b6a3437428c484fafea5.txt	images/train/roboflow_team128_v5_IMG_0759_jpg.rf.d66a5f9749f6b6a3437428c484fafea5.jpg	labels/train/roboflow_team128_v5_IMG_0759_jpg.rf.d66a5f9749f6b6a3437428c484fafea5.txt	3024	4032	9	roboflow_team128_v5::roboflow_team128_v5_img_0759_jpg	roboflow_team128_v5_IMG_0759_jpg	78ab188c45b89adb665ad81aa138510f880cef65a6ade0ecf068d8ae37189e10	f1453e48e8cb230228b7e667b88d7c6dc94a517bc65f3c882a820d521122328a	604	false	
train_clean	train	roboflow_team128_v5	train	Watermelon Detection.v5-raw_annotations.coco-segmentation\train\IMG_0760_jpg.rf.f3ebfd299a71d33b548c56367889aaf6.jpg	roboflow_team128_v5_IMG_0760_jpg.rf.f3ebfd299a71d33b548c56367889aaf6.jpg	roboflow_team128_v5_IMG_0760_jpg.rf.f3ebfd299a71d33b548c56367889aaf6.txt	images/train/roboflow_team128_v5_IMG_0760_jpg.rf.f3ebfd299a71d33b548c56367889aaf6.jpg	labels/train/roboflow_team128_v5_IMG_0760_jpg.rf.f3ebfd299a71d33b548c56367889aaf6.txt	3024	4032	2	roboflow_team128_v5::roboflow_team128_v5_img_0760_jpg	roboflow_team128_v5_IMG_0760_jpg	aa60be3d1f1c67a82e3524b6dcfd47ef08e4bea2f1254f64b49a198fb94775c0	4d567b034909babcf4d79e98374a3ef23501e1b6a66b627cc8f36cb9908559c3	605	false	
train_clean	train	roboflow_team128_v5	train	Watermelon Detection.v5-raw_annotations.coco-segmentation\train\IMG_0761_jpg.rf.20acb6a8d93cded9797b3129baa045d5.jpg	roboflow_team128_v5_IMG_0761_jpg.rf.20acb6a8d93cded9797b3129baa045d5.jpg	roboflow_team128_v5_IMG_0761_jpg.rf.20acb6a8d93cded9797b3129baa045d5.txt	images/train/roboflow_team128_v5_IMG_0761_jpg.rf.20acb6a8d93cded9797b3129baa045d5.jpg	labels/train/roboflow_team128_v5_IMG_0761_jpg.rf.20acb6a8d93cded9797b3129baa045d5.txt	3024	4032	2	roboflow_team128_v5::roboflow_team128_v5_img_0761_jpg	roboflow_team128_v5_IMG_0761_jpg	6f5fbceae893ad4fa756b736bb78d566d45d4b24322e9b505b9ba8ec5755e798	69553ec7b47a8b6080c9a88cf0fb5af9b0afedc886e8fd157a675bb3c7841af7	606	false	
train_clean	train	roboflow_team128_v5	train	Watermelon Detection.v5-raw_annotations.coco-segmentation\train\IMG_0762_jpg.rf.12bbc9d95080971413347b84296b1b09.jpg	roboflow_team128_v5_IMG_0762_jpg.rf.12bbc9d95080971413347b84296b1b09.jpg	roboflow_team128_v5_IMG_0762_jpg.rf.12bbc9d95080971413347b84296b1b09.txt	images/train/roboflow_team128_v5_IMG_0762_jpg.rf.12bbc9d95080971413347b84296b1b09.jpg	labels/train/roboflow_team128_v5_IMG_0762_jpg.rf.12bbc9d95080971413347b84296b1b09.txt	3024	4032	5	roboflow_team128_v5::roboflow_team128_v5_img_0762_jpg	roboflow_team128_v5_IMG_0762_jpg	bf9933a50dd877e909fb2f59af0fd0d1b4542ba18bbbd4166e0a2775883e0138	3a6ab17eec08287f22c9424f01f85d9f470549e669ffe5bcc9e6bc990e7be9c2	607	false	
train_clean	train	roboflow_team128_v5	train	Watermelon Detection.v5-raw_annotations.coco-segmentation\train\IMG_0763_jpg.rf.cb245ad0a641c49b7f40727282c273c4.jpg	roboflow_team128_v5_IMG_0763_jpg.rf.cb245ad0a641c49b7f40727282c273c4.jpg	roboflow_team128_v5_IMG_0763_jpg.rf.cb245ad0a641c49b7f40727282c273c4.txt	images/train/roboflow_team128_v5_IMG_0763_jpg.rf.cb245ad0a641c49b7f40727282c273c4.jpg	labels/train/roboflow_team128_v5_IMG_0763_jpg.rf.cb245ad0a641c49b7f40727282c273c4.txt	3024	4032	5	roboflow_team128_v5::roboflow_team128_v5_img_0763_jpg	roboflow_team128_v5_IMG_0763_jpg	7736843aec31da8dbec3dc0675fcc91e450153323114cf72db1414c72a816cd0	8b74eb9de30171544f589bc4bff35c878e226b2ac3f10fbcdb428af0411f4970	608	false	
train_clean	train	roboflow_team128_v5	train	Watermelon Detection.v5-raw_annotations.coco-segmentation\train\IMG_0764_jpg.rf.bbf552208e14af07bb0a3a999843765e.jpg	roboflow_team128_v5_IMG_0764_jpg.rf.bbf552208e14af07bb0a3a999843765e.jpg	roboflow_team128_v5_IMG_0764_jpg.rf.bbf552208e14af07bb0a3a999843765e.txt	images/train/roboflow_team128_v5_IMG_0764_jpg.rf.bbf552208e14af07bb0a3a999843765e.jpg	labels/train/roboflow_team128_v5_IMG_0764_jpg.rf.bbf552208e14af07bb0a3a999843765e.txt	3024	4032	3	roboflow_team128_v5::roboflow_team128_v5_img_0764_jpg	roboflow_team128_v5_IMG_0764_jpg	1f0f7ff16fc5556b814d330339c9fc4ead42a2a3847f0355988cc9bee03e2678	1e14fb2321ef721c97757ffdf3fbfebfa85918ebfff89acd3b148dd45c0a1625	609	false	
train_clean	train	roboflow_team128_v5	train	Watermelon Detection.v5-raw_annotations.coco-segmentation\train\IMG_0765_jpg.rf.28286a7fb81f51832ce6ff9df7bde128.jpg	roboflow_team128_v5_IMG_0765_jpg.rf.28286a7fb81f51832ce6ff9df7bde128.jpg	roboflow_team128_v5_IMG_0765_jpg.rf.28286a7fb81f51832ce6ff9df7bde128.txt	images/train/roboflow_team128_v5_IMG_0765_jpg.rf.28286a7fb81f51832ce6ff9df7bde128.jpg	labels/train/roboflow_team128_v5_IMG_0765_jpg.rf.28286a7fb81f51832ce6ff9df7bde128.txt	3024	4032	3	roboflow_team128_v5::roboflow_team128_v5_img_0765_jpg	roboflow_team128_v5_IMG_0765_jpg	7f80eb28e09381e7fc492c88f62e9c8ab55b72a5935e78671b1ceffb5a97e719	5ea83d8d05f53fa1afe312ff197a61c7771a2d57ed10b22b8d61395d79a59d00	610	false	
train_clean	train	roboflow_team128_v5	train	Watermelon Detection.v5-raw_annotations.coco-segmentation\train\IMG_0766_jpg.rf.4546ed645b27eb3ccd49661cecbfe582.jpg	roboflow_team128_v5_IMG_0766_jpg.rf.4546ed645b27eb3ccd49661cecbfe582.jpg	roboflow_team128_v5_IMG_0766_jpg.rf.4546ed645b27eb3ccd49661cecbfe582.txt	images/train/roboflow_team128_v5_IMG_0766_jpg.rf.4546ed645b27eb3ccd49661cecbfe582.jpg	labels/train/roboflow_team128_v5_IMG_0766_jpg.rf.4546ed645b27eb3ccd49661cecbfe582.txt	3024	4032	3	roboflow_team128_v5::roboflow_team128_v5_img_0766_jpg	roboflow_team128_v5_IMG_0766_jpg	3a3ef76f0da6325c70b45425496044064340a8d17a5502f583dd359700b3956c	d46a6de373bb071d01e596877c5a8ffdad79676dd7b78b5159c865c54c222b51	611	false	
train_clean	train	roboflow_team128_v5	train	Watermelon Detection.v5-raw_annotations.coco-segmentation\train\IMG_0767_jpg.rf.2e13cc081a846595b0033bb60c1f0d09.jpg	roboflow_team128_v5_IMG_0767_jpg.rf.2e13cc081a846595b0033bb60c1f0d09.jpg	roboflow_team128_v5_IMG_0767_jpg.rf.2e13cc081a846595b0033bb60c1f0d09.txt	images/train/roboflow_team128_v5_IMG_0767_jpg.rf.2e13cc081a846595b0033bb60c1f0d09.jpg	labels/train/roboflow_team128_v5_IMG_0767_jpg.rf.2e13cc081a846595b0033bb60c1f0d09.txt	3024	4032	2	roboflow_team128_v5::roboflow_team128_v5_img_0767_jpg	roboflow_team128_v5_IMG_0767_jpg	a7c1d4b697d6be5dc0cb73d70e5e020b5dd797a1659e96fd4489abed76c35251	da89a800e23bdfa3c01af8b99ce59d8252fe594ab6c05589f871670d220f93c9	612	false	
train_clean	train	roboflow_team128_v5	train	Watermelon Detection.v5-raw_annotations.coco-segmentation\train\IMG_0768_jpg.rf.80de8504953a28f1674531be59e1f45f.jpg	roboflow_team128_v5_IMG_0768_jpg.rf.80de8504953a28f1674531be59e1f45f.jpg	roboflow_team128_v5_IMG_0768_jpg.rf.80de8504953a28f1674531be59e1f45f.txt	images/train/roboflow_team128_v5_IMG_0768_jpg.rf.80de8504953a28f1674531be59e1f45f.jpg	labels/train/roboflow_team128_v5_IMG_0768_jpg.rf.80de8504953a28f1674531be59e1f45f.txt	3024	4032	9	roboflow_team128_v5::roboflow_team128_v5_img_0768_jpg	roboflow_team128_v5_IMG_0768_jpg	095a9ab3fb6889e0db5800f22568bc2b7a11656f14fc0ea24aa0ecf0593dc678	05b9a1dadc1fa62354837039d230c53aa1e1ad1e878176109650860260b17a3f	613	false	
train_clean	train	roboflow_team128_v5	train	Watermelon Detection.v5-raw_annotations.coco-segmentation\train\IMG_0769_jpg.rf.4201007fa71658500d6fae3955651f92.jpg	roboflow_team128_v5_IMG_0769_jpg.rf.4201007fa71658500d6fae3955651f92.jpg	roboflow_team128_v5_IMG_0769_jpg.rf.4201007fa71658500d6fae3955651f92.txt	images/train/roboflow_team128_v5_IMG_0769_jpg.rf.4201007fa71658500d6fae3955651f92.jpg	labels/train/roboflow_team128_v5_IMG_0769_jpg.rf.4201007fa71658500d6fae3955651f92.txt	3024	4032	12	roboflow_team128_v5::roboflow_team128_v5_img_0769_jpg	roboflow_team128_v5_IMG_0769_jpg	845ae252a06671356a9e92bd3492015bf68df234df11c3798e637244209b05d1	f9c7eba9fa8699a59e55eb8047613142e1e41cbdf8c1aa920754a846e1c373ee	614	false	
train_clean	train	roboflow_team128_v5	train	Watermelon Detection.v5-raw_annotations.coco-segmentation\train\IMG_0771_jpg.rf.a0457dcc823e7f726342c4b955d20701.jpg	roboflow_team128_v5_IMG_0771_jpg.rf.a0457dcc823e7f726342c4b955d20701.jpg	roboflow_team128_v5_IMG_0771_jpg.rf.a0457dcc823e7f726342c4b955d20701.txt	images/train/roboflow_team128_v5_IMG_0771_jpg.rf.a0457dcc823e7f726342c4b955d20701.jpg	labels/train/roboflow_team128_v5_IMG_0771_jpg.rf.a0457dcc823e7f726342c4b955d20701.txt	3024	4032	12	roboflow_team128_v5::roboflow_team128_v5_img_0771_jpg	roboflow_team128_v5_IMG_0771_jpg	36104ae631a80895bc5bf705408c52086d2ea3fe60fade204c339e1be1840ceb	ac6d87e128d860b1944fba5e3da26b5f9c8d379b4e37d6f77fe5747be08c70b1	615	false	
train_clean	train	roboflow_team128_v5	valid	Watermelon Detection.v5-raw_annotations.coco-segmentation\valid\IMG_0774_jpg.rf.050925a991754fdb33949fa91422dcf4.jpg	roboflow_team128_v5_IMG_0774_jpg.rf.050925a991754fdb33949fa91422dcf4.jpg	roboflow_team128_v5_IMG_0774_jpg.rf.050925a991754fdb33949fa91422dcf4.txt	images/train/roboflow_team128_v5_IMG_0774_jpg.rf.050925a991754fdb33949fa91422dcf4.jpg	labels/train/roboflow_team128_v5_IMG_0774_jpg.rf.050925a991754fdb33949fa91422dcf4.txt	3024	4032	2	roboflow_team128_v5::roboflow_team128_v5_img_0774_jpg	roboflow_team128_v5_IMG_0774_jpg	57462a3f00951500633cbde20e3ec60523770b14c8c08e1f8e780839cd32b8cb	b0057b241fc563f1c2af9895577d459c23e458d2855dfe831214c1432929b62b	616	false	
train_clean	train	roboflow_team128_v5	train	Watermelon Detection.v5-raw_annotations.coco-segmentation\train\IMG_0775_jpg.rf.46c91d16443325774a7e8c6c0fc74539.jpg	roboflow_team128_v5_IMG_0775_jpg.rf.46c91d16443325774a7e8c6c0fc74539.jpg	roboflow_team128_v5_IMG_0775_jpg.rf.46c91d16443325774a7e8c6c0fc74539.txt	images/train/roboflow_team128_v5_IMG_0775_jpg.rf.46c91d16443325774a7e8c6c0fc74539.jpg	labels/train/roboflow_team128_v5_IMG_0775_jpg.rf.46c91d16443325774a7e8c6c0fc74539.txt	3024	4032	2	roboflow_team128_v5::roboflow_team128_v5_img_0775_jpg	roboflow_team128_v5_IMG_0775_jpg	bd2ca12d257447cd433f763329678b38805007513f0062942140c4f21225f1c5	632aac3f3890b15a40e5da03be5741d8d1fb1a4a4bcb4617a831686c712d9961	617	false	
train_clean	train	roboflow_team128_v5	train	Watermelon Detection.v5-raw_annotations.coco-segmentation\train\IMG_0776_jpg.rf.0998c17e77d4567e205f30500d464197.jpg	roboflow_team128_v5_IMG_0776_jpg.rf.0998c17e77d4567e205f30500d464197.jpg	roboflow_team128_v5_IMG_0776_jpg.rf.0998c17e77d4567e205f30500d464197.txt	images/train/roboflow_team128_v5_IMG_0776_jpg.rf.0998c17e77d4567e205f30500d464197.jpg	labels/train/roboflow_team128_v5_IMG_0776_jpg.rf.0998c17e77d4567e205f30500d464197.txt	3024	4032	2	roboflow_team128_v5::roboflow_team128_v5_img_0776_jpg	roboflow_team128_v5_IMG_0776_jpg	8e2f1f49c98cb39eb641fe7215edac1a575f3e64fc16f6e5a531e0c3802cea4d	c5ea7513c0a22d64b9a95d332f209e628e2fd3fa302ab10461c45c2f5bf2e904	618	false	
train_clean	train	roboflow_team128_v5	train	Watermelon Detection.v5-raw_annotations.coco-segmentation\train\IMG_0777_jpg.rf.4b551d554d5292f1604a500858e23753.jpg	roboflow_team128_v5_IMG_0777_jpg.rf.4b551d554d5292f1604a500858e23753.jpg	roboflow_team128_v5_IMG_0777_jpg.rf.4b551d554d5292f1604a500858e23753.txt	images/train/roboflow_team128_v5_IMG_0777_jpg.rf.4b551d554d5292f1604a500858e23753.jpg	labels/train/roboflow_team128_v5_IMG_0777_jpg.rf.4b551d554d5292f1604a500858e23753.txt	3024	4032	7	roboflow_team128_v5::roboflow_team128_v5_img_0777_jpg	roboflow_team128_v5_IMG_0777_jpg	14dbde1e407fc6e1c00f5049635d175e82537c0fdda3cfbb2646206eaa108922	2a217bb578041a117f4f09692b62b1a564ebe9c6330a5e1eb994c90a568398bc	619	false	
train_clean	train	roboflow_team128_v5	valid	Watermelon Detection.v5-raw_annotations.coco-segmentation\valid\IMG_0778_jpg.rf.f0ff174e2432e395b8feb3036c4077bd.jpg	roboflow_team128_v5_IMG_0778_jpg.rf.f0ff174e2432e395b8feb3036c4077bd.jpg	roboflow_team128_v5_IMG_0778_jpg.rf.f0ff174e2432e395b8feb3036c4077bd.txt	images/train/roboflow_team128_v5_IMG_0778_jpg.rf.f0ff174e2432e395b8feb3036c4077bd.jpg	labels/train/roboflow_team128_v5_IMG_0778_jpg.rf.f0ff174e2432e395b8feb3036c4077bd.txt	3024	4032	1	roboflow_team128_v5::roboflow_team128_v5_img_0778_jpg	roboflow_team128_v5_IMG_0778_jpg	b0e56420625c9a168d46e8246fb27f906c0b7b1bff28ed3f1c7e73aea42f429c	f53911230ba45cc2b237fc09a98626c5c0975a5eae7d519d998748eba4c5d1dd	620	false	
train_clean	train	roboflow_team128_v5	train	Watermelon Detection.v5-raw_annotations.coco-segmentation\train\IMG_0779_jpg.rf.80f0f6461ec5d7e5aadc63d06243a241.jpg	roboflow_team128_v5_IMG_0779_jpg.rf.80f0f6461ec5d7e5aadc63d06243a241.jpg	roboflow_team128_v5_IMG_0779_jpg.rf.80f0f6461ec5d7e5aadc63d06243a241.txt	images/train/roboflow_team128_v5_IMG_0779_jpg.rf.80f0f6461ec5d7e5aadc63d06243a241.jpg	labels/train/roboflow_team128_v5_IMG_0779_jpg.rf.80f0f6461ec5d7e5aadc63d06243a241.txt	3024	4032	3	roboflow_team128_v5::roboflow_team128_v5_img_0779_jpg	roboflow_team128_v5_IMG_0779_jpg	5bc2659d3ff332b72f8d5be216cc4ef6d4186b7496750756f7f709e758e68ce7	7a4421d55ce57053814498ddcbaa1eb94c14b48f9efe07aed92ea68930e6e5f8	621	false	
train_clean	train	roboflow_team128_v5	train	Watermelon Detection.v5-raw_annotations.coco-segmentation\train\IMG_0780_jpg.rf.0a3ebd62cee3d8f43dd7eb46928e7aeb.jpg	roboflow_team128_v5_IMG_0780_jpg.rf.0a3ebd62cee3d8f43dd7eb46928e7aeb.jpg	roboflow_team128_v5_IMG_0780_jpg.rf.0a3ebd62cee3d8f43dd7eb46928e7aeb.txt	images/train/roboflow_team128_v5_IMG_0780_jpg.rf.0a3ebd62cee3d8f43dd7eb46928e7aeb.jpg	labels/train/roboflow_team128_v5_IMG_0780_jpg.rf.0a3ebd62cee3d8f43dd7eb46928e7aeb.txt	3024	4032	3	roboflow_team128_v5::roboflow_team128_v5_img_0780_jpg	roboflow_team128_v5_IMG_0780_jpg	398a111d028abf5b1293a7ac05c717368ff2f9eed17c8d48bb7149c1bd4effee	da5f20cc2a67618e72fa1e15ed41e104e49f9a7f73515ec6f4c536ab1eded5cb	622	false	
train_clean	train	roboflow_team128_v5	train	Watermelon Detection.v5-raw_annotations.coco-segmentation\train\IMG_0781_jpg.rf.0aa25dee0b9fb0420d8c2294a5163308.jpg	roboflow_team128_v5_IMG_0781_jpg.rf.0aa25dee0b9fb0420d8c2294a5163308.jpg	roboflow_team128_v5_IMG_0781_jpg.rf.0aa25dee0b9fb0420d8c2294a5163308.txt	images/train/roboflow_team128_v5_IMG_0781_jpg.rf.0aa25dee0b9fb0420d8c2294a5163308.jpg	labels/train/roboflow_team128_v5_IMG_0781_jpg.rf.0aa25dee0b9fb0420d8c2294a5163308.txt	3024	4032	4	roboflow_team128_v5::roboflow_team128_v5_img_0781_jpg	roboflow_team128_v5_IMG_0781_jpg	3f6d647ccffc809c58a2ca9e7b4e9a1a977da2770c9683f1bb3a2aef05c978e8	9f91efdf44e741c445dc03948c3dda0a94b05e04ef655e1c99832d9fca239f8b	623	false	
train_clean	train	roboflow_team128_v5	train	Watermelon Detection.v5-raw_annotations.coco-segmentation\train\IMG_0782_jpg.rf.0ab023eff99bc125f4eb8198618a1c7c.jpg	roboflow_team128_v5_IMG_0782_jpg.rf.0ab023eff99bc125f4eb8198618a1c7c.jpg	roboflow_team128_v5_IMG_0782_jpg.rf.0ab023eff99bc125f4eb8198618a1c7c.txt	images/train/roboflow_team128_v5_IMG_0782_jpg.rf.0ab023eff99bc125f4eb8198618a1c7c.jpg	labels/train/roboflow_team128_v5_IMG_0782_jpg.rf.0ab023eff99bc125f4eb8198618a1c7c.txt	3024	4032	3	roboflow_team128_v5::roboflow_team128_v5_img_0782_jpg	roboflow_team128_v5_IMG_0782_jpg	a2783bff03fcc314d4108ec5f96f0ec26a38bc8e70ebd0b385a59f802febfaa5	ddc063ce6076c01619d7d25b23c779f8ed2cac79cccbc2e7486efeb1034d2810	624	false	
train_clean	train	roboflow_team128_v5	valid	Watermelon Detection.v5-raw_annotations.coco-segmentation\valid\IMG_0784_jpg.rf.d7637595c84a75c8b46e46487c682aa7.jpg	roboflow_team128_v5_IMG_0784_jpg.rf.d7637595c84a75c8b46e46487c682aa7.jpg	roboflow_team128_v5_IMG_0784_jpg.rf.d7637595c84a75c8b46e46487c682aa7.txt	images/train/roboflow_team128_v5_IMG_0784_jpg.rf.d7637595c84a75c8b46e46487c682aa7.jpg	labels/train/roboflow_team128_v5_IMG_0784_jpg.rf.d7637595c84a75c8b46e46487c682aa7.txt	3024	4032	2	roboflow_team128_v5::roboflow_team128_v5_img_0784_jpg	roboflow_team128_v5_IMG_0784_jpg	8846bbfbffac8277d93ed9a91fb6f12d1101a811cc839f91f935ed1d8cc36ae1	49e05411ca4665d15adccb0ff1ddbe35227e4700c2fcb96ad723494da2be9c85	625	false	
train_clean	train	roboflow_team128_v5	valid	Watermelon Detection.v5-raw_annotations.coco-segmentation\valid\IMG_0785_jpg.rf.e45fc5315006a9c7e62c68e2980f87c7.jpg	roboflow_team128_v5_IMG_0785_jpg.rf.e45fc5315006a9c7e62c68e2980f87c7.jpg	roboflow_team128_v5_IMG_0785_jpg.rf.e45fc5315006a9c7e62c68e2980f87c7.txt	images/train/roboflow_team128_v5_IMG_0785_jpg.rf.e45fc5315006a9c7e62c68e2980f87c7.jpg	labels/train/roboflow_team128_v5_IMG_0785_jpg.rf.e45fc5315006a9c7e62c68e2980f87c7.txt	3024	4032	3	roboflow_team128_v5::roboflow_team128_v5_img_0785_jpg	roboflow_team128_v5_IMG_0785_jpg	444a1940a7713f773c7efd0a127a317fffcb3878f96ecc0b65b49661f6038f1b	ca210a18b19599a5aa261b6cf80b69e34a2f5fc35420547cc55d09f9a97dfa8e	626	false	
train_clean	train	roboflow_team128_v5	train	Watermelon Detection.v5-raw_annotations.coco-segmentation\train\IMG_0786_jpg.rf.77a31a3bbf13fbc1f4fc7a2abf14016a.jpg	roboflow_team128_v5_IMG_0786_jpg.rf.77a31a3bbf13fbc1f4fc7a2abf14016a.jpg	roboflow_team128_v5_IMG_0786_jpg.rf.77a31a3bbf13fbc1f4fc7a2abf14016a.txt	images/train/roboflow_team128_v5_IMG_0786_jpg.rf.77a31a3bbf13fbc1f4fc7a2abf14016a.jpg	labels/train/roboflow_team128_v5_IMG_0786_jpg.rf.77a31a3bbf13fbc1f4fc7a2abf14016a.txt	3024	4032	2	roboflow_team128_v5::roboflow_team128_v5_img_0786_jpg	roboflow_team128_v5_IMG_0786_jpg	b5475eaac34b5c895cae7b5e34f35cbc7b5f37e0b0686a307b822e04cbe7f6ed	ece7a4e371752b1863399c36c8d305ee8c304492d0985167ba54fdaa38ea9e70	627	false	
train_clean	train	roboflow_team128_v5	train	Watermelon Detection.v5-raw_annotations.coco-segmentation\train\IMG_0787_jpg.rf.d0f316d2881f8794004ca91f5d101741.jpg	roboflow_team128_v5_IMG_0787_jpg.rf.d0f316d2881f8794004ca91f5d101741.jpg	roboflow_team128_v5_IMG_0787_jpg.rf.d0f316d2881f8794004ca91f5d101741.txt	images/train/roboflow_team128_v5_IMG_0787_jpg.rf.d0f316d2881f8794004ca91f5d101741.jpg	labels/train/roboflow_team128_v5_IMG_0787_jpg.rf.d0f316d2881f8794004ca91f5d101741.txt	3024	4032	3	roboflow_team128_v5::roboflow_team128_v5_img_0787_jpg	roboflow_team128_v5_IMG_0787_jpg	0eb39f85a1b57ae0ab9c09c18698f9fc4c1217132bff81ba3156fb9cd8e4870e	23ccb74e232000a2519c0d48464c93e2527f13317d35ea313f2960fee0654deb	628	false	
train_clean	train	roboflow_team128_v5	valid	Watermelon Detection.v5-raw_annotations.coco-segmentation\valid\IMG_0788_jpg.rf.e3ea38a4d762ea77f501821e6f9dadd1.jpg	roboflow_team128_v5_IMG_0788_jpg.rf.e3ea38a4d762ea77f501821e6f9dadd1.jpg	roboflow_team128_v5_IMG_0788_jpg.rf.e3ea38a4d762ea77f501821e6f9dadd1.txt	images/train/roboflow_team128_v5_IMG_0788_jpg.rf.e3ea38a4d762ea77f501821e6f9dadd1.jpg	labels/train/roboflow_team128_v5_IMG_0788_jpg.rf.e3ea38a4d762ea77f501821e6f9dadd1.txt	3024	4032	2	roboflow_team128_v5::roboflow_team128_v5_img_0788_jpg	roboflow_team128_v5_IMG_0788_jpg	4d6f7293a8a28a6bc4768885d65bb9f7b723dc8f3f91944bf0849ade10c617dd	bb12fbedcc6c4fda4fb7618b9003a65b905c991d328fcfdf96202241cfef2321	629	false	
train_clean	train	roboflow_team128_v5	valid	Watermelon Detection.v5-raw_annotations.coco-segmentation\valid\IMG_0789_jpg.rf.7902c866d88b72d3b03f4dfd0ac99fb2.jpg	roboflow_team128_v5_IMG_0789_jpg.rf.7902c866d88b72d3b03f4dfd0ac99fb2.jpg	roboflow_team128_v5_IMG_0789_jpg.rf.7902c866d88b72d3b03f4dfd0ac99fb2.txt	images/train/roboflow_team128_v5_IMG_0789_jpg.rf.7902c866d88b72d3b03f4dfd0ac99fb2.jpg	labels/train/roboflow_team128_v5_IMG_0789_jpg.rf.7902c866d88b72d3b03f4dfd0ac99fb2.txt	3024	4032	3	roboflow_team128_v5::roboflow_team128_v5_img_0789_jpg	roboflow_team128_v5_IMG_0789_jpg	eb7bb7533f4c5d21bcb47bdab710d1908d10ca8676cd59d540be8f87276d14b9	c6252638086a2af6cea0c8b11c7b828ba4b60df9b324533dafbae680081400e6	630	false	
train_clean	train	roboflow_team128_v5	valid	Watermelon Detection.v5-raw_annotations.coco-segmentation\valid\IMG_0790_jpg.rf.cab732489061af7481d607881aa4bf67.jpg	roboflow_team128_v5_IMG_0790_jpg.rf.cab732489061af7481d607881aa4bf67.jpg	roboflow_team128_v5_IMG_0790_jpg.rf.cab732489061af7481d607881aa4bf67.txt	images/train/roboflow_team128_v5_IMG_0790_jpg.rf.cab732489061af7481d607881aa4bf67.jpg	labels/train/roboflow_team128_v5_IMG_0790_jpg.rf.cab732489061af7481d607881aa4bf67.txt	3024	4032	13	roboflow_team128_v5::roboflow_team128_v5_img_0790_jpg	roboflow_team128_v5_IMG_0790_jpg	4484a572c7da5ad856f7927077d81067c43de0efeb8fa7ded933498a77f0e934	b687d7ba08d0ef4ca2f60525c40a4ddf67ffa10f3f3774a885b5fe96af494c3e	631	false	
train_clean	train	roboflow_team128_v5	train	Watermelon Detection.v5-raw_annotations.coco-segmentation\train\IMG_0792_jpg.rf.5c8198dfb9667570199f797c362fba1f.jpg	roboflow_team128_v5_IMG_0792_jpg.rf.5c8198dfb9667570199f797c362fba1f.jpg	roboflow_team128_v5_IMG_0792_jpg.rf.5c8198dfb9667570199f797c362fba1f.txt	images/train/roboflow_team128_v5_IMG_0792_jpg.rf.5c8198dfb9667570199f797c362fba1f.jpg	labels/train/roboflow_team128_v5_IMG_0792_jpg.rf.5c8198dfb9667570199f797c362fba1f.txt	3024	4032	4	roboflow_team128_v5::roboflow_team128_v5_img_0792_jpg	roboflow_team128_v5_IMG_0792_jpg	233d2ed46b3a2f06ea4b02b5b71246b1615461fd644b5bad7f7423764ba24101	e96dc6683d928d279f22e95e89e81f72157b79069c5a706789cd853afa888e17	632	false	
train_clean	train	roboflow_team128_v5	train	Watermelon Detection.v5-raw_annotations.coco-segmentation\train\IMG_0794_jpg.rf.1b7c6f31ede4331cde29b5d20921c33d.jpg	roboflow_team128_v5_IMG_0794_jpg.rf.1b7c6f31ede4331cde29b5d20921c33d.jpg	roboflow_team128_v5_IMG_0794_jpg.rf.1b7c6f31ede4331cde29b5d20921c33d.txt	images/train/roboflow_team128_v5_IMG_0794_jpg.rf.1b7c6f31ede4331cde29b5d20921c33d.jpg	labels/train/roboflow_team128_v5_IMG_0794_jpg.rf.1b7c6f31ede4331cde29b5d20921c33d.txt	3024	4032	1	roboflow_team128_v5::roboflow_team128_v5_img_0794_jpg	roboflow_team128_v5_IMG_0794_jpg	ed21b89d98cb42445816fa111b3b634a9bd13c859659369e761fbb3a1c4ecbe4	d5052f624713406efc07bd1e824e50bd22bd2de8c096a582a0c7ea1eb5492b62	633	false	
train_clean	train	roboflow_team128_v5	train	Watermelon Detection.v5-raw_annotations.coco-segmentation\train\IMG_0795_jpg.rf.19036d8784fa5c4b3403418e5b74eb0c.jpg	roboflow_team128_v5_IMG_0795_jpg.rf.19036d8784fa5c4b3403418e5b74eb0c.jpg	roboflow_team128_v5_IMG_0795_jpg.rf.19036d8784fa5c4b3403418e5b74eb0c.txt	images/train/roboflow_team128_v5_IMG_0795_jpg.rf.19036d8784fa5c4b3403418e5b74eb0c.jpg	labels/train/roboflow_team128_v5_IMG_0795_jpg.rf.19036d8784fa5c4b3403418e5b74eb0c.txt	3024	4032	1	roboflow_team128_v5::roboflow_team128_v5_img_0795_jpg	roboflow_team128_v5_IMG_0795_jpg	af1fde9dffc821095dbf9f0ee3707fdb32f91c856e57cb06bab6281517d53cfc	7d51cf6173dfd03065c76fae666cc34b541d39bffed8bc00c9c5bc2f021dff64	634	false	
train_clean	train	roboflow_team128_v5	train	Watermelon Detection.v5-raw_annotations.coco-segmentation\train\IMG_0796_jpg.rf.20d9e5d4b9e99650602b22c4dff2f512.jpg	roboflow_team128_v5_IMG_0796_jpg.rf.20d9e5d4b9e99650602b22c4dff2f512.jpg	roboflow_team128_v5_IMG_0796_jpg.rf.20d9e5d4b9e99650602b22c4dff2f512.txt	images/train/roboflow_team128_v5_IMG_0796_jpg.rf.20d9e5d4b9e99650602b22c4dff2f512.jpg	labels/train/roboflow_team128_v5_IMG_0796_jpg.rf.20d9e5d4b9e99650602b22c4dff2f512.txt	3024	4032	1	roboflow_team128_v5::roboflow_team128_v5_img_0796_jpg	roboflow_team128_v5_IMG_0796_jpg	af190e8c7b013906dfef02f4fcfd6e8ffb0205ffba1d56ac8a2c9b7c3a8cc8ad	c9b08c623bbc6f261ee0957bfc0d45ab4d8dfb3eac82e90c348c7ad3242fd9e1	635	false	
train_clean	train	roboflow_team128_v5	train	Watermelon Detection.v5-raw_annotations.coco-segmentation\train\IMG_0797_jpg.rf.3c25ba5dffd0cec2f074345d2d34c6ab.jpg	roboflow_team128_v5_IMG_0797_jpg.rf.3c25ba5dffd0cec2f074345d2d34c6ab.jpg	roboflow_team128_v5_IMG_0797_jpg.rf.3c25ba5dffd0cec2f074345d2d34c6ab.txt	images/train/roboflow_team128_v5_IMG_0797_jpg.rf.3c25ba5dffd0cec2f074345d2d34c6ab.jpg	labels/train/roboflow_team128_v5_IMG_0797_jpg.rf.3c25ba5dffd0cec2f074345d2d34c6ab.txt	3024	4032	2	roboflow_team128_v5::roboflow_team128_v5_img_0797_jpg	roboflow_team128_v5_IMG_0797_jpg	4450eb39f6e6c942c8b0355ebad62cd8aeddb1231c50fd6399317ffa1567d017	2ec6dd192def8a185f45f10b44dcd568a0789d03d8082c03db74af2b44ed9a93	636	false	
train_clean	train	roboflow_team128_v5	train	Watermelon Detection.v5-raw_annotations.coco-segmentation\train\IMG_0798_jpg.rf.7ee18c056195eeb55f0808ad62be9fe6.jpg	roboflow_team128_v5_IMG_0798_jpg.rf.7ee18c056195eeb55f0808ad62be9fe6.jpg	roboflow_team128_v5_IMG_0798_jpg.rf.7ee18c056195eeb55f0808ad62be9fe6.txt	images/train/roboflow_team128_v5_IMG_0798_jpg.rf.7ee18c056195eeb55f0808ad62be9fe6.jpg	labels/train/roboflow_team128_v5_IMG_0798_jpg.rf.7ee18c056195eeb55f0808ad62be9fe6.txt	3024	4032	1	roboflow_team128_v5::roboflow_team128_v5_img_0798_jpg	roboflow_team128_v5_IMG_0798_jpg	0468e96aef97639e67290d980f3b95b4b559fb283fb4283c9cd9dc1610b27195	7b416a27f577c2dc016e9626a9c67a607876960a1691feac75ae6ee226c00dbe	637	false	
train_clean	train	roboflow_team128_v5	train	Watermelon Detection.v5-raw_annotations.coco-segmentation\train\IMG_0799_jpg.rf.6d3d2a9cb085506a124d7f2ff5e9e370.jpg	roboflow_team128_v5_IMG_0799_jpg.rf.6d3d2a9cb085506a124d7f2ff5e9e370.jpg	roboflow_team128_v5_IMG_0799_jpg.rf.6d3d2a9cb085506a124d7f2ff5e9e370.txt	images/train/roboflow_team128_v5_IMG_0799_jpg.rf.6d3d2a9cb085506a124d7f2ff5e9e370.jpg	labels/train/roboflow_team128_v5_IMG_0799_jpg.rf.6d3d2a9cb085506a124d7f2ff5e9e370.txt	3024	4032	2	roboflow_team128_v5::roboflow_team128_v5_img_0799_jpg	roboflow_team128_v5_IMG_0799_jpg	3d474465f5f6f451dafa3d1c693e3db4ec3d0145a993755be7f59d1bce5696cd	04fb37590299971db52ef41aeb7362dd0c441694ee929cbade7dfbaec2b473ce	638	false	
train_clean	train	roboflow_team128_v5	train	Watermelon Detection.v5-raw_annotations.coco-segmentation\train\IMG_0800_jpg.rf.cbdba2d02ac6dbc0356dad58bb2cd2ca.jpg	roboflow_team128_v5_IMG_0800_jpg.rf.cbdba2d02ac6dbc0356dad58bb2cd2ca.jpg	roboflow_team128_v5_IMG_0800_jpg.rf.cbdba2d02ac6dbc0356dad58bb2cd2ca.txt	images/train/roboflow_team128_v5_IMG_0800_jpg.rf.cbdba2d02ac6dbc0356dad58bb2cd2ca.jpg	labels/train/roboflow_team128_v5_IMG_0800_jpg.rf.cbdba2d02ac6dbc0356dad58bb2cd2ca.txt	3024	4032	4	roboflow_team128_v5::roboflow_team128_v5_img_0800_jpg	roboflow_team128_v5_IMG_0800_jpg	d68eeaca8afd4e3cd5c8675a9738c592c81a74d66fd9d873630e4ae6fc981870	668c7226a9b97cf78b028a18f60e5c4f0c16fd27af22fab323e693d2da69f2f6	639	false	
train_clean	train	roboflow_team128_v5	test	Watermelon Detection.v5-raw_annotations.coco-segmentation\test\IMG_0801_jpg.rf.e01c1cfa9c69be726a8e99bc5c3944a9.jpg	roboflow_team128_v5_IMG_0801_jpg.rf.e01c1cfa9c69be726a8e99bc5c3944a9.jpg	roboflow_team128_v5_IMG_0801_jpg.rf.e01c1cfa9c69be726a8e99bc5c3944a9.txt	images/train/roboflow_team128_v5_IMG_0801_jpg.rf.e01c1cfa9c69be726a8e99bc5c3944a9.jpg	labels/train/roboflow_team128_v5_IMG_0801_jpg.rf.e01c1cfa9c69be726a8e99bc5c3944a9.txt	3024	4032	1	roboflow_team128_v5::roboflow_team128_v5_img_0801_jpg	roboflow_team128_v5_IMG_0801_jpg	c8890ee2ad68387196b56685c47f1b10a2b3eb5692f132c521950477f8a07cf2	29bac8d32f80d04128e1ec7544ee4de07cd8df8bb6e90c0fe722eb17ee3832d1	640	false	
train_clean	train	roboflow_team128_v5	test	Watermelon Detection.v5-raw_annotations.coco-segmentation\test\IMG_0802_jpg.rf.1541b116db9c5ee62ba95856703df672.jpg	roboflow_team128_v5_IMG_0802_jpg.rf.1541b116db9c5ee62ba95856703df672.jpg	roboflow_team128_v5_IMG_0802_jpg.rf.1541b116db9c5ee62ba95856703df672.txt	images/train/roboflow_team128_v5_IMG_0802_jpg.rf.1541b116db9c5ee62ba95856703df672.jpg	labels/train/roboflow_team128_v5_IMG_0802_jpg.rf.1541b116db9c5ee62ba95856703df672.txt	3024	4032	2	roboflow_team128_v5::roboflow_team128_v5_img_0802_jpg	roboflow_team128_v5_IMG_0802_jpg	73f0e91a533a139bbc4f64d33fb9753d969fd889063b309572b80d1b6c0ba4ba	0340d18b8359abe61001f7ee24153a7767a6e1dc4dcb957de0a9a3f16eb35dfc	641	false	
train_clean	train	roboflow_team128_v5	train	Watermelon Detection.v5-raw_annotations.coco-segmentation\train\IMG_0803_jpg.rf.8cf2bbbf068feca5345e666d31fe3e45.jpg	roboflow_team128_v5_IMG_0803_jpg.rf.8cf2bbbf068feca5345e666d31fe3e45.jpg	roboflow_team128_v5_IMG_0803_jpg.rf.8cf2bbbf068feca5345e666d31fe3e45.txt	images/train/roboflow_team128_v5_IMG_0803_jpg.rf.8cf2bbbf068feca5345e666d31fe3e45.jpg	labels/train/roboflow_team128_v5_IMG_0803_jpg.rf.8cf2bbbf068feca5345e666d31fe3e45.txt	3024	4032	6	roboflow_team128_v5::roboflow_team128_v5_img_0803_jpg	roboflow_team128_v5_IMG_0803_jpg	589146abcb9e138b449fc60d77c5ece80f54592a14cac66fd763d753b8677c71	2e201c8b1cd9641d0a1179e623af3c62a33dbc8d0ef284e60bfa82ebb5cd77b6	642	false	
train_clean	train	roboflow_team128_v5	test	Watermelon Detection.v5-raw_annotations.coco-segmentation\test\IMG_0804_jpg.rf.95a5a20873e445cc7bacc01e89221c53.jpg	roboflow_team128_v5_IMG_0804_jpg.rf.95a5a20873e445cc7bacc01e89221c53.jpg	roboflow_team128_v5_IMG_0804_jpg.rf.95a5a20873e445cc7bacc01e89221c53.txt	images/train/roboflow_team128_v5_IMG_0804_jpg.rf.95a5a20873e445cc7bacc01e89221c53.jpg	labels/train/roboflow_team128_v5_IMG_0804_jpg.rf.95a5a20873e445cc7bacc01e89221c53.txt	3024	4032	3	roboflow_team128_v5::roboflow_team128_v5_img_0804_jpg	roboflow_team128_v5_IMG_0804_jpg	e35225cfc5d07f9e42129c9a5ee7aae87271970aa76b5b5bbf72bdf72e496667	07d1f3c971e9cb99fa0bf1a8a617573a93e60371be5846d41fb2c375c84d8366	643	false	
train_clean	train	roboflow_team128_v5	valid	Watermelon Detection.v5-raw_annotations.coco-segmentation\valid\IMG_0805_jpg.rf.cd920cc70e9c25bc5f838f846c9b7dad.jpg	roboflow_team128_v5_IMG_0805_jpg.rf.cd920cc70e9c25bc5f838f846c9b7dad.jpg	roboflow_team128_v5_IMG_0805_jpg.rf.cd920cc70e9c25bc5f838f846c9b7dad.txt	images/train/roboflow_team128_v5_IMG_0805_jpg.rf.cd920cc70e9c25bc5f838f846c9b7dad.jpg	labels/train/roboflow_team128_v5_IMG_0805_jpg.rf.cd920cc70e9c25bc5f838f846c9b7dad.txt	3024	4032	3	roboflow_team128_v5::roboflow_team128_v5_img_0805_jpg	roboflow_team128_v5_IMG_0805_jpg	8bfd0987bb6b6ca3b3a11fd316df8cad2adcc7b753e325b512bfb2aea987653f	000c4d160577019a9fc02e42280c658bafcf6f83a6d3323b299b9f9bdd31c9ee	644	false	
train_clean	train	roboflow_team128_v5	train	Watermelon Detection.v5-raw_annotations.coco-segmentation\train\IMG_0806_jpg.rf.52b2c5c8185de6fb55a986b272ba5fdd.jpg	roboflow_team128_v5_IMG_0806_jpg.rf.52b2c5c8185de6fb55a986b272ba5fdd.jpg	roboflow_team128_v5_IMG_0806_jpg.rf.52b2c5c8185de6fb55a986b272ba5fdd.txt	images/train/roboflow_team128_v5_IMG_0806_jpg.rf.52b2c5c8185de6fb55a986b272ba5fdd.jpg	labels/train/roboflow_team128_v5_IMG_0806_jpg.rf.52b2c5c8185de6fb55a986b272ba5fdd.txt	3024	4032	1	roboflow_team128_v5::roboflow_team128_v5_img_0806_jpg	roboflow_team128_v5_IMG_0806_jpg	6a45e05c6f70d9b00e0f2dd9b67b832e2702fc6c36c5fcd4410c7b9bcc3a0e59	483925bf76226f3f815888af3c9823bd189871c5ef2ad7e7c9b499b24b38e8e7	645	false	
train_clean	train	roboflow_team128_v5	train	Watermelon Detection.v5-raw_annotations.coco-segmentation\train\IMG_0807_jpg.rf.2f55402297319e8346bf9ced4a6ee51b.jpg	roboflow_team128_v5_IMG_0807_jpg.rf.2f55402297319e8346bf9ced4a6ee51b.jpg	roboflow_team128_v5_IMG_0807_jpg.rf.2f55402297319e8346bf9ced4a6ee51b.txt	images/train/roboflow_team128_v5_IMG_0807_jpg.rf.2f55402297319e8346bf9ced4a6ee51b.jpg	labels/train/roboflow_team128_v5_IMG_0807_jpg.rf.2f55402297319e8346bf9ced4a6ee51b.txt	3024	4032	2	roboflow_team128_v5::roboflow_team128_v5_img_0807_jpg	roboflow_team128_v5_IMG_0807_jpg	2beb2e5b5f0f490ea829360f04ed37f85e1da821e1386a7382db17c42251f98c	e80478e57b214dd1a64e47d7312151cdb8e4eccf209741d05951c13a5d4e0290	646	false	
train_clean	train	roboflow_team128_v5	train	Watermelon Detection.v5-raw_annotations.coco-segmentation\train\IMG_0808_jpg.rf.a73668913c9c2fad9def927745c45c95.jpg	roboflow_team128_v5_IMG_0808_jpg.rf.a73668913c9c2fad9def927745c45c95.jpg	roboflow_team128_v5_IMG_0808_jpg.rf.a73668913c9c2fad9def927745c45c95.txt	images/train/roboflow_team128_v5_IMG_0808_jpg.rf.a73668913c9c2fad9def927745c45c95.jpg	labels/train/roboflow_team128_v5_IMG_0808_jpg.rf.a73668913c9c2fad9def927745c45c95.txt	3024	4032	1	roboflow_team128_v5::roboflow_team128_v5_img_0808_jpg	roboflow_team128_v5_IMG_0808_jpg	e3b68a7c8255dc7f7db8f581a2e9a6a0b53621a6d74d335fb8bd4ef57bafb48d	782a8054e18f33e0a5b745600a0444b77462da7e2862dc84000106b7a91840d9	647	false	
train_clean	train	roboflow_team128_v5	train	Watermelon Detection.v5-raw_annotations.coco-segmentation\train\IMG_1961_jpg.rf.7e24fd065e53c34962cf78db225f8b3a.jpg	roboflow_team128_v5_IMG_1961_jpg.rf.7e24fd065e53c34962cf78db225f8b3a.jpg	roboflow_team128_v5_IMG_1961_jpg.rf.7e24fd065e53c34962cf78db225f8b3a.txt	images/train/roboflow_team128_v5_IMG_1961_jpg.rf.7e24fd065e53c34962cf78db225f8b3a.jpg	labels/train/roboflow_team128_v5_IMG_1961_jpg.rf.7e24fd065e53c34962cf78db225f8b3a.txt	4032	3024	1	roboflow_team128_v5::roboflow_team128_v5_img_1961_jpg	roboflow_team128_v5_IMG_1961_jpg	ba59f3ed0d8abdc1be77948c005a88f7122752506d72e4bef8126088059997b2	42a3512bb0377eddaa2d157abea9ca7b14de6d7876dc6713d629f2dc835f873a	648	false	
train_clean	train	roboflow_team128_v5	valid	Watermelon Detection.v5-raw_annotations.coco-segmentation\valid\IMG_1962_jpg.rf.828d8997d74c4a367a8468081bfbe600.jpg	roboflow_team128_v5_IMG_1962_jpg.rf.828d8997d74c4a367a8468081bfbe600.jpg	roboflow_team128_v5_IMG_1962_jpg.rf.828d8997d74c4a367a8468081bfbe600.txt	images/train/roboflow_team128_v5_IMG_1962_jpg.rf.828d8997d74c4a367a8468081bfbe600.jpg	labels/train/roboflow_team128_v5_IMG_1962_jpg.rf.828d8997d74c4a367a8468081bfbe600.txt	4032	3024	1	roboflow_team128_v5::roboflow_team128_v5_img_1962_jpg	roboflow_team128_v5_IMG_1962_jpg	4dd8c1a0c54a77200f0ffbaf91ecd9126efdaddd80ebbf62d77e8edeeb73c06b	91f6e6084cbb8a9bd52c0d0548332d4e31ad2e3206a17dd07447e8ecffd997f9	649	false	
train_clean	train	roboflow_team128_v5	train	Watermelon Detection.v5-raw_annotations.coco-segmentation\train\IMG_1963_jpg.rf.3016df3cf3487378b6b192560cb0bac6.jpg	roboflow_team128_v5_IMG_1963_jpg.rf.3016df3cf3487378b6b192560cb0bac6.jpg	roboflow_team128_v5_IMG_1963_jpg.rf.3016df3cf3487378b6b192560cb0bac6.txt	images/train/roboflow_team128_v5_IMG_1963_jpg.rf.3016df3cf3487378b6b192560cb0bac6.jpg	labels/train/roboflow_team128_v5_IMG_1963_jpg.rf.3016df3cf3487378b6b192560cb0bac6.txt	4032	3024	1	roboflow_team128_v5::roboflow_team128_v5_img_1963_jpg	roboflow_team128_v5_IMG_1963_jpg	cf4b8bb21de9fe20ed57b99e286ac5a37c477b933140afa3049a905ae629808b	3861e42dd025f3e0ddbcc964deca9a5771543a294010bff10a155cbe16590e3c	650	false	
train_clean	train	roboflow_team128_v5	train	Watermelon Detection.v5-raw_annotations.coco-segmentation\train\IMG_1964_jpg.rf.3e0372f645932bbfe55d12fd4e3bb8f1.jpg	roboflow_team128_v5_IMG_1964_jpg.rf.3e0372f645932bbfe55d12fd4e3bb8f1.jpg	roboflow_team128_v5_IMG_1964_jpg.rf.3e0372f645932bbfe55d12fd4e3bb8f1.txt	images/train/roboflow_team128_v5_IMG_1964_jpg.rf.3e0372f645932bbfe55d12fd4e3bb8f1.jpg	labels/train/roboflow_team128_v5_IMG_1964_jpg.rf.3e0372f645932bbfe55d12fd4e3bb8f1.txt	4032	3024	1	roboflow_team128_v5::roboflow_team128_v5_img_1964_jpg	roboflow_team128_v5_IMG_1964_jpg	3150efc593e60ae3c0b7494cdc2302de1a8f2adabf90d63de85425e6823cbd7d	c3e81f5227903dd3cd91339193b964c79010182fdf9d309fa7aebbcf6a2b4daa	651	false	
val_clean	val	local_test_images_20260707	manual_labelme	test_images/微信图片_20260707154836_16_2.jpg	local_test_images_20260707_0010.jpg	local_test_images_20260707_0010.txt	images/val/local_test_images_20260707_0010.jpg	labels/val/local_test_images_20260707_0010.txt	1707	1280	13	local_test_images_20260707::local_test_images_20260707_0010	local_test_images_20260707_0010	b4aae424358af450804ad17555b8e2905beb3ddc6142afb29da7d06eaa310d66	e7cc2155114a45c6038b795474b2ce25112a271a92cf29b1dfd4051365e3a40e	1	false	
val_clean	val	my_labelme	manual	raw\color_000001.png	my_labelme_color_000001.png	my_labelme_color_000001.txt	images/val/my_labelme_color_000001.png	labels/val/my_labelme_color_000001.txt	1280	800	11	my_labelme::my_labelme_color_000001	my_labelme_color_000001	57a6d34d59974a04577a46b38d9e524b07cfb34b0d4c7b25ece3ba862f540b21	9f801f5326d4acbe583eafd2b232b0b41734c58e74427193028799340f51edf6	2	false	
val_clean	val	my_labelme	manual	raw\color_000034.png	my_labelme_color_000034.png	my_labelme_color_000034.txt	images/val/my_labelme_color_000034.png	labels/val/my_labelme_color_000034.txt	1280	800	11	my_labelme::my_labelme_color_000034	my_labelme_color_000034	85987b19afcb9f1fb5d51b41868fd943308df60d7753db1de798c56be908bc56	cbb78270fa11964a6141a7b45ac3a93c5fb595ee70ff7d26200a66068902448a	3	false	
val_clean	val	my_labelme	manual	raw\color_000045.png	my_labelme_color_000045.png	my_labelme_color_000045.txt	images/val/my_labelme_color_000045.png	labels/val/my_labelme_color_000045.txt	1280	800	13	my_labelme::my_labelme_color_000045	my_labelme_color_000045	0a0b7acf7cea367e81bf390d47b628442a3f4d3fb63c75fc759172a8e2838583	de8e43ac0fa0df88a5cd284571415b4c9bbc24858759a2b9b197bf58005004bf	4	false	
val_clean	val	my_labelme	manual	raw\color_000068.png	my_labelme_color_000068.png	my_labelme_color_000068.txt	images/val/my_labelme_color_000068.png	labels/val/my_labelme_color_000068.txt	1280	800	10	my_labelme::my_labelme_color_000068	my_labelme_color_000068	afd103b0e0bd908690b2d48831ebf8e9ba38430047ce2f2a05444bae139e8d23	a3e218e8f4a6c19987816327ef98f9c89c88f310fc21a343375c05ed8237b0c6	5	false	
val_clean	val	my_labelme	manual	raw\color_000070.png	my_labelme_color_000070.png	my_labelme_color_000070.txt	images/val/my_labelme_color_000070.png	labels/val/my_labelme_color_000070.txt	1280	800	12	my_labelme::my_labelme_color_000070	my_labelme_color_000070	d027bbd8c7c83e5c24cd7967dcf415b650b561658d7940479690b906c9c9f63f	903f166f2ce4d11e9f1174c8d70c7b71513129071c1908d44e1e3dba3d76e58e	6	false	
val_clean	val	roboflow_drago_v1	valid	Watermelon Detector.v1i.coco-segmentation\valid\102_jpg.rf.335300f2a14298135e6d25d88d958567.jpg	roboflow_drago_v1_102_jpg.rf.335300f2a14298135e6d25d88d958567.jpg	roboflow_drago_v1_102_jpg.rf.335300f2a14298135e6d25d88d958567.txt	images/val/roboflow_drago_v1_102_jpg.rf.335300f2a14298135e6d25d88d958567.jpg	labels/val/roboflow_drago_v1_102_jpg.rf.335300f2a14298135e6d25d88d958567.txt	640	640	1	roboflow_drago_v1::roboflow_drago_v1_102_jpg	roboflow_drago_v1_102_jpg	f58203f6cdac63aecf85149408397cb32e292219f6b6f6f78d1645149fa7263f	24a74e0991224a300587ec850a785f27124334a6abcbf37a78ff35d32575e9ad	7	false	
val_clean	val	roboflow_drago_v1	test	Watermelon Detector.v1i.coco-segmentation\test\122_jpg.rf.15a0773b516816b3d33dfb100207a524.jpg	roboflow_drago_v1_122_jpg.rf.15a0773b516816b3d33dfb100207a524.jpg	roboflow_drago_v1_122_jpg.rf.15a0773b516816b3d33dfb100207a524.txt	images/val/roboflow_drago_v1_122_jpg.rf.15a0773b516816b3d33dfb100207a524.jpg	labels/val/roboflow_drago_v1_122_jpg.rf.15a0773b516816b3d33dfb100207a524.txt	640	640	1	roboflow_drago_v1::roboflow_drago_v1_122_jpg	roboflow_drago_v1_122_jpg	0111ca4f36057d46d411dd4cefac9a74e4e9ecf49f5cd779fd0c836a60efb170	a58c60e708b6dcac8d3531a95803386862e501e28a3e998ce661745b4e92c8e7	8	false	
val_clean	val	roboflow_drago_v1	train	Watermelon Detector.v1i.coco-segmentation\train\139_jpg.rf.ea8fcaa725f59fc91f0c79a4e92d1cf2.jpg	roboflow_drago_v1_139_jpg.rf.ea8fcaa725f59fc91f0c79a4e92d1cf2.jpg	roboflow_drago_v1_139_jpg.rf.ea8fcaa725f59fc91f0c79a4e92d1cf2.txt	images/val/roboflow_drago_v1_139_jpg.rf.ea8fcaa725f59fc91f0c79a4e92d1cf2.jpg	labels/val/roboflow_drago_v1_139_jpg.rf.ea8fcaa725f59fc91f0c79a4e92d1cf2.txt	640	640	1	roboflow_drago_v1::roboflow_drago_v1_139_jpg	roboflow_drago_v1_139_jpg	42993775196edee7cbf210b225f73103be135c0ccb2ec030772a22d066ca2a30	efc65134d81cb39e391c3cec435a55c89500c3ac7a28b528de07e35b37779d75	9	false	
val_clean	val	roboflow_drago_v1	train	Watermelon Detector.v1i.coco-segmentation\train\157_jpg.rf.2aa2ef027f84e148d25ae2e7695d1da0.jpg	roboflow_drago_v1_157_jpg.rf.2aa2ef027f84e148d25ae2e7695d1da0.jpg	roboflow_drago_v1_157_jpg.rf.2aa2ef027f84e148d25ae2e7695d1da0.txt	images/val/roboflow_drago_v1_157_jpg.rf.2aa2ef027f84e148d25ae2e7695d1da0.jpg	labels/val/roboflow_drago_v1_157_jpg.rf.2aa2ef027f84e148d25ae2e7695d1da0.txt	640	640	1	roboflow_drago_v1::roboflow_drago_v1_157_jpg	roboflow_drago_v1_157_jpg	3fbae29ad04cb0e70580772e4305e0dba190058d97ecfca6ed5e6735b87f2f6a	a6491a5d44596de722562e4d9c85a1c27ea980bfc51475a0d3b77fe0b0c7cd56	10	false	
val_clean	val	roboflow_drago_v1	train	Watermelon Detector.v1i.coco-segmentation\train\172_jpg.rf.11c06eb42a75712b1ba0b992af40bb4e.jpg	roboflow_drago_v1_172_jpg.rf.11c06eb42a75712b1ba0b992af40bb4e.jpg	roboflow_drago_v1_172_jpg.rf.11c06eb42a75712b1ba0b992af40bb4e.txt	images/val/roboflow_drago_v1_172_jpg.rf.11c06eb42a75712b1ba0b992af40bb4e.jpg	labels/val/roboflow_drago_v1_172_jpg.rf.11c06eb42a75712b1ba0b992af40bb4e.txt	640	640	1	roboflow_drago_v1::roboflow_drago_v1_172_jpg	roboflow_drago_v1_172_jpg	c620bcbded924db5e73cd8196f3e97ac8480ea4f0a51c473030f274baba062b4	03521e1f1f2a38ba416b5a18ae7a11c22f150eeca7c012bf9b5e1ccd1850654e	11	false	
val_clean	val	roboflow_drago_v1	test	Watermelon Detector.v1i.coco-segmentation\test\179_jpg.rf.db77f25c8ff621a9fbeca3836548b48a.jpg	roboflow_drago_v1_179_jpg.rf.db77f25c8ff621a9fbeca3836548b48a.jpg	roboflow_drago_v1_179_jpg.rf.db77f25c8ff621a9fbeca3836548b48a.txt	images/val/roboflow_drago_v1_179_jpg.rf.db77f25c8ff621a9fbeca3836548b48a.jpg	labels/val/roboflow_drago_v1_179_jpg.rf.db77f25c8ff621a9fbeca3836548b48a.txt	640	640	2	roboflow_drago_v1::roboflow_drago_v1_179_jpg	roboflow_drago_v1_179_jpg	b23a1617c7fa67ab28eea18d46123ee96fd2556698c36dc5a7ca511bff8859b6	589421d6d3e5f49a0f34a8295c81de9c3761f2f24a7a6ac30f5a42adc9ae19b7	12	false	
val_clean	val	roboflow_drago_v1	train	Watermelon Detector.v1i.coco-segmentation\train\184_jpg.rf.93b4ac59f66ad8e4b348735c190b2c35.jpg	roboflow_drago_v1_184_jpg.rf.93b4ac59f66ad8e4b348735c190b2c35.jpg	roboflow_drago_v1_184_jpg.rf.93b4ac59f66ad8e4b348735c190b2c35.txt	images/val/roboflow_drago_v1_184_jpg.rf.93b4ac59f66ad8e4b348735c190b2c35.jpg	labels/val/roboflow_drago_v1_184_jpg.rf.93b4ac59f66ad8e4b348735c190b2c35.txt	640	640	1	roboflow_drago_v1::roboflow_drago_v1_184_jpg	roboflow_drago_v1_184_jpg	e4f0a8b3888bd60c0b38248525fcc1096528c457c1e79af88799962d50efecf9	00944add8599a8c52c8eef4bed95bf0d417a4ff7aa4f076a1bdda195e5f5e11a	13	false	
val_clean	val	roboflow_drago_v1	test	Watermelon Detector.v1i.coco-segmentation\test\186_jpg.rf.fa676c403c7e1ea765de774c0312754d.jpg	roboflow_drago_v1_186_jpg.rf.fa676c403c7e1ea765de774c0312754d.jpg	roboflow_drago_v1_186_jpg.rf.fa676c403c7e1ea765de774c0312754d.txt	images/val/roboflow_drago_v1_186_jpg.rf.fa676c403c7e1ea765de774c0312754d.jpg	labels/val/roboflow_drago_v1_186_jpg.rf.fa676c403c7e1ea765de774c0312754d.txt	640	640	1	roboflow_drago_v1::roboflow_drago_v1_186_jpg	roboflow_drago_v1_186_jpg	453ea2064c9d5ec6aadf44c995cfb0f1177011cc5381a7a5f58bfc80e03c151c	f0203908803bb84d437c70493edeeb7aa82446e2c1e23d1f263b3c8d45996273	14	false	
val_clean	val	roboflow_drago_v1	train	Watermelon Detector.v1i.coco-segmentation\train\212_jpg.rf.a3fae81bc7ff2d6c9982107ce8ce5f49.jpg	roboflow_drago_v1_212_jpg.rf.a3fae81bc7ff2d6c9982107ce8ce5f49.jpg	roboflow_drago_v1_212_jpg.rf.a3fae81bc7ff2d6c9982107ce8ce5f49.txt	images/val/roboflow_drago_v1_212_jpg.rf.a3fae81bc7ff2d6c9982107ce8ce5f49.jpg	labels/val/roboflow_drago_v1_212_jpg.rf.a3fae81bc7ff2d6c9982107ce8ce5f49.txt	640	640	1	roboflow_drago_v1::roboflow_drago_v1_212_jpg	roboflow_drago_v1_212_jpg	38ce8509710f1e0f5e3851c003b5c062394cc6cd9d7b6adf68f39e9ddbeac5a0	6ad02061bddf4f3a18c462a65ebaacd2a3550e5c8e3c70d98274979937e8fe04	15	false	
val_clean	val	roboflow_drago_v1	train	Watermelon Detector.v1i.coco-segmentation\train\218_jpg.rf.0ae8fc7743958724f539b6e0caabc6a3.jpg	roboflow_drago_v1_218_jpg.rf.0ae8fc7743958724f539b6e0caabc6a3.jpg	roboflow_drago_v1_218_jpg.rf.0ae8fc7743958724f539b6e0caabc6a3.txt	images/val/roboflow_drago_v1_218_jpg.rf.0ae8fc7743958724f539b6e0caabc6a3.jpg	labels/val/roboflow_drago_v1_218_jpg.rf.0ae8fc7743958724f539b6e0caabc6a3.txt	640	640	4	roboflow_drago_v1::roboflow_drago_v1_218_jpg	roboflow_drago_v1_218_jpg	98fdb63edf23c29b432bbb8b32419e0ec89c4ea9bc04fa1cb3c8b33d6deb48bb	62fe1b724968358ed8edfacb1f7f972e4c6bb20525b278373e4befc24dd37f0a	16	false	
val_clean	val	roboflow_drago_v1	train	Watermelon Detector.v1i.coco-segmentation\train\222_jpg.rf.14537528471e9c96b6c6a8fff28cef1e.jpg	roboflow_drago_v1_222_jpg.rf.14537528471e9c96b6c6a8fff28cef1e.jpg	roboflow_drago_v1_222_jpg.rf.14537528471e9c96b6c6a8fff28cef1e.txt	images/val/roboflow_drago_v1_222_jpg.rf.14537528471e9c96b6c6a8fff28cef1e.jpg	labels/val/roboflow_drago_v1_222_jpg.rf.14537528471e9c96b6c6a8fff28cef1e.txt	640	640	1	roboflow_drago_v1::roboflow_drago_v1_222_jpg	roboflow_drago_v1_222_jpg	60bde46d8673f0057fddc2a80a5cf8a0764901b0693aaa77c1acab3ef5a752f5	93c64d52ad8030cafbfa5fa6603db91d4471dd5c975c785033c63f50911f9748	17	false	
val_clean	val	roboflow_drago_v1	train	Watermelon Detector.v1i.coco-segmentation\train\232_jpg.rf.93d402802a53dc622213a7d846630637.jpg	roboflow_drago_v1_232_jpg.rf.93d402802a53dc622213a7d846630637.jpg	roboflow_drago_v1_232_jpg.rf.93d402802a53dc622213a7d846630637.txt	images/val/roboflow_drago_v1_232_jpg.rf.93d402802a53dc622213a7d846630637.jpg	labels/val/roboflow_drago_v1_232_jpg.rf.93d402802a53dc622213a7d846630637.txt	640	640	1	roboflow_drago_v1::roboflow_drago_v1_232_jpg	roboflow_drago_v1_232_jpg	86709c542eecd4cea935409ddef6ecb1ad4152ace56bd3e27fea85ecc8ddf2ce	f0a9ffdf0d130802e0e628e15fe5d7b1d3ab4672ab51f7c068451eeaf402bccf	18	false	
val_clean	val	roboflow_drago_v1	train	Watermelon Detector.v1i.coco-segmentation\train\281_jpg.rf.9dc7d5c2874917cac768a4182030e944.jpg	roboflow_drago_v1_281_jpg.rf.9dc7d5c2874917cac768a4182030e944.jpg	roboflow_drago_v1_281_jpg.rf.9dc7d5c2874917cac768a4182030e944.txt	images/val/roboflow_drago_v1_281_jpg.rf.9dc7d5c2874917cac768a4182030e944.jpg	labels/val/roboflow_drago_v1_281_jpg.rf.9dc7d5c2874917cac768a4182030e944.txt	640	640	1	roboflow_drago_v1::roboflow_drago_v1_281_jpg	roboflow_drago_v1_281_jpg	54aeabc2648d65c71bb5e67977d46a37707a8e36e5b37f8ca312339fc04b0867	94c940ea36754d7dd3bcf0d7191532ecfd02583f8969c9e22b4d772fc9b9e8b6	19	false	
val_clean	val	roboflow_drago_v1	train	Watermelon Detector.v1i.coco-segmentation\train\326_jpg.rf.64e4a316c3eb59f105533211c8d822c7.jpg	roboflow_drago_v1_326_jpg.rf.64e4a316c3eb59f105533211c8d822c7.jpg	roboflow_drago_v1_326_jpg.rf.64e4a316c3eb59f105533211c8d822c7.txt	images/val/roboflow_drago_v1_326_jpg.rf.64e4a316c3eb59f105533211c8d822c7.jpg	labels/val/roboflow_drago_v1_326_jpg.rf.64e4a316c3eb59f105533211c8d822c7.txt	640	640	1	roboflow_drago_v1::roboflow_drago_v1_326_jpg	roboflow_drago_v1_326_jpg	ad613e077001e83c880f0741231001ebca4b81618fb6e5b06bf423cbf21d692c	03f41a8f3d54e2ed080c400967d51bad22b36cf250db83be37dac899ccdee304	20	false	
val_clean	val	roboflow_drago_v1	train	Watermelon Detector.v1i.coco-segmentation\train\339_jpg.rf.5b3937653389b16477481695a9ce151a.jpg	roboflow_drago_v1_339_jpg.rf.5b3937653389b16477481695a9ce151a.jpg	roboflow_drago_v1_339_jpg.rf.5b3937653389b16477481695a9ce151a.txt	images/val/roboflow_drago_v1_339_jpg.rf.5b3937653389b16477481695a9ce151a.jpg	labels/val/roboflow_drago_v1_339_jpg.rf.5b3937653389b16477481695a9ce151a.txt	640	640	2	roboflow_drago_v1::roboflow_drago_v1_339_jpg	roboflow_drago_v1_339_jpg	1f67f36e8ee46faa163d19490bd9bb608098cbe4521a7ec39ad3626336306b09	432c0b5baa69d3ed1ac74c51d422205045ff924d2d9dc6a7254e6b741d366cbd	21	false	
val_clean	val	roboflow_drago_v1	train	Watermelon Detector.v1i.coco-segmentation\train\339_jpg.rf.aa6371b430e9c68076d8749a479be8e1.jpg	roboflow_drago_v1_339_jpg.rf.aa6371b430e9c68076d8749a479be8e1.jpg	roboflow_drago_v1_339_jpg.rf.aa6371b430e9c68076d8749a479be8e1.txt	images/val/roboflow_drago_v1_339_jpg.rf.aa6371b430e9c68076d8749a479be8e1.jpg	labels/val/roboflow_drago_v1_339_jpg.rf.aa6371b430e9c68076d8749a479be8e1.txt	640	640	2	roboflow_drago_v1::roboflow_drago_v1_339_jpg	roboflow_drago_v1_339_jpg	e2a701af3906592e3f8b784919e0cbd9844a30f6305904a2b3a9fac449736870	517967303bcf901d77064bd64da189fdc6ebd2e34a4d53ebbfd9231eecfd6445	22	false	
val_clean	val	roboflow_drago_v1	train	Watermelon Detector.v1i.coco-segmentation\train\349_jpg.rf.2fb66e2a93ed621f622a58981e73e75a.jpg	roboflow_drago_v1_349_jpg.rf.2fb66e2a93ed621f622a58981e73e75a.jpg	roboflow_drago_v1_349_jpg.rf.2fb66e2a93ed621f622a58981e73e75a.txt	images/val/roboflow_drago_v1_349_jpg.rf.2fb66e2a93ed621f622a58981e73e75a.jpg	labels/val/roboflow_drago_v1_349_jpg.rf.2fb66e2a93ed621f622a58981e73e75a.txt	640	640	1	roboflow_drago_v1::roboflow_drago_v1_349_jpg	roboflow_drago_v1_349_jpg	43cc7c940093c7b4a3d245a344adc850641a32ce92e20701d942e68a1cf46b3d	b5d43465e6d9e16ab111266b7030d405894a1284d4d4fbe135dade11c3a1d439	23	false	
val_clean	val	roboflow_drago_v1	train	Watermelon Detector.v1i.coco-segmentation\train\356_jpg.rf.67651798d7cd24e703032632b3f5c4fb.jpg	roboflow_drago_v1_356_jpg.rf.67651798d7cd24e703032632b3f5c4fb.jpg	roboflow_drago_v1_356_jpg.rf.67651798d7cd24e703032632b3f5c4fb.txt	images/val/roboflow_drago_v1_356_jpg.rf.67651798d7cd24e703032632b3f5c4fb.jpg	labels/val/roboflow_drago_v1_356_jpg.rf.67651798d7cd24e703032632b3f5c4fb.txt	640	640	1	roboflow_drago_v1::roboflow_drago_v1_356_jpg	roboflow_drago_v1_356_jpg	cca75b52da705e734d77a6b37d9c7049671e9a41f88eb36b4141cbb6a91084e4	74fb977688df4c468c51c63b9ef0def46759725d4fe989a1d39b5074d8616020	24	false	
val_clean	val	roboflow_drago_v1	valid	Watermelon Detector.v1i.coco-segmentation\valid\364_jpg.rf.205e69ab53891010e8ad39bf1db49376.jpg	roboflow_drago_v1_364_jpg.rf.205e69ab53891010e8ad39bf1db49376.jpg	roboflow_drago_v1_364_jpg.rf.205e69ab53891010e8ad39bf1db49376.txt	images/val/roboflow_drago_v1_364_jpg.rf.205e69ab53891010e8ad39bf1db49376.jpg	labels/val/roboflow_drago_v1_364_jpg.rf.205e69ab53891010e8ad39bf1db49376.txt	640	640	1	roboflow_drago_v1::roboflow_drago_v1_364_jpg	roboflow_drago_v1_364_jpg	1f95d92a21a730798ceeaede8ac5e94c90786e7ae8a92beb42257dd93041b7e4	dd8f5069d0b92a24e4473747fda66b038c828ad59bdab7868fa2bd7692d2dae5	25	false	
val_clean	val	roboflow_drago_v1	train	Watermelon Detector.v1i.coco-segmentation\train\379_jpg.rf.0b8563f9ebcbdaceeb4ac37c9a37c6c7.jpg	roboflow_drago_v1_379_jpg.rf.0b8563f9ebcbdaceeb4ac37c9a37c6c7.jpg	roboflow_drago_v1_379_jpg.rf.0b8563f9ebcbdaceeb4ac37c9a37c6c7.txt	images/val/roboflow_drago_v1_379_jpg.rf.0b8563f9ebcbdaceeb4ac37c9a37c6c7.jpg	labels/val/roboflow_drago_v1_379_jpg.rf.0b8563f9ebcbdaceeb4ac37c9a37c6c7.txt	640	640	1	roboflow_drago_v1::roboflow_drago_v1_379_jpg	roboflow_drago_v1_379_jpg	a5087e7dedfec033ae9a50c355fabddffbcb9fab694f24fd02c9c7e8aacdeaa2	6f0673ed566b23e4310e9e828fd0f25549561d359c523d7af49020a32e425443	26	false	
val_clean	val	roboflow_drago_v1	train	Watermelon Detector.v1i.coco-segmentation\train\413-Copy_jpg.rf.4b8bb25aed89ad35ac02fab3db2abf73.jpg	roboflow_drago_v1_413-Copy_jpg.rf.4b8bb25aed89ad35ac02fab3db2abf73.jpg	roboflow_drago_v1_413-Copy_jpg.rf.4b8bb25aed89ad35ac02fab3db2abf73.txt	images/val/roboflow_drago_v1_413-Copy_jpg.rf.4b8bb25aed89ad35ac02fab3db2abf73.jpg	labels/val/roboflow_drago_v1_413-Copy_jpg.rf.4b8bb25aed89ad35ac02fab3db2abf73.txt	640	640	1	roboflow_drago_v1::roboflow_drago_v1_413-copy_jpg	roboflow_drago_v1_413-Copy_jpg	ba6188abe80a95f94682fb54b916362dacb740d4f0558f0e5884da23643cd428	a74d6221b0d1ab5158755b5044ce22f3e3a059093dd390d1e1b8b599685afd2a	27	false	
val_clean	val	roboflow_drago_v1	train	Watermelon Detector.v1i.coco-segmentation\train\413-Copy_jpg.rf.7aa6e3c1171e4e8bd9c5e88d43fdddfc.jpg	roboflow_drago_v1_413-Copy_jpg.rf.7aa6e3c1171e4e8bd9c5e88d43fdddfc.jpg	roboflow_drago_v1_413-Copy_jpg.rf.7aa6e3c1171e4e8bd9c5e88d43fdddfc.txt	images/val/roboflow_drago_v1_413-Copy_jpg.rf.7aa6e3c1171e4e8bd9c5e88d43fdddfc.jpg	labels/val/roboflow_drago_v1_413-Copy_jpg.rf.7aa6e3c1171e4e8bd9c5e88d43fdddfc.txt	640	640	1	roboflow_drago_v1::roboflow_drago_v1_413-copy_jpg	roboflow_drago_v1_413-Copy_jpg	0c52669577eb70989d34efa013c697e4cae128cebb0f8ab680c1e0bcdc20ba85	c6a408d153a71b9250ef929c46aa1c5a8aeb4f6ad87f9ca84621f9d4c98055e7	28	false	
val_clean	val	roboflow_drago_v1	valid	Watermelon Detector.v1i.coco-segmentation\valid\431-Copy_jpg.rf.7109ee4da7b2f79696f637bbb5904d25.jpg	roboflow_drago_v1_431-Copy_jpg.rf.7109ee4da7b2f79696f637bbb5904d25.jpg	roboflow_drago_v1_431-Copy_jpg.rf.7109ee4da7b2f79696f637bbb5904d25.txt	images/val/roboflow_drago_v1_431-Copy_jpg.rf.7109ee4da7b2f79696f637bbb5904d25.jpg	labels/val/roboflow_drago_v1_431-Copy_jpg.rf.7109ee4da7b2f79696f637bbb5904d25.txt	640	640	1	roboflow_drago_v1::roboflow_drago_v1_431-copy_jpg	roboflow_drago_v1_431-Copy_jpg	f1f9a951e60b1d14e638e846e9e1d31c98a650250d259d25a3b197f1a7ee81af	aac156e968f297754332699b3484fe484f13f8be6e0bf8a876cf2a8c1c904127	29	false	
val_clean	val	roboflow_drago_v1	train	Watermelon Detector.v1i.coco-segmentation\train\433-Copy_jpg.rf.065aea2f1e3934d57edea16268d8e5ae.jpg	roboflow_drago_v1_433-Copy_jpg.rf.065aea2f1e3934d57edea16268d8e5ae.jpg	roboflow_drago_v1_433-Copy_jpg.rf.065aea2f1e3934d57edea16268d8e5ae.txt	images/val/roboflow_drago_v1_433-Copy_jpg.rf.065aea2f1e3934d57edea16268d8e5ae.jpg	labels/val/roboflow_drago_v1_433-Copy_jpg.rf.065aea2f1e3934d57edea16268d8e5ae.txt	640	640	1	roboflow_drago_v1::roboflow_drago_v1_433-copy_jpg	roboflow_drago_v1_433-Copy_jpg	8cf0adbff68f324c7f52d4abf212e5e3dc4ffa510da9b9bab59c0305be305a23	f686acc0e4b9ca4b2a4173781d9fa4f0d0d419c813b267f5b792e5ceedba5c46	30	false	
val_clean	val	roboflow_drago_v1	train	Watermelon Detector.v1i.coco-segmentation\train\464-Copy_jpg.rf.958d393aaedfbb6ebfc2594c2e94ed8e.jpg	roboflow_drago_v1_464-Copy_jpg.rf.958d393aaedfbb6ebfc2594c2e94ed8e.jpg	roboflow_drago_v1_464-Copy_jpg.rf.958d393aaedfbb6ebfc2594c2e94ed8e.txt	images/val/roboflow_drago_v1_464-Copy_jpg.rf.958d393aaedfbb6ebfc2594c2e94ed8e.jpg	labels/val/roboflow_drago_v1_464-Copy_jpg.rf.958d393aaedfbb6ebfc2594c2e94ed8e.txt	640	640	2	roboflow_drago_v1::roboflow_drago_v1_464-copy_jpg	roboflow_drago_v1_464-Copy_jpg	7ec11234d99bdab8275590a891867322919f16f219055eaf1ee32d4bb3ea4028	3af8c20d12cf4e3f3e1c7dc058b9ae96e6ce611d03df48bb51e7df62686cac5b	31	false	
val_clean	val	roboflow_drago_v1	train	Watermelon Detector.v1i.coco-segmentation\train\479-Copy_jpg.rf.e828f11cd8bf7440767397dff8b71e60.jpg	roboflow_drago_v1_479-Copy_jpg.rf.e828f11cd8bf7440767397dff8b71e60.jpg	roboflow_drago_v1_479-Copy_jpg.rf.e828f11cd8bf7440767397dff8b71e60.txt	images/val/roboflow_drago_v1_479-Copy_jpg.rf.e828f11cd8bf7440767397dff8b71e60.jpg	labels/val/roboflow_drago_v1_479-Copy_jpg.rf.e828f11cd8bf7440767397dff8b71e60.txt	640	640	1	roboflow_drago_v1::roboflow_drago_v1_479-copy_jpg	roboflow_drago_v1_479-Copy_jpg	8f7e6cfc7f8983b00f67a7cecb25abc01266ce0b96a0e211102354a82f03e022	f41e26651d2d21b9c5802f44310014100926f70d48f6cbd88aebd33e36e607ff	32	false	
val_clean	val	roboflow_drago_v1	train	Watermelon Detector.v1i.coco-segmentation\train\506-Copy_jpg.rf.2e3b988e30c6749e2e64239988d092a5.jpg	roboflow_drago_v1_506-Copy_jpg.rf.2e3b988e30c6749e2e64239988d092a5.jpg	roboflow_drago_v1_506-Copy_jpg.rf.2e3b988e30c6749e2e64239988d092a5.txt	images/val/roboflow_drago_v1_506-Copy_jpg.rf.2e3b988e30c6749e2e64239988d092a5.jpg	labels/val/roboflow_drago_v1_506-Copy_jpg.rf.2e3b988e30c6749e2e64239988d092a5.txt	640	640	0	roboflow_drago_v1::roboflow_drago_v1_506-copy_jpg	roboflow_drago_v1_506-Copy_jpg	49da5e460616ef7aac22ea195994d63a0d57bb27cf35b9c7144454fae0fb603f	e3b0c44298fc1c149afbf4c8996fb92427ae41e4649b934ca495991b7852b855	33	false	
val_clean	val	roboflow_drago_v1	train	Watermelon Detector.v1i.coco-segmentation\train\523-Copy_jpg.rf.4140de792276c0e9a04eeca69d30d745.jpg	roboflow_drago_v1_523-Copy_jpg.rf.4140de792276c0e9a04eeca69d30d745.jpg	roboflow_drago_v1_523-Copy_jpg.rf.4140de792276c0e9a04eeca69d30d745.txt	images/val/roboflow_drago_v1_523-Copy_jpg.rf.4140de792276c0e9a04eeca69d30d745.jpg	labels/val/roboflow_drago_v1_523-Copy_jpg.rf.4140de792276c0e9a04eeca69d30d745.txt	640	640	2	roboflow_drago_v1::roboflow_drago_v1_523-copy_jpg	roboflow_drago_v1_523-Copy_jpg	6c5d0ef92e1f59f43cff86e9f239d538aed05a83ccdce68d693f55261d531740	2ea8d873e5ccfac09cb0e42f41ad311e6cf299cc2514d0c4393b0f994e023687	34	false	
val_clean	val	roboflow_drago_v1	valid	Watermelon Detector.v1i.coco-segmentation\valid\555-Copy_jpg.rf.a8603921babb80d734bfae7054094ab3.jpg	roboflow_drago_v1_555-Copy_jpg.rf.a8603921babb80d734bfae7054094ab3.jpg	roboflow_drago_v1_555-Copy_jpg.rf.a8603921babb80d734bfae7054094ab3.txt	images/val/roboflow_drago_v1_555-Copy_jpg.rf.a8603921babb80d734bfae7054094ab3.jpg	labels/val/roboflow_drago_v1_555-Copy_jpg.rf.a8603921babb80d734bfae7054094ab3.txt	640	640	1	roboflow_drago_v1::roboflow_drago_v1_555-copy_jpg	roboflow_drago_v1_555-Copy_jpg	b12a2062a66a395c8b5021549585430eaa6020a274185ec2db1b76358625ac50	993471518d79a2c50c10d773cb1f9b0332930b1512b52c5a13ad2a5b0ea9c12f	35	false	
val_clean	val	roboflow_drago_v1	train	Watermelon Detector.v1i.coco-segmentation\train\556-Copy_jpg.rf.90cf33d2c8ca1da36b30a8d07759d55f.jpg	roboflow_drago_v1_556-Copy_jpg.rf.90cf33d2c8ca1da36b30a8d07759d55f.jpg	roboflow_drago_v1_556-Copy_jpg.rf.90cf33d2c8ca1da36b30a8d07759d55f.txt	images/val/roboflow_drago_v1_556-Copy_jpg.rf.90cf33d2c8ca1da36b30a8d07759d55f.jpg	labels/val/roboflow_drago_v1_556-Copy_jpg.rf.90cf33d2c8ca1da36b30a8d07759d55f.txt	640	640	1	roboflow_drago_v1::roboflow_drago_v1_556-copy_jpg	roboflow_drago_v1_556-Copy_jpg	2849d71a88949d8f9c75a9b1393d5d5e8e57f1b27c809a828b9e88d9f42ad3ef	0eae6a8f0316f5d660c10da83986722ea97f1f58aa839a62491873df7bcf7510	36	false	
val_clean	val	roboflow_drago_v1	train	Watermelon Detector.v1i.coco-segmentation\train\616_jpg.rf.8c08435f7d3766496de7f37fe16b7912.jpg	roboflow_drago_v1_616_jpg.rf.8c08435f7d3766496de7f37fe16b7912.jpg	roboflow_drago_v1_616_jpg.rf.8c08435f7d3766496de7f37fe16b7912.txt	images/val/roboflow_drago_v1_616_jpg.rf.8c08435f7d3766496de7f37fe16b7912.jpg	labels/val/roboflow_drago_v1_616_jpg.rf.8c08435f7d3766496de7f37fe16b7912.txt	640	640	1	roboflow_drago_v1::roboflow_drago_v1_616_jpg	roboflow_drago_v1_616_jpg	eaa412acc6fefcf97dcecd5320724850877a63cfe119c86a722cf7eb24978d45	cf566ac4a0cdc5b961cd6c4f806bedb651b8afea4dc167d6d56a528ac67bb80a	37	false	
val_clean	val	roboflow_drago_v1	train	Watermelon Detector.v1i.coco-segmentation\train\63_jpg.rf.ee90112407b018927a857670f21dda02.jpg	roboflow_drago_v1_63_jpg.rf.ee90112407b018927a857670f21dda02.jpg	roboflow_drago_v1_63_jpg.rf.ee90112407b018927a857670f21dda02.txt	images/val/roboflow_drago_v1_63_jpg.rf.ee90112407b018927a857670f21dda02.jpg	labels/val/roboflow_drago_v1_63_jpg.rf.ee90112407b018927a857670f21dda02.txt	640	640	1	roboflow_drago_v1::roboflow_drago_v1_63_jpg	roboflow_drago_v1_63_jpg	c4674fd6fcf53a6f04c7eed20241d8b4ccf3ead5052f26f8bc11a3b44baa8f1c	4e3d006fc7730dabf24bf7f40d575a1f5c01b8c17029b20ef21b86de8b639f66	38	false	
val_clean	val	roboflow_drago_v1	train	Watermelon Detector.v1i.coco-segmentation\train\663_jpg.rf.7b8695f84242b3f04b639463ff91971a.jpg	roboflow_drago_v1_663_jpg.rf.7b8695f84242b3f04b639463ff91971a.jpg	roboflow_drago_v1_663_jpg.rf.7b8695f84242b3f04b639463ff91971a.txt	images/val/roboflow_drago_v1_663_jpg.rf.7b8695f84242b3f04b639463ff91971a.jpg	labels/val/roboflow_drago_v1_663_jpg.rf.7b8695f84242b3f04b639463ff91971a.txt	640	640	2	roboflow_drago_v1::roboflow_drago_v1_663_jpg	roboflow_drago_v1_663_jpg	25c743d59e66a567f9cc55747c9842ffecc8e53f9dd147d1f64b31d6480e5ab3	5ad5fed6fc21f7e44daed37c4590c9667455061c621d180c089fd0a9f54d8969	39	false	
val_clean	val	roboflow_drago_v1	train	Watermelon Detector.v1i.coco-segmentation\train\664_jpg.rf.2575bbe565ee3dceaff6fec276f5bc0b.jpg	roboflow_drago_v1_664_jpg.rf.2575bbe565ee3dceaff6fec276f5bc0b.jpg	roboflow_drago_v1_664_jpg.rf.2575bbe565ee3dceaff6fec276f5bc0b.txt	images/val/roboflow_drago_v1_664_jpg.rf.2575bbe565ee3dceaff6fec276f5bc0b.jpg	labels/val/roboflow_drago_v1_664_jpg.rf.2575bbe565ee3dceaff6fec276f5bc0b.txt	640	640	1	roboflow_drago_v1::roboflow_drago_v1_664_jpg	roboflow_drago_v1_664_jpg	29e20561778a1223de1cc43040d868787158ac3e77437cd50da5b66152510646	90c6501e74a82e83d2ef39f2b8874c0784b17819a65583eb07e69ae2957f022e	40	false	
val_clean	val	roboflow_drago_v1	train	Watermelon Detector.v1i.coco-segmentation\train\665_jpg.rf.a0027db04b4cafd76d4ff1109c93a94a.jpg	roboflow_drago_v1_665_jpg.rf.a0027db04b4cafd76d4ff1109c93a94a.jpg	roboflow_drago_v1_665_jpg.rf.a0027db04b4cafd76d4ff1109c93a94a.txt	images/val/roboflow_drago_v1_665_jpg.rf.a0027db04b4cafd76d4ff1109c93a94a.jpg	labels/val/roboflow_drago_v1_665_jpg.rf.a0027db04b4cafd76d4ff1109c93a94a.txt	640	640	1	roboflow_drago_v1::roboflow_drago_v1_665_jpg	roboflow_drago_v1_665_jpg	98503f825111a6f6a58faee2459c361027f7a19ffaed65d00a6bc7f3f34c6794	8eb087695995789dccd6ab4222c6a7bb453f790209a231490fbba82a612de7d7	41	false	
val_clean	val	roboflow_drago_v1	train	Watermelon Detector.v1i.coco-segmentation\train\683_jpg.rf.9a4806cd8375b3976e06af8365895d5c.jpg	roboflow_drago_v1_683_jpg.rf.9a4806cd8375b3976e06af8365895d5c.jpg	roboflow_drago_v1_683_jpg.rf.9a4806cd8375b3976e06af8365895d5c.txt	images/val/roboflow_drago_v1_683_jpg.rf.9a4806cd8375b3976e06af8365895d5c.jpg	labels/val/roboflow_drago_v1_683_jpg.rf.9a4806cd8375b3976e06af8365895d5c.txt	640	640	1	roboflow_drago_v1::roboflow_drago_v1_683_jpg	roboflow_drago_v1_683_jpg	36d68db926a3f74938a529ae1cb96d382f1c58ab97f7a96ce5a85cf83d46f98f	060974a3e137ff1502cf0f51ba69efad51722130bea34518e927ad73d5089691	42	false	
val_clean	val	roboflow_drago_v1	train	Watermelon Detector.v1i.coco-segmentation\train\95_jpg.rf.417aecf8e9ce31d8f171c1975d64dce5.jpg	roboflow_drago_v1_95_jpg.rf.417aecf8e9ce31d8f171c1975d64dce5.jpg	roboflow_drago_v1_95_jpg.rf.417aecf8e9ce31d8f171c1975d64dce5.txt	images/val/roboflow_drago_v1_95_jpg.rf.417aecf8e9ce31d8f171c1975d64dce5.jpg	labels/val/roboflow_drago_v1_95_jpg.rf.417aecf8e9ce31d8f171c1975d64dce5.txt	640	640	2	roboflow_drago_v1::roboflow_drago_v1_95_jpg	roboflow_drago_v1_95_jpg	25d4b06ab63b52024dbff0e94c6e930b8b55370768e59ee06f3a6ba92b3381ad	d24806032ad7203a6d6e20284d3124318056d6bbdfd7e3a45d5346da19e120c2	43	false	
val_clean	val	roboflow_team128_v5	valid	Watermelon Detection.v5-raw_annotations.coco-segmentation\valid\IMG_0336_jpg.rf.dca59f6e142f72c3673d97616da9d3f5.jpg	roboflow_team128_v5_IMG_0336_jpg.rf.dca59f6e142f72c3673d97616da9d3f5.jpg	roboflow_team128_v5_IMG_0336_jpg.rf.dca59f6e142f72c3673d97616da9d3f5.txt	images/val/roboflow_team128_v5_IMG_0336_jpg.rf.dca59f6e142f72c3673d97616da9d3f5.jpg	labels/val/roboflow_team128_v5_IMG_0336_jpg.rf.dca59f6e142f72c3673d97616da9d3f5.txt	3024	4032	2	roboflow_team128_v5::roboflow_team128_v5_img_0336_jpg	roboflow_team128_v5_IMG_0336_jpg	b3ccd602175d5f0c2fce7047d4eede821eaf06fa6c12d8a594578fe0f23e879d	af1b06ddc71d63ac247faa0941f746843eba32895cd7d4112b95f6dd2ca970de	44	false	
val_clean	val	roboflow_team128_v5	train	Watermelon Detection.v5-raw_annotations.coco-segmentation\train\IMG_0357_jpg.rf.19028946bdbd76a19ce4669273a656fd.jpg	roboflow_team128_v5_IMG_0357_jpg.rf.19028946bdbd76a19ce4669273a656fd.jpg	roboflow_team128_v5_IMG_0357_jpg.rf.19028946bdbd76a19ce4669273a656fd.txt	images/val/roboflow_team128_v5_IMG_0357_jpg.rf.19028946bdbd76a19ce4669273a656fd.jpg	labels/val/roboflow_team128_v5_IMG_0357_jpg.rf.19028946bdbd76a19ce4669273a656fd.txt	3024	4032	1	roboflow_team128_v5::roboflow_team128_v5_img_0357_jpg	roboflow_team128_v5_IMG_0357_jpg	0fe67ff6793b95bcbc49d4fe8a97990474f16db5a97c3ce38a5d80e31057b643	ed3a5047de71673d90deec14c52dc9f4287de008e7771abd155ca0c71e00667f	45	false	
val_clean	val	roboflow_team128_v5	train	Watermelon Detection.v5-raw_annotations.coco-segmentation\train\IMG_0374_jpg.rf.530e61bfe3c08d70a2925717211eba8f.jpg	roboflow_team128_v5_IMG_0374_jpg.rf.530e61bfe3c08d70a2925717211eba8f.jpg	roboflow_team128_v5_IMG_0374_jpg.rf.530e61bfe3c08d70a2925717211eba8f.txt	images/val/roboflow_team128_v5_IMG_0374_jpg.rf.530e61bfe3c08d70a2925717211eba8f.jpg	labels/val/roboflow_team128_v5_IMG_0374_jpg.rf.530e61bfe3c08d70a2925717211eba8f.txt	3024	4032	3	roboflow_team128_v5::roboflow_team128_v5_img_0374_jpg	roboflow_team128_v5_IMG_0374_jpg	d921e272e467a7722a51f5f7db0bbbbdd2350476cc0141d8c35339cca2df0d23	011833af2327cf885d3156cae911baae37974e4840089751cea6a83fbce3b5b5	46	false	
val_clean	val	roboflow_team128_v5	train	Watermelon Detection.v5-raw_annotations.coco-segmentation\train\IMG_0378_jpg.rf.fb79ed4d9b3f12385fbedad447b16cb7.jpg	roboflow_team128_v5_IMG_0378_jpg.rf.fb79ed4d9b3f12385fbedad447b16cb7.jpg	roboflow_team128_v5_IMG_0378_jpg.rf.fb79ed4d9b3f12385fbedad447b16cb7.txt	images/val/roboflow_team128_v5_IMG_0378_jpg.rf.fb79ed4d9b3f12385fbedad447b16cb7.jpg	labels/val/roboflow_team128_v5_IMG_0378_jpg.rf.fb79ed4d9b3f12385fbedad447b16cb7.txt	3024	4032	1	roboflow_team128_v5::roboflow_team128_v5_img_0378_jpg	roboflow_team128_v5_IMG_0378_jpg	d5b9118319c67fff033660ac111f4f96f1489a814a99913c8f54e6701db2494b	8734698c23d0dfce70fddb5dd3a5a046d029e62f73500ac092eff990bc43f709	47	false	
val_clean	val	roboflow_team128_v5	train	Watermelon Detection.v5-raw_annotations.coco-segmentation\train\IMG_0393_jpg.rf.93481bebb07ef77e433bd38c6ee95659.jpg	roboflow_team128_v5_IMG_0393_jpg.rf.93481bebb07ef77e433bd38c6ee95659.jpg	roboflow_team128_v5_IMG_0393_jpg.rf.93481bebb07ef77e433bd38c6ee95659.txt	images/val/roboflow_team128_v5_IMG_0393_jpg.rf.93481bebb07ef77e433bd38c6ee95659.jpg	labels/val/roboflow_team128_v5_IMG_0393_jpg.rf.93481bebb07ef77e433bd38c6ee95659.txt	3024	4032	3	roboflow_team128_v5::roboflow_team128_v5_img_0393_jpg	roboflow_team128_v5_IMG_0393_jpg	5be83035c6d03048745de8a58f96f7cabf5674b839359121393a69d63c860236	7b77e9e6cae9f49d5b34c5401d2d3be527117b2083920293e15e7fdfae2f61d0	48	false	
val_clean	val	roboflow_team128_v5	train	Watermelon Detection.v5-raw_annotations.coco-segmentation\train\IMG_0396_jpg.rf.00569b78c27c0a8af2ee09fa843caafa.jpg	roboflow_team128_v5_IMG_0396_jpg.rf.00569b78c27c0a8af2ee09fa843caafa.jpg	roboflow_team128_v5_IMG_0396_jpg.rf.00569b78c27c0a8af2ee09fa843caafa.txt	images/val/roboflow_team128_v5_IMG_0396_jpg.rf.00569b78c27c0a8af2ee09fa843caafa.jpg	labels/val/roboflow_team128_v5_IMG_0396_jpg.rf.00569b78c27c0a8af2ee09fa843caafa.txt	3024	4032	2	roboflow_team128_v5::roboflow_team128_v5_img_0396_jpg	roboflow_team128_v5_IMG_0396_jpg	b42179e35f33614dcd42ad43a65141611bca6ab7bf547cfa26b50802b1e6424f	842ae37caa535c1c5d19f9d34677071c9d6e30a9dcf5cd5dae3d3ba70aa771cc	49	false	
val_clean	val	roboflow_team128_v5	test	Watermelon Detection.v5-raw_annotations.coco-segmentation\test\IMG_0400_jpg.rf.f1c8063b744dfbdfa4733b33bde2a0a8.jpg	roboflow_team128_v5_IMG_0400_jpg.rf.f1c8063b744dfbdfa4733b33bde2a0a8.jpg	roboflow_team128_v5_IMG_0400_jpg.rf.f1c8063b744dfbdfa4733b33bde2a0a8.txt	images/val/roboflow_team128_v5_IMG_0400_jpg.rf.f1c8063b744dfbdfa4733b33bde2a0a8.jpg	labels/val/roboflow_team128_v5_IMG_0400_jpg.rf.f1c8063b744dfbdfa4733b33bde2a0a8.txt	4032	3024	6	roboflow_team128_v5::roboflow_team128_v5_img_0400_jpg	roboflow_team128_v5_IMG_0400_jpg	6ec736a7736309a3b5bcd3baa2a669406d4e0fcd3f1336c61abcc6a1509483cd	2392a11915d28b8a0023cc02aa179ba469fcf2e968f28971608559594180c207	50	false	
val_clean	val	roboflow_team128_v5	valid	Watermelon Detection.v5-raw_annotations.coco-segmentation\valid\IMG_0402_jpg.rf.815d64736730ccf8d8284b4426e4db4b.jpg	roboflow_team128_v5_IMG_0402_jpg.rf.815d64736730ccf8d8284b4426e4db4b.jpg	roboflow_team128_v5_IMG_0402_jpg.rf.815d64736730ccf8d8284b4426e4db4b.txt	images/val/roboflow_team128_v5_IMG_0402_jpg.rf.815d64736730ccf8d8284b4426e4db4b.jpg	labels/val/roboflow_team128_v5_IMG_0402_jpg.rf.815d64736730ccf8d8284b4426e4db4b.txt	3024	4032	5	roboflow_team128_v5::roboflow_team128_v5_img_0402_jpg	roboflow_team128_v5_IMG_0402_jpg	3ec5249ef861f4373052f4031ef2e39cee80361fd90b4d2560c10fe1d3cb8d99	bc857475bae7b347b1ea0cef8ebd61001fafa497211eac9a55c225bc1fcf977c	51	false	
val_clean	val	roboflow_team128_v5	train	Watermelon Detection.v5-raw_annotations.coco-segmentation\train\IMG_0404_jpg.rf.b3cf9579cb5bc70e66c9831c076519d3.jpg	roboflow_team128_v5_IMG_0404_jpg.rf.b3cf9579cb5bc70e66c9831c076519d3.jpg	roboflow_team128_v5_IMG_0404_jpg.rf.b3cf9579cb5bc70e66c9831c076519d3.txt	images/val/roboflow_team128_v5_IMG_0404_jpg.rf.b3cf9579cb5bc70e66c9831c076519d3.jpg	labels/val/roboflow_team128_v5_IMG_0404_jpg.rf.b3cf9579cb5bc70e66c9831c076519d3.txt	3024	4032	1	roboflow_team128_v5::roboflow_team128_v5_img_0404_jpg	roboflow_team128_v5_IMG_0404_jpg	0366a1eecf1f253bf1fc2f146f79641aca94ceb5a312ed0417cc4bf4294f71e8	09ad712621232ef981794b6bf50d77e9c9835372b5f38af41d22b6e8b8e089f7	52	false	
val_clean	val	roboflow_team128_v5	train	Watermelon Detection.v5-raw_annotations.coco-segmentation\train\IMG_0405_jpg.rf.69f5649abe63ff474ce6c469826bb7a6.jpg	roboflow_team128_v5_IMG_0405_jpg.rf.69f5649abe63ff474ce6c469826bb7a6.jpg	roboflow_team128_v5_IMG_0405_jpg.rf.69f5649abe63ff474ce6c469826bb7a6.txt	images/val/roboflow_team128_v5_IMG_0405_jpg.rf.69f5649abe63ff474ce6c469826bb7a6.jpg	labels/val/roboflow_team128_v5_IMG_0405_jpg.rf.69f5649abe63ff474ce6c469826bb7a6.txt	3024	4032	1	roboflow_team128_v5::roboflow_team128_v5_img_0405_jpg	roboflow_team128_v5_IMG_0405_jpg	c0f05b619bdd4146e864805bbdabb74c291bf1553e35cde290e3e1d301850fbe	38227e9742696a4cf62aed62074830eaf7e90dc6bae0f5507a59c12312af6bcb	53	false	
val_clean	val	roboflow_team128_v5	train	Watermelon Detection.v5-raw_annotations.coco-segmentation\train\IMG_0410_jpg.rf.784d6b4c333f45c86d8c70f091e2621b.jpg	roboflow_team128_v5_IMG_0410_jpg.rf.784d6b4c333f45c86d8c70f091e2621b.jpg	roboflow_team128_v5_IMG_0410_jpg.rf.784d6b4c333f45c86d8c70f091e2621b.txt	images/val/roboflow_team128_v5_IMG_0410_jpg.rf.784d6b4c333f45c86d8c70f091e2621b.jpg	labels/val/roboflow_team128_v5_IMG_0410_jpg.rf.784d6b4c333f45c86d8c70f091e2621b.txt	3024	4032	5	roboflow_team128_v5::roboflow_team128_v5_img_0410_jpg	roboflow_team128_v5_IMG_0410_jpg	a55ba7433fda315f811403ef720ddb1f8cd0544f1e36aaf1ffadec04967f0c27	68a54e165bb538cab7b82767681d89791ac5bdcfb7f4ac1a37fcfc70333e1ddd	54	false	
val_clean	val	roboflow_team128_v5	valid	Watermelon Detection.v5-raw_annotations.coco-segmentation\valid\IMG_0418_jpg.rf.f8f4f354c83030d016a29f9f314a5c7d.jpg	roboflow_team128_v5_IMG_0418_jpg.rf.f8f4f354c83030d016a29f9f314a5c7d.jpg	roboflow_team128_v5_IMG_0418_jpg.rf.f8f4f354c83030d016a29f9f314a5c7d.txt	images/val/roboflow_team128_v5_IMG_0418_jpg.rf.f8f4f354c83030d016a29f9f314a5c7d.jpg	labels/val/roboflow_team128_v5_IMG_0418_jpg.rf.f8f4f354c83030d016a29f9f314a5c7d.txt	3024	4032	2	roboflow_team128_v5::roboflow_team128_v5_img_0418_jpg	roboflow_team128_v5_IMG_0418_jpg	3f2fcc3fbde2497d9c08a88813e0ca2e2dd4ea36c2e88bcabb11dfc6c7303eaa	36c3ff5cd9a815b696b6ec156138e94fa2a731fad880118b30747c919c455a1c	55	false	
val_clean	val	roboflow_team128_v5	train	Watermelon Detection.v5-raw_annotations.coco-segmentation\train\IMG_0427_jpg.rf.e0f477428ad7c915df351c4cebd7195f.jpg	roboflow_team128_v5_IMG_0427_jpg.rf.e0f477428ad7c915df351c4cebd7195f.jpg	roboflow_team128_v5_IMG_0427_jpg.rf.e0f477428ad7c915df351c4cebd7195f.txt	images/val/roboflow_team128_v5_IMG_0427_jpg.rf.e0f477428ad7c915df351c4cebd7195f.jpg	labels/val/roboflow_team128_v5_IMG_0427_jpg.rf.e0f477428ad7c915df351c4cebd7195f.txt	3024	4032	1	roboflow_team128_v5::roboflow_team128_v5_img_0427_jpg	roboflow_team128_v5_IMG_0427_jpg	ba16d314b4bb5f62a3bda7afe657dc76faeeff8d2ced630347a130139b380cd4	03359fbdd173d1f0b3787bb6ea3a38067c62c3a8b23814b4e81c14439ed6c46c	56	false	
val_clean	val	roboflow_team128_v5	train	Watermelon Detection.v5-raw_annotations.coco-segmentation\train\IMG_0438_jpg.rf.34340ce707d0a253382447af22c3b9a2.jpg	roboflow_team128_v5_IMG_0438_jpg.rf.34340ce707d0a253382447af22c3b9a2.jpg	roboflow_team128_v5_IMG_0438_jpg.rf.34340ce707d0a253382447af22c3b9a2.txt	images/val/roboflow_team128_v5_IMG_0438_jpg.rf.34340ce707d0a253382447af22c3b9a2.jpg	labels/val/roboflow_team128_v5_IMG_0438_jpg.rf.34340ce707d0a253382447af22c3b9a2.txt	3024	4032	2	roboflow_team128_v5::roboflow_team128_v5_img_0438_jpg	roboflow_team128_v5_IMG_0438_jpg	7bd7967595abf821066b61f2492c99e69f0250de1279326bbf7e494eb3028340	f87afadae9c724476111080a7b5d2682109b94966da8d3ac9b385ff485eea695	57	false	
val_clean	val	roboflow_team128_v5	train	Watermelon Detection.v5-raw_annotations.coco-segmentation\train\IMG_0439_jpg.rf.f7d38698618bc6fb9594dcfaf8ed7e92.jpg	roboflow_team128_v5_IMG_0439_jpg.rf.f7d38698618bc6fb9594dcfaf8ed7e92.jpg	roboflow_team128_v5_IMG_0439_jpg.rf.f7d38698618bc6fb9594dcfaf8ed7e92.txt	images/val/roboflow_team128_v5_IMG_0439_jpg.rf.f7d38698618bc6fb9594dcfaf8ed7e92.jpg	labels/val/roboflow_team128_v5_IMG_0439_jpg.rf.f7d38698618bc6fb9594dcfaf8ed7e92.txt	3024	4032	1	roboflow_team128_v5::roboflow_team128_v5_img_0439_jpg	roboflow_team128_v5_IMG_0439_jpg	06d2b86719a6e9f82bab389cc334f7b96b7d20e1c6909632204ab83852898067	7bdc084ce7693ea31e0233064206fa4812e67fd350e34b3bd668dfd7f455ea29	58	false	
val_clean	val	roboflow_team128_v5	train	Watermelon Detection.v5-raw_annotations.coco-segmentation\train\IMG_0443_jpg.rf.0d613e28b269e7dedb8d5c56c3ca9f92.jpg	roboflow_team128_v5_IMG_0443_jpg.rf.0d613e28b269e7dedb8d5c56c3ca9f92.jpg	roboflow_team128_v5_IMG_0443_jpg.rf.0d613e28b269e7dedb8d5c56c3ca9f92.txt	images/val/roboflow_team128_v5_IMG_0443_jpg.rf.0d613e28b269e7dedb8d5c56c3ca9f92.jpg	labels/val/roboflow_team128_v5_IMG_0443_jpg.rf.0d613e28b269e7dedb8d5c56c3ca9f92.txt	3024	4032	8	roboflow_team128_v5::roboflow_team128_v5_img_0443_jpg	roboflow_team128_v5_IMG_0443_jpg	51d39c2a00aad64d3fa687369f6eb64c6949824620f57188b69c5c6675c549b5	e94cd98315d1a40fa1c7f9ef605a23267f00d5821190737bd3a7ff843a57fa2d	59	false	
val_clean	val	roboflow_team128_v5	train	Watermelon Detection.v5-raw_annotations.coco-segmentation\train\IMG_0447_jpg.rf.7798a39c6626118742e66d31979630ca.jpg	roboflow_team128_v5_IMG_0447_jpg.rf.7798a39c6626118742e66d31979630ca.jpg	roboflow_team128_v5_IMG_0447_jpg.rf.7798a39c6626118742e66d31979630ca.txt	images/val/roboflow_team128_v5_IMG_0447_jpg.rf.7798a39c6626118742e66d31979630ca.jpg	labels/val/roboflow_team128_v5_IMG_0447_jpg.rf.7798a39c6626118742e66d31979630ca.txt	3024	4032	3	roboflow_team128_v5::roboflow_team128_v5_img_0447_jpg	roboflow_team128_v5_IMG_0447_jpg	0c69bb5ff08e07cb369d87900a0fb29670633a4978c271a16be3dcc2ab81d081	f31ce16ccb35dbde3d606f4fcf04f5b97aef808c98179d528656a54ca42e8317	60	false	
val_clean	val	roboflow_team128_v5	train	Watermelon Detection.v5-raw_annotations.coco-segmentation\train\IMG_0457_jpg.rf.cd467227d8b834ce10890d0369e07b9d.jpg	roboflow_team128_v5_IMG_0457_jpg.rf.cd467227d8b834ce10890d0369e07b9d.jpg	roboflow_team128_v5_IMG_0457_jpg.rf.cd467227d8b834ce10890d0369e07b9d.txt	images/val/roboflow_team128_v5_IMG_0457_jpg.rf.cd467227d8b834ce10890d0369e07b9d.jpg	labels/val/roboflow_team128_v5_IMG_0457_jpg.rf.cd467227d8b834ce10890d0369e07b9d.txt	3024	4032	4	roboflow_team128_v5::roboflow_team128_v5_img_0457_jpg	roboflow_team128_v5_IMG_0457_jpg	1852b0c21f7a16d96efc8fcf50f59490463766b8c1f6f89415e309de30578bdb	55ab864e66f2e7adc3c7d85918642d4c7f22a0b0bf1d8a40c063986c9746b4c9	61	false	
val_clean	val	roboflow_team128_v5	valid	Watermelon Detection.v5-raw_annotations.coco-segmentation\valid\IMG_0468_jpg.rf.492da32a6f9e22a5c10b41dfe5f41efd.jpg	roboflow_team128_v5_IMG_0468_jpg.rf.492da32a6f9e22a5c10b41dfe5f41efd.jpg	roboflow_team128_v5_IMG_0468_jpg.rf.492da32a6f9e22a5c10b41dfe5f41efd.txt	images/val/roboflow_team128_v5_IMG_0468_jpg.rf.492da32a6f9e22a5c10b41dfe5f41efd.jpg	labels/val/roboflow_team128_v5_IMG_0468_jpg.rf.492da32a6f9e22a5c10b41dfe5f41efd.txt	3024	4032	3	roboflow_team128_v5::roboflow_team128_v5_img_0468_jpg	roboflow_team128_v5_IMG_0468_jpg	64c9aaa8463958bb0b8737df44a080e35f66a4c3dc546d2c55bade744a1a122d	577e16eed1191091c7486a0ab4b87fb42644a9508aeee9c3bad0ffe8bc697560	62	false	
val_clean	val	roboflow_team128_v5	train	Watermelon Detection.v5-raw_annotations.coco-segmentation\train\IMG_0483_jpg.rf.ed702ef3e5d843ed0ef94db00954d6dc.jpg	roboflow_team128_v5_IMG_0483_jpg.rf.ed702ef3e5d843ed0ef94db00954d6dc.jpg	roboflow_team128_v5_IMG_0483_jpg.rf.ed702ef3e5d843ed0ef94db00954d6dc.txt	images/val/roboflow_team128_v5_IMG_0483_jpg.rf.ed702ef3e5d843ed0ef94db00954d6dc.jpg	labels/val/roboflow_team128_v5_IMG_0483_jpg.rf.ed702ef3e5d843ed0ef94db00954d6dc.txt	3024	4032	3	roboflow_team128_v5::roboflow_team128_v5_img_0483_jpg	roboflow_team128_v5_IMG_0483_jpg	f1c2a9d717fffd5e573e51ae38c5f2c3584830389079dba555d007a1d6c8d205	d831799c32222336be1737c92ce0e159500b3f171d9e3a5fcaaad5412e4ee5d5	63	false	
val_clean	val	roboflow_team128_v5	train	Watermelon Detection.v5-raw_annotations.coco-segmentation\train\IMG_0504_jpg.rf.005bbaa129630c9aa3ba640a30a9c0a6.jpg	roboflow_team128_v5_IMG_0504_jpg.rf.005bbaa129630c9aa3ba640a30a9c0a6.jpg	roboflow_team128_v5_IMG_0504_jpg.rf.005bbaa129630c9aa3ba640a30a9c0a6.txt	images/val/roboflow_team128_v5_IMG_0504_jpg.rf.005bbaa129630c9aa3ba640a30a9c0a6.jpg	labels/val/roboflow_team128_v5_IMG_0504_jpg.rf.005bbaa129630c9aa3ba640a30a9c0a6.txt	4032	3024	1	roboflow_team128_v5::roboflow_team128_v5_img_0504_jpg	roboflow_team128_v5_IMG_0504_jpg	73bc05ac58c35b60876c2940b04eed0f09e4f4f2d61ed1fb3da86d576e27d863	e0b2a4b813580aea5d73ab51beee067f08b1726cd0c98ad6f77afaf4b92ec108	64	false	
val_clean	val	roboflow_team128_v5	train	Watermelon Detection.v5-raw_annotations.coco-segmentation\train\IMG_0517_jpg.rf.28d6755c0b1886d5fca37119534e79c3.jpg	roboflow_team128_v5_IMG_0517_jpg.rf.28d6755c0b1886d5fca37119534e79c3.jpg	roboflow_team128_v5_IMG_0517_jpg.rf.28d6755c0b1886d5fca37119534e79c3.txt	images/val/roboflow_team128_v5_IMG_0517_jpg.rf.28d6755c0b1886d5fca37119534e79c3.jpg	labels/val/roboflow_team128_v5_IMG_0517_jpg.rf.28d6755c0b1886d5fca37119534e79c3.txt	3024	4032	1	roboflow_team128_v5::roboflow_team128_v5_img_0517_jpg	roboflow_team128_v5_IMG_0517_jpg	08ead10f7c26bcb22f5540de3198b51642ffe77e5ff2c8bddfe53bb1a015bc0f	ae2b366979019f66ad5dfe21742095328ff06f683b665e3d092a9b7096863242	65	false	
val_clean	val	roboflow_team128_v5	train	Watermelon Detection.v5-raw_annotations.coco-segmentation\train\IMG_0523_jpg.rf.055aa5564423e43ca3252dedbf586fde.jpg	roboflow_team128_v5_IMG_0523_jpg.rf.055aa5564423e43ca3252dedbf586fde.jpg	roboflow_team128_v5_IMG_0523_jpg.rf.055aa5564423e43ca3252dedbf586fde.txt	images/val/roboflow_team128_v5_IMG_0523_jpg.rf.055aa5564423e43ca3252dedbf586fde.jpg	labels/val/roboflow_team128_v5_IMG_0523_jpg.rf.055aa5564423e43ca3252dedbf586fde.txt	3024	4032	1	roboflow_team128_v5::roboflow_team128_v5_img_0523_jpg	roboflow_team128_v5_IMG_0523_jpg	98a3377566ffecdb043c0164bf9798646aa6a530bf1f11c35383e0ef3428ddc0	21c35b196b03346a63009d14050baa8f0818c4bb41b2739f51bf82a8a68324f4	66	false	
val_clean	val	roboflow_team128_v5	train	Watermelon Detection.v5-raw_annotations.coco-segmentation\train\IMG_0530_jpg.rf.7f0e4611c9953bbbb3615868a543bb8c.jpg	roboflow_team128_v5_IMG_0530_jpg.rf.7f0e4611c9953bbbb3615868a543bb8c.jpg	roboflow_team128_v5_IMG_0530_jpg.rf.7f0e4611c9953bbbb3615868a543bb8c.txt	images/val/roboflow_team128_v5_IMG_0530_jpg.rf.7f0e4611c9953bbbb3615868a543bb8c.jpg	labels/val/roboflow_team128_v5_IMG_0530_jpg.rf.7f0e4611c9953bbbb3615868a543bb8c.txt	3024	4032	1	roboflow_team128_v5::roboflow_team128_v5_img_0530_jpg	roboflow_team128_v5_IMG_0530_jpg	379ac5a2343ea05a423ca2d6fb6285a4912ad4e7687ce8eb2ae1345ec28fe264	8261f683d606c732bcc9cf0dad0183e94aadea295799beb44315788bc8e7f75e	67	false	
val_clean	val	roboflow_team128_v5	valid	Watermelon Detection.v5-raw_annotations.coco-segmentation\valid\IMG_0548_jpg.rf.d9baa4401817328aba3ff18a6a1ca193.jpg	roboflow_team128_v5_IMG_0548_jpg.rf.d9baa4401817328aba3ff18a6a1ca193.jpg	roboflow_team128_v5_IMG_0548_jpg.rf.d9baa4401817328aba3ff18a6a1ca193.txt	images/val/roboflow_team128_v5_IMG_0548_jpg.rf.d9baa4401817328aba3ff18a6a1ca193.jpg	labels/val/roboflow_team128_v5_IMG_0548_jpg.rf.d9baa4401817328aba3ff18a6a1ca193.txt	3024	4032	1	roboflow_team128_v5::roboflow_team128_v5_img_0548_jpg	roboflow_team128_v5_IMG_0548_jpg	5c74b51ad952dfcefa2f33dc02a18b5fd163875f764eb73f5ee5aff770840614	be93915a4a052ff74cad976ee1e9ce43bf11d7b50429715bef398ca83ebb68a0	68	false	
val_clean	val	roboflow_team128_v5	train	Watermelon Detection.v5-raw_annotations.coco-segmentation\train\IMG_0551_jpg.rf.b211b13d930bf945f0f37ff70dfc7a11.jpg	roboflow_team128_v5_IMG_0551_jpg.rf.b211b13d930bf945f0f37ff70dfc7a11.jpg	roboflow_team128_v5_IMG_0551_jpg.rf.b211b13d930bf945f0f37ff70dfc7a11.txt	images/val/roboflow_team128_v5_IMG_0551_jpg.rf.b211b13d930bf945f0f37ff70dfc7a11.jpg	labels/val/roboflow_team128_v5_IMG_0551_jpg.rf.b211b13d930bf945f0f37ff70dfc7a11.txt	3024	4032	4	roboflow_team128_v5::roboflow_team128_v5_img_0551_jpg	roboflow_team128_v5_IMG_0551_jpg	bdb156a7b41c7a3ceff2f22b7c35c63b54702d8e517f983c53d1099dd3841ed3	f62017b9020725a9ad8ced21c40e0d2bc6ae5886e9e30ffe086a00845676bc51	69	false	
val_clean	val	roboflow_team128_v5	train	Watermelon Detection.v5-raw_annotations.coco-segmentation\train\IMG_0567_jpg.rf.ebcbfdb0a783a28e566a11c126227051.jpg	roboflow_team128_v5_IMG_0567_jpg.rf.ebcbfdb0a783a28e566a11c126227051.jpg	roboflow_team128_v5_IMG_0567_jpg.rf.ebcbfdb0a783a28e566a11c126227051.txt	images/val/roboflow_team128_v5_IMG_0567_jpg.rf.ebcbfdb0a783a28e566a11c126227051.jpg	labels/val/roboflow_team128_v5_IMG_0567_jpg.rf.ebcbfdb0a783a28e566a11c126227051.txt	3024	4032	2	roboflow_team128_v5::roboflow_team128_v5_img_0567_jpg	roboflow_team128_v5_IMG_0567_jpg	03fa22758a3d75195a8f1d0cead07aefe28bb4104d3069e5fdb539c8c6125bc5	04660c997c0bfaeefab41badbe96fa5f540209d758e56a3c90e64596d84eb29c	70	false	
val_clean	val	roboflow_team128_v5	test	Watermelon Detection.v5-raw_annotations.coco-segmentation\test\IMG_0582_jpg.rf.6f012684d67805f69887db483cc07deb.jpg	roboflow_team128_v5_IMG_0582_jpg.rf.6f012684d67805f69887db483cc07deb.jpg	roboflow_team128_v5_IMG_0582_jpg.rf.6f012684d67805f69887db483cc07deb.txt	images/val/roboflow_team128_v5_IMG_0582_jpg.rf.6f012684d67805f69887db483cc07deb.jpg	labels/val/roboflow_team128_v5_IMG_0582_jpg.rf.6f012684d67805f69887db483cc07deb.txt	3024	4032	1	roboflow_team128_v5::roboflow_team128_v5_img_0582_jpg	roboflow_team128_v5_IMG_0582_jpg	ab271010818f374b143c787024d99254679efad14e61fef7c70b9e32de34ebdf	96d122a178bc006d457b77ea606dbaf9e076b87d98ffd2022b6a315312d7e35a	71	false	
val_clean	val	roboflow_team128_v5	valid	Watermelon Detection.v5-raw_annotations.coco-segmentation\valid\IMG_0588_jpg.rf.02f3c3beb98360fc1fbe3039821d9e3c.jpg	roboflow_team128_v5_IMG_0588_jpg.rf.02f3c3beb98360fc1fbe3039821d9e3c.jpg	roboflow_team128_v5_IMG_0588_jpg.rf.02f3c3beb98360fc1fbe3039821d9e3c.txt	images/val/roboflow_team128_v5_IMG_0588_jpg.rf.02f3c3beb98360fc1fbe3039821d9e3c.jpg	labels/val/roboflow_team128_v5_IMG_0588_jpg.rf.02f3c3beb98360fc1fbe3039821d9e3c.txt	3024	4032	1	roboflow_team128_v5::roboflow_team128_v5_img_0588_jpg	roboflow_team128_v5_IMG_0588_jpg	b18a577308006fa237419ee9cf1acc476730ee30ae2396b77e2c861203216b0f	019fcbfa48015a5f16ad618d014f1040d5589b76e4cc25f97574e8101ee1c49c	72	false	
val_clean	val	roboflow_team128_v5	valid	Watermelon Detection.v5-raw_annotations.coco-segmentation\valid\IMG_0610_jpg.rf.29af45116f1f1b6d048921918880d7b6.jpg	roboflow_team128_v5_IMG_0610_jpg.rf.29af45116f1f1b6d048921918880d7b6.jpg	roboflow_team128_v5_IMG_0610_jpg.rf.29af45116f1f1b6d048921918880d7b6.txt	images/val/roboflow_team128_v5_IMG_0610_jpg.rf.29af45116f1f1b6d048921918880d7b6.jpg	labels/val/roboflow_team128_v5_IMG_0610_jpg.rf.29af45116f1f1b6d048921918880d7b6.txt	3024	4032	2	roboflow_team128_v5::roboflow_team128_v5_img_0610_jpg	roboflow_team128_v5_IMG_0610_jpg	6f2169244351d100a4113c651a596e93a689303ceb13160704dbd0d771c4ce43	492062ff0ec46cb17375de4e6834ecc6a3d5b296e7c9c951495146da79b13118	73	false	
val_clean	val	roboflow_team128_v5	test	Watermelon Detection.v5-raw_annotations.coco-segmentation\test\IMG_0612_jpg.rf.2e35402ff506f965f0cf0335d4ac6074.jpg	roboflow_team128_v5_IMG_0612_jpg.rf.2e35402ff506f965f0cf0335d4ac6074.jpg	roboflow_team128_v5_IMG_0612_jpg.rf.2e35402ff506f965f0cf0335d4ac6074.txt	images/val/roboflow_team128_v5_IMG_0612_jpg.rf.2e35402ff506f965f0cf0335d4ac6074.jpg	labels/val/roboflow_team128_v5_IMG_0612_jpg.rf.2e35402ff506f965f0cf0335d4ac6074.txt	3024	4032	2	roboflow_team128_v5::roboflow_team128_v5_img_0612_jpg	roboflow_team128_v5_IMG_0612_jpg	e530649d768eda9e868efca7b609a32b04d80c4405c9e2b7b3aa9143213be841	5247957484b3ea5b2a7e8df4559f58e587227f9876432a817447e34efddd4d74	74	false	
val_clean	val	roboflow_team128_v5	train	Watermelon Detection.v5-raw_annotations.coco-segmentation\train\IMG_0619_jpg.rf.a98e19d52c698ba06cdd03fe05e8a375.jpg	roboflow_team128_v5_IMG_0619_jpg.rf.a98e19d52c698ba06cdd03fe05e8a375.jpg	roboflow_team128_v5_IMG_0619_jpg.rf.a98e19d52c698ba06cdd03fe05e8a375.txt	images/val/roboflow_team128_v5_IMG_0619_jpg.rf.a98e19d52c698ba06cdd03fe05e8a375.jpg	labels/val/roboflow_team128_v5_IMG_0619_jpg.rf.a98e19d52c698ba06cdd03fe05e8a375.txt	3024	4032	1	roboflow_team128_v5::roboflow_team128_v5_img_0619_jpg	roboflow_team128_v5_IMG_0619_jpg	53fba0c6c525b30a8bb4e1613163e8ba5b56e3df6dcec1b7c173d5f9b8803bc5	7ad978eb776bb9bd4f5a599ff5963b889458bfa875fc94056eb915a3bd2ea69d	75	false	
val_clean	val	roboflow_team128_v5	train	Watermelon Detection.v5-raw_annotations.coco-segmentation\train\IMG_0620_jpg.rf.ba2118369299a89372c037ffaedf6731.jpg	roboflow_team128_v5_IMG_0620_jpg.rf.ba2118369299a89372c037ffaedf6731.jpg	roboflow_team128_v5_IMG_0620_jpg.rf.ba2118369299a89372c037ffaedf6731.txt	images/val/roboflow_team128_v5_IMG_0620_jpg.rf.ba2118369299a89372c037ffaedf6731.jpg	labels/val/roboflow_team128_v5_IMG_0620_jpg.rf.ba2118369299a89372c037ffaedf6731.txt	3024	4032	1	roboflow_team128_v5::roboflow_team128_v5_img_0620_jpg	roboflow_team128_v5_IMG_0620_jpg	98b35128b2ae0f146a3f34deed35c6f729b521c6e36e950ae8468d22af4bc1a2	56e4c9315ff92f53e9225f0eb5347155d86ec6a8eafed060fa4f3242ef6330ec	76	false	
val_clean	val	roboflow_team128_v5	train	Watermelon Detection.v5-raw_annotations.coco-segmentation\train\IMG_0624_jpg.rf.f594b997972052c093d57596192d0eca.jpg	roboflow_team128_v5_IMG_0624_jpg.rf.f594b997972052c093d57596192d0eca.jpg	roboflow_team128_v5_IMG_0624_jpg.rf.f594b997972052c093d57596192d0eca.txt	images/val/roboflow_team128_v5_IMG_0624_jpg.rf.f594b997972052c093d57596192d0eca.jpg	labels/val/roboflow_team128_v5_IMG_0624_jpg.rf.f594b997972052c093d57596192d0eca.txt	3024	4032	1	roboflow_team128_v5::roboflow_team128_v5_img_0624_jpg	roboflow_team128_v5_IMG_0624_jpg	3ac7b07c2ca1fe76d0e12702b9b402f200d99a0705cc7f398ef9fad5b94d3660	a64c817fed0efa4741a004af0d3f9fd955beb1b32323e11f32d3efd88db8c447	77	false	
val_clean	val	roboflow_team128_v5	train	Watermelon Detection.v5-raw_annotations.coco-segmentation\train\IMG_0627_jpg.rf.160b431f74ade153efb8b48ed8b863af.jpg	roboflow_team128_v5_IMG_0627_jpg.rf.160b431f74ade153efb8b48ed8b863af.jpg	roboflow_team128_v5_IMG_0627_jpg.rf.160b431f74ade153efb8b48ed8b863af.txt	images/val/roboflow_team128_v5_IMG_0627_jpg.rf.160b431f74ade153efb8b48ed8b863af.jpg	labels/val/roboflow_team128_v5_IMG_0627_jpg.rf.160b431f74ade153efb8b48ed8b863af.txt	3024	4032	3	roboflow_team128_v5::roboflow_team128_v5_img_0627_jpg	roboflow_team128_v5_IMG_0627_jpg	9947004a261853293105de001785a729edffacebd2b6bbaa0796bad668a2043c	b689ab9af460dc4cbf6b69538a96947512dd9a3b6a5a244b5e69aee70a2b1a1e	78	false	
val_clean	val	roboflow_team128_v5	valid	Watermelon Detection.v5-raw_annotations.coco-segmentation\valid\IMG_0644_jpg.rf.d7cc4778980ef104e8514d3545bbd27a.jpg	roboflow_team128_v5_IMG_0644_jpg.rf.d7cc4778980ef104e8514d3545bbd27a.jpg	roboflow_team128_v5_IMG_0644_jpg.rf.d7cc4778980ef104e8514d3545bbd27a.txt	images/val/roboflow_team128_v5_IMG_0644_jpg.rf.d7cc4778980ef104e8514d3545bbd27a.jpg	labels/val/roboflow_team128_v5_IMG_0644_jpg.rf.d7cc4778980ef104e8514d3545bbd27a.txt	3024	4032	2	roboflow_team128_v5::roboflow_team128_v5_img_0644_jpg	roboflow_team128_v5_IMG_0644_jpg	24c1fd4f0120e0ba14a95a6d1f545336413b3e0f0767d69ee419bf0cc38a0fbc	5c9f76ef256500565a849b41d35fd0e68c52fe5f7d411a72d3de6911d8802e28	79	false	
val_clean	val	roboflow_team128_v5	valid	Watermelon Detection.v5-raw_annotations.coco-segmentation\valid\IMG_0657_jpg.rf.9e8cea511f98253e7e38611157431623.jpg	roboflow_team128_v5_IMG_0657_jpg.rf.9e8cea511f98253e7e38611157431623.jpg	roboflow_team128_v5_IMG_0657_jpg.rf.9e8cea511f98253e7e38611157431623.txt	images/val/roboflow_team128_v5_IMG_0657_jpg.rf.9e8cea511f98253e7e38611157431623.jpg	labels/val/roboflow_team128_v5_IMG_0657_jpg.rf.9e8cea511f98253e7e38611157431623.txt	3024	4032	1	roboflow_team128_v5::roboflow_team128_v5_img_0657_jpg	roboflow_team128_v5_IMG_0657_jpg	7c4f8502ca1db95554f68b0b7d331428f32aab03e175b7e1605d69d82eb924df	a1a5b4d05a51c535abf99d2df4cd7841d3a24bbe1cc6937038754b0739b1dd31	80	false	
val_clean	val	roboflow_team128_v5	train	Watermelon Detection.v5-raw_annotations.coco-segmentation\train\IMG_0671_jpg.rf.b786650609541d5a125145236bf381f3.jpg	roboflow_team128_v5_IMG_0671_jpg.rf.b786650609541d5a125145236bf381f3.jpg	roboflow_team128_v5_IMG_0671_jpg.rf.b786650609541d5a125145236bf381f3.txt	images/val/roboflow_team128_v5_IMG_0671_jpg.rf.b786650609541d5a125145236bf381f3.jpg	labels/val/roboflow_team128_v5_IMG_0671_jpg.rf.b786650609541d5a125145236bf381f3.txt	3024	4032	2	roboflow_team128_v5::roboflow_team128_v5_img_0671_jpg	roboflow_team128_v5_IMG_0671_jpg	f029481e864ed8222be4b76e58e52584ff8cafb9d67518a63b7cb11190e1c162	bd6f66e68fc345e4d2eb57ba1fd89783aecf4a0c9f2c2425f0621f91e149d76e	81	false	
val_clean	val	roboflow_team128_v5	valid	Watermelon Detection.v5-raw_annotations.coco-segmentation\valid\IMG_0678_jpg.rf.f345834fbcc2483c67ed242a99ccfab5.jpg	roboflow_team128_v5_IMG_0678_jpg.rf.f345834fbcc2483c67ed242a99ccfab5.jpg	roboflow_team128_v5_IMG_0678_jpg.rf.f345834fbcc2483c67ed242a99ccfab5.txt	images/val/roboflow_team128_v5_IMG_0678_jpg.rf.f345834fbcc2483c67ed242a99ccfab5.jpg	labels/val/roboflow_team128_v5_IMG_0678_jpg.rf.f345834fbcc2483c67ed242a99ccfab5.txt	3024	4032	2	roboflow_team128_v5::roboflow_team128_v5_img_0678_jpg	roboflow_team128_v5_IMG_0678_jpg	e9bcfdbc0c212ff1e4af7f9de63b8968c917076bd79cd888fcb663e0aa9476ac	34d1387f07c14c3845436fc4f131fa3e2477f1e946dd4e129f11709702d834ce	82	false	
val_clean	val	roboflow_team128_v5	train	Watermelon Detection.v5-raw_annotations.coco-segmentation\train\IMG_0680_jpg.rf.01375aa7e88750ccf789695074e64399.jpg	roboflow_team128_v5_IMG_0680_jpg.rf.01375aa7e88750ccf789695074e64399.jpg	roboflow_team128_v5_IMG_0680_jpg.rf.01375aa7e88750ccf789695074e64399.txt	images/val/roboflow_team128_v5_IMG_0680_jpg.rf.01375aa7e88750ccf789695074e64399.jpg	labels/val/roboflow_team128_v5_IMG_0680_jpg.rf.01375aa7e88750ccf789695074e64399.txt	3024	4032	2	roboflow_team128_v5::roboflow_team128_v5_img_0680_jpg	roboflow_team128_v5_IMG_0680_jpg	bcdadf27a4c356dce200833a17ac162297d112acc1ddc9dbd9a207e76862fb72	9f94e2ed9465497ff892dc3293248e7d7e6958f59fe7f869acfb336cc4300499	83	false	
val_clean	val	roboflow_team128_v5	valid	Watermelon Detection.v5-raw_annotations.coco-segmentation\valid\IMG_0687_jpg.rf.20897fb4f96a879a2bd5fbbdb60cc4d8.jpg	roboflow_team128_v5_IMG_0687_jpg.rf.20897fb4f96a879a2bd5fbbdb60cc4d8.jpg	roboflow_team128_v5_IMG_0687_jpg.rf.20897fb4f96a879a2bd5fbbdb60cc4d8.txt	images/val/roboflow_team128_v5_IMG_0687_jpg.rf.20897fb4f96a879a2bd5fbbdb60cc4d8.jpg	labels/val/roboflow_team128_v5_IMG_0687_jpg.rf.20897fb4f96a879a2bd5fbbdb60cc4d8.txt	3024	4032	1	roboflow_team128_v5::roboflow_team128_v5_img_0687_jpg	roboflow_team128_v5_IMG_0687_jpg	833b9556d9582efa1de178b36546385a0ee177ec54a5656a1da122b998d87527	b789e75d80fe444a388813e97e05f8fd39f7e496058263423e9e014d418a062f	84	false	
val_clean	val	roboflow_team128_v5	train	Watermelon Detection.v5-raw_annotations.coco-segmentation\train\IMG_0693_jpg.rf.47123a8c6d6035564aec038024bc87e7.jpg	roboflow_team128_v5_IMG_0693_jpg.rf.47123a8c6d6035564aec038024bc87e7.jpg	roboflow_team128_v5_IMG_0693_jpg.rf.47123a8c6d6035564aec038024bc87e7.txt	images/val/roboflow_team128_v5_IMG_0693_jpg.rf.47123a8c6d6035564aec038024bc87e7.jpg	labels/val/roboflow_team128_v5_IMG_0693_jpg.rf.47123a8c6d6035564aec038024bc87e7.txt	3024	4032	1	roboflow_team128_v5::roboflow_team128_v5_img_0693_jpg	roboflow_team128_v5_IMG_0693_jpg	a38d090a9e10030cf888a2c458b5adb27b3a5590477b59f9a5ce90a268a68c0d	3199454eefb245ea2b331c979fe8e4515aaaf93a663508dab61ad401c01216cf	85	false	
val_clean	val	roboflow_team128_v5	train	Watermelon Detection.v5-raw_annotations.coco-segmentation\train\IMG_0695_jpg.rf.ef7ce3011cc61fc11047b9a0f6f5942b.jpg	roboflow_team128_v5_IMG_0695_jpg.rf.ef7ce3011cc61fc11047b9a0f6f5942b.jpg	roboflow_team128_v5_IMG_0695_jpg.rf.ef7ce3011cc61fc11047b9a0f6f5942b.txt	images/val/roboflow_team128_v5_IMG_0695_jpg.rf.ef7ce3011cc61fc11047b9a0f6f5942b.jpg	labels/val/roboflow_team128_v5_IMG_0695_jpg.rf.ef7ce3011cc61fc11047b9a0f6f5942b.txt	3024	4032	4	roboflow_team128_v5::roboflow_team128_v5_img_0695_jpg	roboflow_team128_v5_IMG_0695_jpg	9bce9bd21629acb2f9e45c683075aa841758e984fb6d46f397179e76fcef3e08	d29d1ede9b316e9f93612acff3fceddb7df883ec39fc9fab7ca8d6fb38bb49e1	86	false	
val_clean	val	roboflow_team128_v5	train	Watermelon Detection.v5-raw_annotations.coco-segmentation\train\IMG_0699_jpg.rf.d68534020dcff76b363f3a4b163102f4.jpg	roboflow_team128_v5_IMG_0699_jpg.rf.d68534020dcff76b363f3a4b163102f4.jpg	roboflow_team128_v5_IMG_0699_jpg.rf.d68534020dcff76b363f3a4b163102f4.txt	images/val/roboflow_team128_v5_IMG_0699_jpg.rf.d68534020dcff76b363f3a4b163102f4.jpg	labels/val/roboflow_team128_v5_IMG_0699_jpg.rf.d68534020dcff76b363f3a4b163102f4.txt	3024	4032	1	roboflow_team128_v5::roboflow_team128_v5_img_0699_jpg	roboflow_team128_v5_IMG_0699_jpg	3e816c7dfbabc3f25d49386166462ed07c8788073b4fa90a876ec63d547b572a	2c23778cefd75875c20629865ce137aeb1519c1a910022e79b96e22921b24091	87	false	
val_clean	val	roboflow_team128_v5	valid	Watermelon Detection.v5-raw_annotations.coco-segmentation\valid\IMG_0713_jpg.rf.8cdb70f735b9983b85d7557aa777e39d.jpg	roboflow_team128_v5_IMG_0713_jpg.rf.8cdb70f735b9983b85d7557aa777e39d.jpg	roboflow_team128_v5_IMG_0713_jpg.rf.8cdb70f735b9983b85d7557aa777e39d.txt	images/val/roboflow_team128_v5_IMG_0713_jpg.rf.8cdb70f735b9983b85d7557aa777e39d.jpg	labels/val/roboflow_team128_v5_IMG_0713_jpg.rf.8cdb70f735b9983b85d7557aa777e39d.txt	3024	4032	6	roboflow_team128_v5::roboflow_team128_v5_img_0713_jpg	roboflow_team128_v5_IMG_0713_jpg	a606ed6937d339046af47fb4fbf0103bede8b4ecf32617f1e56acd6411dbcc9b	a47e8fd00d1b9fdfb1be49d976c3742c466fc69cf2c6114d2bc8cb8bd7d0a4e2	88	false	
val_clean	val	roboflow_team128_v5	train	Watermelon Detection.v5-raw_annotations.coco-segmentation\train\IMG_0714_jpg.rf.975c51537d4ef67b3bb60b6eade690c1.jpg	roboflow_team128_v5_IMG_0714_jpg.rf.975c51537d4ef67b3bb60b6eade690c1.jpg	roboflow_team128_v5_IMG_0714_jpg.rf.975c51537d4ef67b3bb60b6eade690c1.txt	images/val/roboflow_team128_v5_IMG_0714_jpg.rf.975c51537d4ef67b3bb60b6eade690c1.jpg	labels/val/roboflow_team128_v5_IMG_0714_jpg.rf.975c51537d4ef67b3bb60b6eade690c1.txt	3024	4032	8	roboflow_team128_v5::roboflow_team128_v5_img_0714_jpg	roboflow_team128_v5_IMG_0714_jpg	5d49124b439247f21490f06f3c8a08d3c3d37937ee3f391a47d471204fb19236	112d5d755aad6bf996d1122990902cdb4071d3a5c86f67a11ef5b976acd7a376	89	false	
val_clean	val	roboflow_team128_v5	train	Watermelon Detection.v5-raw_annotations.coco-segmentation\train\IMG_0715_jpg.rf.88d467a024f3a6a0850c275de365286c.jpg	roboflow_team128_v5_IMG_0715_jpg.rf.88d467a024f3a6a0850c275de365286c.jpg	roboflow_team128_v5_IMG_0715_jpg.rf.88d467a024f3a6a0850c275de365286c.txt	images/val/roboflow_team128_v5_IMG_0715_jpg.rf.88d467a024f3a6a0850c275de365286c.jpg	labels/val/roboflow_team128_v5_IMG_0715_jpg.rf.88d467a024f3a6a0850c275de365286c.txt	3024	4032	1	roboflow_team128_v5::roboflow_team128_v5_img_0715_jpg	roboflow_team128_v5_IMG_0715_jpg	6a836248e2df1d0938f90061421bc7e0fc44d96183527e7728aeeeda632063c4	0b67e9eeac3e009bb0713adf818673a67d6e9234c50a3fb7ce9035f729ad8c89	90	false	
val_clean	val	roboflow_team128_v5	train	Watermelon Detection.v5-raw_annotations.coco-segmentation\train\IMG_0725_jpg.rf.4d3525a3cb5c1078f661758cf5b9486d.jpg	roboflow_team128_v5_IMG_0725_jpg.rf.4d3525a3cb5c1078f661758cf5b9486d.jpg	roboflow_team128_v5_IMG_0725_jpg.rf.4d3525a3cb5c1078f661758cf5b9486d.txt	images/val/roboflow_team128_v5_IMG_0725_jpg.rf.4d3525a3cb5c1078f661758cf5b9486d.jpg	labels/val/roboflow_team128_v5_IMG_0725_jpg.rf.4d3525a3cb5c1078f661758cf5b9486d.txt	3024	4032	5	roboflow_team128_v5::roboflow_team128_v5_img_0725_jpg	roboflow_team128_v5_IMG_0725_jpg	0706f3f35d8f587381dc9b681236ec0d607be3892093ebddad7addd5c3c2fdd4	f2807659a2469abcf6ee6d9077f106bbb1eb1be4fec1731c6c6eea9ef58c6c08	91	false	
val_clean	val	roboflow_team128_v5	valid	Watermelon Detection.v5-raw_annotations.coco-segmentation\valid\IMG_0742_jpg.rf.a79241e17c8cf2192ba924bf879ce834.jpg	roboflow_team128_v5_IMG_0742_jpg.rf.a79241e17c8cf2192ba924bf879ce834.jpg	roboflow_team128_v5_IMG_0742_jpg.rf.a79241e17c8cf2192ba924bf879ce834.txt	images/val/roboflow_team128_v5_IMG_0742_jpg.rf.a79241e17c8cf2192ba924bf879ce834.jpg	labels/val/roboflow_team128_v5_IMG_0742_jpg.rf.a79241e17c8cf2192ba924bf879ce834.txt	3024	4032	1	roboflow_team128_v5::roboflow_team128_v5_img_0742_jpg	roboflow_team128_v5_IMG_0742_jpg	654470bf962b997533a09a89e6f7c767d5f6728109a3e4ffc37e68603dc45936	332e3ef2448cb304700c8115d04453e03d1048a24a3889be07657f823eab16cb	92	false	
val_clean	val	roboflow_team128_v5	test	Watermelon Detection.v5-raw_annotations.coco-segmentation\test\IMG_0783_jpg.rf.893ea1337db89ef1b67821572ff2b38d.jpg	roboflow_team128_v5_IMG_0783_jpg.rf.893ea1337db89ef1b67821572ff2b38d.jpg	roboflow_team128_v5_IMG_0783_jpg.rf.893ea1337db89ef1b67821572ff2b38d.txt	images/val/roboflow_team128_v5_IMG_0783_jpg.rf.893ea1337db89ef1b67821572ff2b38d.jpg	labels/val/roboflow_team128_v5_IMG_0783_jpg.rf.893ea1337db89ef1b67821572ff2b38d.txt	3024	4032	8	roboflow_team128_v5::roboflow_team128_v5_img_0783_jpg	roboflow_team128_v5_IMG_0783_jpg	3a9f4f26aba9624ee3ec15c56ddb5b460bb283c8a8ca63fbfeef3699fa4073d1	030f9ad16fb25db54ee82ba16105001bae50df6bb2e9581006e5bb648f472d25	93	false	
val_clean	val	roboflow_team128_v5	valid	Watermelon Detection.v5-raw_annotations.coco-segmentation\valid\IMG_0793_jpg.rf.332277e07c3983b627da6c168ea68c10.jpg	roboflow_team128_v5_IMG_0793_jpg.rf.332277e07c3983b627da6c168ea68c10.jpg	roboflow_team128_v5_IMG_0793_jpg.rf.332277e07c3983b627da6c168ea68c10.txt	images/val/roboflow_team128_v5_IMG_0793_jpg.rf.332277e07c3983b627da6c168ea68c10.jpg	labels/val/roboflow_team128_v5_IMG_0793_jpg.rf.332277e07c3983b627da6c168ea68c10.txt	3024	4032	2	roboflow_team128_v5::roboflow_team128_v5_img_0793_jpg	roboflow_team128_v5_IMG_0793_jpg	e049af7b65939a22e51e181c4e6ce68c511d56c9dcf219a6b8b835c7244730b7	4b265660de8c1b5af675a00126fd699d6b10d4f960492c23e02dbae2866d65aa	94	false	
val_clean	val	roboflow_team128_v5	train	Watermelon Detection.v5-raw_annotations.coco-segmentation\train\IMG_0809_jpg.rf.aab2612f6dfd97f555ade65b18161300.jpg	roboflow_team128_v5_IMG_0809_jpg.rf.aab2612f6dfd97f555ade65b18161300.jpg	roboflow_team128_v5_IMG_0809_jpg.rf.aab2612f6dfd97f555ade65b18161300.txt	images/val/roboflow_team128_v5_IMG_0809_jpg.rf.aab2612f6dfd97f555ade65b18161300.jpg	labels/val/roboflow_team128_v5_IMG_0809_jpg.rf.aab2612f6dfd97f555ade65b18161300.txt	4032	3024	7	roboflow_team128_v5::roboflow_team128_v5_img_0809_jpg	roboflow_team128_v5_IMG_0809_jpg	455c35b63b51b8983a71faf07f77b871a0fda02fc1693d9915090d3afc88c737	9050110c13164c87ec63fd8456e0efff79acd188ce689d73fa5be0e87dfc506e	95	false	
test_frozen	test	local_test_images_20260707	manual_labelme	test_images/微信图片_20260707154831_13_2.jpg	local_test_images_20260707_0007.jpg	local_test_images_20260707_0007.txt	images/test/local_test_images_20260707_0007.jpg	labels/test/local_test_images_20260707_0007.txt	1280	1707	14	local_test_images_20260707::local_test_images_20260707_0007	local_test_images_20260707_0007	d8b0c12b2535f69d917377fde4870a28e2afbf343aa748b0b4e1b93e34cba510	5f7a987f0f13edc994d1aac5c7fa79c50c237e16ddbce5f75e66fc7819f38601	1	true	1
test_frozen	test	my_labelme	manual	raw\color_000012.png	my_labelme_color_000012.png	my_labelme_color_000012.txt	images/test/my_labelme_color_000012.png	labels/test/my_labelme_color_000012.txt	1280	800	10	my_labelme::my_labelme_color_000012	my_labelme_color_000012	ce4c9ef330902fe0e5636871f8f27b2584ddea0ef01aa476d8d0f2d3f9f02d98	f2e79014d7e9186eb306b4fb1f09e26882887d605f68f5218c3d93278f21d281	2	true	2
test_frozen	test	my_labelme	manual	raw\color_000026.png	my_labelme_color_000026.png	my_labelme_color_000026.txt	images/test/my_labelme_color_000026.png	labels/test/my_labelme_color_000026.txt	1280	800	12	my_labelme::my_labelme_color_000026	my_labelme_color_000026	af8fa1af9b193e89509bc628d9bbdede7b2f0715570c5b8cd47d1938c7e31f57	bb939c31125beaeefde3b63751214dcd67dffbb41227d6e01bdb13b9a14c769c	3	true	3
test_frozen	test	my_labelme	manual	raw\color_000027.png	my_labelme_color_000027.png	my_labelme_color_000027.txt	images/test/my_labelme_color_000027.png	labels/test/my_labelme_color_000027.txt	1280	800	10	my_labelme::my_labelme_color_000027	my_labelme_color_000027	6ac088b22e2f16c8dec2b6b86e67d146888ecab412f97ad73f22cf313382afff	c0987ff8d674c399170105058a1025ddcb98beeca23eac149b71681c9efdcf65	4	true	4
test_frozen	test	my_labelme	manual	raw\color_000030.png	my_labelme_color_000030.png	my_labelme_color_000030.txt	images/test/my_labelme_color_000030.png	labels/test/my_labelme_color_000030.txt	1280	800	12	my_labelme::my_labelme_color_000030	my_labelme_color_000030	05fcd6f24158c6a8b49ac8bcea74d9b2ea9438eca04390b90731711f60e81c8f	e586ee5eccb675a70bc9ad6147d60fb0c0fc932a60d430c9452a9bdc9c5bf6da	5	true	5
test_frozen	test	my_labelme	manual	raw\color_000031.png	my_labelme_color_000031.png	my_labelme_color_000031.txt	images/test/my_labelme_color_000031.png	labels/test/my_labelme_color_000031.txt	1280	800	10	my_labelme::my_labelme_color_000031	my_labelme_color_000031	64c861924cfb204a9634dc973196f657bd8b851b715b9bbf6020e8a106b7e842	805ee3700220fccc9bcfd187156e845e8553042e191df3b4b60aa51274d7a291	6	true	6
test_frozen	test	my_labelme	manual	raw\color_000046.png	my_labelme_color_000046.png	my_labelme_color_000046.txt	images/test/my_labelme_color_000046.png	labels/test/my_labelme_color_000046.txt	1280	800	12	my_labelme::my_labelme_color_000046	my_labelme_color_000046	a63aac68824f562f93becec9100323191908db309c825864cd9b9c821a8190f8	84c3bf9a6ae172a1f84262fac9eea3100f118abba85767ff1264197bdf61aaff	7	true	7
test_frozen	test	my_labelme	manual	raw\color_000052.png	my_labelme_color_000052.png	my_labelme_color_000052.txt	images/test/my_labelme_color_000052.png	labels/test/my_labelme_color_000052.txt	1280	800	9	my_labelme::my_labelme_color_000052	my_labelme_color_000052	331cac3729a8c37549c84f9bddd704c9cde5c8cda0313224b57f48ac9021bc35	ead756bdb7a8ef6431d74c5039c9fc70aeb1be8ef8da6b73a6283df3873f6fb7	8	true	8
test_frozen	test	roboflow_drago_v1	train	Watermelon Detector.v1i.coco-segmentation\train\100_jpg.rf.e972dd24f78147fb3c090ef1ca467ba7.jpg	roboflow_drago_v1_100_jpg.rf.e972dd24f78147fb3c090ef1ca467ba7.jpg	roboflow_drago_v1_100_jpg.rf.e972dd24f78147fb3c090ef1ca467ba7.txt	images/test/roboflow_drago_v1_100_jpg.rf.e972dd24f78147fb3c090ef1ca467ba7.jpg	labels/test/roboflow_drago_v1_100_jpg.rf.e972dd24f78147fb3c090ef1ca467ba7.txt	640	640	1	roboflow_drago_v1::roboflow_drago_v1_100_jpg	roboflow_drago_v1_100_jpg	0f7219bdef1898cd2b75786910efcaa5a9f53c534efa58da5fe9b0350d2355cc	2ca567133e039582e9f1c9d58f94afc8ae16484afa70cb31db1949ad8933dd86	9	true	9
test_frozen	test	roboflow_drago_v1	train	Watermelon Detector.v1i.coco-segmentation\train\127_jpg.rf.76c8359d93f56cc4c30d5d1de1963710.jpg	roboflow_drago_v1_127_jpg.rf.76c8359d93f56cc4c30d5d1de1963710.jpg	roboflow_drago_v1_127_jpg.rf.76c8359d93f56cc4c30d5d1de1963710.txt	images/test/roboflow_drago_v1_127_jpg.rf.76c8359d93f56cc4c30d5d1de1963710.jpg	labels/test/roboflow_drago_v1_127_jpg.rf.76c8359d93f56cc4c30d5d1de1963710.txt	640	640	2	roboflow_drago_v1::roboflow_drago_v1_127_jpg	roboflow_drago_v1_127_jpg	45c0df955566db630a7ed1108658cd5a3e3e287db54f8dfd31d52fb1d6613b9d	d1bf7d093dd381ac0898a881602804233d01ae1c41e3f75458ad89431b9c5c37	10	true	10
test_frozen	test	roboflow_drago_v1	train	Watermelon Detector.v1i.coco-segmentation\train\154_jpg.rf.657c2c046c918d1587b9f00e455fc9a4.jpg	roboflow_drago_v1_154_jpg.rf.657c2c046c918d1587b9f00e455fc9a4.jpg	roboflow_drago_v1_154_jpg.rf.657c2c046c918d1587b9f00e455fc9a4.txt	images/test/roboflow_drago_v1_154_jpg.rf.657c2c046c918d1587b9f00e455fc9a4.jpg	labels/test/roboflow_drago_v1_154_jpg.rf.657c2c046c918d1587b9f00e455fc9a4.txt	640	640	1	roboflow_drago_v1::roboflow_drago_v1_154_jpg	roboflow_drago_v1_154_jpg	bc8af79cb2eed72fcaccc6e33aa1d62e668f8b5edaa33c68ea32644bd1e46835	5c976e6c7747684245f06461cedc2e915fc1bdd3f0d949ae741228ae5bb2b0d4	11	true	11
test_frozen	test	roboflow_drago_v1	test	Watermelon Detector.v1i.coco-segmentation\test\181_jpg.rf.57cb92301c474caf66072dbf09c1c35c.jpg	roboflow_drago_v1_181_jpg.rf.57cb92301c474caf66072dbf09c1c35c.jpg	roboflow_drago_v1_181_jpg.rf.57cb92301c474caf66072dbf09c1c35c.txt	images/test/roboflow_drago_v1_181_jpg.rf.57cb92301c474caf66072dbf09c1c35c.jpg	labels/test/roboflow_drago_v1_181_jpg.rf.57cb92301c474caf66072dbf09c1c35c.txt	640	640	1	roboflow_drago_v1::roboflow_drago_v1_181_jpg	roboflow_drago_v1_181_jpg	9e66390ff4984f8a48f8d5bf32ee2f3b58aad4eac0b61fc4915d89cd620673a3	297e89a1b135f61e4c75096c94bcfcc14beb5a95f2ff8131fcc72ebf2c5d0c81	12	true	12
test_frozen	test	roboflow_drago_v1	train	Watermelon Detector.v1i.coco-segmentation\train\187_jpg.rf.7dba89109f7a86f482b13656666ebb20.jpg	roboflow_drago_v1_187_jpg.rf.7dba89109f7a86f482b13656666ebb20.jpg	roboflow_drago_v1_187_jpg.rf.7dba89109f7a86f482b13656666ebb20.txt	images/test/roboflow_drago_v1_187_jpg.rf.7dba89109f7a86f482b13656666ebb20.jpg	labels/test/roboflow_drago_v1_187_jpg.rf.7dba89109f7a86f482b13656666ebb20.txt	640	640	1	roboflow_drago_v1::roboflow_drago_v1_187_jpg	roboflow_drago_v1_187_jpg	a1f2b830f37adab842c913eb5d01ed467a45b87679e74fc749b0fa132e6e7dda	a87e50ebd31f9c869dce960dad7a003f3964b3072832b1e5a22910979e146e6f	13	true	13
test_frozen	test	roboflow_drago_v1	train	Watermelon Detector.v1i.coco-segmentation\train\203_jpg.rf.56c1458f1dcba5c72666cf1ae7094e0c.jpg	roboflow_drago_v1_203_jpg.rf.56c1458f1dcba5c72666cf1ae7094e0c.jpg	roboflow_drago_v1_203_jpg.rf.56c1458f1dcba5c72666cf1ae7094e0c.txt	images/test/roboflow_drago_v1_203_jpg.rf.56c1458f1dcba5c72666cf1ae7094e0c.jpg	labels/test/roboflow_drago_v1_203_jpg.rf.56c1458f1dcba5c72666cf1ae7094e0c.txt	640	640	1	roboflow_drago_v1::roboflow_drago_v1_203_jpg	roboflow_drago_v1_203_jpg	8550cdf62eef49c9856acaadc7abe0d5acd0ebd7da6d0f84d06163b61b93fa64	ea9e4b572755437230817656107d5f298cd0cbdb936b76768b3c031932e5bbba	14	true	14
test_frozen	test	roboflow_drago_v1	train	Watermelon Detector.v1i.coco-segmentation\train\215_jpg.rf.baeb4997028e36a69c47cb32aa40fa19.jpg	roboflow_drago_v1_215_jpg.rf.baeb4997028e36a69c47cb32aa40fa19.jpg	roboflow_drago_v1_215_jpg.rf.baeb4997028e36a69c47cb32aa40fa19.txt	images/test/roboflow_drago_v1_215_jpg.rf.baeb4997028e36a69c47cb32aa40fa19.jpg	labels/test/roboflow_drago_v1_215_jpg.rf.baeb4997028e36a69c47cb32aa40fa19.txt	640	640	1	roboflow_drago_v1::roboflow_drago_v1_215_jpg	roboflow_drago_v1_215_jpg	eac022e6f8755ca7ed2c3d6fadce20cd3f1bc923cd15ee173f13c9a814626599	e491f78739bd98c6932127a1f5acaf97053d23a9bbddca219dc44c7afdb30b15	15	true	15
test_frozen	test	roboflow_drago_v1	train	Watermelon Detector.v1i.coco-segmentation\train\227_jpg.rf.d9756d62b76a811298500a07361b2a52.jpg	roboflow_drago_v1_227_jpg.rf.d9756d62b76a811298500a07361b2a52.jpg	roboflow_drago_v1_227_jpg.rf.d9756d62b76a811298500a07361b2a52.txt	images/test/roboflow_drago_v1_227_jpg.rf.d9756d62b76a811298500a07361b2a52.jpg	labels/test/roboflow_drago_v1_227_jpg.rf.d9756d62b76a811298500a07361b2a52.txt	640	640	3	roboflow_drago_v1::roboflow_drago_v1_227_jpg	roboflow_drago_v1_227_jpg	99dc158d3ade53709956defc64861b5e2f037a78be93a51883f5187e5c4569d9	5ee874a345a0f4b7f013d1bc13cb8da4708a330f8c14702c8bf37d69472116a7	16	true	16
test_frozen	test	roboflow_drago_v1	train	Watermelon Detector.v1i.coco-segmentation\train\233_jpg.rf.b1ec54bd3de17dda5c0b2981c23fcc1b.jpg	roboflow_drago_v1_233_jpg.rf.b1ec54bd3de17dda5c0b2981c23fcc1b.jpg	roboflow_drago_v1_233_jpg.rf.b1ec54bd3de17dda5c0b2981c23fcc1b.txt	images/test/roboflow_drago_v1_233_jpg.rf.b1ec54bd3de17dda5c0b2981c23fcc1b.jpg	labels/test/roboflow_drago_v1_233_jpg.rf.b1ec54bd3de17dda5c0b2981c23fcc1b.txt	640	640	1	roboflow_drago_v1::roboflow_drago_v1_233_jpg	roboflow_drago_v1_233_jpg	10477455c16318e33afae4d29969ea247e76b586cd25fbfa9f4da852e9bd0c9d	04b9a127e4c1fd2ddf3842146070ad4f3377e2c9819720b9f257b4920a7cb402	17	true	17
test_frozen	test	roboflow_drago_v1	valid	Watermelon Detector.v1i.coco-segmentation\valid\238_jpg.rf.acd1ab3940d22309d45b4560f4ff062d.jpg	roboflow_drago_v1_238_jpg.rf.acd1ab3940d22309d45b4560f4ff062d.jpg	roboflow_drago_v1_238_jpg.rf.acd1ab3940d22309d45b4560f4ff062d.txt	images/test/roboflow_drago_v1_238_jpg.rf.acd1ab3940d22309d45b4560f4ff062d.jpg	labels/test/roboflow_drago_v1_238_jpg.rf.acd1ab3940d22309d45b4560f4ff062d.txt	640	640	1	roboflow_drago_v1::roboflow_drago_v1_238_jpg	roboflow_drago_v1_238_jpg	be10c435e3fd81cd13b251ed3dfc740f90a86e59b9dfc523137cd65646dacb28	ac9a3c4322aab864c7ffe623107925b9a34dc71ed6c6603999d760de9b784a52	18	true	18
test_frozen	test	roboflow_drago_v1	train	Watermelon Detector.v1i.coco-segmentation\train\242_jpg.rf.cb648acd69f117d90040470eca161beb.jpg	roboflow_drago_v1_242_jpg.rf.cb648acd69f117d90040470eca161beb.jpg	roboflow_drago_v1_242_jpg.rf.cb648acd69f117d90040470eca161beb.txt	images/test/roboflow_drago_v1_242_jpg.rf.cb648acd69f117d90040470eca161beb.jpg	labels/test/roboflow_drago_v1_242_jpg.rf.cb648acd69f117d90040470eca161beb.txt	640	640	1	roboflow_drago_v1::roboflow_drago_v1_242_jpg	roboflow_drago_v1_242_jpg	c844a19157e20d50d66e330056e74c10484af0117f1608e3aa22c30951c3db12	8841abbc916ffafbd5bd83b3947e4453ae0be60056636b62ced663d804487d3e	19	true	19
test_frozen	test	roboflow_drago_v1	test	Watermelon Detector.v1i.coco-segmentation\test\280_jpg.rf.1100110ff43affb85db6106b879770ae.jpg	roboflow_drago_v1_280_jpg.rf.1100110ff43affb85db6106b879770ae.jpg	roboflow_drago_v1_280_jpg.rf.1100110ff43affb85db6106b879770ae.txt	images/test/roboflow_drago_v1_280_jpg.rf.1100110ff43affb85db6106b879770ae.jpg	labels/test/roboflow_drago_v1_280_jpg.rf.1100110ff43affb85db6106b879770ae.txt	640	640	1	roboflow_drago_v1::roboflow_drago_v1_280_jpg	roboflow_drago_v1_280_jpg	3e698e239bdad3aa04860738087d81429067eca504d7cb2be751bb0a7da26ab0	f94006de9670781b389a26e0ce70ce4ae2e4be23a75160df75f7519f2a1b420b	20	true	20
test_frozen	test	roboflow_drago_v1	train	Watermelon Detector.v1i.coco-segmentation\train\282_jpg.rf.9d418b607d8b48173971c4dffc4566c3.jpg	roboflow_drago_v1_282_jpg.rf.9d418b607d8b48173971c4dffc4566c3.jpg	roboflow_drago_v1_282_jpg.rf.9d418b607d8b48173971c4dffc4566c3.txt	images/test/roboflow_drago_v1_282_jpg.rf.9d418b607d8b48173971c4dffc4566c3.jpg	labels/test/roboflow_drago_v1_282_jpg.rf.9d418b607d8b48173971c4dffc4566c3.txt	640	640	1	roboflow_drago_v1::roboflow_drago_v1_282_jpg	roboflow_drago_v1_282_jpg	9787bc957a5fe8fb8127de6f08f93f0a5168bada2ff6b3409f05be5cb763d3eb	d957f314a3f6e826be304577439479552dc3935cadc2f0722e40224bd94c1848	21	true	21
test_frozen	test	roboflow_drago_v1	train	Watermelon Detector.v1i.coco-segmentation\train\284_jpg.rf.050456339fae5374bbc187b8d8359e24.jpg	roboflow_drago_v1_284_jpg.rf.050456339fae5374bbc187b8d8359e24.jpg	roboflow_drago_v1_284_jpg.rf.050456339fae5374bbc187b8d8359e24.txt	images/test/roboflow_drago_v1_284_jpg.rf.050456339fae5374bbc187b8d8359e24.jpg	labels/test/roboflow_drago_v1_284_jpg.rf.050456339fae5374bbc187b8d8359e24.txt	640	640	1	roboflow_drago_v1::roboflow_drago_v1_284_jpg	roboflow_drago_v1_284_jpg	6b86316b894ce4693636c649a839e8d417b9a5278db651ba859682edb67e9ff1	77b4523b9a9f601a5c00e8ba54862dfa407eb369917acba8123ee83583973c8a	22	true	22
test_frozen	test	roboflow_drago_v1	train	Watermelon Detector.v1i.coco-segmentation\train\289_jpg.rf.0fa9a1c7e2754be1d41e8ea7ba5ec52d.jpg	roboflow_drago_v1_289_jpg.rf.0fa9a1c7e2754be1d41e8ea7ba5ec52d.jpg	roboflow_drago_v1_289_jpg.rf.0fa9a1c7e2754be1d41e8ea7ba5ec52d.txt	images/test/roboflow_drago_v1_289_jpg.rf.0fa9a1c7e2754be1d41e8ea7ba5ec52d.jpg	labels/test/roboflow_drago_v1_289_jpg.rf.0fa9a1c7e2754be1d41e8ea7ba5ec52d.txt	640	640	1	roboflow_drago_v1::roboflow_drago_v1_289_jpg	roboflow_drago_v1_289_jpg	ffb6bb192cba70fa34cc420fc579d067ef2368dcda51c8680058ca815297cb9d	efc7629963db82700926cd99985b3a9de54f850753107c77868f21153280e76b	23	true	23
test_frozen	test	roboflow_drago_v1	train	Watermelon Detector.v1i.coco-segmentation\train\304_jpg.rf.196712f4502fca41fd800cd9abf6419e.jpg	roboflow_drago_v1_304_jpg.rf.196712f4502fca41fd800cd9abf6419e.jpg	roboflow_drago_v1_304_jpg.rf.196712f4502fca41fd800cd9abf6419e.txt	images/test/roboflow_drago_v1_304_jpg.rf.196712f4502fca41fd800cd9abf6419e.jpg	labels/test/roboflow_drago_v1_304_jpg.rf.196712f4502fca41fd800cd9abf6419e.txt	640	640	1	roboflow_drago_v1::roboflow_drago_v1_304_jpg	roboflow_drago_v1_304_jpg	77e1928cbfbdf1c2fd8ec2f4375b8225879480af6ed196231109d193fa98478b	880dd44e41d6ae5282222ca6635cbb9f0fd9805c1ef71089fe9b137e2dab9f41	24	true	24
test_frozen	test	roboflow_drago_v1	train	Watermelon Detector.v1i.coco-segmentation\train\328_jpg.rf.c656d4ed3be395497f349189498ac9a0.jpg	roboflow_drago_v1_328_jpg.rf.c656d4ed3be395497f349189498ac9a0.jpg	roboflow_drago_v1_328_jpg.rf.c656d4ed3be395497f349189498ac9a0.txt	images/test/roboflow_drago_v1_328_jpg.rf.c656d4ed3be395497f349189498ac9a0.jpg	labels/test/roboflow_drago_v1_328_jpg.rf.c656d4ed3be395497f349189498ac9a0.txt	640	640	1	roboflow_drago_v1::roboflow_drago_v1_328_jpg	roboflow_drago_v1_328_jpg	ee6334ea3f5206e02a7727b174efe1f1eb8fa150c03f99c56e8bde1e85c9109d	84448e507735e16bc6831bd468ba9cf2cc9c86c52ee33c52184f556baa75c8b8	25	true	25
test_frozen	test	roboflow_drago_v1	train	Watermelon Detector.v1i.coco-segmentation\train\340_jpg.rf.986a6aaacdb040984d04f5d4914cc9de.jpg	roboflow_drago_v1_340_jpg.rf.986a6aaacdb040984d04f5d4914cc9de.jpg	roboflow_drago_v1_340_jpg.rf.986a6aaacdb040984d04f5d4914cc9de.txt	images/test/roboflow_drago_v1_340_jpg.rf.986a6aaacdb040984d04f5d4914cc9de.jpg	labels/test/roboflow_drago_v1_340_jpg.rf.986a6aaacdb040984d04f5d4914cc9de.txt	640	640	1	roboflow_drago_v1::roboflow_drago_v1_340_jpg	roboflow_drago_v1_340_jpg	673968a5d942d1a39c30efed2d5b941fa7ddb33023f23a25792ee663e30363ed	0d606f0010fc187044824fee16603479e97f3330c5d63fe27f29f6664404c3e3	26	true	26
test_frozen	test	roboflow_drago_v1	test	Watermelon Detector.v1i.coco-segmentation\test\343_jpg.rf.d6fbb327ddb29062b2eebcb3cec2615d.jpg	roboflow_drago_v1_343_jpg.rf.d6fbb327ddb29062b2eebcb3cec2615d.jpg	roboflow_drago_v1_343_jpg.rf.d6fbb327ddb29062b2eebcb3cec2615d.txt	images/test/roboflow_drago_v1_343_jpg.rf.d6fbb327ddb29062b2eebcb3cec2615d.jpg	labels/test/roboflow_drago_v1_343_jpg.rf.d6fbb327ddb29062b2eebcb3cec2615d.txt	640	640	1	roboflow_drago_v1::roboflow_drago_v1_343_jpg	roboflow_drago_v1_343_jpg	fd8082117ff073c3fc3970047cbd8b20281801a4fcab090392158bae9be60ef7	ddc30761590ffa5dfdc25ff944a4efd74020e72b2854f0e4f9917fe651d69180	27	true	27
test_frozen	test	roboflow_drago_v1	train	Watermelon Detector.v1i.coco-segmentation\train\345_jpg.rf.f3df455c943f86d16a403bc0ecf79a10.jpg	roboflow_drago_v1_345_jpg.rf.f3df455c943f86d16a403bc0ecf79a10.jpg	roboflow_drago_v1_345_jpg.rf.f3df455c943f86d16a403bc0ecf79a10.txt	images/test/roboflow_drago_v1_345_jpg.rf.f3df455c943f86d16a403bc0ecf79a10.jpg	labels/test/roboflow_drago_v1_345_jpg.rf.f3df455c943f86d16a403bc0ecf79a10.txt	640	640	1	roboflow_drago_v1::roboflow_drago_v1_345_jpg	roboflow_drago_v1_345_jpg	89f338e1c87e620f09c4291a8185cf2fc40ca07730e29aef53373a239399f365	226bc6db14ca2c81eea76d7d33afbd8264cf4e82ee85fa686656e4f323138138	28	true	28
test_frozen	test	roboflow_drago_v1	train	Watermelon Detector.v1i.coco-segmentation\train\380_jpg.rf.da64aacc30a2fd2abe645d0bc98ffb00.jpg	roboflow_drago_v1_380_jpg.rf.da64aacc30a2fd2abe645d0bc98ffb00.jpg	roboflow_drago_v1_380_jpg.rf.da64aacc30a2fd2abe645d0bc98ffb00.txt	images/test/roboflow_drago_v1_380_jpg.rf.da64aacc30a2fd2abe645d0bc98ffb00.jpg	labels/test/roboflow_drago_v1_380_jpg.rf.da64aacc30a2fd2abe645d0bc98ffb00.txt	640	640	1	roboflow_drago_v1::roboflow_drago_v1_380_jpg	roboflow_drago_v1_380_jpg	9f79092b021c819c27bbe1e216352daa0ef6cc8251444db95e743e753b4104d3	77dded5daf6791b4ab9817d5fd215de21f7ee936751d397187e43f58c535b350	29	true	29
test_frozen	test	roboflow_drago_v1	train	Watermelon Detector.v1i.coco-segmentation\train\384_jpg.rf.bf15d7bd3c96755256c0b8b310d76631.jpg	roboflow_drago_v1_384_jpg.rf.bf15d7bd3c96755256c0b8b310d76631.jpg	roboflow_drago_v1_384_jpg.rf.bf15d7bd3c96755256c0b8b310d76631.txt	images/test/roboflow_drago_v1_384_jpg.rf.bf15d7bd3c96755256c0b8b310d76631.jpg	labels/test/roboflow_drago_v1_384_jpg.rf.bf15d7bd3c96755256c0b8b310d76631.txt	640	640	1	roboflow_drago_v1::roboflow_drago_v1_384_jpg	roboflow_drago_v1_384_jpg	c4111acec8a1c25e6af2474bdc3112f979a173e524b411461eefdcf5e8ec8882	2d4ac10bed244b4442e432a68b9b5a11686e4020d9aa7bb57a8f997332662cbc	30	true	30
test_frozen	test	roboflow_drago_v1	train	Watermelon Detector.v1i.coco-segmentation\train\384_jpg.rf.e0670ea7fc6bc1fbfacb44e0462e536f.jpg	roboflow_drago_v1_384_jpg.rf.e0670ea7fc6bc1fbfacb44e0462e536f.jpg	roboflow_drago_v1_384_jpg.rf.e0670ea7fc6bc1fbfacb44e0462e536f.txt	images/test/roboflow_drago_v1_384_jpg.rf.e0670ea7fc6bc1fbfacb44e0462e536f.jpg	labels/test/roboflow_drago_v1_384_jpg.rf.e0670ea7fc6bc1fbfacb44e0462e536f.txt	640	640	1	roboflow_drago_v1::roboflow_drago_v1_384_jpg	roboflow_drago_v1_384_jpg	c4111acec8a1c25e6af2474bdc3112f979a173e524b411461eefdcf5e8ec8882	c67138390445d9d262f52c6c91f14a6afb62ab7111ab6307af60f8a271ac7586	31	false	
test_frozen	test	roboflow_drago_v1	train	Watermelon Detector.v1i.coco-segmentation\train\391-Copy_jpg.rf.49ab37767b8ae248b567ae54d59ad7be.jpg	roboflow_drago_v1_391-Copy_jpg.rf.49ab37767b8ae248b567ae54d59ad7be.jpg	roboflow_drago_v1_391-Copy_jpg.rf.49ab37767b8ae248b567ae54d59ad7be.txt	images/test/roboflow_drago_v1_391-Copy_jpg.rf.49ab37767b8ae248b567ae54d59ad7be.jpg	labels/test/roboflow_drago_v1_391-Copy_jpg.rf.49ab37767b8ae248b567ae54d59ad7be.txt	640	640	1	roboflow_drago_v1::roboflow_drago_v1_391-copy_jpg	roboflow_drago_v1_391-Copy_jpg	5d4e67590a00dc0317948c8868ed4c015de5b96a51bf394c28c155eb0f5926eb	0c147464433251ea4d77732c00790705b781e9893729db3e813dbfa658b79978	32	true	31
test_frozen	test	roboflow_drago_v1	train	Watermelon Detector.v1i.coco-segmentation\train\392-Copy_jpg.rf.684d8c9621fefb4592e51878e129b3d1.jpg	roboflow_drago_v1_392-Copy_jpg.rf.684d8c9621fefb4592e51878e129b3d1.jpg	roboflow_drago_v1_392-Copy_jpg.rf.684d8c9621fefb4592e51878e129b3d1.txt	images/test/roboflow_drago_v1_392-Copy_jpg.rf.684d8c9621fefb4592e51878e129b3d1.jpg	labels/test/roboflow_drago_v1_392-Copy_jpg.rf.684d8c9621fefb4592e51878e129b3d1.txt	640	640	1	roboflow_drago_v1::roboflow_drago_v1_392-copy_jpg	roboflow_drago_v1_392-Copy_jpg	1a27fa20dd3fa01358f2fce190de5d005d25b960c37322e16c7b081a4769138c	8bfe3196c5c80745dbac5c9329efc3688c501adb1cd03dd029f520842a7926f8	33	true	32
test_frozen	test	roboflow_drago_v1	train	Watermelon Detector.v1i.coco-segmentation\train\395_jpg.rf.202233b0c670b3183b27df60b7e5336e.jpg	roboflow_drago_v1_395_jpg.rf.202233b0c670b3183b27df60b7e5336e.jpg	roboflow_drago_v1_395_jpg.rf.202233b0c670b3183b27df60b7e5336e.txt	images/test/roboflow_drago_v1_395_jpg.rf.202233b0c670b3183b27df60b7e5336e.jpg	labels/test/roboflow_drago_v1_395_jpg.rf.202233b0c670b3183b27df60b7e5336e.txt	640	640	1	roboflow_drago_v1::roboflow_drago_v1_395_jpg	roboflow_drago_v1_395_jpg	3bdc744372dc8edc2c8418f2cf4582118ffb054e4f93c2c6df1f5f76ae609342	12f29feb3e38f42c1a29a2466a99f283f2bbc2a09c11c88a2df3661fa6574344	34	true	33
test_frozen	test	roboflow_drago_v1	train	Watermelon Detector.v1i.coco-segmentation\train\397_jpg.rf.2b52427f8f5bfe7f827723a500239082.jpg	roboflow_drago_v1_397_jpg.rf.2b52427f8f5bfe7f827723a500239082.jpg	roboflow_drago_v1_397_jpg.rf.2b52427f8f5bfe7f827723a500239082.txt	images/test/roboflow_drago_v1_397_jpg.rf.2b52427f8f5bfe7f827723a500239082.jpg	labels/test/roboflow_drago_v1_397_jpg.rf.2b52427f8f5bfe7f827723a500239082.txt	640	640	1	roboflow_drago_v1::roboflow_drago_v1_397_jpg	roboflow_drago_v1_397_jpg	57c7a3d8f5fd37f0e2a72b730721d71a0c47a2c66bebcf1e8df69ad529ddb6e3	904daa0a83b23e1f5daf31d4107fd41f29dc25de619aabca8c06d66dd2995cdd	35	true	34
test_frozen	test	roboflow_drago_v1	train	Watermelon Detector.v1i.coco-segmentation\train\46_jpg.rf.2227e03485d0bf985f3ffe25e5104fe2.jpg	roboflow_drago_v1_46_jpg.rf.2227e03485d0bf985f3ffe25e5104fe2.jpg	roboflow_drago_v1_46_jpg.rf.2227e03485d0bf985f3ffe25e5104fe2.txt	images/test/roboflow_drago_v1_46_jpg.rf.2227e03485d0bf985f3ffe25e5104fe2.jpg	labels/test/roboflow_drago_v1_46_jpg.rf.2227e03485d0bf985f3ffe25e5104fe2.txt	640	640	1	roboflow_drago_v1::roboflow_drago_v1_46_jpg	roboflow_drago_v1_46_jpg	096687db61e77b9a96401134c1fd48007468030eaadd97b877162a82f91145dd	82ba12de3af3992d54f2008b6171ce7cdaa61994aabc6254b76d03968833579e	36	true	35
test_frozen	test	roboflow_drago_v1	train	Watermelon Detector.v1i.coco-segmentation\train\46_jpg.rf.63f646555fca40a3834869cfbb1cdb39.jpg	roboflow_drago_v1_46_jpg.rf.63f646555fca40a3834869cfbb1cdb39.jpg	roboflow_drago_v1_46_jpg.rf.63f646555fca40a3834869cfbb1cdb39.txt	images/test/roboflow_drago_v1_46_jpg.rf.63f646555fca40a3834869cfbb1cdb39.jpg	labels/test/roboflow_drago_v1_46_jpg.rf.63f646555fca40a3834869cfbb1cdb39.txt	640	640	1	roboflow_drago_v1::roboflow_drago_v1_46_jpg	roboflow_drago_v1_46_jpg	643851805689979929feea5553183c42ea4387a1c6d6933fdac5ed0e5e8fa7b0	5875abd86d30502841452700ce636cdfe69c5a5409c18a3ed5c05ae90d7e7dce	37	false	
test_frozen	test	roboflow_drago_v1	valid	Watermelon Detector.v1i.coco-segmentation\valid\483-Copy_jpg.rf.59c24b68a2b762ceb92740c3d8623723.jpg	roboflow_drago_v1_483-Copy_jpg.rf.59c24b68a2b762ceb92740c3d8623723.jpg	roboflow_drago_v1_483-Copy_jpg.rf.59c24b68a2b762ceb92740c3d8623723.txt	images/test/roboflow_drago_v1_483-Copy_jpg.rf.59c24b68a2b762ceb92740c3d8623723.jpg	labels/test/roboflow_drago_v1_483-Copy_jpg.rf.59c24b68a2b762ceb92740c3d8623723.txt	640	640	1	roboflow_drago_v1::roboflow_drago_v1_483-copy_jpg	roboflow_drago_v1_483-Copy_jpg	0d820d7508eec96ab47d6a3e48fa45c62b3ada232ec00a616a75f8c2e9cc26c2	a8771bc72c37b9d1f4fdd0b89f6b68a857a0385d8f19c2b6c29934961d0091ef	38	true	36
test_frozen	test	roboflow_drago_v1	train	Watermelon Detector.v1i.coco-segmentation\train\502-Copy_jpg.rf.a0adf7b16be52ae8f529d357acd241f8.jpg	roboflow_drago_v1_502-Copy_jpg.rf.a0adf7b16be52ae8f529d357acd241f8.jpg	roboflow_drago_v1_502-Copy_jpg.rf.a0adf7b16be52ae8f529d357acd241f8.txt	images/test/roboflow_drago_v1_502-Copy_jpg.rf.a0adf7b16be52ae8f529d357acd241f8.jpg	labels/test/roboflow_drago_v1_502-Copy_jpg.rf.a0adf7b16be52ae8f529d357acd241f8.txt	640	640	1	roboflow_drago_v1::roboflow_drago_v1_502-copy_jpg	roboflow_drago_v1_502-Copy_jpg	aee5344e6981d8d32412d4beebcb7448f43856de1736d1b61272d3a96a9627e4	c9eebae7078b561fd12787b29b40fd50f771ca6956304b41afa81105f9264c88	39	true	37
test_frozen	test	roboflow_drago_v1	train	Watermelon Detector.v1i.coco-segmentation\train\507-Copy_jpg.rf.5e469cf1f95ac30a6f69ef6f04d17b79.jpg	roboflow_drago_v1_507-Copy_jpg.rf.5e469cf1f95ac30a6f69ef6f04d17b79.jpg	roboflow_drago_v1_507-Copy_jpg.rf.5e469cf1f95ac30a6f69ef6f04d17b79.txt	images/test/roboflow_drago_v1_507-Copy_jpg.rf.5e469cf1f95ac30a6f69ef6f04d17b79.jpg	labels/test/roboflow_drago_v1_507-Copy_jpg.rf.5e469cf1f95ac30a6f69ef6f04d17b79.txt	640	640	2	roboflow_drago_v1::roboflow_drago_v1_507-copy_jpg	roboflow_drago_v1_507-Copy_jpg	4ad57cc2fe3d3e3255a2fc706e5d1947ace8efbdbaf2085877dd7b6839f23e34	3242a095c3d23733b9f5f0a8ed994e426b652b87ec6147ddea71a73fa34d3e7b	40	true	38
test_frozen	test	roboflow_drago_v1	train	Watermelon Detector.v1i.coco-segmentation\train\525-Copy_jpg.rf.71fd7ca5a1f48e482ebcc103789de8a1.jpg	roboflow_drago_v1_525-Copy_jpg.rf.71fd7ca5a1f48e482ebcc103789de8a1.jpg	roboflow_drago_v1_525-Copy_jpg.rf.71fd7ca5a1f48e482ebcc103789de8a1.txt	images/test/roboflow_drago_v1_525-Copy_jpg.rf.71fd7ca5a1f48e482ebcc103789de8a1.jpg	labels/test/roboflow_drago_v1_525-Copy_jpg.rf.71fd7ca5a1f48e482ebcc103789de8a1.txt	640	640	2	roboflow_drago_v1::roboflow_drago_v1_525-copy_jpg	roboflow_drago_v1_525-Copy_jpg	ccee988793558ee28796103db814c889f63ab78a8e4c9eec7ebb49ab6b90e898	5a5ee4e8614b5710b433603a88222146fae033e461a42d22fd81c5e14cc1039f	41	true	39
test_frozen	test	roboflow_drago_v1	train	Watermelon Detector.v1i.coco-segmentation\train\52_jpg.rf.d594d7eb84d829edc42d29a829870d92.jpg	roboflow_drago_v1_52_jpg.rf.d594d7eb84d829edc42d29a829870d92.jpg	roboflow_drago_v1_52_jpg.rf.d594d7eb84d829edc42d29a829870d92.txt	images/test/roboflow_drago_v1_52_jpg.rf.d594d7eb84d829edc42d29a829870d92.jpg	labels/test/roboflow_drago_v1_52_jpg.rf.d594d7eb84d829edc42d29a829870d92.txt	640	640	1	roboflow_drago_v1::roboflow_drago_v1_52_jpg	roboflow_drago_v1_52_jpg	d6ea25cda1bd457859868e34bc9756b12580521387b42c5343701b5897c8bce3	6912d248c1ebb47657837be59b60d34753a47d83c60a3bc000e4c504f52647ce	42	true	40
test_frozen	test	roboflow_drago_v1	train	Watermelon Detector.v1i.coco-segmentation\train\537-Copy_jpg.rf.29cca7fecc6c2998205fb201920ffcec.jpg	roboflow_drago_v1_537-Copy_jpg.rf.29cca7fecc6c2998205fb201920ffcec.jpg	roboflow_drago_v1_537-Copy_jpg.rf.29cca7fecc6c2998205fb201920ffcec.txt	images/test/roboflow_drago_v1_537-Copy_jpg.rf.29cca7fecc6c2998205fb201920ffcec.jpg	labels/test/roboflow_drago_v1_537-Copy_jpg.rf.29cca7fecc6c2998205fb201920ffcec.txt	640	640	1	roboflow_drago_v1::roboflow_drago_v1_537-copy_jpg	roboflow_drago_v1_537-Copy_jpg	78a5815ab2b113c869f815fec4c7bf1e9bdd1d2f55e802f50a08216cbef4e666	e1a4dfc9e09a767797addb3959b2ebc9a87c69912ba6897ff2ca4999730f6313	43	true	41
test_frozen	test	roboflow_drago_v1	train	Watermelon Detector.v1i.coco-segmentation\train\544-Copy_jpg.rf.01d21a5a9dde6006edf3e58aaa92510b.jpg	roboflow_drago_v1_544-Copy_jpg.rf.01d21a5a9dde6006edf3e58aaa92510b.jpg	roboflow_drago_v1_544-Copy_jpg.rf.01d21a5a9dde6006edf3e58aaa92510b.txt	images/test/roboflow_drago_v1_544-Copy_jpg.rf.01d21a5a9dde6006edf3e58aaa92510b.jpg	labels/test/roboflow_drago_v1_544-Copy_jpg.rf.01d21a5a9dde6006edf3e58aaa92510b.txt	640	640	1	roboflow_drago_v1::roboflow_drago_v1_544-copy_jpg	roboflow_drago_v1_544-Copy_jpg	bd64696d8a543dd512fe3fee5477720c32a5e13a892b011f52bfeb80044c441b	44dfd1e02074df4a1c92c60bc264d7831ec66b545c80c6bf4b5c580583b6a1fb	44	true	42
test_frozen	test	roboflow_drago_v1	train	Watermelon Detector.v1i.coco-segmentation\train\577_jpg.rf.2dfc6b917ab618de64129a827cdae067.jpg	roboflow_drago_v1_577_jpg.rf.2dfc6b917ab618de64129a827cdae067.jpg	roboflow_drago_v1_577_jpg.rf.2dfc6b917ab618de64129a827cdae067.txt	images/test/roboflow_drago_v1_577_jpg.rf.2dfc6b917ab618de64129a827cdae067.jpg	labels/test/roboflow_drago_v1_577_jpg.rf.2dfc6b917ab618de64129a827cdae067.txt	640	640	1	roboflow_drago_v1::roboflow_drago_v1_577_jpg	roboflow_drago_v1_577_jpg	29190c96997bee65018bc0c03d6c3df71c354920af1c66503ada4e6655ebc66b	18112ea115de5065a6a2d55822e6be58dd8625be447847d8144ab9dfcb9dde3c	45	true	43
test_frozen	test	roboflow_drago_v1	train	Watermelon Detector.v1i.coco-segmentation\train\577_jpg.rf.cf0439c19ed3a20b4c5ff7a2fda00df4.jpg	roboflow_drago_v1_577_jpg.rf.cf0439c19ed3a20b4c5ff7a2fda00df4.jpg	roboflow_drago_v1_577_jpg.rf.cf0439c19ed3a20b4c5ff7a2fda00df4.txt	images/test/roboflow_drago_v1_577_jpg.rf.cf0439c19ed3a20b4c5ff7a2fda00df4.jpg	labels/test/roboflow_drago_v1_577_jpg.rf.cf0439c19ed3a20b4c5ff7a2fda00df4.txt	640	640	1	roboflow_drago_v1::roboflow_drago_v1_577_jpg	roboflow_drago_v1_577_jpg	0b5d97a644f199a601e481105c629983f7ed4e0b05ce6e980296414d4eccd0e6	e2700c11c5e01f636e9387d9841477a1af9f0373ac7a46e90eaef3f28a3ebf12	46	false	
test_frozen	test	roboflow_drago_v1	train	Watermelon Detector.v1i.coco-segmentation\train\580_jpg.rf.fc9c7e543ec1d82a0c2ed7c06d99bd9c.jpg	roboflow_drago_v1_580_jpg.rf.fc9c7e543ec1d82a0c2ed7c06d99bd9c.jpg	roboflow_drago_v1_580_jpg.rf.fc9c7e543ec1d82a0c2ed7c06d99bd9c.txt	images/test/roboflow_drago_v1_580_jpg.rf.fc9c7e543ec1d82a0c2ed7c06d99bd9c.jpg	labels/test/roboflow_drago_v1_580_jpg.rf.fc9c7e543ec1d82a0c2ed7c06d99bd9c.txt	640	640	2	roboflow_drago_v1::roboflow_drago_v1_580_jpg	roboflow_drago_v1_580_jpg	a1588e310fa4401c744df1baa5d5b956fdce81c55c6cd16750867788fdd56df3	e3efa730d5bb1fa7e616a37a7b02b2977840360db5758f76420993ac9f83a92b	47	true	44
test_frozen	test	roboflow_drago_v1	train	Watermelon Detector.v1i.coco-segmentation\train\587_jpg.rf.e745480e54dd422abcd65f8625e6f101.jpg	roboflow_drago_v1_587_jpg.rf.e745480e54dd422abcd65f8625e6f101.jpg	roboflow_drago_v1_587_jpg.rf.e745480e54dd422abcd65f8625e6f101.txt	images/test/roboflow_drago_v1_587_jpg.rf.e745480e54dd422abcd65f8625e6f101.jpg	labels/test/roboflow_drago_v1_587_jpg.rf.e745480e54dd422abcd65f8625e6f101.txt	640	640	1	roboflow_drago_v1::roboflow_drago_v1_587_jpg	roboflow_drago_v1_587_jpg	d14df7ed4a08bfc41df0cba2e681f19e4b9cd64425028d7b6dafebd849c3c60c	f15a1778d6c52e3ca16eed6851144a77e282be55293b94f7631988f1fd3d6ef6	48	true	45
test_frozen	test	roboflow_drago_v1	train	Watermelon Detector.v1i.coco-segmentation\train\594_jpg.rf.b6fbcc197c504e9d3876e25e48336b72.jpg	roboflow_drago_v1_594_jpg.rf.b6fbcc197c504e9d3876e25e48336b72.jpg	roboflow_drago_v1_594_jpg.rf.b6fbcc197c504e9d3876e25e48336b72.txt	images/test/roboflow_drago_v1_594_jpg.rf.b6fbcc197c504e9d3876e25e48336b72.jpg	labels/test/roboflow_drago_v1_594_jpg.rf.b6fbcc197c504e9d3876e25e48336b72.txt	640	640	2	roboflow_drago_v1::roboflow_drago_v1_594_jpg	roboflow_drago_v1_594_jpg	b9d2f6bf83e8abbacc5b3dee783da04ea7f85260ad3edcb7b85dc3a6ed13411d	0682905972b0cdd8349adfeee82feffae0e10529fb2b932003a41e2adc7e06d1	49	true	46
test_frozen	test	roboflow_drago_v1	train	Watermelon Detector.v1i.coco-segmentation\train\594_jpg.rf.f417240d87fec5c61c8fad1cb95e53cd.jpg	roboflow_drago_v1_594_jpg.rf.f417240d87fec5c61c8fad1cb95e53cd.jpg	roboflow_drago_v1_594_jpg.rf.f417240d87fec5c61c8fad1cb95e53cd.txt	images/test/roboflow_drago_v1_594_jpg.rf.f417240d87fec5c61c8fad1cb95e53cd.jpg	labels/test/roboflow_drago_v1_594_jpg.rf.f417240d87fec5c61c8fad1cb95e53cd.txt	640	640	2	roboflow_drago_v1::roboflow_drago_v1_594_jpg	roboflow_drago_v1_594_jpg	b9d2f6bf83e8abbacc5b3dee783da04ea7f85260ad3edcb7b85dc3a6ed13411d	524eb891ccd5417b14e2a012b3c161796ff69eded9e51f140d7176069670c4ed	50	false	
test_frozen	test	roboflow_drago_v1	train	Watermelon Detector.v1i.coco-segmentation\train\59_jpg.rf.999e63cedf9999cd13b0c7beed9275d1.jpg	roboflow_drago_v1_59_jpg.rf.999e63cedf9999cd13b0c7beed9275d1.jpg	roboflow_drago_v1_59_jpg.rf.999e63cedf9999cd13b0c7beed9275d1.txt	images/test/roboflow_drago_v1_59_jpg.rf.999e63cedf9999cd13b0c7beed9275d1.jpg	labels/test/roboflow_drago_v1_59_jpg.rf.999e63cedf9999cd13b0c7beed9275d1.txt	640	640	1	roboflow_drago_v1::roboflow_drago_v1_59_jpg	roboflow_drago_v1_59_jpg	98faee482f97bb1df66513bbcda04077c65b7a0437cec914f6b60aaa7e3cc47b	57bb8a7ace9f1ded239d7bc57421b3d8eaf044ad5d9a2a7b61411d922ba693d0	51	true	47
test_frozen	test	roboflow_drago_v1	train	Watermelon Detector.v1i.coco-segmentation\train\604_jpg.rf.d00edbea37080a232bb90fe53af8725d.jpg	roboflow_drago_v1_604_jpg.rf.d00edbea37080a232bb90fe53af8725d.jpg	roboflow_drago_v1_604_jpg.rf.d00edbea37080a232bb90fe53af8725d.txt	images/test/roboflow_drago_v1_604_jpg.rf.d00edbea37080a232bb90fe53af8725d.jpg	labels/test/roboflow_drago_v1_604_jpg.rf.d00edbea37080a232bb90fe53af8725d.txt	640	640	1	roboflow_drago_v1::roboflow_drago_v1_604_jpg	roboflow_drago_v1_604_jpg	5709822b812a1583c19b25bda304cd7e1c4ff87bb69ae7a0f37e5bd514ee08ee	d729e8534fe58b424ee581f7abce29b8f97857b3a25a01f0c22de04fdcd55a10	52	true	48
test_frozen	test	roboflow_drago_v1	train	Watermelon Detector.v1i.coco-segmentation\train\605_jpg.rf.fb3314540ed9ec6df0242febb1884167.jpg	roboflow_drago_v1_605_jpg.rf.fb3314540ed9ec6df0242febb1884167.jpg	roboflow_drago_v1_605_jpg.rf.fb3314540ed9ec6df0242febb1884167.txt	images/test/roboflow_drago_v1_605_jpg.rf.fb3314540ed9ec6df0242febb1884167.jpg	labels/test/roboflow_drago_v1_605_jpg.rf.fb3314540ed9ec6df0242febb1884167.txt	640	640	1	roboflow_drago_v1::roboflow_drago_v1_605_jpg	roboflow_drago_v1_605_jpg	701f0596bad8130f74ce28ab1af60bf95d168a21e08f049270a1c82bdd7c194b	213ed5b41fc5a54b391248894b44d04a7de7629063cfa787acbefc6636af4988	53	true	49
test_frozen	test	roboflow_drago_v1	train	Watermelon Detector.v1i.coco-segmentation\train\650_jpg.rf.311f9aa31a2bea90824a6c6be55ba90d.jpg	roboflow_drago_v1_650_jpg.rf.311f9aa31a2bea90824a6c6be55ba90d.jpg	roboflow_drago_v1_650_jpg.rf.311f9aa31a2bea90824a6c6be55ba90d.txt	images/test/roboflow_drago_v1_650_jpg.rf.311f9aa31a2bea90824a6c6be55ba90d.jpg	labels/test/roboflow_drago_v1_650_jpg.rf.311f9aa31a2bea90824a6c6be55ba90d.txt	640	640	1	roboflow_drago_v1::roboflow_drago_v1_650_jpg	roboflow_drago_v1_650_jpg	fb2073e58cf2b79ca788df751ff062acba5026c6461bcb255bfbb959ca786499	df21907e750cbf6e58c37454ab9f9ba8acb1c2c20f0886ddb10abe3afcb472d2	54	true	50
test_frozen	test	roboflow_drago_v1	train	Watermelon Detector.v1i.coco-segmentation\train\654_jpg.rf.b9430fe4f3475a33ac236e0c7089684c.jpg	roboflow_drago_v1_654_jpg.rf.b9430fe4f3475a33ac236e0c7089684c.jpg	roboflow_drago_v1_654_jpg.rf.b9430fe4f3475a33ac236e0c7089684c.txt	images/test/roboflow_drago_v1_654_jpg.rf.b9430fe4f3475a33ac236e0c7089684c.jpg	labels/test/roboflow_drago_v1_654_jpg.rf.b9430fe4f3475a33ac236e0c7089684c.txt	640	640	1	roboflow_drago_v1::roboflow_drago_v1_654_jpg	roboflow_drago_v1_654_jpg	39aa39545b7a499ada8d4cb360cdf4dbf8e0b7bc9889110c44e4a185c6270df0	462cc1877d0221b89b5ce60c6df6d4a60e657dba41dcb3451004a3e28a62e807	55	true	51
test_frozen	test	roboflow_drago_v1	test	Watermelon Detector.v1i.coco-segmentation\test\669_jpg.rf.59ffedbe419923073d687df680600da9.jpg	roboflow_drago_v1_669_jpg.rf.59ffedbe419923073d687df680600da9.jpg	roboflow_drago_v1_669_jpg.rf.59ffedbe419923073d687df680600da9.txt	images/test/roboflow_drago_v1_669_jpg.rf.59ffedbe419923073d687df680600da9.jpg	labels/test/roboflow_drago_v1_669_jpg.rf.59ffedbe419923073d687df680600da9.txt	640	640	1	roboflow_drago_v1::roboflow_drago_v1_669_jpg	roboflow_drago_v1_669_jpg	c328a2d55cbafd02fde45568684af968922948e863e7a5ff433aad7c25d55611	fd047689547b29214b09b55887df4c0e9048f62c9602f9a17df2c3488d3eb261	56	true	52
test_frozen	test	roboflow_drago_v1	train	Watermelon Detector.v1i.coco-segmentation\train\75_jpg.rf.62a46cc3ac65d7bd431779fb11fd72b8.jpg	roboflow_drago_v1_75_jpg.rf.62a46cc3ac65d7bd431779fb11fd72b8.jpg	roboflow_drago_v1_75_jpg.rf.62a46cc3ac65d7bd431779fb11fd72b8.txt	images/test/roboflow_drago_v1_75_jpg.rf.62a46cc3ac65d7bd431779fb11fd72b8.jpg	labels/test/roboflow_drago_v1_75_jpg.rf.62a46cc3ac65d7bd431779fb11fd72b8.txt	640	640	1	roboflow_drago_v1::roboflow_drago_v1_75_jpg	roboflow_drago_v1_75_jpg	0c88b62e0c60e73498e5987373a9970c8486c3adb3bc5e94b491c82554ac454a	13af5057c6a0e5952d8e547805fc160be088a19e88647e94627e36942da29c88	57	true	53
test_frozen	test	roboflow_drago_v1	train	Watermelon Detector.v1i.coco-segmentation\train\91_jpg.rf.f215ca07979f92c842f5b9e615a35d09.jpg	roboflow_drago_v1_91_jpg.rf.f215ca07979f92c842f5b9e615a35d09.jpg	roboflow_drago_v1_91_jpg.rf.f215ca07979f92c842f5b9e615a35d09.txt	images/test/roboflow_drago_v1_91_jpg.rf.f215ca07979f92c842f5b9e615a35d09.jpg	labels/test/roboflow_drago_v1_91_jpg.rf.f215ca07979f92c842f5b9e615a35d09.txt	640	640	1	roboflow_drago_v1::roboflow_drago_v1_91_jpg	roboflow_drago_v1_91_jpg	fa77312a50cde850438096567f339855beaef274b2e74689615a73b212c3550d	7abff255815bfb166c0b4c16ca5c16a6accd7b1d5e07677bdbe687ed3b715318	58	true	54
test_frozen	test	roboflow_drago_v1	train	Watermelon Detector.v1i.coco-segmentation\train\99_jpg.rf.79fd902b277525d613fbc4e6d7b98467.jpg	roboflow_drago_v1_99_jpg.rf.79fd902b277525d613fbc4e6d7b98467.jpg	roboflow_drago_v1_99_jpg.rf.79fd902b277525d613fbc4e6d7b98467.txt	images/test/roboflow_drago_v1_99_jpg.rf.79fd902b277525d613fbc4e6d7b98467.jpg	labels/test/roboflow_drago_v1_99_jpg.rf.79fd902b277525d613fbc4e6d7b98467.txt	640	640	1	roboflow_drago_v1::roboflow_drago_v1_99_jpg	roboflow_drago_v1_99_jpg	0f9c98b9d5a57ac889114465b5a7d2a7ae134caf7ced3968ce879d92e838c4a7	c030afd64b16e67efbde934796d6f1c9c23d1c8f6a5e716e0fe704a2e0c1ecd9	59	true	55
test_frozen	test	roboflow_team128_v5	train	Watermelon Detection.v5-raw_annotations.coco-segmentation\train\IMG_0355_jpg.rf.8a9e70ebed26c92d7d9fffccfd5bd666.jpg	roboflow_team128_v5_IMG_0355_jpg.rf.8a9e70ebed26c92d7d9fffccfd5bd666.jpg	roboflow_team128_v5_IMG_0355_jpg.rf.8a9e70ebed26c92d7d9fffccfd5bd666.txt	images/test/roboflow_team128_v5_IMG_0355_jpg.rf.8a9e70ebed26c92d7d9fffccfd5bd666.jpg	labels/test/roboflow_team128_v5_IMG_0355_jpg.rf.8a9e70ebed26c92d7d9fffccfd5bd666.txt	3024	4032	1	roboflow_team128_v5::roboflow_team128_v5_img_0355_jpg	roboflow_team128_v5_IMG_0355_jpg	4b04731b47e5965ee98985c56502cb88b211e1cec5b1fb7aaee5c30708d92c0d	1ba5278e26f36738fe52c24a050d4f580d866e0e4db3e23f449c57ea578b7413	60	true	56
test_frozen	test	roboflow_team128_v5	train	Watermelon Detection.v5-raw_annotations.coco-segmentation\train\IMG_0362_jpg.rf.a5f58c653a6870883bf83322af7d1509.jpg	roboflow_team128_v5_IMG_0362_jpg.rf.a5f58c653a6870883bf83322af7d1509.jpg	roboflow_team128_v5_IMG_0362_jpg.rf.a5f58c653a6870883bf83322af7d1509.txt	images/test/roboflow_team128_v5_IMG_0362_jpg.rf.a5f58c653a6870883bf83322af7d1509.jpg	labels/test/roboflow_team128_v5_IMG_0362_jpg.rf.a5f58c653a6870883bf83322af7d1509.txt	3024	4032	1	roboflow_team128_v5::roboflow_team128_v5_img_0362_jpg	roboflow_team128_v5_IMG_0362_jpg	8a751795b0af3c79c398b730d4543a129db4d1dbf57f19e509e9e0ca5a39b271	b1dbebe27b2cf39832068b8adfb1805becaf764922c7343fbbc90bd2ec48bb6e	61	true	57
test_frozen	test	roboflow_team128_v5	train	Watermelon Detection.v5-raw_annotations.coco-segmentation\train\IMG_0426_jpg.rf.466bb35a3d8ecc4fb49b8f674760ff9f.jpg	roboflow_team128_v5_IMG_0426_jpg.rf.466bb35a3d8ecc4fb49b8f674760ff9f.jpg	roboflow_team128_v5_IMG_0426_jpg.rf.466bb35a3d8ecc4fb49b8f674760ff9f.txt	images/test/roboflow_team128_v5_IMG_0426_jpg.rf.466bb35a3d8ecc4fb49b8f674760ff9f.jpg	labels/test/roboflow_team128_v5_IMG_0426_jpg.rf.466bb35a3d8ecc4fb49b8f674760ff9f.txt	3024	4032	1	roboflow_team128_v5::roboflow_team128_v5_img_0426_jpg	roboflow_team128_v5_IMG_0426_jpg	4ee84fadcfb596736b640e1b3a57609035fd8b5b71386287c6d0857f1cf979ed	883dd6b49cbf88273a95151e1ed5a44946246243b4e5a0b0e7dfa24f57f9abae	62	true	58
test_frozen	test	roboflow_team128_v5	train	Watermelon Detection.v5-raw_annotations.coco-segmentation\train\IMG_0428_jpg.rf.d05a1018dc5805dedbcda2b837d62832.jpg	roboflow_team128_v5_IMG_0428_jpg.rf.d05a1018dc5805dedbcda2b837d62832.jpg	roboflow_team128_v5_IMG_0428_jpg.rf.d05a1018dc5805dedbcda2b837d62832.txt	images/test/roboflow_team128_v5_IMG_0428_jpg.rf.d05a1018dc5805dedbcda2b837d62832.jpg	labels/test/roboflow_team128_v5_IMG_0428_jpg.rf.d05a1018dc5805dedbcda2b837d62832.txt	3024	4032	1	roboflow_team128_v5::roboflow_team128_v5_img_0428_jpg	roboflow_team128_v5_IMG_0428_jpg	eeadd795b76406898dff39b486df34108b43c01adbac901a0384150409090752	4ca8f09674345ea937ef884745a9531fc79f065c91225142db931ec3d590a3e5	63	true	59
test_frozen	test	roboflow_team128_v5	train	Watermelon Detection.v5-raw_annotations.coco-segmentation\train\IMG_0431_jpg.rf.9fd4fc4af8c103f1dbeeaea02029479a.jpg	roboflow_team128_v5_IMG_0431_jpg.rf.9fd4fc4af8c103f1dbeeaea02029479a.jpg	roboflow_team128_v5_IMG_0431_jpg.rf.9fd4fc4af8c103f1dbeeaea02029479a.txt	images/test/roboflow_team128_v5_IMG_0431_jpg.rf.9fd4fc4af8c103f1dbeeaea02029479a.jpg	labels/test/roboflow_team128_v5_IMG_0431_jpg.rf.9fd4fc4af8c103f1dbeeaea02029479a.txt	3024	4032	2	roboflow_team128_v5::roboflow_team128_v5_img_0431_jpg	roboflow_team128_v5_IMG_0431_jpg	7e84f1387180ef77de531a8e35a5e9b2d61fcf0496e489d9ac0dc00fabda2ec2	348632d2215eeaadcc1ad0d03c0b5c675faf3b2445f8033c666f76cb42c2f549	64	true	60
test_frozen	test	roboflow_team128_v5	train	Watermelon Detection.v5-raw_annotations.coco-segmentation\train\IMG_0432_jpg.rf.4cad5e7e070b2dc0593fa088b9487aa3.jpg	roboflow_team128_v5_IMG_0432_jpg.rf.4cad5e7e070b2dc0593fa088b9487aa3.jpg	roboflow_team128_v5_IMG_0432_jpg.rf.4cad5e7e070b2dc0593fa088b9487aa3.txt	images/test/roboflow_team128_v5_IMG_0432_jpg.rf.4cad5e7e070b2dc0593fa088b9487aa3.jpg	labels/test/roboflow_team128_v5_IMG_0432_jpg.rf.4cad5e7e070b2dc0593fa088b9487aa3.txt	3024	4032	3	roboflow_team128_v5::roboflow_team128_v5_img_0432_jpg	roboflow_team128_v5_IMG_0432_jpg	8d9c0717c31679cbf9fcccf199c8b895b39ef9dfbb2e40acd8c69ae9d1282cad	1db7561b86e20e40ec430409364bfcd7b5c4d78b43d32507a6060b6db94e996e	65	true	61
test_frozen	test	roboflow_team128_v5	train	Watermelon Detection.v5-raw_annotations.coco-segmentation\train\IMG_0463_jpg.rf.dd56dc254f9a560af852dd704b604a88.jpg	roboflow_team128_v5_IMG_0463_jpg.rf.dd56dc254f9a560af852dd704b604a88.jpg	roboflow_team128_v5_IMG_0463_jpg.rf.dd56dc254f9a560af852dd704b604a88.txt	images/test/roboflow_team128_v5_IMG_0463_jpg.rf.dd56dc254f9a560af852dd704b604a88.jpg	labels/test/roboflow_team128_v5_IMG_0463_jpg.rf.dd56dc254f9a560af852dd704b604a88.txt	3024	4032	2	roboflow_team128_v5::roboflow_team128_v5_img_0463_jpg	roboflow_team128_v5_IMG_0463_jpg	0ed0986a67c551e55ca52f57996ba3c00153ea413f9eb139b850af58d0ef94d5	dc4c613c1fb9b06b3ed883eb0bee7f578c8f1c155e2e9b21e879ff9ebe979c47	66	true	62
test_frozen	test	roboflow_team128_v5	valid	Watermelon Detection.v5-raw_annotations.coco-segmentation\valid\IMG_0485_jpg.rf.dfc0abf63fb099384b6e57a95afb2258.jpg	roboflow_team128_v5_IMG_0485_jpg.rf.dfc0abf63fb099384b6e57a95afb2258.jpg	roboflow_team128_v5_IMG_0485_jpg.rf.dfc0abf63fb099384b6e57a95afb2258.txt	images/test/roboflow_team128_v5_IMG_0485_jpg.rf.dfc0abf63fb099384b6e57a95afb2258.jpg	labels/test/roboflow_team128_v5_IMG_0485_jpg.rf.dfc0abf63fb099384b6e57a95afb2258.txt	3024	4032	3	roboflow_team128_v5::roboflow_team128_v5_img_0485_jpg	roboflow_team128_v5_IMG_0485_jpg	3a0fc8b8c83b505e797e4cb5492cc0c72d278a2b643c9213376b401d5a85d54f	05bdd9fe28eae716cb7cf49eafe1bfce95d916406007dc24fe9e53db1db678c1	67	true	63
test_frozen	test	roboflow_team128_v5	train	Watermelon Detection.v5-raw_annotations.coco-segmentation\train\IMG_0499_jpg.rf.09478d1722ccf12faa9ba96f9bb09547.jpg	roboflow_team128_v5_IMG_0499_jpg.rf.09478d1722ccf12faa9ba96f9bb09547.jpg	roboflow_team128_v5_IMG_0499_jpg.rf.09478d1722ccf12faa9ba96f9bb09547.txt	images/test/roboflow_team128_v5_IMG_0499_jpg.rf.09478d1722ccf12faa9ba96f9bb09547.jpg	labels/test/roboflow_team128_v5_IMG_0499_jpg.rf.09478d1722ccf12faa9ba96f9bb09547.txt	4032	3024	2	roboflow_team128_v5::roboflow_team128_v5_img_0499_jpg	roboflow_team128_v5_IMG_0499_jpg	eaf9d4be2031db388a582ab8ac2ca4e17aa122b10705a69f45945d5e232cc98b	05b1047028d12ad5b3003a756d0111407d8c6bf66885b17f4525349bfcea7261	68	true	64
test_frozen	test	roboflow_team128_v5	train	Watermelon Detection.v5-raw_annotations.coco-segmentation\train\IMG_0507_jpg.rf.95c8674ddfba5bd1ccd6719a60dc556b.jpg	roboflow_team128_v5_IMG_0507_jpg.rf.95c8674ddfba5bd1ccd6719a60dc556b.jpg	roboflow_team128_v5_IMG_0507_jpg.rf.95c8674ddfba5bd1ccd6719a60dc556b.txt	images/test/roboflow_team128_v5_IMG_0507_jpg.rf.95c8674ddfba5bd1ccd6719a60dc556b.jpg	labels/test/roboflow_team128_v5_IMG_0507_jpg.rf.95c8674ddfba5bd1ccd6719a60dc556b.txt	3024	4032	2	roboflow_team128_v5::roboflow_team128_v5_img_0507_jpg	roboflow_team128_v5_IMG_0507_jpg	0f21a7b31b38fd0d4c4a5a1c85774e30c7da7874de5a3785d7b79405f8b4c559	636efe8633ffc6d0fc290419855fbe6aac183e48f2a9b5f24a503579f1a079f0	69	true	65
test_frozen	test	roboflow_team128_v5	train	Watermelon Detection.v5-raw_annotations.coco-segmentation\train\IMG_0508_jpg.rf.03f459c90abc29aaa1f185fd19b787b1.jpg	roboflow_team128_v5_IMG_0508_jpg.rf.03f459c90abc29aaa1f185fd19b787b1.jpg	roboflow_team128_v5_IMG_0508_jpg.rf.03f459c90abc29aaa1f185fd19b787b1.txt	images/test/roboflow_team128_v5_IMG_0508_jpg.rf.03f459c90abc29aaa1f185fd19b787b1.jpg	labels/test/roboflow_team128_v5_IMG_0508_jpg.rf.03f459c90abc29aaa1f185fd19b787b1.txt	3024	4032	4	roboflow_team128_v5::roboflow_team128_v5_img_0508_jpg	roboflow_team128_v5_IMG_0508_jpg	42d2ea4a61e56cadc20fa1a88ff91c3e7ef9532156cb69b106a30901aa2f78e6	193bb2dfc3a86c54462f0dbab9ee06bb459f7fe71e80635c1da5969eb4b614e6	70	true	66
test_frozen	test	roboflow_team128_v5	train	Watermelon Detection.v5-raw_annotations.coco-segmentation\train\IMG_0512_jpg.rf.1e7600f473692910436ba508177f37c6.jpg	roboflow_team128_v5_IMG_0512_jpg.rf.1e7600f473692910436ba508177f37c6.jpg	roboflow_team128_v5_IMG_0512_jpg.rf.1e7600f473692910436ba508177f37c6.txt	images/test/roboflow_team128_v5_IMG_0512_jpg.rf.1e7600f473692910436ba508177f37c6.jpg	labels/test/roboflow_team128_v5_IMG_0512_jpg.rf.1e7600f473692910436ba508177f37c6.txt	3024	4032	1	roboflow_team128_v5::roboflow_team128_v5_img_0512_jpg	roboflow_team128_v5_IMG_0512_jpg	65d76a0ae695c2e0d2995b9669461f9f5fefe7299edd26ac0fcd0c986124bc00	f7b958827be5c548480581c5166381340682262abdb4576a737f4a9555013b03	71	true	67
test_frozen	test	roboflow_team128_v5	train	Watermelon Detection.v5-raw_annotations.coco-segmentation\train\IMG_0522_jpg.rf.94f9d6d6ecea2ae3bf6ec4f58ea66d92.jpg	roboflow_team128_v5_IMG_0522_jpg.rf.94f9d6d6ecea2ae3bf6ec4f58ea66d92.jpg	roboflow_team128_v5_IMG_0522_jpg.rf.94f9d6d6ecea2ae3bf6ec4f58ea66d92.txt	images/test/roboflow_team128_v5_IMG_0522_jpg.rf.94f9d6d6ecea2ae3bf6ec4f58ea66d92.jpg	labels/test/roboflow_team128_v5_IMG_0522_jpg.rf.94f9d6d6ecea2ae3bf6ec4f58ea66d92.txt	3024	4032	4	roboflow_team128_v5::roboflow_team128_v5_img_0522_jpg	roboflow_team128_v5_IMG_0522_jpg	7dc5fb5a8cadd66fae953fce1204b6027608516ebd983a45cac55ff30a5c3b80	fefacbd9a3eb76f772c83fbb01d33ac44ce13189a7c38bb63a91dce4e9baad4f	72	true	68
test_frozen	test	roboflow_team128_v5	train	Watermelon Detection.v5-raw_annotations.coco-segmentation\train\IMG_0546_jpg.rf.ebe85f656d51e48167c8b106992860f3.jpg	roboflow_team128_v5_IMG_0546_jpg.rf.ebe85f656d51e48167c8b106992860f3.jpg	roboflow_team128_v5_IMG_0546_jpg.rf.ebe85f656d51e48167c8b106992860f3.txt	images/test/roboflow_team128_v5_IMG_0546_jpg.rf.ebe85f656d51e48167c8b106992860f3.jpg	labels/test/roboflow_team128_v5_IMG_0546_jpg.rf.ebe85f656d51e48167c8b106992860f3.txt	3024	4032	2	roboflow_team128_v5::roboflow_team128_v5_img_0546_jpg	roboflow_team128_v5_IMG_0546_jpg	16290114686fcff1de4a04c2214ecda5b52746799d25b649bf9af6d066a1f2f1	16d7991dcabe65425b9ddf818d20992767e60b722597a97865f732d2a5f01ee4	73	true	69
test_frozen	test	roboflow_team128_v5	test	Watermelon Detection.v5-raw_annotations.coco-segmentation\test\IMG_0554_jpg.rf.7c88268e01d88b9f7937ce412a78f9c1.jpg	roboflow_team128_v5_IMG_0554_jpg.rf.7c88268e01d88b9f7937ce412a78f9c1.jpg	roboflow_team128_v5_IMG_0554_jpg.rf.7c88268e01d88b9f7937ce412a78f9c1.txt	images/test/roboflow_team128_v5_IMG_0554_jpg.rf.7c88268e01d88b9f7937ce412a78f9c1.jpg	labels/test/roboflow_team128_v5_IMG_0554_jpg.rf.7c88268e01d88b9f7937ce412a78f9c1.txt	3024	4032	1	roboflow_team128_v5::roboflow_team128_v5_img_0554_jpg	roboflow_team128_v5_IMG_0554_jpg	a017f7f230d975574a0d5b7998db47ad8a46fab402c4c47c8655e491c84e3ebb	d79fe6bf1511ecd04722c850f4cb4c369af6b2b08f99bac762dd1a07801a13b6	74	true	70
test_frozen	test	roboflow_team128_v5	train	Watermelon Detection.v5-raw_annotations.coco-segmentation\train\IMG_0562_jpg.rf.fff4c4b052ba7d696cb1b35bb07f4d9a.jpg	roboflow_team128_v5_IMG_0562_jpg.rf.fff4c4b052ba7d696cb1b35bb07f4d9a.jpg	roboflow_team128_v5_IMG_0562_jpg.rf.fff4c4b052ba7d696cb1b35bb07f4d9a.txt	images/test/roboflow_team128_v5_IMG_0562_jpg.rf.fff4c4b052ba7d696cb1b35bb07f4d9a.jpg	labels/test/roboflow_team128_v5_IMG_0562_jpg.rf.fff4c4b052ba7d696cb1b35bb07f4d9a.txt	3024	4032	2	roboflow_team128_v5::roboflow_team128_v5_img_0562_jpg	roboflow_team128_v5_IMG_0562_jpg	b5cb9963e7c66b25071678e25798983d88b17805d078d5a603dc9a8d151e13ac	edc78a5c21b5c933dd6e7b3fe5ad24e44ded40c4652dd22960a4e3f2a8d0cb3b	75	true	71
test_frozen	test	roboflow_team128_v5	valid	Watermelon Detection.v5-raw_annotations.coco-segmentation\valid\IMG_0587_jpg.rf.83c21537e123cd2c061a7a3a4f3fc166.jpg	roboflow_team128_v5_IMG_0587_jpg.rf.83c21537e123cd2c061a7a3a4f3fc166.jpg	roboflow_team128_v5_IMG_0587_jpg.rf.83c21537e123cd2c061a7a3a4f3fc166.txt	images/test/roboflow_team128_v5_IMG_0587_jpg.rf.83c21537e123cd2c061a7a3a4f3fc166.jpg	labels/test/roboflow_team128_v5_IMG_0587_jpg.rf.83c21537e123cd2c061a7a3a4f3fc166.txt	3024	4032	1	roboflow_team128_v5::roboflow_team128_v5_img_0587_jpg	roboflow_team128_v5_IMG_0587_jpg	9b7544a7acc61b355832d9e83b1513e533bd8e8657d088449ca6ea0e15d42180	e646e01d06db891e2e16022975c571182cb8f2c812abd4c73b5a69313499a6e1	76	true	72
test_frozen	test	roboflow_team128_v5	train	Watermelon Detection.v5-raw_annotations.coco-segmentation\train\IMG_0592_jpg.rf.89876994b3f0bc843763916bad2d1466.jpg	roboflow_team128_v5_IMG_0592_jpg.rf.89876994b3f0bc843763916bad2d1466.jpg	roboflow_team128_v5_IMG_0592_jpg.rf.89876994b3f0bc843763916bad2d1466.txt	images/test/roboflow_team128_v5_IMG_0592_jpg.rf.89876994b3f0bc843763916bad2d1466.jpg	labels/test/roboflow_team128_v5_IMG_0592_jpg.rf.89876994b3f0bc843763916bad2d1466.txt	3024	4032	2	roboflow_team128_v5::roboflow_team128_v5_img_0592_jpg	roboflow_team128_v5_IMG_0592_jpg	94de9ea34b9613e16ed80440199a613ea643842f4e2bdad4979221520f22a0a8	f2eef4f53b34cc851eea9f187f1b735cae913bcd592990c1aa81f3a9c6283fc3	77	true	73
test_frozen	test	roboflow_team128_v5	valid	Watermelon Detection.v5-raw_annotations.coco-segmentation\valid\IMG_0596_jpg.rf.8611d0f155e411c1d8db4171ce7729a8.jpg	roboflow_team128_v5_IMG_0596_jpg.rf.8611d0f155e411c1d8db4171ce7729a8.jpg	roboflow_team128_v5_IMG_0596_jpg.rf.8611d0f155e411c1d8db4171ce7729a8.txt	images/test/roboflow_team128_v5_IMG_0596_jpg.rf.8611d0f155e411c1d8db4171ce7729a8.jpg	labels/test/roboflow_team128_v5_IMG_0596_jpg.rf.8611d0f155e411c1d8db4171ce7729a8.txt	3024	4032	1	roboflow_team128_v5::roboflow_team128_v5_img_0596_jpg	roboflow_team128_v5_IMG_0596_jpg	710892908b9ec1a7be7107408533cab04c02b57bf7da3c581cb5917cc5258325	67ea1fba0db04159203e1188f0bd772fc1006eda14e72486557041cfd8fc1e71	78	true	74
test_frozen	test	roboflow_team128_v5	train	Watermelon Detection.v5-raw_annotations.coco-segmentation\train\IMG_0604_jpg.rf.1d0496eb99fc38bd4153ddacdc59304b.jpg	roboflow_team128_v5_IMG_0604_jpg.rf.1d0496eb99fc38bd4153ddacdc59304b.jpg	roboflow_team128_v5_IMG_0604_jpg.rf.1d0496eb99fc38bd4153ddacdc59304b.txt	images/test/roboflow_team128_v5_IMG_0604_jpg.rf.1d0496eb99fc38bd4153ddacdc59304b.jpg	labels/test/roboflow_team128_v5_IMG_0604_jpg.rf.1d0496eb99fc38bd4153ddacdc59304b.txt	3024	4032	1	roboflow_team128_v5::roboflow_team128_v5_img_0604_jpg	roboflow_team128_v5_IMG_0604_jpg	08e21777a117d5398c8f62d34754c212ff761ddb02d7261bdc0fec56f0a5d7d4	0696bb1fd5f885c1d6593732c8f136b807f8eb855380bb489c3af6aba3fde2f5	79	true	75
test_frozen	test	roboflow_team128_v5	valid	Watermelon Detection.v5-raw_annotations.coco-segmentation\valid\IMG_0609_jpg.rf.92eb3cc93a408e20962343ac501c396d.jpg	roboflow_team128_v5_IMG_0609_jpg.rf.92eb3cc93a408e20962343ac501c396d.jpg	roboflow_team128_v5_IMG_0609_jpg.rf.92eb3cc93a408e20962343ac501c396d.txt	images/test/roboflow_team128_v5_IMG_0609_jpg.rf.92eb3cc93a408e20962343ac501c396d.jpg	labels/test/roboflow_team128_v5_IMG_0609_jpg.rf.92eb3cc93a408e20962343ac501c396d.txt	3024	4032	3	roboflow_team128_v5::roboflow_team128_v5_img_0609_jpg	roboflow_team128_v5_IMG_0609_jpg	69034cdc141619e8bc2f393a8ca57371cabb4e7074cf41327f4928def5f29898	79505e8d25bec543aecd88760415d1bfd3b4196250d3f94454e1c70c0f70262c	80	true	76
test_frozen	test	roboflow_team128_v5	valid	Watermelon Detection.v5-raw_annotations.coco-segmentation\valid\IMG_0611_jpg.rf.64211474bfeb9c4ef303c78b13bd5ff4.jpg	roboflow_team128_v5_IMG_0611_jpg.rf.64211474bfeb9c4ef303c78b13bd5ff4.jpg	roboflow_team128_v5_IMG_0611_jpg.rf.64211474bfeb9c4ef303c78b13bd5ff4.txt	images/test/roboflow_team128_v5_IMG_0611_jpg.rf.64211474bfeb9c4ef303c78b13bd5ff4.jpg	labels/test/roboflow_team128_v5_IMG_0611_jpg.rf.64211474bfeb9c4ef303c78b13bd5ff4.txt	3024	4032	1	roboflow_team128_v5::roboflow_team128_v5_img_0611_jpg	roboflow_team128_v5_IMG_0611_jpg	c0058f32789f00e0ad84de95f1c28ff48ee1dfe45d30e8dec0cf36f17b69ecd7	35bfdc7fe405c5cb54214e636a4f6856d4697cbda423c4421f6de74046cf2eb4	81	true	77
test_frozen	test	roboflow_team128_v5	train	Watermelon Detection.v5-raw_annotations.coco-segmentation\train\IMG_0614_jpg.rf.9ea3fcf52bfc6c4f8a51db170d564c6a.jpg	roboflow_team128_v5_IMG_0614_jpg.rf.9ea3fcf52bfc6c4f8a51db170d564c6a.jpg	roboflow_team128_v5_IMG_0614_jpg.rf.9ea3fcf52bfc6c4f8a51db170d564c6a.txt	images/test/roboflow_team128_v5_IMG_0614_jpg.rf.9ea3fcf52bfc6c4f8a51db170d564c6a.jpg	labels/test/roboflow_team128_v5_IMG_0614_jpg.rf.9ea3fcf52bfc6c4f8a51db170d564c6a.txt	3024	4032	1	roboflow_team128_v5::roboflow_team128_v5_img_0614_jpg	roboflow_team128_v5_IMG_0614_jpg	8decf09ade9a9c29e1a11139ab765b52fd22608d2893e7a02af8cf183e3c5db6	c6e3d845e99557d1fddb12d8c82ffd4ecefab0e019040139efdbb1d922817185	82	true	78
test_frozen	test	roboflow_team128_v5	train	Watermelon Detection.v5-raw_annotations.coco-segmentation\train\IMG_0621_jpg.rf.23d48b90c510915c8dbba7c050d0d298.jpg	roboflow_team128_v5_IMG_0621_jpg.rf.23d48b90c510915c8dbba7c050d0d298.jpg	roboflow_team128_v5_IMG_0621_jpg.rf.23d48b90c510915c8dbba7c050d0d298.txt	images/test/roboflow_team128_v5_IMG_0621_jpg.rf.23d48b90c510915c8dbba7c050d0d298.jpg	labels/test/roboflow_team128_v5_IMG_0621_jpg.rf.23d48b90c510915c8dbba7c050d0d298.txt	3024	4032	2	roboflow_team128_v5::roboflow_team128_v5_img_0621_jpg	roboflow_team128_v5_IMG_0621_jpg	6d83b6ec5a9c5557ecf02ca6e55a12d5dae798d1d3b3bc9b8b680652dcf488ba	081963841864cfa22f4e7baefc7e591765992c42ef86edee0f991edb966a69eb	83	true	79
test_frozen	test	roboflow_team128_v5	train	Watermelon Detection.v5-raw_annotations.coco-segmentation\train\IMG_0626_jpg.rf.d79a2382ea7bac8cb110da1d4fcc3119.jpg	roboflow_team128_v5_IMG_0626_jpg.rf.d79a2382ea7bac8cb110da1d4fcc3119.jpg	roboflow_team128_v5_IMG_0626_jpg.rf.d79a2382ea7bac8cb110da1d4fcc3119.txt	images/test/roboflow_team128_v5_IMG_0626_jpg.rf.d79a2382ea7bac8cb110da1d4fcc3119.jpg	labels/test/roboflow_team128_v5_IMG_0626_jpg.rf.d79a2382ea7bac8cb110da1d4fcc3119.txt	3024	4032	2	roboflow_team128_v5::roboflow_team128_v5_img_0626_jpg	roboflow_team128_v5_IMG_0626_jpg	573f339ddfdce97bed121ba08337461e1e141c323bf9f3bd4a65e6254f9debbf	6b59844b0c0500da5f38143f664f9bcdc5b9b3d5abc539317cdcaf16c8557816	84	true	80
test_frozen	test	roboflow_team128_v5	train	Watermelon Detection.v5-raw_annotations.coco-segmentation\train\IMG_0634_jpg.rf.b89ae1e90a1adac5a1c0be66e4ada0ad.jpg	roboflow_team128_v5_IMG_0634_jpg.rf.b89ae1e90a1adac5a1c0be66e4ada0ad.jpg	roboflow_team128_v5_IMG_0634_jpg.rf.b89ae1e90a1adac5a1c0be66e4ada0ad.txt	images/test/roboflow_team128_v5_IMG_0634_jpg.rf.b89ae1e90a1adac5a1c0be66e4ada0ad.jpg	labels/test/roboflow_team128_v5_IMG_0634_jpg.rf.b89ae1e90a1adac5a1c0be66e4ada0ad.txt	3024	4032	4	roboflow_team128_v5::roboflow_team128_v5_img_0634_jpg	roboflow_team128_v5_IMG_0634_jpg	1105eebf188941355f14bd3f543b8f0abb46e097c0f9eead239b57bc2f9795cf	aa54bea90291aefb2b84c63bec9091b0f7e0b8804645d00f4512d4a209722c3c	85	true	81
test_frozen	test	roboflow_team128_v5	train	Watermelon Detection.v5-raw_annotations.coco-segmentation\train\IMG_0640_jpg.rf.f29e609c071d64068d5bbebdd78294bc.jpg	roboflow_team128_v5_IMG_0640_jpg.rf.f29e609c071d64068d5bbebdd78294bc.jpg	roboflow_team128_v5_IMG_0640_jpg.rf.f29e609c071d64068d5bbebdd78294bc.txt	images/test/roboflow_team128_v5_IMG_0640_jpg.rf.f29e609c071d64068d5bbebdd78294bc.jpg	labels/test/roboflow_team128_v5_IMG_0640_jpg.rf.f29e609c071d64068d5bbebdd78294bc.txt	3024	4032	2	roboflow_team128_v5::roboflow_team128_v5_img_0640_jpg	roboflow_team128_v5_IMG_0640_jpg	ff227d606300162013fdb189c30c8bb63c9e4a38c7de032ce5d442b212952a20	895505258410bf77fdcda795e00d7769b2151e292fa94cd2a60a1543d9d5427c	86	true	82
test_frozen	test	roboflow_team128_v5	train	Watermelon Detection.v5-raw_annotations.coco-segmentation\train\IMG_0642_jpg.rf.b8f41433e29c3e7241cb7300d68f8f48.jpg	roboflow_team128_v5_IMG_0642_jpg.rf.b8f41433e29c3e7241cb7300d68f8f48.jpg	roboflow_team128_v5_IMG_0642_jpg.rf.b8f41433e29c3e7241cb7300d68f8f48.txt	images/test/roboflow_team128_v5_IMG_0642_jpg.rf.b8f41433e29c3e7241cb7300d68f8f48.jpg	labels/test/roboflow_team128_v5_IMG_0642_jpg.rf.b8f41433e29c3e7241cb7300d68f8f48.txt	3024	4032	3	roboflow_team128_v5::roboflow_team128_v5_img_0642_jpg	roboflow_team128_v5_IMG_0642_jpg	d30dee40347122c4e4523eb2cc1049a8f0b98a454d1b7f9a10eee098902d3e47	a8a33955c9bfb0d658f70e856bbca41c4ee2c3e355952ead42dae4a6434b929a	87	true	83
test_frozen	test	roboflow_team128_v5	train	Watermelon Detection.v5-raw_annotations.coco-segmentation\train\IMG_0659_jpg.rf.ef5c3c2a2e8e7a7a1a82b0b8082f4d8f.jpg	roboflow_team128_v5_IMG_0659_jpg.rf.ef5c3c2a2e8e7a7a1a82b0b8082f4d8f.jpg	roboflow_team128_v5_IMG_0659_jpg.rf.ef5c3c2a2e8e7a7a1a82b0b8082f4d8f.txt	images/test/roboflow_team128_v5_IMG_0659_jpg.rf.ef5c3c2a2e8e7a7a1a82b0b8082f4d8f.jpg	labels/test/roboflow_team128_v5_IMG_0659_jpg.rf.ef5c3c2a2e8e7a7a1a82b0b8082f4d8f.txt	3024	4032	1	roboflow_team128_v5::roboflow_team128_v5_img_0659_jpg	roboflow_team128_v5_IMG_0659_jpg	8693496f4f685749842db45dc176cffce1b4f91ec18e361e61bd53b4e5e15ced	abc08dfca5b9480287840135c1f8b3bc0f04e774a8647b965117a707b2c18417	88	true	84
test_frozen	test	roboflow_team128_v5	train	Watermelon Detection.v5-raw_annotations.coco-segmentation\train\IMG_0670_jpg.rf.2815cf6a316de94548caf4e7f2f83f09.jpg	roboflow_team128_v5_IMG_0670_jpg.rf.2815cf6a316de94548caf4e7f2f83f09.jpg	roboflow_team128_v5_IMG_0670_jpg.rf.2815cf6a316de94548caf4e7f2f83f09.txt	images/test/roboflow_team128_v5_IMG_0670_jpg.rf.2815cf6a316de94548caf4e7f2f83f09.jpg	labels/test/roboflow_team128_v5_IMG_0670_jpg.rf.2815cf6a316de94548caf4e7f2f83f09.txt	3024	4032	1	roboflow_team128_v5::roboflow_team128_v5_img_0670_jpg	roboflow_team128_v5_IMG_0670_jpg	f5ce41a18234996511231c036768872fbcddce0546265daf50e9ecaaed7c8aac	93a238c69da224b77428879a10254dddb1553088fb597fa373c0ad079aeac6ec	89	true	85
test_frozen	test	roboflow_team128_v5	test	Watermelon Detection.v5-raw_annotations.coco-segmentation\test\IMG_0688_jpg.rf.94f5a7889e904f8072647923247b72e2.jpg	roboflow_team128_v5_IMG_0688_jpg.rf.94f5a7889e904f8072647923247b72e2.jpg	roboflow_team128_v5_IMG_0688_jpg.rf.94f5a7889e904f8072647923247b72e2.txt	images/test/roboflow_team128_v5_IMG_0688_jpg.rf.94f5a7889e904f8072647923247b72e2.jpg	labels/test/roboflow_team128_v5_IMG_0688_jpg.rf.94f5a7889e904f8072647923247b72e2.txt	3024	4032	1	roboflow_team128_v5::roboflow_team128_v5_img_0688_jpg	roboflow_team128_v5_IMG_0688_jpg	47358423b1bc153aeb71a51e36457060dbfa77720318676ea1fd51d1ca9c9e7a	ec39d47a5ba7bc58d5f1238f24cdb5a253c5a9d17f91ecc44b2ca76086065966	90	true	86
test_frozen	test	roboflow_team128_v5	valid	Watermelon Detection.v5-raw_annotations.coco-segmentation\valid\IMG_0691_jpg.rf.6e9a1726fd2b737f253ef0fd57c420c0.jpg	roboflow_team128_v5_IMG_0691_jpg.rf.6e9a1726fd2b737f253ef0fd57c420c0.jpg	roboflow_team128_v5_IMG_0691_jpg.rf.6e9a1726fd2b737f253ef0fd57c420c0.txt	images/test/roboflow_team128_v5_IMG_0691_jpg.rf.6e9a1726fd2b737f253ef0fd57c420c0.jpg	labels/test/roboflow_team128_v5_IMG_0691_jpg.rf.6e9a1726fd2b737f253ef0fd57c420c0.txt	3024	4032	4	roboflow_team128_v5::roboflow_team128_v5_img_0691_jpg	roboflow_team128_v5_IMG_0691_jpg	b3ebbcae3c3988cf7fa0d62b58787df4e1e0347d707d06c3a753280964643047	470d7e1689a983b00379e028281aaa83b28e4e6776355d570708395059e1d056	91	true	87
test_frozen	test	roboflow_team128_v5	train	Watermelon Detection.v5-raw_annotations.coco-segmentation\train\IMG_0692_jpg.rf.c3efdf229af3b762ce4655359fb6d1e1.jpg	roboflow_team128_v5_IMG_0692_jpg.rf.c3efdf229af3b762ce4655359fb6d1e1.jpg	roboflow_team128_v5_IMG_0692_jpg.rf.c3efdf229af3b762ce4655359fb6d1e1.txt	images/test/roboflow_team128_v5_IMG_0692_jpg.rf.c3efdf229af3b762ce4655359fb6d1e1.jpg	labels/test/roboflow_team128_v5_IMG_0692_jpg.rf.c3efdf229af3b762ce4655359fb6d1e1.txt	3024	4032	3	roboflow_team128_v5::roboflow_team128_v5_img_0692_jpg	roboflow_team128_v5_IMG_0692_jpg	75d4550db31bc4b9b91e1d36b87cd02690ccfd42598eec12e87263be13553817	f8f0cba5d978efb6b188c736ec225056098a6f3e67c0918e95d6d583dce0e8fd	92	true	88
test_frozen	test	roboflow_team128_v5	test	Watermelon Detection.v5-raw_annotations.coco-segmentation\test\IMG_0707_jpg.rf.27f725dcaa86169b51581396141c9600.jpg	roboflow_team128_v5_IMG_0707_jpg.rf.27f725dcaa86169b51581396141c9600.jpg	roboflow_team128_v5_IMG_0707_jpg.rf.27f725dcaa86169b51581396141c9600.txt	images/test/roboflow_team128_v5_IMG_0707_jpg.rf.27f725dcaa86169b51581396141c9600.jpg	labels/test/roboflow_team128_v5_IMG_0707_jpg.rf.27f725dcaa86169b51581396141c9600.txt	3024	4032	3	roboflow_team128_v5::roboflow_team128_v5_img_0707_jpg	roboflow_team128_v5_IMG_0707_jpg	375faa1e2e1707d756c8d2cc8babb40dd5e87b7430d02c2f6bb719c12bfa1caf	a56f6b54cf81d1a8109f9fd45a45111e2007eb8ccd047f2f182d3ae65a8f07fd	93	true	89
test_frozen	test	roboflow_team128_v5	train	Watermelon Detection.v5-raw_annotations.coco-segmentation\train\IMG_0711_jpg.rf.ba7c48c9b64fa69c472456c345017be7.jpg	roboflow_team128_v5_IMG_0711_jpg.rf.ba7c48c9b64fa69c472456c345017be7.jpg	roboflow_team128_v5_IMG_0711_jpg.rf.ba7c48c9b64fa69c472456c345017be7.txt	images/test/roboflow_team128_v5_IMG_0711_jpg.rf.ba7c48c9b64fa69c472456c345017be7.jpg	labels/test/roboflow_team128_v5_IMG_0711_jpg.rf.ba7c48c9b64fa69c472456c345017be7.txt	3024	4032	9	roboflow_team128_v5::roboflow_team128_v5_img_0711_jpg	roboflow_team128_v5_IMG_0711_jpg	08b541ecaf1766a4956e9cceb4d56900e012efb4d2c5e83d79f66a8354931362	8bb65128133fce4d019440f5446d887a452a60798b5d47d694c9d88f38b05ce5	94	true	90
test_frozen	test	roboflow_team128_v5	train	Watermelon Detection.v5-raw_annotations.coco-segmentation\train\IMG_0716_jpg.rf.ba52c8c3a0a0230f7176f6bbb6180bab.jpg	roboflow_team128_v5_IMG_0716_jpg.rf.ba52c8c3a0a0230f7176f6bbb6180bab.jpg	roboflow_team128_v5_IMG_0716_jpg.rf.ba52c8c3a0a0230f7176f6bbb6180bab.txt	images/test/roboflow_team128_v5_IMG_0716_jpg.rf.ba52c8c3a0a0230f7176f6bbb6180bab.jpg	labels/test/roboflow_team128_v5_IMG_0716_jpg.rf.ba52c8c3a0a0230f7176f6bbb6180bab.txt	3024	4032	5	roboflow_team128_v5::roboflow_team128_v5_img_0716_jpg	roboflow_team128_v5_IMG_0716_jpg	53dc617aa245355e797b639dcc355614f6346519ea6f8cccb5b1e61441ca4f3a	bcded482ac806df4fc8c3919b90983e7ef0533c32980c8b9d855ad0e4011f731	95	true	91
test_frozen	test	roboflow_team128_v5	train	Watermelon Detection.v5-raw_annotations.coco-segmentation\train\IMG_0717_jpg.rf.0473c399234d4ccfc47669444efc833f.jpg	roboflow_team128_v5_IMG_0717_jpg.rf.0473c399234d4ccfc47669444efc833f.jpg	roboflow_team128_v5_IMG_0717_jpg.rf.0473c399234d4ccfc47669444efc833f.txt	images/test/roboflow_team128_v5_IMG_0717_jpg.rf.0473c399234d4ccfc47669444efc833f.jpg	labels/test/roboflow_team128_v5_IMG_0717_jpg.rf.0473c399234d4ccfc47669444efc833f.txt	3024	4032	4	roboflow_team128_v5::roboflow_team128_v5_img_0717_jpg	roboflow_team128_v5_IMG_0717_jpg	d50a7152a5fa81ddb1e5cd7eb571767096a3100a4df44db2bf32abf1af160c0c	9153bb37e18682b441b7015b41772e9f7340b7fd1718d7ba70f27152d279e3dc	96	true	92
test_frozen	test	roboflow_team128_v5	valid	Watermelon Detection.v5-raw_annotations.coco-segmentation\valid\IMG_0750_jpg.rf.4825d92ad85302bb949911cde64a0749.jpg	roboflow_team128_v5_IMG_0750_jpg.rf.4825d92ad85302bb949911cde64a0749.jpg	roboflow_team128_v5_IMG_0750_jpg.rf.4825d92ad85302bb949911cde64a0749.txt	images/test/roboflow_team128_v5_IMG_0750_jpg.rf.4825d92ad85302bb949911cde64a0749.jpg	labels/test/roboflow_team128_v5_IMG_0750_jpg.rf.4825d92ad85302bb949911cde64a0749.txt	3024	4032	2	roboflow_team128_v5::roboflow_team128_v5_img_0750_jpg	roboflow_team128_v5_IMG_0750_jpg	e2819abba5793db41b66275cffdc0de16a82eaa86ce3c59410e66fbfbbcdec56	f4a3eb088a12e591d5e3d323790c18e3c4f8c4efe773690d889deebd30e5b107	97	true	93
test_frozen	test	roboflow_team128_v5	train	Watermelon Detection.v5-raw_annotations.coco-segmentation\train\IMG_0770_jpg.rf.69bf0a0f1fe9542259c19882d91fe587.jpg	roboflow_team128_v5_IMG_0770_jpg.rf.69bf0a0f1fe9542259c19882d91fe587.jpg	roboflow_team128_v5_IMG_0770_jpg.rf.69bf0a0f1fe9542259c19882d91fe587.txt	images/test/roboflow_team128_v5_IMG_0770_jpg.rf.69bf0a0f1fe9542259c19882d91fe587.jpg	labels/test/roboflow_team128_v5_IMG_0770_jpg.rf.69bf0a0f1fe9542259c19882d91fe587.txt	3024	4032	2	roboflow_team128_v5::roboflow_team128_v5_img_0770_jpg	roboflow_team128_v5_IMG_0770_jpg	fbbe6e730061f1d2bbad9327f39b591f5264e4ac26b54a440cf71499eb609978	fc13a981d765bddd181afbc7cb0881f692f8d8739ce09efb6650437ca472b09b	98	true	94
test_frozen	test	roboflow_team128_v5	valid	Watermelon Detection.v5-raw_annotations.coco-segmentation\valid\IMG_0772_jpg.rf.084e672a7fcf52893b930eb552b07e0a.jpg	roboflow_team128_v5_IMG_0772_jpg.rf.084e672a7fcf52893b930eb552b07e0a.jpg	roboflow_team128_v5_IMG_0772_jpg.rf.084e672a7fcf52893b930eb552b07e0a.txt	images/test/roboflow_team128_v5_IMG_0772_jpg.rf.084e672a7fcf52893b930eb552b07e0a.jpg	labels/test/roboflow_team128_v5_IMG_0772_jpg.rf.084e672a7fcf52893b930eb552b07e0a.txt	3024	4032	6	roboflow_team128_v5::roboflow_team128_v5_img_0772_jpg	roboflow_team128_v5_IMG_0772_jpg	e87bb177341ddb2fe07e95290f84376ccc268a5f51ef8fe7b502ebf469f1cc1e	9c54acfcb8f88dfa68b2b8243c3348ea598c8450a004d1bdefdf018e0e7eaba8	99	true	95
test_frozen	test	roboflow_team128_v5	train	Watermelon Detection.v5-raw_annotations.coco-segmentation\train\IMG_0773_jpg.rf.5b5c41720d2632686eb94263b243fbc3.jpg	roboflow_team128_v5_IMG_0773_jpg.rf.5b5c41720d2632686eb94263b243fbc3.jpg	roboflow_team128_v5_IMG_0773_jpg.rf.5b5c41720d2632686eb94263b243fbc3.txt	images/test/roboflow_team128_v5_IMG_0773_jpg.rf.5b5c41720d2632686eb94263b243fbc3.jpg	labels/test/roboflow_team128_v5_IMG_0773_jpg.rf.5b5c41720d2632686eb94263b243fbc3.txt	3024	4032	4	roboflow_team128_v5::roboflow_team128_v5_img_0773_jpg	roboflow_team128_v5_IMG_0773_jpg	bc8dc43e54ced346ceb66fb0375ec44335f87e4a1cda2ac409e580d5922dfeb5	15e4a3f6e1ff9f092a26eecde5f4e6019071b0e381cec4a03740e05eeed2d5e3	100	true	96
test_frozen	test	roboflow_team128_v5	train	Watermelon Detection.v5-raw_annotations.coco-segmentation\train\IMG_0791_jpg.rf.33f3aa54c1893620d02409c2e096afd8.jpg	roboflow_team128_v5_IMG_0791_jpg.rf.33f3aa54c1893620d02409c2e096afd8.jpg	roboflow_team128_v5_IMG_0791_jpg.rf.33f3aa54c1893620d02409c2e096afd8.txt	images/test/roboflow_team128_v5_IMG_0791_jpg.rf.33f3aa54c1893620d02409c2e096afd8.jpg	labels/test/roboflow_team128_v5_IMG_0791_jpg.rf.33f3aa54c1893620d02409c2e096afd8.txt	3024	4032	6	roboflow_team128_v5::roboflow_team128_v5_img_0791_jpg	roboflow_team128_v5_IMG_0791_jpg	618aa7a4a01e088500f5e7bea1d915fccec2f9f2c9451cc63972f60c0f6a38d7	3e4107f5f30282746af0d649ec2f1a5f1be16d31d26511dc38207d430cf5dcc8	101	true	97
